cat__Ship Mode_Same Day,cat__Ship Mode_Second Class,cat__Ship Mode_Standard Class,cat__Segment_Corporate,cat__Segment_Home Office,cat__Region_East,cat__Region_South,cat__Region_West,cat__Category_Office Supplies,cat__Category_Technology,cat__Sub-Category_Appliances,cat__Sub-Category_Art,cat__Sub-Category_Binders,cat__Sub-Category_Bookcases,cat__Sub-Category_Chairs,cat__Sub-Category_Copiers,cat__Sub-Category_Envelopes,cat__Sub-Category_Fasteners,cat__Sub-Category_Furnishings,cat__Sub-Category_Labels,cat__Sub-Category_Machines,cat__Sub-Category_Paper,cat__Sub-Category_Phones,cat__Sub-Category_Storage,cat__Sub-Category_Supplies,cat__Sub-Category_Tables,remainder__Postal Code,remainder__Sales,remainder__Quantity,remainder__Discount,remainder__Profit,remainder__order_year,remainder__order_month,remainder__shipping_days,remainder__City_freq,remainder__State_freq
0,1,0,0,0,0,1,0,0,0,0,0,0,1,0,0,0,0,0,0,0,0,0,0,0,0,42420,261.96,2,0,41.9136,2016,11,3,51,139
0,1,0,0,0,0,1,0,0,0,0,0,0,0,1,0,0,0,0,0,0,0,0,0,0,0,42420,731.94,3,0,219.582,2016,11,3,51,139
0,1,0,1,0,0,0,1,1,0,0,0,0,0,0,0,0,0,0,1,0,0,0,0,0,0,90036,14.62,2,0,6.8714,2016,6,4,747,2001
0,0,1,0,0,0,1,0,0,0,0,0,0,0,0,0,0,0,0,0,0,0,0,0,0,1,33311,957.5775,5,0.45,-383.031,2015,10,7,15,383
0,0,1,0,0,0,1,0,1,0,0,0,0,0,0,0,0,0,0,0,0,0,0,1,0,0,33311,22.368,2,0.2,2.5164,2015,10,7,15,383
0,0,1,0,0,0,0,1,0,0,0,0,0,0,0,0,0,0,1,0,0,0,0,0,0,0,90032,48.86,7,0,14.1694,2014,6,5,747,2001
0,0,1,0,0,0,0,1,1,0,0,1,0,0,0,0,0,0,0,0,0,0,0,0,0,0,90032,7.28,4,0,1.9656,2014,6,5,747,2001
0,0,1,0,0,0,0,1,0,1,0,0,0,0,0,0,0,0,0,0,0,0,1,0,0,0,90032,907.152,6,0.2,90.7152,2014,6,5,747,2001
0,0,1,0,0,0,0,1,1,0,0,0,1,0,0,0,0,0,0,0,0,0,0,0,0,0,90032,18.504,3,0.2,5.7825,2014,6,5,747,2001
0,0,1,0,0,0,0,1,1,0,1,0,0,0,0,0,0,0,0,0,0,0,0,0,0,0,90032,114.9,5,0,34.47,2014,6,5,747,2001
0,0,1,0,0,0,0,1,0,0,0,0,0,0,0,0,0,0,0,0,0,0,0,0,0,1,90032,1706.184,9,0.2,85.3092,2014,6,5,747,2001
0,0,1,0,0,0,0,1,0,1,0,0,0,0,0,0,0,0,0,0,0,0,1,0,0,0,90032,911.424,4,0.2,68.3568,2014,6,5,747,2001
0,0,1,0,0,0,1,0,1,0,0,0,0,0,0,0,0,0,0,0,0,1,0,0,0,0,28027,15.552,3,0.2,5.4432,2017,4,5,31,249
0,0,1,0,0,0,0,1,1,0,0,0,1,0,0,0,0,0,0,0,0,0,0,0,0,0,98103,407.976,3,0.2,132.5922,2016,12,5,428,506
0,0,1,0,1,0,0,0,1,0,1,0,0,0,0,0,0,0,0,0,0,0,0,0,0,0,76106,68.81,5,0.8,-123.858,2015,11,4,27,985
0,0,1,0,1,0,0,0,1,0,0,0,1,0,0,0,0,0,0,0,0,0,0,0,0,0,76106,2.544,3,0.8,-3.816,2015,11,4,27,985
0,0,1,0,0,0,0,0,1,0,0,0,0,0,0,0,0,0,0,0,0,0,0,1,0,0,53711,665.88,6,0,13.3176,2014,11,7,10,110
0,1,0,0,0,0,0,1,1,0,0,0,0,0,0,0,0,0,0,0,0,0,0,1,0,0,84084,55.5,2,0,9.99,2014,5,2,5,53
0,1,0,0,0,0,0,1,1,0,0,1,0,0,0,0,0,0,0,0,0,0,0,0,0,0,94109,8.56,2,0,2.4824,2014,8,5,510,2001
0,1,0,0,0,0,0,1,0,1,0,0,0,0,0,0,0,0,0,0,0,0,1,0,0,0,94109,213.48,3,0.2,16.011,2014,8,5,510,2001
0,1,0,0,0,0,0,1,1,0,0,0,1,0,0,0,0,0,0,0,0,0,0,0,0,0,94109,22.72,4,0.2,7.384,2014,8,5,510,2001
0,0,1,1,0,0,0,0,1,0,0,1,0,0,0,0,0,0,0,0,0,0,0,0,0,0,68025,19.46,7,0,5.0596,2016,12,4,8,38
0,0,1,1,0,0,0,0,1,0,1,0,0,0,0,0,0,0,0,0,0,0,0,0,0,0,68025,60.34,7,0,15.6884,2016,12,4,8,38
0,1,0,0,0,1,0,0,0,0,0,0,0,0,1,0,0,0,0,0,0,0,0,0,0,0,19140,71.372,2,0.3,-1.0196,2017,7,2,537,587
0,0,1,0,0,0,0,1,0,0,0,0,0,0,0,0,0,0,0,0,0,0,0,0,0,1,84057,1044.63,3,0,240.2649,2015,9,5,9,53
0,1,0,0,0,0,0,1,1,0,0,0,1,0,0,0,0,0,0,0,0,0,0,0,0,0,90049,11.648,2,0.2,4.2224,2016,1,4,747,2001
0,1,0,0,0,0,0,1,0,1,0,0,0,0,0,0,0,0,0,0,0,0,0,0,0,0,90049,90.57,3,0,11.7741,2016,1,4,747,2001
0,0,1,0,0,1,0,0,0,0,0,0,0,1,0,0,0,0,0,0,0,0,0,0,0,0,19140,3083.43,7,0.5,-1665.0522,2015,9,4,537,587
0,0,1,0,0,1,0,0,1,0,0,0,1,0,0,0,0,0,0,0,0,0,0,0,0,0,19140,9.618,2,0.7,-7.0532,2015,9,4,537,587
0,0,1,0,0,1,0,0,0,0,0,0,0,0,0,0,0,0,1,0,0,0,0,0,0,0,19140,124.2,3,0.2,15.525,2015,9,4,537,587
0,0,1,0,0,1,0,0,1,0,0,0,0,0,0,0,1,0,0,0,0,0,0,0,0,0,19140,3.264,2,0.2,1.1016,2015,9,4,537,587
0,0,1,0,0,1,0,0,1,0,0,1,0,0,0,0,0,0,0,0,0,0,0,0,0,0,19140,86.304,6,0.2,9.7092,2015,9,4,537,587
0,0,1,0,0,1,0,0,1,0,0,0,1,0,0,0,0,0,0,0,0,0,0,0,0,0,19140,6.858,6,0.7,-5.715,2015,9,4,537,587
0,0,1,0,0,1,0,0,1,0,0,1,0,0,0,0,0,0,0,0,0,0,0,0,0,0,19140,15.76,2,0.2,3.546,2015,9,4,537,587
0,1,0,0,1,0,0,0,1,0,0,0,0,0,0,0,0,0,0,0,0,1,0,0,0,0,77095,29.472,3,0.2,9.9468,2017,10,4,377,985
0,0,0,1,0,0,0,0,0,1,0,0,0,0,0,0,0,0,0,0,0,0,1,0,0,0,75080,1097.544,7,0.2,123.4737,2016,12,2,2,985
0,0,0,1,0,0,0,0,0,0,0,0,0,0,0,0,0,0,1,0,0,0,0,0,0,0,75080,190.92,5,0.6,-147.963,2016,12,2,2,985
0,0,1,0,1,0,0,0,1,0,0,0,0,0,0,0,1,0,0,0,0,0,0,0,0,0,77041,113.328,9,0.2,35.415,2015,12,4,377,985
0,0,1,0,1,0,0,0,0,0,0,0,0,1,0,0,0,0,0,0,0,0,0,0,0,0,77041,532.3992,3,0.32,-46.9764,2015,12,4,377,985
0,0,1,0,1,0,0,0,0,0,0,0,0,0,1,0,0,0,0,0,0,0,0,0,0,0,77041,212.058,3,0.3,-15.147,2015,12,4,377,985
0,0,1,0,1,0,0,0,0,1,0,0,0,0,0,0,0,0,0,0,0,0,1,0,0,0,77041,371.168,4,0.2,41.7564,2015,12,4,377,985
0,0,1,1,0,0,0,0,0,1,0,0,0,0,0,0,0,0,0,0,0,0,1,0,0,0,60540,147.168,4,0.2,16.5564,2017,9,5,8,492
0,0,1,1,0,0,0,1,1,0,0,0,0,0,0,0,0,0,0,0,0,0,0,1,0,0,90049,77.88,2,0,3.894,2016,7,5,747,2001
0,0,1,1,0,0,1,0,1,0,0,0,0,0,0,0,0,0,0,0,0,0,0,1,0,0,32935,95.616,2,0.2,9.5616,2017,9,4,1,383
0,0,0,1,0,0,0,0,0,1,0,0,0,0,0,0,0,0,0,0,0,0,0,0,0,0,55122,45.98,2,0,19.7714,2016,3,2,8,89
0,0,0,1,0,0,0,0,1,0,0,0,1,0,0,0,0,0,0,0,0,0,0,0,0,0,55122,17.46,2,0,8.2062,2016,3,2,8,89
0,1,0,0,0,0,0,0,1,0,0,0,0,0,0,0,0,0,0,0,0,0,0,1,0,0,48185,211.96,4,0,8.4784,2014,10,5,13,255
0,0,1,0,0,1,0,0,0,1,0,0,0,0,0,0,0,0,0,0,0,0,0,0,0,0,19901,45,3,0,4.95,2016,6,5,19,96
0,0,1,0,0,1,0,0,0,1,0,0,0,0,0,0,0,0,0,0,0,0,1,0,0,0,19901,21.8,2,0,6.104,2016,6,5,19,96
0,0,1,0,0,0,0,0,1,0,0,0,1,0,0,0,0,0,0,0,0,0,0,0,0,0,47150,38.22,6,0,17.9634,2015,4,4,4,149
0,0,1,0,0,0,0,0,1,0,0,0,0,0,0,0,0,0,0,1,0,0,0,0,0,0,47150,75.18,6,0,35.3346,2015,4,4,4,149
0,0,1,0,0,0,0,0,0,0,0,0,0,0,0,0,0,0,1,0,0,0,0,0,0,0,47150,6.16,2,0,2.9568,2015,4,4,4,149
0,0,1,0,0,0,0,0,0,0,0,0,0,0,1,0,0,0,0,0,0,0,0,0,0,0,47150,89.99,1,0,17.0981,2015,4,4,4,149
0,0,1,1,0,1,0,0,1,0,0,0,0,0,0,0,0,1,0,0,0,0,0,0,0,0,10024,15.26,7,0,6.2566,2016,12,6,915,1128
0,0,1,1,0,1,0,0,0,1,0,0,0,0,0,0,0,0,0,0,0,0,1,0,0,0,10024,1029.95,5,0,298.6855,2016,12,6,915,1128
0,0,0,0,0,1,0,0,1,0,0,0,0,0,0,0,0,0,0,0,0,0,0,1,0,0,12180,208.56,6,0,52.14,2016,6,1,29,1128
0,0,0,0,0,1,0,0,1,0,0,0,0,0,0,0,0,0,0,0,0,1,0,0,0,0,12180,32.4,5,0,15.552,2016,6,1,29,1128
0,0,0,0,0,1,0,0,0,0,0,0,0,0,1,0,0,0,0,0,0,0,0,0,0,0,12180,319.41,5,0.1,7.098,2016,6,1,29,1128
0,0,0,0,0,1,0,0,1,0,0,0,0,0,0,0,0,0,0,0,0,1,0,0,0,0,12180,14.56,2,0,6.9888,2016,6,1,29,1128
0,0,0,0,0,1,0,0,0,1,0,0,0,0,0,0,0,0,0,0,0,0,0,0,0,0,12180,30,2,0,3.3,2016,6,1,29,1128
0,0,0,0,0,1,0,0,1,0,0,0,1,0,0,0,0,0,0,0,0,0,0,0,0,0,12180,48.48,4,0.2,16.362,2016,6,1,29,1128
0,0,0,0,0,1,0,0,1,0,0,1,0,0,0,0,0,0,0,0,0,0,0,0,0,0,12180,1.68,1,0,0.84,2016,6,1,29,1128
0,0,1,0,0,0,0,1,0,1,0,0,0,0,0,0,0,0,0,0,0,0,0,0,0,0,90004,13.98,2,0,6.1512,2015,11,6,747,2001
0,0,1,0,0,0,0,1,1,0,0,0,1,0,0,0,0,0,0,0,0,0,0,0,0,0,90004,25.824,6,0.2,9.3612,2015,11,6,747,2001
0,0,1,0,0,0,0,1,1,0,0,0,0,0,0,0,0,0,0,0,0,1,0,0,0,0,90004,146.73,3,0,68.9631,2015,11,6,747,2001
0,0,1,0,0,0,0,1,0,0,0,0,0,0,0,0,0,0,1,0,0,0,0,0,0,0,90004,79.76,4,0,22.3328,2015,11,6,747,2001
0,0,1,0,1,0,0,0,0,0,0,0,0,0,1,0,0,0,0,0,0,0,0,0,0,0,60610,213.115,5,0.3,-15.2225,2015,4,5,314,492
0,0,1,1,0,0,0,1,1,0,0,1,0,0,0,0,0,0,0,0,0,0,0,0,0,0,85234,1113.024,8,0.2,111.3024,2014,12,5,15,224
0,0,1,1,0,0,0,1,0,1,0,0,0,0,0,0,0,0,0,0,0,0,1,0,0,0,85234,167.968,4,0.2,62.988,2014,12,5,15,224
0,0,0,0,0,0,1,0,1,0,0,0,0,0,0,0,0,0,0,0,0,1,0,0,0,0,22153,75.88,2,0,35.6636,2016,6,2,163,224
0,0,1,0,0,1,0,0,1,0,0,0,1,0,0,0,0,0,0,0,0,0,0,0,0,0,10009,4.616,1,0.2,1.731,2016,9,5,915,1128
0,1,0,0,0,0,0,0,1,0,0,0,0,0,0,0,0,0,0,0,0,1,0,0,0,0,49201,19.05,3,0,8.763,2017,9,3,82,255
0,0,1,0,0,0,1,0,0,0,0,0,0,0,1,0,0,0,0,0,0,0,0,0,0,0,38109,831.936,8,0.2,-114.3912,2015,4,6,30,183
0,0,1,0,0,0,1,0,0,0,0,0,0,0,0,0,0,0,1,0,0,0,0,0,0,0,38109,97.04,2,0.2,1.213,2015,4,6,30,183
0,0,1,0,0,0,1,0,1,0,0,0,0,0,0,0,0,0,0,0,0,0,0,1,0,0,38109,72.784,1,0.2,-18.196,2015,4,6,30,183
0,0,0,1,0,0,0,0,1,0,0,0,1,0,0,0,0,0,0,0,0,0,0,0,0,0,77041,1.248,3,0.8,-1.9344,2017,12,2,377,985
0,0,0,1,0,0,0,0,0,0,0,0,0,0,0,0,0,0,1,0,0,0,0,0,0,0,77041,9.708,3,0.6,-5.8248,2017,12,2,377,985
0,0,0,1,0,0,0,0,1,0,0,0,0,0,0,0,0,0,0,0,0,0,0,1,0,0,77041,27.24,3,0.2,2.724,2017,12,2,377,985
0,1,0,0,0,0,0,0,0,0,0,0,0,0,0,0,0,0,1,0,0,0,0,0,0,0,77070,19.3,5,0.6,-14.475,2014,11,5,377,985
0,0,0,1,0,0,1,0,1,0,1,0,0,0,0,0,0,0,0,0,0,0,0,0,0,0,35601,208.16,1,0,56.2032,2016,6,3,35,61
0,0,0,1,0,0,1,0,1,0,0,0,1,0,0,0,0,0,0,0,0,0,0,0,0,0,35601,16.74,3,0,8.0352,2016,6,3,35,61
0,0,1,0,0,0,0,1,1,0,0,1,0,0,0,0,0,0,0,0,0,0,0,0,0,0,94122,14.9,5,0,4.172,2014,10,4,510,2001
0,0,1,0,0,0,0,1,1,0,0,0,0,0,0,0,0,0,0,0,0,0,0,1,0,0,94122,21.39,1,0,6.2031,2014,10,4,510,2001
0,0,1,1,0,0,1,0,1,0,0,0,0,0,0,0,1,0,0,0,0,0,0,0,0,0,27707,200.984,7,0.2,62.8075,2015,9,5,9,249
0,0,0,0,1,0,0,0,1,0,0,0,0,0,0,0,0,0,0,0,0,0,0,1,0,0,60623,230.376,3,0.2,-48.9549,2017,11,3,314,492
0,1,0,0,0,0,1,0,0,0,0,0,0,0,1,0,0,0,0,0,0,0,0,0,0,0,29203,301.96,2,0,33.2156,2017,5,2,81,42
0,0,1,0,0,0,0,0,0,1,0,0,0,0,0,0,0,0,0,0,0,0,0,0,0,0,55901,19.99,1,0,6.7966,2017,10,7,53,89
0,0,1,0,0,0,0,0,1,0,0,0,0,0,0,0,0,0,0,1,0,0,0,0,0,0,55901,6.16,2,0,2.9568,2017,10,7,53,89
0,1,0,0,1,0,0,0,1,0,0,0,0,0,0,0,0,0,0,0,0,0,0,1,0,0,77095,158.368,7,0.2,13.8572,2016,4,5,377,985
0,0,1,1,0,0,0,1,1,0,0,1,0,0,0,0,0,0,0,0,0,0,0,0,0,0,90036,20.1,3,0,6.633,2016,9,5,747,2001
0,0,1,1,0,0,0,1,0,1,0,0,0,0,0,0,0,0,0,0,0,0,1,0,0,0,90036,73.584,2,0.2,8.2782,2016,9,5,747,2001
0,0,1,1,0,0,0,1,1,0,0,0,0,0,0,0,0,0,0,0,0,1,0,0,0,0,90036,6.48,1,0,3.1104,2016,9,5,747,2001
0,1,0,0,0,0,0,0,1,0,0,0,0,0,0,0,0,0,0,0,0,1,0,0,0,0,55407,12.96,2,0,6.2208,2015,1,5,23,89
0,1,0,0,0,0,0,0,0,0,0,0,0,0,0,0,0,0,1,0,0,0,0,0,0,0,55407,53.34,3,0,16.5354,2015,1,5,23,89
0,1,0,0,0,0,0,0,1,0,0,0,1,0,0,0,0,0,0,0,0,0,0,0,0,0,55407,32.96,2,0,16.1504,2015,1,5,23,89
0,0,1,0,1,0,0,1,1,0,0,0,1,0,0,0,0,0,0,0,0,0,0,0,0,0,97206,5.682,1,0.7,-3.788,2017,11,6,24,124
0,1,0,0,1,1,0,0,0,0,0,0,0,0,0,0,0,0,1,0,0,0,0,0,0,0,10009,96.53,7,0,40.5426,2017,11,2,915,1128
0,0,0,0,0,0,0,1,1,0,0,0,1,0,0,0,0,0,0,0,0,0,0,0,0,0,94122,51.312,3,0.2,17.9592,2017,6,3,510,2001
0,0,1,1,0,0,0,0,1,0,1,0,0,0,0,0,0,0,0,0,0,0,0,0,0,0,55106,77.88,6,0,22.5852,2016,9,5,2,89
0,0,1,0,1,0,0,0,1,0,0,0,0,0,0,0,0,0,0,0,0,1,0,0,0,0,60610,64.624,7,0.2,22.6184,2016,8,4,314,492
0,0,1,0,1,0,0,0,0,1,0,0,0,0,0,0,0,0,0,0,0,0,0,0,0,0,60610,95.976,3,0.2,-10.7973,2016,8,4,314,492
0,0,1,0,1,0,0,0,1,0,0,0,1,0,0,0,0,0,0,0,0,0,0,0,0,0,60610,1.788,3,0.8,-3.0396,2016,8,4,314,492
0,1,0,0,0,0,0,0,1,0,0,0,0,0,0,0,0,0,0,0,0,1,0,0,0,0,55901,23.92,4,0,11.7208,2016,12,3,53,89
0,0,1,0,0,0,0,1,0,1,0,0,0,0,0,0,0,0,0,0,0,0,0,0,0,0,80013,238.896,6,0.2,-26.8758,2015,11,4,68,182
0,0,1,0,0,0,0,1,0,0,0,0,0,0,0,0,0,0,1,0,0,0,0,0,0,0,80013,102.36,3,0.2,-3.8385,2015,11,4,68,182
0,0,1,0,0,0,0,1,1,0,0,0,1,0,0,0,0,0,0,0,0,0,0,0,0,0,80013,36.882,3,0.7,-25.8174,2015,11,4,68,182
0,0,1,0,0,0,1,0,0,1,0,0,0,0,0,0,0,0,0,0,0,0,0,0,0,0,28205,74.112,8,0.2,17.6016,2017,11,5,52,249
0,0,1,0,0,0,1,0,0,1,0,0,0,0,0,0,0,0,0,0,0,0,1,0,0,0,28205,27.992,1,0.2,2.0994,2017,11,5,52,249
0,0,1,0,0,0,1,0,1,0,0,1,0,0,0,0,0,0,0,0,0,0,0,0,0,0,28205,3.304,1,0.2,1.0738,2017,11,5,52,249
0,0,1,0,1,0,0,0,0,1,0,0,0,0,0,0,0,0,0,0,0,0,0,0,0,0,60462,339.96,5,0.2,67.992,2015,10,5,1,492
0,0,1,1,0,1,0,0,0,0,0,0,0,0,0,0,0,0,1,0,0,0,0,0,0,0,10035,41.96,2,0,10.9096,2017,12,5,915,1128
0,0,1,0,0,0,0,0,1,0,0,1,0,0,0,0,0,0,0,0,0,0,0,0,0,0,50322,75.96,2,0,22.788,2016,11,7,3,30
0,0,1,0,0,0,0,0,1,0,0,0,1,0,0,0,0,0,0,0,0,0,0,0,0,0,50322,27.24,6,0,13.3476,2016,11,7,3,30
0,1,0,0,0,1,0,0,1,0,0,0,0,0,0,0,0,1,0,0,0,0,0,0,0,0,43229,40.096,14,0.2,14.5348,2014,8,2,222,469
0,1,0,0,0,1,0,0,1,0,0,0,0,0,0,0,1,0,0,0,0,0,0,0,0,0,43229,4.72,2,0.2,1.652,2014,8,2,222,469
0,1,0,0,0,1,0,0,1,0,0,0,0,0,0,0,0,0,0,0,0,1,0,0,0,0,43229,23.976,3,0.2,7.4925,2014,8,2,222,469
0,1,0,0,0,1,0,0,1,0,0,0,0,0,0,0,1,0,0,0,0,0,0,0,0,0,43229,130.464,6,0.2,44.0316,2014,8,2,222,469
0,0,1,0,0,0,0,1,0,0,0,0,0,0,0,0,0,0,0,0,0,0,0,0,0,1,98103,787.53,3,0,165.3813,2015,3,4,428,506
0,0,1,1,0,0,1,0,1,0,0,0,1,0,0,0,0,0,0,0,0,0,0,0,0,0,37620,157.794,1,0.7,-115.7156,2015,4,5,13,183
0,0,0,0,0,1,0,0,0,0,0,0,0,0,0,0,0,0,1,0,0,0,0,0,0,0,19805,47.04,3,0,18.3456,2016,6,3,36,96
0,0,0,0,0,1,0,0,1,0,0,0,1,0,0,0,0,0,0,0,0,0,0,0,0,0,19805,30.84,4,0,13.878,2016,6,3,36,96
0,0,0,0,0,1,0,0,1,0,0,0,0,0,0,0,0,0,0,0,0,0,0,1,0,0,19805,226.56,6,0,63.4368,2016,6,3,36,96
0,0,0,0,0,1,0,0,1,0,0,0,0,0,0,0,1,0,0,0,0,0,0,0,0,0,19805,115.02,9,0,51.759,2016,6,3,36,96
0,0,0,0,0,1,0,0,0,1,0,0,0,0,0,0,0,0,0,0,0,0,1,0,0,0,19805,68.04,7,0,19.7316,2016,6,3,36,96
0,1,0,0,1,0,0,0,0,0,0,0,0,0,1,0,0,0,0,0,0,0,0,0,0,0,77041,600.558,3,0.3,-8.5794,2014,12,2,377,985
0,0,1,0,0,0,0,0,0,0,0,0,0,0,0,0,0,0,0,0,0,0,0,0,0,1,61701,617.7,6,0.5,-407.682,2014,9,5,15,492
0,0,1,0,0,0,0,1,1,0,0,0,1,0,0,0,0,0,0,0,0,0,0,0,0,0,85023,2.388,2,0.7,-1.8308,2017,11,7,63,224
0,0,1,0,0,0,0,1,1,0,0,0,0,0,0,0,0,0,0,0,0,0,0,1,0,0,85023,243.992,7,0.2,30.499,2017,11,7,63,224
0,1,0,0,1,0,0,1,0,0,0,0,0,0,1,0,0,0,0,0,0,0,0,0,0,0,90004,81.424,2,0.2,-9.1602,2016,11,4,747,2001
0,1,0,0,1,0,0,1,0,0,0,0,0,0,0,0,0,0,1,0,0,0,0,0,0,0,90004,238.56,3,0,26.2416,2016,11,4,747,2001
0,0,0,1,0,1,0,0,0,1,0,0,0,0,0,0,0,0,0,0,0,0,1,0,0,0,43229,59.97,5,0.4,-11.994,2017,2,3,222,469
0,0,0,1,0,1,0,0,1,0,0,0,0,0,0,0,0,0,0,0,0,1,0,0,0,0,43229,78.304,2,0.2,29.364,2017,2,3,222,469
0,0,0,1,0,1,0,0,1,0,0,0,0,0,0,0,0,1,0,0,0,0,0,0,0,0,43229,21.456,9,0.2,6.9732,2017,2,3,222,469
0,0,1,0,0,0,0,1,1,0,0,0,0,0,0,0,0,0,0,0,0,1,0,0,0,0,95661,20.04,3,0,9.6192,2016,10,6,26,2001
0,0,1,0,0,0,0,1,1,0,0,0,0,0,0,0,0,0,0,0,0,1,0,0,0,0,95661,35.44,1,0,16.6568,2016,10,6,26,2001
0,0,1,0,0,0,0,1,1,0,0,1,0,0,0,0,0,0,0,0,0,0,0,0,0,0,95661,11.52,4,0,3.456,2016,10,6,26,2001
0,0,1,0,0,0,0,1,1,0,0,0,0,0,0,0,0,1,0,0,0,0,0,0,0,0,95661,4.02,2,0,1.9698,2016,10,6,26,2001
0,0,1,0,0,0,0,1,1,0,0,0,1,0,0,0,0,0,0,0,0,0,0,0,0,0,95661,76.176,3,0.2,26.6616,2016,10,6,26,2001
0,0,1,0,0,0,0,1,1,0,0,0,0,0,0,0,0,0,0,0,0,0,0,0,1,0,95661,65.88,6,0,18.4464,2016,10,6,26,2001
0,0,1,0,0,0,0,1,0,0,0,0,0,0,0,0,0,0,1,0,0,0,0,0,0,0,95661,43.12,14,0,20.6976,2016,10,6,26,2001
0,1,0,1,0,1,0,0,0,0,0,0,0,0,0,0,0,0,1,0,0,0,0,0,0,0,19140,82.8,2,0.2,10.35,2016,9,2,537,587
0,0,1,1,0,0,0,1,1,0,0,1,0,0,0,0,0,0,0,0,0,0,0,0,0,0,94122,8.82,3,0,2.3814,2017,9,5,510,2001
0,0,1,1,0,0,0,1,1,0,0,0,0,0,0,0,1,0,0,0,0,0,0,0,0,0,94122,10.86,3,0,5.1042,2017,9,5,510,2001
0,0,1,1,0,0,0,1,1,0,0,0,0,0,0,0,0,0,0,0,0,1,0,0,0,0,94122,143.7,3,0,68.976,2017,9,5,510,2001
0,0,1,0,0,0,0,0,1,0,1,0,0,0,0,0,0,0,0,0,0,0,0,0,0,0,64055,839.43,3,0,218.2518,2017,12,5,2,66
0,0,1,0,0,0,0,1,1,0,0,0,0,0,0,0,0,0,0,0,0,0,0,1,0,0,91104,671.93,7,0,20.1579,2015,9,5,42,2001
0,0,1,0,1,1,0,0,0,0,0,0,0,0,0,0,0,0,1,0,0,0,0,0,0,0,43055,93.888,4,0.2,12.9096,2014,10,6,95,469
0,0,1,1,0,0,0,0,0,1,0,0,0,0,0,0,0,0,0,0,0,0,1,0,0,0,53132,384.45,11,0,103.8015,2016,12,4,37,110
0,0,1,1,0,0,0,0,0,1,0,0,0,0,0,0,0,0,0,0,0,0,1,0,0,0,53132,149.97,3,0,5.9988,2016,12,4,37,110
0,0,1,1,0,0,0,0,0,0,0,0,0,0,1,0,0,0,0,0,0,0,0,0,0,0,53132,1951.84,8,0,585.552,2016,12,4,37,110
0,0,1,1,0,0,0,0,1,0,0,0,1,0,0,0,0,0,0,0,0,0,0,0,0,0,53132,171.55,5,0,80.6285,2016,12,4,37,110
0,0,0,0,1,0,0,1,1,0,1,0,0,0,0,0,0,0,0,0,0,0,0,0,0,0,85254,157.92,5,0.2,17.766,2016,3,3,12,224
0,0,0,0,1,0,0,1,0,1,0,0,0,0,0,0,0,0,0,0,0,0,1,0,0,0,85254,203.184,2,0.2,15.2388,2016,3,3,12,224
0,0,0,1,0,0,0,1,1,0,0,0,0,0,0,0,0,0,0,0,0,1,0,0,0,0,95123,58.38,7,0,26.271,2015,5,2,42,2001
0,0,0,1,0,0,0,1,1,0,0,0,0,0,0,0,0,0,0,0,0,1,0,0,0,0,95123,105.52,4,0,48.5392,2015,5,2,42,2001
0,0,0,1,0,0,0,1,1,0,0,0,0,0,0,0,0,0,0,0,0,0,0,1,0,0,95123,80.88,6,0,21.0288,2015,5,2,42,2001
0,0,1,0,1,0,0,1,1,0,0,1,0,0,0,0,0,0,0,0,0,0,0,0,0,0,98105,6.63,3,0,1.7901,2015,5,6,428,506
0,1,0,0,0,0,0,1,0,0,0,0,0,0,1,0,0,0,0,0,0,0,0,0,0,0,98115,457.568,2,0.2,51.4764,2014,3,5,428,506
0,0,1,0,0,0,0,0,1,0,0,0,0,0,0,0,0,0,0,1,0,0,0,0,0,0,73034,14.62,2,0,6.8714,2016,11,4,2,66
0,0,1,0,0,0,0,0,0,1,0,0,0,0,0,0,0,0,0,0,0,0,1,0,0,0,73034,944.93,7,0,236.2325,2016,11,4,2,66
0,0,0,0,0,0,0,1,1,0,0,0,0,0,0,0,0,0,0,0,0,1,0,0,0,0,90045,5.98,1,0,2.691,2016,5,1,747,2001
0,1,0,0,0,1,0,0,0,1,0,0,0,0,0,0,0,0,0,0,0,0,0,0,0,0,19134,54.384,2,0.2,1.3596,2015,12,3,537,587
0,0,1,0,0,0,0,1,1,0,0,0,0,0,0,0,1,0,0,0,0,0,0,0,0,0,88220,28.4,5,0,13.348,2016,11,4,11,37
0,0,1,0,0,0,0,1,1,0,0,0,1,0,0,0,0,0,0,0,0,0,0,0,0,0,98115,27.68,2,0.2,9.688,2016,11,4,428,506
0,0,1,0,0,0,0,0,1,0,0,1,0,0,0,0,0,0,0,0,0,0,0,0,0,0,78207,9.936,3,0.2,2.7324,2014,9,4,59,985
0,0,1,0,0,0,0,0,0,1,0,0,0,0,0,0,0,0,0,0,1,0,0,0,0,0,78207,8159.952,8,0.4,-1359.992,2014,9,4,59,985
0,0,1,0,0,0,0,0,1,0,0,0,0,0,0,0,0,0,0,0,0,0,0,1,0,0,78207,275.928,3,0.2,-58.6347,2014,9,4,59,985
0,0,1,0,0,0,0,0,0,0,0,0,0,0,1,0,0,0,0,0,0,0,0,0,0,0,78207,1740.06,9,0.3,-24.858,2014,9,4,59,985
0,0,1,0,0,0,0,0,1,0,0,1,0,0,0,0,0,0,0,0,0,0,0,0,0,0,78207,32.064,6,0.2,6.8136,2014,9,4,59,985
0,0,1,0,0,0,0,0,1,0,1,0,0,0,0,0,0,0,0,0,0,0,0,0,0,0,78207,177.98,5,0.8,-453.849,2014,9,4,59,985
0,0,1,0,0,0,0,0,0,1,0,0,0,0,0,0,0,0,0,0,0,0,1,0,0,0,78207,143.976,3,0.2,8.9985,2014,9,4,59,985
0,0,1,0,0,0,0,1,1,0,0,0,0,0,0,0,0,0,0,0,0,1,0,0,0,0,90004,20.94,3,0,9.8418,2014,8,4,747,2001
0,0,1,0,0,0,0,1,1,0,0,0,0,0,0,0,0,0,0,0,0,1,0,0,0,0,90004,110.96,2,0,53.2608,2014,8,4,747,2001
0,0,1,0,0,0,0,1,0,0,0,0,0,0,1,0,0,0,0,0,0,0,0,0,0,0,90004,340.144,7,0.2,21.259,2014,8,4,747,2001
0,0,1,1,0,0,0,0,1,0,1,0,0,0,0,0,0,0,0,0,0,0,0,0,0,0,60623,52.448,2,0.8,-131.12,2014,9,5,314,492
0,0,1,1,0,0,0,0,1,0,0,0,0,0,0,0,0,0,0,1,0,0,0,0,0,0,60623,20.16,4,0.2,6.552,2014,9,5,314,492
0,1,0,0,0,0,0,0,1,0,1,0,0,0,0,0,0,0,0,0,0,0,0,0,0,0,77036,97.264,4,0.8,-243.16,2017,4,4,377,985
0,1,0,0,0,1,0,0,0,0,0,0,0,0,1,0,0,0,0,0,0,0,0,0,0,0,43055,396.802,7,0.3,-11.3372,2015,11,2,95,469
0,1,0,0,0,1,0,0,1,0,0,0,0,0,0,0,0,0,0,0,0,0,0,0,1,0,43055,15.88,5,0.2,-3.7715,2015,11,2,95,469
0,0,1,0,1,1,0,0,1,0,0,1,0,0,0,0,0,0,0,0,0,0,0,0,0,0,10009,3.28,1,0,1.4104,2015,12,4,915,1128
0,1,0,1,0,0,0,0,1,0,0,0,0,0,0,0,0,0,0,0,0,0,0,1,0,0,62521,24.816,2,0.2,1.8612,2014,12,4,35,492
0,1,0,1,0,0,0,0,0,1,0,0,0,0,0,0,0,0,0,0,0,0,0,0,0,0,62521,408.744,7,0.2,76.6395,2014,12,4,35,492
0,1,0,0,1,0,1,0,0,1,0,0,0,0,0,0,0,0,0,0,0,0,1,0,0,0,71203,503.96,4,0,131.0296,2014,11,5,21,42
0,1,0,0,1,0,1,0,0,1,0,0,0,0,0,0,0,0,0,0,0,0,1,0,0,0,71203,149.95,5,0,41.986,2014,11,5,21,42
0,1,0,0,1,0,1,0,0,1,0,0,0,0,0,0,0,0,0,0,0,0,0,0,0,0,71203,29,2,0,7.25,2014,11,5,21,42
0,0,1,0,0,1,0,0,1,0,0,0,1,0,0,0,0,0,0,0,0,0,0,0,0,0,6824,7.16,2,0,3.4368,2016,11,4,45,82
0,0,1,0,1,0,0,1,0,1,0,0,0,0,0,0,0,0,0,0,0,0,0,0,0,0,90032,176.8,8,0,22.984,2014,8,4,747,2001
0,0,1,1,0,0,0,0,1,0,0,0,0,0,0,0,0,0,0,0,0,0,0,1,0,0,75051,37.224,3,0.2,3.7224,2016,7,6,13,985
0,0,1,1,0,0,0,0,1,0,0,0,0,0,0,0,0,0,0,0,0,1,0,0,0,0,75051,20.016,3,0.2,6.255,2016,7,6,13,985
0,0,0,0,1,1,0,0,0,0,0,0,0,1,0,0,0,0,0,0,0,0,0,0,0,0,10035,899.136,4,0.2,112.392,2015,10,2,915,1128
0,0,0,0,1,1,0,0,0,1,0,0,0,0,0,0,0,0,0,0,0,0,1,0,0,0,10035,71.76,6,0,20.0928,2015,10,2,915,1128
0,0,0,0,1,1,0,0,1,0,0,0,0,0,0,0,0,0,0,0,0,1,0,0,0,0,10035,51.84,8,0,24.8832,2015,10,2,915,1128
0,0,0,0,1,1,0,0,0,0,0,0,0,1,0,0,0,0,0,0,0,0,0,0,0,0,10035,626.352,3,0.2,46.9764,2015,10,2,915,1128
0,0,0,0,1,1,0,0,1,0,0,1,0,0,0,0,0,0,0,0,0,0,0,0,0,0,10035,19.9,5,0,6.567,2015,10,2,915,1128
0,0,1,1,0,0,0,1,1,0,0,0,0,0,0,0,1,0,0,0,0,0,0,0,0,0,92374,14.28,7,0,6.7116,2015,10,6,16,2001
0,0,1,0,0,1,0,0,1,0,0,1,0,0,0,0,0,0,0,0,0,0,0,0,0,0,45011,7.408,2,0.2,1.2038,2014,3,4,4,469
0,0,1,0,0,1,0,0,1,0,0,1,0,0,0,0,0,0,0,0,0,0,0,0,0,0,45011,6.048,3,0.2,1.5876,2014,3,4,4,469
0,0,1,0,1,1,0,0,1,0,0,0,0,0,0,0,0,0,0,0,0,0,0,1,0,0,7090,46.26,3,0,12.0276,2017,11,7,6,130
0,0,1,1,0,1,0,0,1,0,0,0,1,0,0,0,0,0,0,0,0,0,0,0,0,0,19120,2.946,2,0.7,-2.2586,2017,7,7,537,587
0,0,1,1,0,1,0,0,1,0,0,0,0,0,0,0,0,0,0,0,0,1,0,0,0,0,19120,16.056,3,0.2,5.8203,2017,7,7,537,587
0,0,1,0,0,1,0,0,1,0,0,0,0,0,0,0,0,0,0,0,0,1,0,0,0,0,44312,21.744,3,0.2,6.795,2017,6,5,21,469
0,0,0,0,0,0,0,1,0,0,0,0,0,0,0,0,0,0,0,0,0,0,0,0,0,1,80219,218.75,2,0.5,-161.875,2014,8,2,44,182
0,0,0,0,0,0,0,1,1,0,1,0,0,0,0,0,0,0,0,0,0,0,0,0,0,0,80219,2.6,1,0.2,0.2925,2014,8,2,44,182
0,1,0,0,0,0,0,0,1,0,1,0,0,0,0,0,0,0,0,0,0,0,0,0,0,0,75220,66.284,2,0.8,-178.9668,2017,12,4,157,985
0,0,1,1,0,0,1,0,0,0,0,0,0,0,0,0,0,0,1,0,0,0,0,0,0,0,37064,35.168,7,0.2,9.6712,2017,6,4,37,183
0,0,1,0,0,0,0,1,0,1,0,0,0,0,0,0,0,0,0,0,0,0,1,0,0,0,90604,444.768,4,0.2,44.4768,2017,12,5,1,2001
0,0,1,0,0,0,0,0,1,0,0,0,0,0,0,0,0,0,0,0,0,0,0,1,0,0,48601,83.92,4,0,5.8744,2017,12,6,6,255
0,0,1,0,0,0,0,0,0,1,0,0,0,0,0,0,0,0,0,0,0,0,1,0,0,0,48601,131.98,2,0,35.6346,2017,12,6,6,255
0,0,1,0,0,0,0,0,1,0,0,0,1,0,0,0,0,0,0,0,0,0,0,0,0,0,48601,15.92,4,0,7.4824,2017,12,6,6,255
0,0,1,0,0,0,0,0,1,0,0,0,0,0,0,0,0,1,0,0,0,0,0,0,0,0,48601,52.29,9,0,16.2099,2017,12,6,6,255
0,0,1,0,0,0,0,0,1,0,0,0,0,0,0,0,0,0,0,0,0,0,0,1,0,0,48601,91.99,1,0,3.6796,2017,12,6,6,255
0,1,0,1,0,0,0,0,0,1,0,0,0,0,0,0,0,0,0,0,0,0,0,0,0,0,75220,20.8,2,0.2,6.5,2015,2,4,157,985
0,0,1,1,0,1,0,0,1,0,0,0,0,0,0,0,0,0,0,1,0,0,0,0,0,0,44256,23.68,2,0.2,8.88,2015,1,7,9,469
0,0,1,1,0,1,0,0,0,0,0,0,0,1,0,0,0,0,0,0,0,0,0,0,0,0,44256,452.45,5,0.5,-244.323,2015,1,7,9,469
0,0,1,1,0,1,0,0,0,1,0,0,0,0,0,0,0,0,0,0,0,0,1,0,0,0,44256,62.982,3,0.4,-14.6958,2015,1,7,9,469
0,0,1,1,0,1,0,0,0,1,0,0,0,0,0,0,0,0,0,0,1,0,0,0,0,0,44256,1188,9,0.7,-950.4,2015,1,7,9,469
0,0,1,1,0,1,0,0,0,1,0,0,0,0,0,0,0,0,0,0,0,0,0,0,0,0,44256,89.584,2,0.2,4.4792,2015,1,7,9,469
0,0,1,0,0,0,0,1,1,0,0,0,0,0,0,0,0,0,0,0,0,0,0,1,0,0,90032,93.06,6,0,26.0568,2016,10,4,747,2001
0,0,1,0,0,0,0,1,0,1,0,0,0,0,0,0,0,0,0,0,0,0,1,0,0,0,90032,302.376,3,0.2,22.6782,2016,10,4,747,2001
0,0,0,0,0,1,0,0,1,0,0,0,0,0,0,0,0,1,0,0,0,0,0,0,0,0,43017,5.584,2,0.2,1.8148,2015,12,3,14,469
0,0,0,0,0,1,0,0,1,0,0,0,0,0,0,0,0,0,0,0,0,1,0,0,0,0,43017,22.704,6,0.2,8.2302,2015,12,3,14,469
0,0,0,0,0,1,0,0,1,0,0,0,1,0,0,0,0,0,0,0,0,0,0,0,0,0,43017,19.776,4,0.7,-13.8432,2015,12,3,14,469
0,0,0,0,0,1,0,0,0,0,0,0,0,0,0,0,0,0,1,0,0,0,0,0,0,0,43017,72.704,4,0.2,19.0848,2015,12,3,14,469
0,0,0,0,0,1,0,0,0,1,0,0,0,0,0,0,0,0,0,0,1,0,0,0,0,0,43017,479.988,4,0.7,-383.9904,2015,12,3,14,469
0,0,0,0,0,1,0,0,1,0,0,1,0,0,0,0,0,0,0,0,0,0,0,0,0,0,43017,27.168,2,0.2,2.7168,2015,12,3,14,469
0,0,1,1,0,0,0,0,1,0,0,1,0,0,0,0,0,0,0,0,0,0,0,0,0,0,48227,2.2,1,0,0.968,2015,8,7,115,255
0,0,1,1,0,0,0,0,0,0,0,0,0,0,0,0,0,0,0,0,0,0,0,0,0,1,48227,622.45,5,0,136.939,2015,8,7,115,255
0,0,1,1,0,0,0,0,1,0,0,0,0,0,0,0,0,0,0,0,0,0,0,1,0,0,48227,21.98,1,0,0.2198,2015,8,7,115,255
0,0,1,0,0,0,1,0,0,0,0,0,0,0,1,0,0,0,0,0,0,0,0,0,0,0,38401,161.568,2,0.2,-28.2744,2015,2,4,81,183
0,0,1,0,0,0,1,0,0,0,0,0,0,0,1,0,0,0,0,0,0,0,0,0,0,0,38401,389.696,8,0.2,43.8408,2015,2,4,81,183
0,0,1,1,0,0,1,0,1,0,0,0,1,0,0,0,0,0,0,0,0,0,0,0,0,0,28205,18.648,7,0.7,-12.432,2014,9,4,52,249
0,0,1,0,1,0,1,0,0,0,0,0,0,0,0,0,0,0,0,0,0,0,0,0,0,1,33614,233.86,2,0.45,-102.048,2017,4,5,36,383
0,0,1,0,1,0,1,0,0,0,0,0,0,0,0,0,0,0,0,0,0,0,0,0,0,1,33614,620.6145,3,0.45,-248.2458,2017,4,5,36,383
0,0,1,0,1,0,1,0,1,0,0,0,1,0,0,0,0,0,0,0,0,0,0,0,0,0,33614,5.328,2,0.7,-3.552,2017,4,5,36,383
0,0,1,0,1,0,1,0,0,0,0,0,0,0,0,0,0,0,1,0,0,0,0,0,0,0,33614,258.072,3,0.2,0,2017,4,5,36,383
0,0,1,0,1,0,1,0,0,1,0,0,0,0,0,0,0,0,0,0,0,0,0,0,0,0,33614,617.976,3,0.2,-7.7247,2017,4,5,36,383
0,0,1,1,0,0,0,1,1,0,0,0,0,0,0,0,0,0,0,0,0,1,0,0,0,0,95051,10.56,2,0,4.752,2017,11,4,6,2001
0,1,0,0,0,0,0,0,1,0,0,0,0,0,0,0,0,0,0,0,0,1,0,0,0,0,60610,25.92,5,0.2,9.396,2016,6,5,314,492
0,1,0,0,0,0,0,0,0,0,0,0,0,0,0,0,0,0,1,0,0,0,0,0,0,0,60610,419.68,5,0.6,-356.728,2016,6,5,314,492
0,1,0,0,0,0,0,0,0,0,0,0,0,0,0,0,0,0,1,0,0,0,0,0,0,0,60610,11.688,3,0.6,-4.6752,2016,6,5,314,492
0,1,0,0,0,0,0,0,0,1,0,0,0,0,0,0,0,0,0,0,0,0,1,0,0,0,60610,31.984,2,0.2,11.1944,2016,6,5,314,492
0,1,0,0,0,0,0,0,0,0,0,0,0,0,0,0,0,0,0,0,0,0,0,0,0,1,60610,177.225,5,0.5,-120.513,2016,6,5,314,492
0,1,0,0,0,0,0,0,0,0,0,0,0,0,0,0,0,0,1,0,0,0,0,0,0,0,60610,4.044,3,0.6,-2.8308,2016,6,5,314,492
0,1,0,0,0,0,0,0,1,0,0,1,0,0,0,0,0,0,0,0,0,0,0,0,0,0,60610,7.408,2,0.2,1.2038,2016,6,5,314,492
0,1,0,0,1,0,0,0,0,0,0,0,0,0,1,0,0,0,0,0,0,0,0,0,0,0,55044,2001.86,7,0,580.5394,2014,6,5,15,89
0,1,0,0,1,0,0,0,1,0,0,0,0,0,0,0,0,0,0,0,0,0,0,1,0,0,55044,166.72,2,0,41.68,2014,6,5,15,89
0,1,0,0,1,0,0,0,1,0,0,0,0,0,0,0,0,0,0,0,0,1,0,0,0,0,55044,47.88,6,0,23.94,2014,6,5,15,89
0,1,0,0,1,0,0,0,1,0,1,0,0,0,0,0,0,0,0,0,0,0,0,0,0,0,55044,1503.25,5,0,496.0725,2014,6,5,15,89
0,1,0,0,1,0,0,0,1,0,0,0,0,0,0,0,0,0,0,0,0,1,0,0,0,0,55044,25.92,4,0,12.4416,2014,6,5,15,89
0,1,0,0,0,0,0,1,0,0,0,0,0,0,1,0,0,0,0,0,0,0,0,0,0,0,94109,321.568,2,0.2,28.1372,2016,12,5,510,2001
0,0,1,0,0,0,0,1,1,0,0,0,0,0,0,0,0,0,0,0,0,1,0,0,0,0,92037,7.61,1,0,3.5767,2016,9,6,170,2001
0,0,1,0,0,0,0,1,0,1,0,0,0,0,0,0,0,0,0,0,0,0,0,0,0,0,92037,3347.37,13,0,636.0003,2016,9,6,170,2001
0,0,0,0,0,1,0,0,1,0,0,0,0,0,0,0,0,0,0,0,0,0,0,1,0,0,10024,80.58,6,0,22.5624,2016,12,3,915,1128
0,0,0,0,0,1,0,0,1,0,0,0,0,0,0,0,1,0,0,0,0,0,0,0,0,0,10024,361.92,4,0,162.864,2016,12,3,915,1128
0,0,1,1,0,0,0,0,0,0,0,0,0,0,0,0,0,0,1,0,0,0,0,0,0,0,60623,12.132,9,0.6,-8.4924,2015,11,6,314,492
0,0,1,1,0,0,0,0,1,0,0,0,0,0,0,0,0,0,0,0,0,0,0,1,0,0,60623,82.368,2,0.2,-19.5624,2015,11,6,314,492
0,0,1,1,0,0,0,0,1,0,0,0,0,0,0,0,0,0,0,0,0,0,0,1,0,0,60623,53.92,5,0.2,4.044,2015,11,6,314,492
0,0,1,1,0,0,0,0,0,1,0,0,0,0,0,0,0,0,0,0,0,0,1,0,0,0,60623,647.904,6,0.2,56.6916,2015,11,6,314,492
0,1,0,0,0,1,0,0,0,1,0,0,0,0,0,0,0,0,0,0,0,0,0,0,0,0,10009,20.37,3,0,6.9258,2017,12,2,915,1128
0,1,0,0,0,1,0,0,1,0,0,0,0,0,0,0,0,0,0,0,0,0,0,1,0,0,10009,221.55,3,0,6.6465,2017,12,2,915,1128
0,1,0,0,0,1,0,0,1,0,0,0,1,0,0,0,0,0,0,0,0,0,0,0,0,0,10009,17.52,5,0.2,6.132,2017,12,2,915,1128
0,0,1,1,0,0,0,0,1,0,1,0,0,0,0,0,0,0,0,0,0,0,0,0,0,0,77506,1.624,2,0.8,-4.466,2017,6,4,42,985
0,1,0,1,0,0,0,0,0,1,0,0,0,0,0,0,0,0,0,0,1,0,0,0,0,0,77036,3059.982,3,0.4,-509.997,2014,9,2,377,985
0,1,0,1,0,0,0,0,0,1,0,0,0,0,0,0,0,0,0,0,1,0,0,0,0,0,77036,2519.958,7,0.4,-251.9958,2014,9,2,377,985
0,0,1,0,0,0,0,0,0,1,0,0,0,0,0,0,0,0,0,0,0,0,1,0,0,0,60610,328.224,4,0.2,28.7196,2016,6,7,314,492
0,0,1,0,0,0,0,1,0,1,0,0,0,0,0,0,0,0,0,0,0,0,0,0,0,0,94513,79.9,2,0,35.156,2015,11,5,16,2001
0,0,1,1,0,0,1,0,1,0,0,1,0,0,0,0,0,0,0,0,0,0,0,0,0,0,27514,14.016,3,0.2,4.7304,2017,6,4,1,249
0,0,1,0,0,1,0,0,1,0,0,0,0,0,0,0,0,1,0,0,0,0,0,0,0,0,7960,7.56,6,0,0.3024,2016,1,6,7,130
0,0,1,1,0,1,0,0,1,0,0,0,0,0,0,0,0,0,0,0,0,0,0,1,0,0,45231,37.208,1,0.2,-7.4416,2017,12,4,17,469
0,0,1,1,0,1,0,0,1,0,0,0,0,0,0,0,1,0,0,0,0,0,0,0,0,0,45231,57.576,3,0.2,21.591,2017,12,4,17,469
0,1,0,1,0,0,0,1,1,0,0,0,0,0,0,0,0,0,0,0,0,0,0,1,0,0,94110,725.84,4,0,210.4936,2017,12,5,510,2001
0,0,0,0,0,0,0,1,0,1,0,0,0,0,0,0,0,0,0,0,0,0,0,0,0,0,94109,209.93,7,0,92.3692,2015,7,1,510,2001
0,0,0,0,0,0,0,1,0,0,0,0,0,0,0,0,0,0,1,0,0,0,0,0,0,0,94109,5.28,3,0,2.3232,2015,7,1,510,2001
0,0,0,0,0,0,0,1,1,0,0,0,1,0,0,0,0,0,0,0,0,0,0,0,0,0,94109,10.92,3,0.2,4.095,2015,7,1,510,2001
0,0,0,1,0,0,0,1,1,0,0,0,0,0,0,0,0,0,0,0,0,1,0,0,0,0,90301,8.82,2,0,4.0572,2017,9,1,16,2001
0,0,0,1,0,0,0,1,1,0,0,1,0,0,0,0,0,0,0,0,0,0,0,0,0,0,90301,5.98,1,0,1.5548,2017,9,1,16,2001
0,0,1,1,0,1,0,0,1,0,0,0,0,0,0,0,0,0,0,0,0,1,0,0,0,0,19140,11.648,2,0.2,4.0768,2017,10,4,537,587
0,0,1,1,0,1,0,0,1,0,0,0,0,0,0,0,0,0,0,0,0,1,0,0,0,0,19140,18.176,4,0.2,5.9072,2017,10,4,537,587
0,0,1,1,0,1,0,0,1,0,0,0,0,0,0,0,0,0,0,0,0,0,0,1,0,0,19140,59.712,6,0.2,5.9712,2017,10,4,537,587
0,0,1,1,0,1,0,0,1,0,0,0,0,0,0,0,0,0,0,1,0,0,0,0,0,0,19140,24.84,3,0.2,8.694,2017,10,4,537,587
0,1,0,0,0,0,0,0,1,0,0,0,1,0,0,0,0,0,0,0,0,0,0,0,0,0,77070,2.08,5,0.8,-3.432,2015,9,2,377,985
0,1,0,0,0,0,0,0,0,1,0,0,0,0,0,0,0,0,0,0,0,0,1,0,0,0,77070,1114.4,7,0.2,376.11,2015,9,2,377,985
0,0,1,0,0,0,0,1,0,0,0,0,0,0,0,0,0,0,0,0,0,0,0,0,0,1,90004,1038.84,5,0.2,51.942,2015,11,4,747,2001
0,0,1,0,0,0,0,1,1,0,0,0,0,0,0,0,0,0,0,0,0,1,0,0,0,0,97206,141.76,5,0.2,47.844,2015,9,6,24,124
0,0,1,0,0,0,0,1,0,1,0,0,0,0,0,0,0,0,0,0,0,0,0,0,0,0,97206,239.8,5,0.2,47.96,2015,9,6,24,124
0,0,1,0,0,0,0,1,1,0,0,0,0,0,0,0,0,0,0,0,0,1,0,0,0,0,97206,31.104,6,0.2,10.8864,2015,9,6,24,124
0,1,0,1,0,0,1,0,1,0,0,0,1,0,0,0,0,0,0,0,0,0,0,0,0,0,33319,254.058,7,0.7,-169.372,2016,12,2,4,383
0,1,0,1,0,0,1,0,1,0,1,0,0,0,0,0,0,0,0,0,0,0,0,0,0,0,33319,194.528,2,0.2,24.316,2016,12,2,4,383
0,1,0,1,0,0,1,0,1,0,0,0,0,0,0,0,0,0,0,0,0,0,0,0,1,0,33319,961.48,5,0.2,-204.3145,2016,12,2,4,383
0,1,0,0,1,1,0,0,1,0,0,0,0,0,0,0,0,1,0,0,0,0,0,0,0,0,43229,19.096,7,0.2,6.6836,2016,11,4,222,469
0,1,0,0,1,1,0,0,1,0,0,0,0,0,0,0,0,0,0,1,0,0,0,0,0,0,43229,18.496,8,0.2,6.2424,2016,11,4,222,469
0,1,0,0,1,1,0,0,0,1,0,0,0,0,0,0,0,0,0,0,0,0,0,0,0,0,43229,255.984,2,0.2,54.3966,2016,11,4,222,469
0,1,0,0,1,1,0,0,0,0,0,0,0,1,0,0,0,0,0,0,0,0,0,0,0,0,43229,86.97,3,0.5,-48.7032,2016,11,4,222,469
0,0,0,1,0,0,0,1,0,0,0,0,0,0,0,0,0,0,1,0,0,0,0,0,0,0,80906,300.416,8,0.2,78.8592,2014,12,2,25,182
0,0,0,1,0,0,0,1,0,0,0,0,0,0,1,0,0,0,0,0,0,0,0,0,0,0,80906,230.352,3,0.2,20.1558,2014,12,2,25,182
0,0,0,1,0,0,0,1,0,0,0,0,0,0,0,0,0,0,1,0,0,0,0,0,0,0,80906,218.352,3,0.2,-24.5646,2014,12,2,25,182
0,0,0,1,0,0,0,1,1,0,0,0,1,0,0,0,0,0,0,0,0,0,0,0,0,0,80906,78.6,5,0.7,-62.88,2014,12,2,25,182
0,0,0,1,0,0,0,1,1,0,0,0,0,0,0,0,0,1,0,0,0,0,0,0,0,0,80906,27.552,3,0.2,9.2988,2014,12,2,25,182
0,0,1,1,0,1,0,0,1,0,0,0,0,0,0,0,0,0,0,0,0,1,0,0,0,0,7109,32.4,5,0,15.552,2016,10,6,10,130
0,0,1,1,0,1,0,0,1,0,0,0,0,0,0,0,0,0,0,0,0,0,0,1,0,0,7109,1082.48,8,0,10.8248,2016,10,6,10,130
0,0,1,1,0,1,0,0,1,0,0,0,0,0,0,0,0,0,0,0,0,1,0,0,0,0,7109,56.91,3,0,27.3168,2016,10,6,10,130
0,0,1,1,0,1,0,0,0,0,0,0,0,0,0,0,0,0,1,0,0,0,0,0,0,0,7109,77.6,4,0,38.024,2016,10,6,10,130
0,0,1,1,0,1,0,0,1,0,0,0,1,0,0,0,0,0,0,0,0,0,0,0,0,0,7109,14.28,1,0,6.5688,2016,10,6,10,130
0,0,1,0,0,0,0,0,0,0,0,0,0,0,0,0,0,0,0,0,0,0,0,0,0,1,60623,219.075,3,0.5,-131.445,2017,11,4,314,492
0,1,0,1,0,1,0,0,0,0,0,0,0,0,0,0,0,0,1,0,0,0,0,0,0,0,10024,26.8,2,0,12.864,2015,5,5,915,1128
0,0,1,1,0,0,0,0,1,0,0,1,0,0,0,0,0,0,0,0,0,0,0,0,0,0,48180,9.84,3,0,2.8536,2014,12,5,3,255
0,0,1,0,1,1,0,0,1,0,0,0,1,0,0,0,0,0,0,0,0,0,0,0,0,0,8701,45.48,3,0,20.9208,2014,6,5,49,130
0,0,1,0,1,1,0,0,1,0,0,1,0,0,0,0,0,0,0,0,0,0,0,0,0,0,8701,289.2,6,0,83.868,2014,6,5,49,130
0,0,0,0,0,0,1,0,1,0,0,1,0,0,0,0,0,0,0,0,0,0,0,0,0,0,22204,4.89,1,0,2.0049,2017,4,2,60,224
0,1,0,1,0,0,0,1,0,0,0,0,0,0,0,0,0,0,1,0,0,0,0,0,0,0,80004,15.136,4,0.2,3.5948,2016,9,2,4,182
0,1,0,1,0,0,0,1,0,0,0,0,0,0,1,0,0,0,0,0,0,0,0,0,0,0,80004,466.768,2,0.2,52.5114,2016,9,2,4,182
0,1,0,1,0,0,0,1,0,0,0,0,0,0,0,0,0,0,1,0,0,0,0,0,0,0,80004,15.232,1,0.2,1.7136,2016,9,2,4,182
0,1,0,1,0,0,0,1,1,0,0,0,0,0,0,0,0,0,0,1,0,0,0,0,0,0,80004,6.264,3,0.2,2.0358,2016,9,2,4,182
0,0,1,1,0,1,0,0,0,0,0,0,0,0,0,0,0,0,1,0,0,0,0,0,0,0,7601,87.54,3,0,37.6422,2014,9,6,6,130
0,0,1,1,0,0,1,0,0,1,0,0,0,0,0,0,0,0,0,0,0,0,1,0,0,0,33710,178.384,2,0.2,22.298,2014,8,7,14,383
0,0,1,1,0,0,1,0,1,0,0,0,0,0,0,0,0,0,0,0,0,1,0,0,0,0,33710,15.552,3,0.2,5.4432,2014,8,7,14,383
0,0,0,1,0,1,0,0,1,0,0,1,0,0,0,0,0,0,0,0,0,0,0,0,0,0,19143,99.136,4,0.2,8.6744,2014,12,2,537,587
0,0,1,0,1,1,0,0,0,0,0,0,0,0,1,0,0,0,0,0,0,0,0,0,0,0,10024,135.882,1,0.1,24.1568,2014,11,5,915,1128
0,0,1,0,1,1,0,0,0,1,0,0,0,0,0,0,0,0,0,0,1,0,0,0,0,0,10024,3991.98,2,0,1995.99,2014,11,5,915,1128
0,0,1,0,1,1,0,0,0,1,0,0,0,0,0,0,0,0,0,0,0,0,1,0,0,0,10024,275.94,6,0,80.0226,2014,11,5,915,1128
0,0,1,0,1,1,0,0,0,1,0,0,0,0,0,0,0,0,0,0,0,0,0,0,0,0,10024,360,4,0,129.6,2014,11,5,915,1128
0,0,1,0,1,1,0,0,1,0,0,0,0,0,0,0,0,0,0,0,0,0,0,1,0,0,10024,43.57,1,0,13.071,2014,11,5,915,1128
0,0,1,1,0,0,0,1,1,0,0,0,0,0,0,0,0,1,0,0,0,0,0,0,0,0,90805,7.16,2,0,3.58,2014,9,5,61,2001
0,0,1,1,0,0,0,1,1,0,0,0,1,0,0,0,0,0,0,0,0,0,0,0,0,0,92345,251.52,6,0.2,81.744,2016,4,4,4,2001
0,0,1,1,0,0,0,1,0,1,0,0,0,0,0,0,0,0,0,0,0,0,0,0,0,0,92345,99.99,1,0,34.9965,2016,4,4,4,2001
0,1,0,1,0,0,1,0,0,0,0,0,0,0,0,0,0,0,1,0,0,0,0,0,0,0,37130,15.992,1,0.2,0.9995,2017,11,2,11,183
0,0,0,0,0,1,0,0,0,1,0,0,0,0,0,0,0,0,0,0,0,0,1,0,0,0,19143,290.898,3,0.4,-67.8762,2016,8,2,537,587
0,0,0,0,0,1,0,0,1,0,0,0,0,0,0,0,0,0,0,0,0,0,0,1,0,0,19143,54.224,2,0.2,3.389,2016,8,2,537,587
0,0,0,0,0,1,0,0,0,0,0,0,0,0,1,0,0,0,0,0,0,0,0,0,0,0,19143,786.744,4,0.3,-258.5016,2016,8,2,537,587
0,0,0,0,0,1,0,0,1,0,0,0,0,0,0,0,0,0,0,1,0,0,0,0,0,0,19143,100.24,10,0.2,33.831,2016,8,2,537,587
0,0,0,0,0,1,0,0,1,0,0,0,1,0,0,0,0,0,0,0,0,0,0,0,0,0,19143,37.764,6,0.7,-27.6936,2016,8,2,537,587
0,1,0,0,0,1,0,0,0,1,0,0,0,0,0,0,0,0,0,0,0,0,1,0,0,0,19134,82.8,2,0.4,-20.7,2016,4,4,537,587
0,1,0,0,0,1,0,0,1,0,0,0,1,0,0,0,0,0,0,0,0,0,0,0,0,0,19134,20.724,2,0.7,-13.816,2016,4,4,537,587
0,1,0,0,0,1,0,0,1,0,0,0,1,0,0,0,0,0,0,0,0,0,0,0,0,0,19134,4.896,3,0.7,-3.4272,2016,4,4,537,587
0,1,0,0,0,0,0,1,1,0,0,0,1,0,0,0,0,0,0,0,0,0,0,0,0,0,90045,4.752,1,0.2,1.6038,2015,9,3,747,2001
0,1,0,0,0,0,0,1,0,1,0,0,0,0,0,1,0,0,0,0,0,0,0,0,0,0,90045,959.984,2,0.2,335.9944,2015,9,3,747,2001
0,1,0,0,0,0,0,1,1,0,0,0,1,0,0,0,0,0,0,0,0,0,0,0,0,0,90045,14.368,4,0.2,4.49,2015,9,3,747,2001
0,0,1,1,0,0,0,1,1,0,0,0,1,0,0,0,0,0,0,0,0,0,0,0,0,0,94122,7.712,2,0.2,2.7956,2014,7,5,510,2001
0,0,1,1,0,0,0,1,0,0,0,0,0,0,0,0,0,0,0,0,0,0,0,0,0,1,94122,698.352,3,0.2,-17.4588,2014,7,5,510,2001
0,1,0,0,0,0,0,1,1,0,0,0,0,0,0,0,0,1,0,0,0,0,0,0,0,0,84041,4.96,4,0,2.3312,2015,6,4,1,53
0,1,0,1,0,1,0,0,1,0,0,1,0,0,0,0,0,0,0,0,0,0,0,0,0,0,19140,17.856,4,0.2,1.116,2014,4,4,537,587
0,1,0,1,0,1,0,0,1,0,0,0,1,0,0,0,0,0,0,0,0,0,0,0,0,0,19140,509.97,10,0.7,-407.976,2014,4,4,537,587
0,1,0,1,0,1,0,0,1,0,0,0,0,0,0,0,0,1,0,0,0,0,0,0,0,0,19140,30.992,13,0.2,10.0724,2014,4,4,537,587
0,1,0,1,0,1,0,0,0,1,0,0,0,0,0,0,0,0,0,0,0,0,1,0,0,0,19140,71.928,12,0.4,8.3916,2014,4,4,537,587
0,0,1,0,0,0,0,0,1,0,0,0,0,0,0,0,0,0,0,0,0,0,0,1,0,0,78745,88.8,4,0.2,-2.22,2015,12,4,39,985
0,0,1,0,0,0,0,1,0,1,0,0,0,0,0,0,0,0,0,0,0,0,1,0,0,0,94122,47.976,3,0.2,4.7976,2017,6,4,510,2001
0,0,1,0,0,1,0,0,1,0,0,1,0,0,0,0,0,0,0,0,0,0,0,0,0,0,1852,7.56,3,0,3.0996,2017,7,4,16,135
0,0,1,0,0,1,0,0,1,0,0,0,0,0,0,0,0,0,0,0,0,1,0,0,0,0,1852,24.56,2,0,11.5432,2017,7,4,16,135
0,0,1,0,0,1,0,0,1,0,0,1,0,0,0,0,0,0,0,0,0,0,0,0,0,0,1852,12.96,2,0,4.1472,2017,7,4,16,135
0,0,0,0,1,1,0,0,0,1,0,0,0,0,0,0,0,0,0,0,0,0,0,0,0,0,10009,6.79,1,0,2.3086,2016,9,2,915,1128
0,0,0,0,1,1,0,0,1,0,0,0,0,0,0,0,0,0,0,0,0,1,0,0,0,0,10009,24.56,2,0,11.5432,2016,9,2,915,1128
0,0,0,0,1,1,0,0,1,0,0,0,1,0,0,0,0,0,0,0,0,0,0,0,0,0,10009,3.048,1,0.2,1.0668,2016,9,2,915,1128
0,0,0,0,1,1,0,0,1,0,0,0,0,0,0,0,0,0,0,0,0,1,0,0,0,0,10009,49.12,4,0,23.0864,2016,9,2,915,1128
0,0,0,0,1,1,0,0,1,0,0,0,1,0,0,0,0,0,0,0,0,0,0,0,0,0,10009,4355.168,4,0.2,1415.4296,2016,9,2,915,1128
0,0,1,0,0,1,0,0,0,0,0,0,0,1,0,0,0,0,0,0,0,0,0,0,0,0,10035,388.704,6,0.2,-4.8588,2016,4,5,915,1128
0,0,1,0,0,1,0,0,1,0,0,0,0,0,0,0,1,0,0,0,0,0,0,0,0,0,10035,8.26,2,0,3.7996,2016,4,5,915,1128
0,0,1,0,0,1,0,0,1,0,0,1,0,0,0,0,0,0,0,0,0,0,0,0,0,0,10035,17.04,4,0,6.9864,2016,4,5,915,1128
0,0,1,0,0,1,0,0,1,0,0,0,0,0,0,0,0,0,0,0,0,1,0,0,0,0,10035,34.4,5,0,15.824,2016,4,5,915,1128
0,0,1,1,0,0,1,0,1,0,0,0,0,0,0,0,0,0,0,0,0,1,0,0,0,0,28205,36.24,5,0.2,11.325,2016,4,5,52,249
0,0,0,1,0,0,1,0,1,0,1,0,0,0,0,0,0,0,0,0,0,0,0,0,0,0,31907,647.84,8,0,168.4384,2017,3,3,222,184
0,0,0,1,0,0,1,0,1,0,0,0,0,0,0,0,0,0,0,1,0,0,0,0,0,0,31907,20.7,2,0,9.936,2017,3,3,222,184
0,0,1,0,0,1,0,0,1,0,0,0,0,0,0,0,0,0,0,1,0,0,0,0,0,0,10009,20.7,2,0,9.936,2017,9,6,915,1128
0,0,1,0,0,1,0,0,0,0,0,0,0,0,1,0,0,0,0,0,0,0,0,0,0,0,10009,488.646,3,0.1,86.8704,2017,9,6,915,1128
0,0,1,0,0,1,0,0,1,0,0,1,0,0,0,0,0,0,0,0,0,0,0,0,0,0,10009,5.56,2,0,1.4456,2017,9,6,915,1128
0,0,1,0,0,1,0,0,0,0,0,0,0,0,0,0,0,0,1,0,0,0,0,0,0,0,10009,47.12,8,0,20.7328,2017,9,6,915,1128
0,0,1,0,0,0,0,1,1,0,0,0,0,0,0,0,0,0,0,0,0,0,0,1,0,0,94109,211.96,4,0,8.4784,2014,9,5,510,2001
1,0,0,1,0,1,0,0,1,0,0,0,1,0,0,0,0,0,0,0,0,0,0,0,0,0,6040,23.2,4,0,10.44,2016,10,0,11,82
1,0,0,1,0,1,0,0,1,0,0,0,0,0,0,0,0,0,0,0,0,0,0,0,1,0,6040,7.36,2,0,0.1472,2016,10,0,11,82
1,0,0,1,0,1,0,0,1,0,0,0,0,0,0,0,0,0,0,0,0,0,0,1,0,0,6040,104.79,7,0,29.3412,2016,10,0,11,82
1,0,0,1,0,1,0,0,0,0,0,0,0,1,0,0,0,0,0,0,0,0,0,0,0,0,6040,1043.92,4,0,271.4192,2016,10,0,11,82
0,0,1,0,0,0,0,0,1,0,0,0,0,0,0,0,0,0,0,0,0,1,0,0,0,0,78550,25.92,5,0.2,9.396,2017,5,6,5,985
0,0,1,0,0,0,0,0,1,0,0,0,0,0,0,0,0,0,0,0,0,0,0,1,0,0,78550,53.424,3,0.2,4.6746,2017,5,6,5,985
0,0,1,0,0,0,0,1,1,0,0,0,1,0,0,0,0,0,0,0,0,0,0,0,0,0,85705,8.16,5,0.7,-5.712,2014,7,4,32,224
0,0,1,0,0,0,0,1,0,1,0,0,0,0,0,0,0,0,0,0,0,0,0,0,0,0,85705,1023.936,8,0.2,179.1888,2014,7,4,32,224
0,0,1,0,0,0,0,1,1,0,0,1,0,0,0,0,0,0,0,0,0,0,0,0,0,0,85705,9.24,1,0.2,0.924,2014,7,4,32,224
0,0,1,0,0,0,0,1,0,1,0,0,0,0,0,0,0,0,0,0,0,0,0,0,0,0,85705,479.04,10,0.2,-29.94,2014,7,4,32,224
0,0,0,1,0,0,0,0,1,0,0,0,0,0,0,0,0,0,0,0,0,1,0,0,0,0,62301,99.136,4,0.2,30.98,2016,9,3,20,492
0,0,1,1,0,1,0,0,0,0,0,0,0,0,0,0,0,0,0,0,0,0,0,0,0,1,2038,1488.424,7,0.3,-297.6848,2017,8,5,37,135
0,0,1,0,0,0,0,0,1,0,1,0,0,0,0,0,0,0,0,0,0,0,0,0,0,0,77095,8.652,3,0.8,-20.3322,2015,4,7,377,985
0,0,1,0,0,0,0,0,1,0,0,0,0,0,0,0,0,0,0,0,0,0,0,1,0,0,77095,23.832,3,0.2,2.6811,2015,4,7,377,985
0,0,1,0,0,0,0,0,1,0,0,0,1,0,0,0,0,0,0,0,0,0,0,0,0,0,77095,12.176,4,0.8,-18.8728,2015,4,7,377,985
0,0,0,1,0,0,0,1,1,0,0,0,0,0,0,0,0,0,0,0,0,1,0,0,0,0,94109,50.96,7,0,25.48,2016,10,1,510,2001
0,0,0,1,0,0,0,1,1,0,0,0,1,0,0,0,0,0,0,0,0,0,0,0,0,0,94109,49.536,3,0.2,17.3376,2016,10,1,510,2001
0,1,0,1,0,0,0,0,0,1,0,0,0,0,0,0,0,0,0,0,0,0,0,0,0,0,48180,41.9,2,0,8.799,2015,6,3,3,255
0,0,1,0,0,0,1,0,0,0,0,0,0,0,0,0,0,0,0,0,0,0,0,0,0,1,33024,375.4575,3,0.45,-157.0095,2015,11,5,14,383
0,0,1,0,0,0,1,0,0,1,0,0,0,0,0,0,0,0,0,0,0,0,0,0,0,0,33024,83.976,3,0.2,-1.0497,2015,11,5,14,383
0,0,1,1,0,1,0,0,0,1,0,0,0,0,0,0,0,0,0,0,1,0,0,0,0,0,19140,482.34,4,0.7,-337.638,2015,12,4,537,587
0,0,1,1,0,1,0,0,0,0,0,0,0,0,0,0,0,0,1,0,0,0,0,0,0,0,19140,2.96,1,0.2,0.777,2015,12,4,537,587
0,0,0,0,0,1,0,0,1,0,0,1,0,0,0,0,0,0,0,0,0,0,0,0,0,0,45231,2.624,1,0.2,0.4264,2014,11,2,17,469
0,0,1,0,0,1,0,0,1,0,0,0,1,0,0,0,0,0,0,0,0,0,0,0,0,0,10009,23.36,4,0.2,7.884,2017,12,4,915,1128
0,0,1,0,0,1,0,0,0,1,0,0,0,0,0,0,0,0,0,0,0,0,0,0,0,0,10009,39.98,2,0,13.5932,2017,12,4,915,1128
0,1,0,0,0,0,0,1,0,1,0,0,0,0,0,0,0,0,0,0,0,0,1,0,0,0,98198,246.384,2,0.2,27.7182,2014,9,2,19,506
0,1,0,0,0,0,0,1,0,1,0,0,0,0,0,1,0,0,0,0,0,0,0,0,0,0,98198,1799.97,3,0,701.9883,2014,9,2,19,506
0,1,0,1,0,0,0,0,1,0,0,0,1,0,0,0,0,0,0,0,0,0,0,0,0,0,61604,12.462,3,0.8,-20.5623,2014,6,3,23,492
0,0,1,0,1,0,0,1,1,0,0,0,1,0,0,0,0,0,0,0,0,0,0,0,0,0,89115,75.792,3,0.2,25.5798,2017,6,5,13,39
0,1,0,1,0,1,0,0,1,0,0,0,0,0,0,0,0,0,0,0,0,0,0,1,0,0,2886,49.96,2,0,9.4924,2017,10,2,5,56
0,1,0,1,0,1,0,0,1,0,0,0,0,0,0,0,0,0,0,0,0,1,0,0,0,0,2886,12.96,2,0,6.2208,2017,10,2,5,56
0,0,1,0,1,0,0,0,1,0,0,0,0,0,0,0,0,0,0,0,0,0,0,0,1,0,49201,70.12,4,0,21.036,2015,10,4,82,255
0,1,0,0,0,0,0,0,1,0,0,0,0,0,0,0,0,0,0,0,0,0,0,1,0,0,77036,35.952,3,0.2,3.5952,2016,9,2,377,985
0,1,0,0,0,0,0,0,0,0,0,0,0,1,0,0,0,0,0,0,0,0,0,0,0,0,77036,2396.2656,4,0.32,-317.1528,2016,9,2,377,985
0,1,0,0,0,0,0,0,1,0,0,0,0,0,0,0,0,0,0,0,0,0,0,1,0,0,77036,131.136,4,0.2,-32.784,2016,9,2,377,985
0,1,0,0,0,0,0,0,0,1,0,0,0,0,0,0,0,0,0,0,0,0,0,0,0,0,77036,57.584,2,0.2,0.7198,2016,9,2,377,985
0,0,0,0,0,0,1,0,1,0,0,0,0,0,0,0,0,0,0,0,0,1,0,0,0,0,33180,9.568,2,0.2,3.4684,2014,12,2,57,383
0,0,1,1,0,0,1,0,1,0,0,1,0,0,0,0,0,0,0,0,0,0,0,0,0,0,28403,39.072,6,0.2,9.768,2014,4,4,36,249
0,0,1,0,0,1,0,0,1,0,1,0,0,0,0,0,0,0,0,0,0,0,0,0,0,0,10024,35.91,3,0,9.6957,2017,12,5,915,1128
0,0,1,0,0,0,0,1,0,1,0,0,0,0,0,0,0,0,0,0,0,0,0,0,0,0,94110,179.95,5,0,37.7895,2017,12,4,510,2001
0,0,1,0,0,0,0,1,0,1,0,0,0,0,0,1,0,0,0,0,0,0,0,0,0,0,94110,1199.976,3,0.2,434.9913,2017,12,4,510,2001
0,0,1,0,0,0,0,1,1,0,0,0,0,0,0,0,0,0,0,0,0,1,0,0,0,0,94110,27.15,5,0,13.3035,2017,12,4,510,2001
0,0,1,0,0,0,0,1,0,0,0,0,0,0,0,0,0,0,0,0,0,0,0,0,0,1,94110,1004.024,7,0.2,-112.9527,2017,12,4,510,2001
0,0,1,0,0,0,0,1,1,0,0,0,0,0,0,0,0,0,0,0,0,1,0,0,0,0,94110,9.68,1,0,4.6464,2017,12,4,510,2001
0,0,1,0,0,0,0,1,1,0,0,0,0,0,0,0,0,0,0,1,0,0,0,0,0,0,94110,28.35,9,0,13.608,2017,12,4,510,2001
0,0,1,0,0,0,0,1,1,0,0,0,0,0,0,0,0,0,0,0,0,1,0,0,0,0,94110,55.98,1,0,27.4302,2017,12,4,510,2001
0,0,1,0,0,0,0,1,0,0,0,0,0,1,0,0,0,0,0,0,0,0,0,0,0,0,94110,1336.829,13,0.15,31.4548,2017,12,4,510,2001
0,0,1,0,0,0,0,1,0,0,0,0,0,0,1,0,0,0,0,0,0,0,0,0,0,0,94110,113.568,2,0.2,-18.4548,2017,12,4,510,2001
0,0,1,1,0,0,0,1,1,0,0,0,0,0,0,0,0,0,0,0,0,1,0,0,0,0,98105,139.86,7,0,65.7342,2017,11,4,428,506
0,0,1,1,0,0,0,1,0,0,0,0,0,0,1,0,0,0,0,0,0,0,0,0,0,0,98105,307.136,4,0.2,26.8744,2017,11,4,428,506
0,0,1,0,0,0,0,1,1,0,0,1,0,0,0,0,0,0,0,0,0,0,0,0,0,0,92646,95.92,8,0,25.8984,2017,6,4,6,2001
0,0,1,0,0,0,0,1,0,0,0,0,0,0,1,0,0,0,0,0,0,0,0,0,0,0,90004,383.8,5,0.2,38.38,2016,4,4,747,2001
0,0,1,1,0,0,1,0,1,0,0,0,0,0,0,0,0,0,0,0,0,1,0,0,0,0,40475,5.78,1,0,2.8322,2017,11,4,90,139
0,0,1,1,0,0,0,1,1,0,0,1,0,0,0,0,0,0,0,0,0,0,0,0,0,0,90045,9.32,4,0,2.7028,2017,3,5,747,2001
0,0,1,1,0,0,0,1,1,0,0,0,0,0,0,0,1,0,0,0,0,0,0,0,0,0,90045,15.25,1,0,7.015,2017,3,5,747,2001
0,0,0,0,0,0,0,1,0,1,0,0,0,0,0,0,0,0,0,0,0,0,0,0,0,0,80027,196.752,6,0.2,56.5662,2014,6,3,57,182
0,0,1,1,0,1,0,0,0,0,0,0,0,0,0,0,0,0,1,0,0,0,0,0,0,0,1841,56.56,4,0,14.7056,2017,10,4,44,135
0,0,1,1,0,1,0,0,1,0,0,0,0,0,0,0,0,0,0,0,0,0,0,1,0,0,1841,32.7,3,0,8.502,2017,10,4,44,135
0,1,0,0,0,0,1,0,0,0,0,0,0,0,1,0,0,0,0,0,0,0,0,0,0,0,39212,866.4,4,0,225.264,2017,8,2,82,53
0,1,0,1,0,0,0,0,0,0,0,0,0,0,0,0,0,0,1,0,0,0,0,0,0,0,48187,28.4,2,0,11.076,2017,11,3,3,255
0,1,0,1,0,0,0,0,1,0,0,0,1,0,0,0,0,0,0,0,0,0,0,0,0,0,48187,287.92,8,0,138.2016,2017,11,3,3,255
0,0,0,0,1,1,0,0,0,1,0,0,0,0,0,0,0,0,0,0,1,0,0,0,0,0,10801,69.99,1,0,30.0957,2014,9,1,9,1128
0,0,1,1,0,0,0,0,1,0,0,1,0,0,0,0,0,0,0,0,0,0,0,0,0,0,78207,6.672,6,0.2,0.5004,2017,10,7,59,985
0,0,1,0,1,0,1,0,1,0,0,0,1,0,0,0,0,0,0,0,0,0,0,0,0,0,28052,189.588,2,0.7,-145.3508,2016,4,6,4,249
0,0,1,0,1,0,1,0,0,1,0,0,0,0,0,0,0,0,0,0,0,0,0,0,0,0,28052,408.744,7,0.2,76.6395,2016,4,6,4,249
0,0,1,0,1,0,1,0,0,1,0,0,0,0,0,0,0,0,0,0,0,0,0,0,0,0,28052,291.96,5,0.2,54.7425,2016,4,6,4,249
0,0,1,0,1,0,1,0,1,0,0,0,0,0,0,0,0,0,0,0,0,0,0,1,0,0,28052,4.768,2,0.2,-0.7748,2016,4,6,4,249
0,0,0,0,0,1,0,0,1,0,0,0,0,0,0,0,0,0,0,0,0,0,0,1,0,0,1852,714.3,5,0,207.147,2016,6,1,16,135
0,0,1,0,0,0,1,0,1,0,0,0,1,0,0,0,0,0,0,0,0,0,0,0,0,0,32216,4.812,2,0.7,-3.6892,2014,12,6,125,383
0,0,1,0,0,0,1,0,0,1,0,0,0,0,0,0,0,0,0,0,0,0,0,0,0,0,32216,247.8,5,0.2,-18.585,2014,12,6,125,383
0,1,0,0,1,0,0,0,0,1,0,0,0,0,0,0,0,0,0,0,1,0,0,0,0,0,60623,1007.979,3,0.3,43.1991,2016,6,2,314,492
0,1,0,0,1,0,0,0,1,0,0,0,0,0,0,0,0,0,0,0,0,1,0,0,0,0,60623,313.488,7,0.2,113.6394,2016,6,2,314,492
0,0,1,1,0,0,0,0,1,0,0,0,0,0,0,0,0,0,0,0,0,1,0,0,0,0,77070,31.872,8,0.2,11.5536,2017,9,4,377,985
0,1,0,1,0,1,0,0,0,0,0,0,0,0,1,0,0,0,0,0,0,0,0,0,0,0,10024,207.846,3,0.1,2.3094,2017,1,3,915,1128
0,1,0,0,0,0,0,0,0,0,0,0,0,0,0,0,0,0,1,0,0,0,0,0,0,0,48227,12.22,1,0,3.666,2016,9,2,115,255
0,1,0,0,0,0,0,0,1,0,0,0,0,0,0,0,0,0,0,0,0,0,0,1,0,0,48227,194.94,3,0,23.3928,2016,9,2,115,255
0,1,0,0,0,0,0,0,1,0,0,0,0,0,0,0,0,0,0,0,0,0,0,1,0,0,48227,70.95,3,0,20.5755,2016,9,2,115,255
0,1,0,0,0,0,0,0,1,0,0,0,0,0,0,0,0,0,0,0,0,1,0,0,0,0,48227,91.36,4,0,42.0256,2016,9,2,115,255
0,1,0,0,0,0,0,0,0,0,0,0,0,0,1,0,0,0,0,0,0,0,0,0,0,0,48227,242.94,3,0,29.1528,2016,9,2,115,255
0,1,0,0,0,0,0,0,1,0,0,0,0,0,0,0,0,0,0,1,0,0,0,0,0,0,48227,22.05,7,0,10.584,2016,9,2,115,255
0,1,0,0,0,0,0,0,0,0,0,0,0,0,0,0,0,0,1,0,0,0,0,0,0,0,47201,2.91,1,0,1.3677,2017,3,5,222,149
0,1,0,0,0,1,0,0,1,0,0,1,0,0,0,0,0,0,0,0,0,0,0,0,0,0,13021,59.52,3,0,15.4752,2016,4,2,24,1128
0,1,0,0,0,1,0,0,1,0,0,0,0,0,0,0,0,0,0,0,0,0,0,1,0,0,13021,161.94,3,0,9.7164,2016,4,2,24,1128
0,1,0,0,0,1,0,0,1,0,0,1,0,0,0,0,0,0,0,0,0,0,0,0,0,0,13021,263.88,6,0,71.2476,2016,4,2,24,1128
0,1,0,0,0,1,0,0,1,0,0,1,0,0,0,0,0,0,0,0,0,0,0,0,0,0,13021,30.48,3,0,7.9248,2016,4,2,24,1128
0,1,0,0,0,1,0,0,1,0,0,1,0,0,0,0,0,0,0,0,0,0,0,0,0,0,13021,9.84,3,0,2.8536,2016,4,2,24,1128
0,1,0,0,0,1,0,0,0,1,0,0,0,0,0,0,0,0,0,0,0,0,1,0,0,0,13021,35.12,4,0,9.1312,2016,4,2,24,1128
0,0,1,1,0,1,0,0,0,0,0,0,0,0,0,0,0,0,0,0,0,0,0,0,0,1,44312,284.364,2,0.4,-75.8304,2017,10,4,21,469
0,0,1,1,0,1,0,0,1,0,0,0,0,0,0,0,0,0,0,0,0,0,0,1,0,0,44312,665.408,2,0.2,66.5408,2017,10,4,21,469
0,0,1,1,0,0,0,0,0,1,0,0,0,0,0,0,0,0,0,0,0,0,0,0,0,0,73071,63.88,4,0,24.9132,2016,12,4,2,66
0,0,1,0,0,0,0,1,0,0,0,0,0,0,1,0,0,0,0,0,0,0,0,0,0,0,94521,129.568,2,0.2,-24.294,2014,2,6,31,2001
0,0,1,0,0,0,0,0,0,0,0,0,0,0,1,0,0,0,0,0,0,0,0,0,0,0,62521,747.558,3,0.3,-96.1146,2016,9,5,35,492
0,0,1,0,0,0,0,0,1,0,0,0,0,0,0,0,1,0,0,0,0,0,0,0,0,0,62521,8.928,2,0.2,3.348,2016,9,5,35,492
0,0,1,0,0,0,0,1,1,0,1,0,0,0,0,0,0,0,0,0,0,0,0,0,0,0,98115,103.92,4,0,36.372,2015,12,7,428,506
0,0,1,0,0,0,0,1,0,1,0,0,0,0,0,0,0,0,0,0,0,0,0,0,0,0,98115,899.91,9,0,377.9622,2015,12,7,428,506
0,0,1,0,0,0,0,1,1,0,0,0,1,0,0,0,0,0,0,0,0,0,0,0,0,0,98115,51.312,3,0.2,18.6006,2015,12,7,428,506
0,0,1,0,1,0,0,1,0,0,0,0,0,0,0,0,0,0,1,0,0,0,0,0,0,0,85023,23.56,5,0.2,7.068,2016,4,7,63,224
0,0,1,0,1,0,0,1,0,0,0,0,0,0,0,0,0,0,0,0,0,0,0,0,0,1,85023,1272.63,6,0.5,-814.4832,2016,4,7,63,224
0,0,1,0,1,0,0,1,1,0,0,0,1,0,0,0,0,0,0,0,0,0,0,0,0,0,85023,28.485,5,0.7,-20.889,2016,4,7,63,224
0,0,1,0,1,0,0,1,1,0,0,0,0,0,0,0,0,0,0,0,0,0,0,0,1,0,85023,185.376,2,0.2,-34.758,2016,4,7,63,224
0,0,1,0,1,0,0,1,1,0,1,0,0,0,0,0,0,0,0,0,0,0,0,0,0,0,85023,78.272,2,0.2,5.8704,2016,4,7,63,224
0,0,1,0,1,0,0,0,0,0,0,0,0,0,0,0,0,0,1,0,0,0,0,0,0,0,60068,254.744,7,0.6,-312.0614,2015,1,7,3,492
0,0,1,1,0,0,0,0,0,0,0,0,0,1,0,0,0,0,0,0,0,0,0,0,0,0,79109,205.3328,2,0.32,-36.2352,2017,3,4,10,985
0,1,0,0,0,0,0,0,1,0,0,0,1,0,0,0,0,0,0,0,0,0,0,0,0,0,60610,4.788,3,0.8,-7.9002,2016,12,4,314,492
0,0,1,1,0,1,0,0,1,0,0,0,0,0,0,0,0,0,0,0,0,1,0,0,0,0,11757,55.48,1,0,26.6304,2015,12,4,1,1128
0,1,0,0,0,0,0,1,1,0,0,0,0,0,0,0,0,0,0,0,0,0,0,1,0,0,94110,340.92,3,0,3.4092,2014,11,2,510,2001
0,1,0,0,0,0,0,1,0,0,0,0,0,1,0,0,0,0,0,0,0,0,0,0,0,0,94110,222.666,2,0.15,10.4784,2014,11,2,510,2001
0,1,0,0,0,0,0,1,0,1,0,0,0,0,0,0,0,0,0,0,0,0,1,0,0,0,94110,703.968,4,0.2,87.996,2014,11,2,510,2001
0,1,0,0,0,0,0,1,1,0,0,0,0,0,0,0,0,0,0,0,0,0,0,1,0,0,94110,92.52,6,0,24.9804,2014,11,2,510,2001
0,1,0,0,0,0,0,1,1,0,0,0,0,0,0,0,0,0,0,0,0,1,0,0,0,0,94110,62.65,7,0,28.819,2014,11,2,510,2001
0,1,0,0,0,0,0,1,1,0,0,0,0,0,0,0,0,0,0,0,0,1,0,0,0,0,94110,94.85,5,0,45.528,2014,11,2,510,2001
0,0,1,1,0,0,0,1,0,1,0,0,0,0,0,0,0,0,0,0,0,0,1,0,0,0,90008,95.76,6,0.2,7.182,2016,7,7,747,2001
0,0,1,0,0,1,0,0,0,0,0,0,0,0,0,0,0,0,1,0,0,0,0,0,0,0,12180,40.2,3,0,19.296,2016,10,6,29,1128
0,0,1,1,0,1,0,0,1,0,0,1,0,0,0,0,0,0,0,0,0,0,0,0,0,0,10024,14.7,5,0,6.615,2016,6,6,915,1128
0,0,1,1,0,1,0,0,1,0,0,0,0,0,0,0,0,0,0,0,0,0,0,1,0,0,10024,704.25,5,0,84.51,2016,6,6,915,1128
0,0,1,0,0,0,0,1,0,1,0,0,0,0,0,0,0,0,0,0,0,0,0,0,0,0,92024,9.09,3,0,1.9089,2014,10,4,170,2001
0,0,1,0,0,1,0,0,1,0,0,1,0,0,0,0,0,0,0,0,0,0,0,0,0,0,10024,5.96,2,0,1.6688,2014,7,5,915,1128
0,0,1,0,0,1,0,0,0,1,0,0,0,0,0,0,0,0,0,0,0,0,0,0,0,0,10024,159.98,2,0,57.5928,2014,7,5,915,1128
0,0,0,0,1,0,0,1,1,0,0,0,0,0,0,0,0,0,0,1,0,0,0,0,0,0,90045,29.6,2,0,14.8,2017,6,3,747,2001
0,0,0,0,1,0,0,1,0,0,0,0,0,1,0,0,0,0,0,0,0,0,0,0,0,0,90045,514.165,5,0.15,-30.245,2017,6,3,747,2001
0,0,0,0,1,0,0,1,0,1,0,0,0,0,0,0,0,0,0,0,0,0,1,0,0,0,90045,279.96,5,0.2,17.4975,2017,6,3,747,2001
0,0,0,0,0,0,0,0,0,1,0,0,0,0,0,0,0,0,0,0,0,0,1,0,0,0,60610,2735.952,6,0.2,341.994,2014,10,2,314,492
0,1,0,0,1,0,0,0,0,1,0,0,0,0,0,0,0,0,0,0,0,0,1,0,0,0,77340,7.992,1,0.2,0.5994,2014,6,4,36,985
0,1,0,0,1,0,0,0,0,1,0,0,0,0,0,0,0,0,0,0,0,0,0,0,0,0,77340,63.984,2,0.2,10.3974,2014,6,4,36,985
0,1,0,0,1,0,0,0,1,0,0,1,0,0,0,0,0,0,0,0,0,0,0,0,0,0,77340,70.368,2,0.2,6.1572,2014,6,4,36,985
0,0,1,0,0,1,0,0,1,0,0,0,0,0,0,0,0,0,0,0,0,0,0,1,0,0,14609,449.15,5,0,8.983,2014,9,5,53,1128
0,0,1,0,0,1,0,0,1,0,0,0,0,0,0,0,1,0,0,0,0,0,0,0,0,0,14609,11.07,3,0,5.0922,2014,9,5,53,1128
0,0,1,0,0,0,0,1,0,1,0,0,0,0,0,0,0,0,0,0,0,0,0,0,0,0,98115,93.98,2,0,13.1572,2016,5,5,428,506
0,1,0,0,0,0,1,0,0,0,0,0,0,0,0,0,0,0,0,0,0,0,0,0,0,1,38109,189.882,3,0.4,-94.941,2016,3,3,30,183
0,0,1,0,0,0,1,0,1,0,0,0,0,0,0,0,1,0,0,0,0,0,0,0,0,0,72701,105.42,2,0,51.6558,2015,12,4,41,60
0,0,1,0,0,0,0,1,1,0,0,0,1,0,0,0,0,0,0,0,0,0,0,0,0,0,92627,119.616,8,0.2,40.3704,2016,7,6,11,2001
0,0,1,0,0,0,0,1,0,0,0,0,0,0,0,0,0,0,1,0,0,0,0,0,0,0,92627,255.76,4,0,81.8432,2016,7,6,11,2001
0,0,1,0,0,0,0,1,0,0,0,0,0,0,1,0,0,0,0,0,0,0,0,0,0,0,92627,241.568,2,0.2,18.1176,2016,7,6,11,2001
0,0,1,0,0,0,0,1,0,0,0,0,0,0,0,0,0,0,1,0,0,0,0,0,0,0,92627,69.3,9,0,22.869,2016,7,6,11,2001
0,0,1,1,0,0,0,1,1,0,0,0,1,0,0,0,0,0,0,0,0,0,0,0,0,0,80134,22.62,2,0.7,-15.08,2016,5,5,8,182
0,0,1,1,0,0,0,1,1,0,0,0,1,0,0,0,0,0,0,0,0,0,0,0,0,0,80134,14.952,2,0.7,-11.9616,2016,5,5,8,182
0,0,1,1,0,0,0,1,0,0,0,0,0,0,1,0,0,0,0,0,0,0,0,0,0,0,80134,801.568,2,0.2,50.098,2016,5,5,8,182
0,0,1,1,0,0,0,1,1,0,0,0,1,0,0,0,0,0,0,0,0,0,0,0,0,0,80134,2.376,3,0.7,-1.9008,2016,5,5,8,182
0,0,1,1,0,0,0,1,1,0,0,0,0,0,0,0,0,0,0,0,0,1,0,0,0,0,80134,32.792,1,0.2,11.8871,2016,5,5,8,182
0,1,0,1,0,1,0,0,1,0,0,0,1,0,0,0,0,0,0,0,0,0,0,0,0,0,10024,15.92,5,0.2,5.373,2017,11,3,915,1128
0,0,1,0,0,0,1,0,1,0,0,1,0,0,0,0,0,0,0,0,0,0,0,0,0,0,30318,2.74,1,0,0.7398,2015,3,6,39,184
0,0,1,0,0,0,1,0,1,0,0,1,0,0,0,0,0,0,0,0,0,0,0,0,0,0,30318,8.34,3,0,2.1684,2015,3,6,39,184
0,0,1,0,0,0,1,0,1,0,0,0,0,0,0,0,0,0,0,0,0,0,0,1,0,0,30318,46.74,3,0,11.685,2015,3,6,39,184
0,0,1,0,0,0,1,0,1,0,0,0,1,0,0,0,0,0,0,0,0,0,0,0,0,0,30318,6354.95,5,0,3177.475,2015,3,6,39,184
0,0,0,0,0,0,0,0,0,0,0,0,0,0,0,0,0,0,1,0,0,0,0,0,0,0,64118,126.3,3,0,40.416,2017,11,1,2,66
0,0,0,0,0,0,0,0,0,1,0,0,0,0,0,0,0,0,0,0,0,0,0,0,0,0,64118,38.04,2,0,12.1728,2017,11,1,2,66
0,0,0,0,0,1,0,0,1,0,0,1,0,0,0,0,0,0,0,0,0,0,0,0,0,0,43055,7.152,3,0.2,0.7152,2016,10,3,95,469
0,0,1,0,0,0,0,1,1,0,0,1,0,0,0,0,0,0,0,0,0,0,0,0,0,0,90049,6.63,3,0,1.7901,2017,12,4,747,2001
0,0,1,0,0,0,0,1,1,0,0,1,0,0,0,0,0,0,0,0,0,0,0,0,0,0,90049,5.88,2,0,1.7052,2017,12,4,747,2001
0,0,1,0,1,0,0,1,0,1,0,0,0,0,0,1,0,0,0,0,0,0,0,0,0,0,59405,2999.95,5,0,1379.977,2017,1,5,8,15
0,0,1,0,1,0,0,1,1,0,0,0,0,0,0,0,0,0,0,0,0,0,0,1,0,0,59405,51.45,3,0,13.8915,2017,1,5,8,15
0,0,1,0,1,0,0,1,1,0,0,0,0,0,0,0,0,0,0,0,0,1,0,0,0,0,59405,11.96,2,0,5.382,2017,1,5,8,15
0,0,1,0,1,0,0,1,1,0,0,0,0,0,0,0,0,0,0,0,0,0,0,1,0,0,59405,1126.02,3,0,56.301,2017,1,5,8,15
0,0,1,0,0,0,0,0,0,1,0,0,0,0,0,0,0,0,0,0,0,0,0,0,0,0,77041,18.392,1,0.2,5.2877,2015,3,4,377,985
0,0,1,0,0,0,0,0,1,0,0,0,0,0,0,0,0,0,0,0,0,0,0,1,0,0,77041,129.568,2,0.2,-25.9136,2015,3,4,377,985
0,0,1,0,0,0,0,0,1,0,0,0,1,0,0,0,0,0,0,0,0,0,0,0,0,0,77041,14.112,9,0.8,-21.168,2015,3,4,377,985
0,0,0,1,0,0,0,0,0,0,0,0,0,0,0,0,0,0,0,0,0,0,0,0,0,1,48234,210.98,2,0,21.098,2017,1,2,115,255
0,0,0,0,0,0,0,1,0,1,0,0,0,0,0,0,0,0,0,0,0,0,1,0,0,0,90032,55.176,3,0.2,-12.4146,2016,5,2,747,2001
0,0,0,0,0,0,0,1,0,1,0,0,0,0,0,0,0,0,0,0,0,0,0,0,0,0,90032,66.26,2,0,27.1666,2016,5,2,747,2001
0,0,1,0,0,1,0,0,1,0,0,0,0,0,0,0,0,1,0,0,0,0,0,0,0,0,1841,22.2,5,0,10.434,2015,12,7,44,135
0,0,1,0,1,0,1,0,0,0,0,0,0,0,1,0,0,0,0,0,0,0,0,0,0,0,33801,683.952,3,0.2,42.747,2017,10,5,22,383
0,0,1,0,1,0,1,0,0,0,0,0,0,0,0,0,0,0,1,0,0,0,0,0,0,0,33801,45.696,3,0.2,5.1408,2017,10,5,22,383
0,0,1,0,0,1,0,0,1,0,0,0,0,0,0,0,0,0,0,0,0,0,0,1,0,0,19134,36.336,3,0.2,-7.2672,2015,9,4,537,587
0,0,1,0,0,1,0,0,1,0,0,0,0,0,0,0,0,0,0,0,0,0,0,0,1,0,19134,666.248,1,0.2,-149.9058,2015,9,4,537,587
0,0,1,0,0,1,0,0,1,0,0,0,0,0,0,0,1,0,0,0,0,0,0,0,0,0,19134,52.512,6,0.2,19.692,2015,9,4,537,587
0,1,0,1,0,0,0,1,0,0,0,0,0,0,1,0,0,0,0,0,0,0,0,0,0,0,90036,190.72,1,0.2,11.92,2015,11,2,747,2001
0,0,1,0,0,0,0,1,0,0,0,0,0,0,0,0,0,0,1,0,0,0,0,0,0,0,90032,47.94,3,0,2.397,2017,9,4,747,2001
0,1,0,0,0,0,1,0,0,1,0,0,0,0,0,0,0,0,0,0,0,0,1,0,0,0,36116,979.95,5,0,274.386,2016,5,3,10,61
0,1,0,0,0,0,1,0,1,0,0,0,1,0,0,0,0,0,0,0,0,0,0,0,0,0,36116,22.75,5,0,11.375,2016,5,3,10,61
0,0,1,0,0,0,0,1,1,0,0,0,0,0,0,0,0,0,0,0,0,0,0,1,0,0,85204,16.768,2,0.2,1.4672,2016,7,6,28,224
0,1,0,0,0,0,0,0,1,0,0,0,1,0,0,0,0,0,0,0,0,0,0,0,0,0,60653,42.616,7,0.8,-68.1856,2017,9,5,314,492
0,0,1,0,1,1,0,0,1,0,0,0,1,0,0,0,0,0,0,0,0,0,0,0,0,0,10009,10.752,4,0.2,3.36,2015,12,5,915,1128
0,0,1,0,0,0,1,0,1,0,1,0,0,0,0,0,0,0,0,0,0,0,0,0,0,0,42420,152.94,3,0,41.2938,2015,12,4,51,139
0,0,1,0,0,0,1,0,0,0,0,0,0,0,1,0,0,0,0,0,0,0,0,0,0,0,42420,283.92,4,0,70.98,2015,12,4,51,139
0,0,0,0,0,0,0,0,0,1,0,0,0,0,0,0,0,0,0,0,0,0,0,0,0,0,54302,468.9,6,0,206.316,2014,2,2,4,110
0,0,0,1,0,0,0,1,0,1,0,0,0,0,0,0,0,0,0,0,0,0,1,0,0,0,85705,380.864,8,0.2,38.0864,2016,7,3,32,224
0,0,1,0,0,1,0,0,1,0,0,0,0,0,0,0,0,0,0,0,0,0,0,1,0,0,45503,646.776,9,0.2,-145.5246,2015,12,5,163,469
0,0,1,0,0,0,0,0,0,1,0,0,0,0,0,0,0,0,0,0,0,0,0,0,0,0,76106,58.112,2,0.2,7.264,2014,5,5,27,985
0,0,1,0,0,0,0,0,0,1,0,0,0,0,0,0,0,0,0,0,0,0,1,0,0,0,76106,100.792,1,0.2,6.2995,2014,5,5,27,985
0,0,1,0,0,0,0,0,0,0,0,0,0,0,0,0,0,0,1,0,0,0,0,0,0,0,76106,66.112,4,0.6,-84.2928,2014,5,5,27,985
0,0,0,0,1,1,0,0,1,0,0,0,1,0,0,0,0,0,0,0,0,0,0,0,0,0,10035,41.28,6,0.2,13.932,2017,11,3,915,1128
0,0,0,0,1,1,0,0,1,0,0,0,0,0,0,0,0,0,0,0,0,1,0,0,0,0,10035,13.36,2,0,6.4128,2017,11,3,915,1128
0,1,0,1,0,0,0,0,1,0,0,0,0,0,0,0,0,0,0,0,0,0,0,1,0,0,60653,250.272,9,0.2,15.642,2015,11,2,314,492
0,1,0,1,0,0,0,0,1,0,0,0,1,0,0,0,0,0,0,0,0,0,0,0,0,0,60653,11.364,3,0.8,-17.046,2015,11,2,314,492
0,1,0,1,0,0,0,0,1,0,0,0,0,0,0,0,0,0,0,0,0,0,0,0,1,0,60653,8.72,5,0.2,-1.744,2015,11,2,314,492
0,1,0,0,0,0,0,1,0,0,0,0,0,0,1,0,0,0,0,0,0,0,0,0,0,0,94110,1121.568,2,0.2,0,2016,4,2,510,2001
0,0,0,0,0,0,1,0,0,0,0,0,0,0,0,0,0,0,1,0,0,0,0,0,0,0,32216,34.504,1,0.2,6.0382,2017,9,1,125,383
0,0,1,0,0,0,0,0,1,0,0,0,0,0,0,0,0,1,0,0,0,0,0,0,0,0,77070,10.824,3,0.2,2.5707,2017,11,4,377,985
0,1,0,1,0,0,0,1,1,0,0,0,0,0,0,0,0,0,0,0,0,0,0,1,0,0,92804,1295.78,2,0,310.9872,2017,6,4,27,2001
0,1,0,0,0,0,1,0,1,0,0,1,0,0,0,0,0,0,0,0,0,0,0,0,0,0,28403,19.456,4,0.2,3.4048,2014,3,4,36,249
0,0,1,0,0,0,0,1,1,0,0,0,0,0,0,0,0,0,0,1,0,0,0,0,0,0,90045,20.7,2,0,9.936,2016,6,5,747,2001
0,0,1,0,0,0,0,1,0,0,0,0,0,0,0,0,0,0,0,0,0,0,0,0,0,1,90045,1335.68,4,0.2,-217.048,2016,6,5,747,2001
0,0,1,0,0,0,0,1,1,0,0,0,0,0,0,0,0,0,0,0,0,1,0,0,0,0,90045,32.4,5,0,15.552,2016,6,5,747,2001
0,1,0,0,0,0,0,1,0,0,0,0,0,0,0,0,0,0,1,0,0,0,0,0,0,0,94110,42.6,3,0,16.614,2017,11,2,510,2001
0,1,0,0,0,0,0,1,1,0,0,0,1,0,0,0,0,0,0,0,0,0,0,0,0,0,94110,84.056,7,0.2,27.3182,2017,11,2,510,2001
0,1,0,0,0,0,1,0,1,0,1,0,0,0,0,0,0,0,0,0,0,0,0,0,0,0,33614,13,5,0.2,1.3,2014,9,4,36,383
0,1,0,0,0,0,1,0,0,0,0,0,0,0,0,0,0,0,1,0,0,0,0,0,0,0,33614,13.128,3,0.2,3.7743,2014,9,4,36,383
0,0,0,0,0,0,0,1,1,0,0,0,0,0,0,0,0,1,0,0,0,0,0,0,0,0,98105,3.96,2,0,0,2015,12,2,428,506
0,0,0,0,0,0,0,1,1,0,0,0,0,0,0,0,0,0,0,1,0,0,0,0,0,0,98105,2.61,1,0,1.2006,2015,12,2,428,506
0,0,0,0,0,0,0,1,0,1,0,0,0,0,0,0,0,0,0,0,0,0,1,0,0,0,90008,374.376,3,0.2,46.797,2017,12,3,747,2001
0,0,1,1,0,0,0,1,1,0,0,0,0,0,0,0,0,0,0,0,0,1,0,0,0,0,98105,91.84,8,0,45.0016,2017,10,7,428,506
0,0,1,1,0,0,0,1,1,0,0,0,1,0,0,0,0,0,0,0,0,0,0,0,0,0,98105,81.088,7,0.2,27.3672,2017,10,7,428,506
0,0,1,1,0,0,0,1,1,0,0,0,0,0,0,0,0,0,0,0,0,1,0,0,0,0,98105,19.44,3,0,9.3312,2017,10,7,428,506
0,0,1,1,0,0,0,1,0,0,0,0,0,0,1,0,0,0,0,0,0,0,0,0,0,0,98105,451.152,3,0.2,0,2017,10,7,428,506
0,0,1,0,0,1,0,0,1,0,0,0,0,0,0,0,0,0,0,1,0,0,0,0,0,0,10024,72.45,7,0,34.776,2017,12,7,915,1128
0,0,1,0,0,1,0,0,1,0,0,0,0,0,0,0,0,1,0,0,0,0,0,0,0,0,10024,13.96,4,0,6.4216,2017,12,7,915,1128
0,0,1,0,0,1,0,0,1,0,0,0,1,0,0,0,0,0,0,0,0,0,0,0,0,0,10024,33.264,7,0.2,11.2266,2017,12,7,915,1128
0,0,1,0,0,1,0,0,0,1,0,0,0,0,0,0,0,0,0,0,0,0,1,0,0,0,10024,14.85,3,0,4.0095,2017,12,7,915,1128
0,0,1,0,0,0,0,1,1,0,0,1,0,0,0,0,0,0,0,0,0,0,0,0,0,0,98270,8.82,3,0,2.3814,2016,11,4,2,506
0,1,0,0,0,0,0,1,1,0,0,0,0,0,0,0,0,0,0,0,0,1,0,0,0,0,90805,160.72,14,0,78.7528,2015,9,4,61,2001
0,1,0,0,0,0,0,1,1,0,0,0,0,0,0,0,0,0,0,0,0,1,0,0,0,0,90805,19.92,4,0,9.7608,2015,9,4,61,2001
0,1,0,0,0,0,0,1,1,0,0,0,0,0,0,0,0,0,0,0,0,0,0,0,1,0,90805,7.3,2,0,2.19,2015,9,4,61,2001
0,0,1,0,0,0,0,0,1,0,0,0,0,0,0,0,0,0,0,0,0,0,0,1,0,0,60610,69.712,2,0.2,8.714,2017,7,6,314,492
0,0,1,0,0,0,0,0,0,0,0,0,0,0,0,0,0,0,1,0,0,0,0,0,0,0,60610,8.792,1,0.6,-5.7148,2017,7,6,314,492
0,0,1,0,0,0,0,1,1,0,0,0,0,0,0,0,0,0,0,0,0,0,0,0,1,0,90004,51.52,4,0,1.5456,2015,9,4,747,2001
0,0,1,0,0,0,0,1,0,1,0,0,0,0,0,0,0,0,0,0,0,0,1,0,0,0,80219,470.376,3,0.2,52.9173,2017,12,4,44,182
0,0,1,0,0,0,0,1,0,1,0,0,0,0,0,0,0,0,0,0,0,0,1,0,0,0,80219,105.584,2,0.2,9.2386,2017,12,4,44,182
0,0,1,0,0,0,0,1,1,0,1,0,0,0,0,0,0,0,0,0,0,0,0,0,0,0,80219,31.152,3,0.2,3.5046,2017,12,4,44,182
0,0,1,0,0,0,0,1,1,0,0,0,1,0,0,0,0,0,0,0,0,0,0,0,0,0,80219,6.783,7,0.7,-4.7481,2017,12,4,44,182
0,0,1,0,0,0,0,1,0,1,0,0,0,0,0,0,0,0,0,0,0,0,1,0,0,0,80219,406.368,4,0.2,30.4776,2017,12,4,44,182
0,0,1,0,0,0,1,0,0,0,0,0,0,0,1,0,0,0,0,0,0,0,0,0,0,0,40475,70.98,1,0,4.9686,2015,7,6,90,139
0,0,1,0,0,0,1,0,1,0,0,0,0,0,0,0,0,0,0,1,0,0,0,0,0,0,40475,294.93,3,0,144.5157,2015,7,6,90,139
0,0,1,0,0,0,0,1,0,1,0,0,0,0,0,0,0,0,0,0,0,0,1,0,0,0,97301,84.784,2,0.2,-20.1362,2016,3,4,40,124
0,0,1,0,0,0,0,1,1,0,0,0,0,0,0,0,0,0,0,0,0,1,0,0,0,0,97301,20.736,4,0.2,7.2576,2016,3,4,40,124
0,0,1,0,0,0,0,1,1,0,0,0,1,0,0,0,0,0,0,0,0,0,0,0,0,0,97301,16.821,3,0.7,-12.8961,2016,3,4,40,124
0,0,1,0,0,0,0,1,1,0,0,0,0,0,0,0,0,0,0,0,0,1,0,0,0,0,97301,10.368,2,0.2,3.6288,2016,3,4,40,124
0,0,1,0,0,0,0,0,1,0,0,1,0,0,0,0,0,0,0,0,0,0,0,0,0,0,78041,9.344,2,0.2,1.168,2014,1,4,13,985
0,0,1,0,0,0,0,0,0,1,0,0,0,0,0,0,0,0,0,0,0,0,0,0,0,0,78041,31.2,3,0.2,9.75,2014,1,4,13,985
0,0,1,0,0,0,0,1,1,0,1,0,0,0,0,0,0,0,0,0,0,0,0,0,0,0,92024,76.12,2,0,22.0748,2014,8,7,170,2001
0,0,1,0,0,0,0,1,0,1,0,0,0,0,0,1,0,0,0,0,0,0,0,0,0,0,92024,1199.976,3,0.2,434.9913,2014,8,7,170,2001
0,0,1,0,0,0,0,1,0,1,0,0,0,0,0,0,0,0,0,0,0,0,1,0,0,0,92024,445.96,5,0.2,55.745,2014,8,7,170,2001
0,0,1,0,0,0,0,1,0,0,0,0,0,0,0,0,0,0,1,0,0,0,0,0,0,0,92024,327.76,8,0,91.7728,2014,8,7,170,2001
0,0,0,0,0,1,0,0,1,0,0,0,0,0,0,0,0,0,0,0,0,0,0,0,1,0,19134,11.632,2,0.2,1.0178,2016,7,2,537,587
0,0,1,0,0,1,0,0,0,1,0,0,0,0,0,0,0,0,0,0,0,0,1,0,0,0,19120,143.982,3,0.4,-28.7964,2016,7,5,537,587
0,0,1,0,0,1,0,0,0,1,0,0,0,0,0,0,0,0,0,0,0,0,1,0,0,0,19120,494.376,4,0.4,-115.3544,2016,7,5,537,587
0,0,1,0,0,1,0,0,1,0,0,0,0,0,0,0,0,0,0,0,0,0,0,0,1,0,19120,5.84,2,0.2,0.73,2016,7,5,537,587
0,0,1,0,0,0,1,0,1,0,0,0,0,0,0,0,0,0,0,0,0,0,0,1,0,0,33614,142.776,1,0.2,17.847,2014,3,4,36,383
0,0,1,0,0,0,1,0,0,0,0,0,0,0,0,0,0,0,1,0,0,0,0,0,0,0,33614,45.696,3,0.2,5.1408,2014,3,4,36,383
0,0,1,0,0,0,1,0,1,0,0,0,1,0,0,0,0,0,0,0,0,0,0,0,0,0,33614,7.218,3,0.7,-5.5338,2014,3,4,36,383
0,0,1,0,0,0,1,0,1,0,0,0,1,0,0,0,0,0,0,0,0,0,0,0,0,0,33614,43.188,4,0.7,-31.6712,2014,3,4,36,383
0,0,1,0,0,0,1,0,1,0,0,0,0,0,0,0,0,0,0,0,0,1,0,0,0,0,33614,131.904,3,0.2,47.8152,2014,3,4,36,383
0,0,1,0,0,1,0,0,1,0,0,0,1,0,0,0,0,0,0,0,0,0,0,0,0,0,19134,3.282,2,0.7,-2.6256,2014,5,4,537,587
0,0,1,0,0,1,0,0,1,0,0,1,0,0,0,0,0,0,0,0,0,0,0,0,0,0,19134,21.168,9,0.2,2.3814,2014,5,4,537,587
0,0,1,0,0,1,0,0,0,1,0,0,0,0,0,0,0,0,0,0,0,0,1,0,0,0,19134,55.188,2,0.4,-10.1178,2014,5,4,537,587
0,0,0,1,0,0,0,0,0,1,0,0,0,0,0,0,0,0,0,0,0,0,1,0,0,0,75217,369.576,3,0.2,41.5773,2016,4,3,157,985
0,0,0,1,0,0,0,0,1,0,0,0,0,0,0,0,0,0,0,1,0,0,0,0,0,0,75217,15.712,4,0.2,5.6956,2016,4,3,157,985
0,1,0,1,0,1,0,0,1,0,0,0,0,0,0,0,0,0,0,0,0,1,0,0,0,0,19143,8.448,2,0.2,2.64,2016,9,2,537,587
0,1,0,1,0,1,0,0,0,1,0,0,0,0,0,0,0,0,0,0,0,0,1,0,0,0,19143,728.946,9,0.4,-157.9383,2016,9,2,537,587
0,1,0,0,0,1,0,0,0,1,0,0,0,0,0,0,0,0,0,0,0,0,1,0,0,0,43123,119.94,10,0.4,15.992,2017,11,3,2,469
0,1,0,0,0,1,0,0,1,0,0,0,1,0,0,0,0,0,0,0,0,0,0,0,0,0,43123,3.648,2,0.7,-2.7968,2017,11,3,2,469
0,1,0,1,0,1,0,0,0,0,0,0,0,0,0,0,0,0,1,0,0,0,0,0,0,0,10011,40.48,2,0,15.7872,2017,8,5,915,1128
0,1,0,1,0,1,0,0,0,0,0,0,0,0,0,0,0,0,1,0,0,0,0,0,0,0,10011,9.94,2,0,3.0814,2017,8,5,915,1128
0,1,0,1,0,1,0,0,1,0,0,0,1,0,0,0,0,0,0,0,0,0,0,0,0,0,10011,107.424,9,0.2,33.57,2017,8,5,915,1128
0,1,0,1,0,1,0,0,0,1,0,0,0,0,0,0,0,0,0,0,0,0,1,0,0,0,10011,37.91,1,0,10.9939,2017,8,5,915,1128
0,1,0,1,0,1,0,0,0,0,0,0,0,0,0,0,0,0,1,0,0,0,0,0,0,0,10011,88.02,3,0,27.2862,2017,8,5,915,1128
0,0,1,0,0,0,0,0,1,0,0,0,1,0,0,0,0,0,0,0,0,0,0,0,0,0,60610,8.69,5,0.8,-14.773,2014,12,5,314,492
0,0,1,1,0,0,0,0,0,0,0,0,0,0,1,0,0,0,0,0,0,0,0,0,0,0,48126,301.96,2,0,87.5684,2015,11,4,5,255
0,0,1,1,0,0,0,0,1,0,1,0,0,0,0,0,0,0,0,0,0,0,0,0,0,0,48126,555.21,5,0.1,178.901,2015,11,4,5,255
0,0,1,1,0,0,0,0,1,0,0,0,0,0,0,0,0,0,0,0,0,0,0,1,0,0,48126,523.48,4,0,130.87,2015,11,4,5,255
0,0,1,1,0,0,0,0,1,0,0,1,0,0,0,0,0,0,0,0,0,0,0,0,0,0,48126,161.82,9,0,46.9278,2015,11,4,5,255
0,0,1,0,1,1,0,0,0,0,0,0,0,0,0,0,0,0,1,0,0,0,0,0,0,0,10009,35.56,7,0,12.0904,2017,9,4,915,1128
0,0,1,0,0,0,0,1,1,0,1,0,0,0,0,0,0,0,0,0,0,0,0,0,0,0,98115,97.16,2,0,28.1764,2017,5,4,428,506
0,0,1,0,0,0,0,1,1,0,0,0,1,0,0,0,0,0,0,0,0,0,0,0,0,0,94122,15.24,5,0.2,5.1435,2017,12,4,510,2001
0,0,1,0,0,0,0,1,1,0,0,0,0,0,0,0,0,0,0,0,0,1,0,0,0,0,94122,13.23,3,0,6.0858,2017,12,4,510,2001
0,1,0,0,0,0,0,1,1,0,0,0,0,0,0,0,0,0,0,0,0,0,0,1,0,0,80013,243.384,3,0.2,-51.7191,2016,12,2,68,182
0,1,0,0,0,0,0,1,0,1,0,0,0,0,0,0,0,0,0,0,0,0,0,0,0,0,80013,119.8,5,0.2,29.95,2016,12,2,68,182
0,1,0,0,0,0,0,1,0,1,0,0,0,0,0,0,0,0,0,0,0,0,1,0,0,0,80013,300.768,4,0.2,30.0768,2016,12,2,68,182
0,1,0,0,0,0,1,0,0,1,0,0,0,0,0,0,0,0,0,0,0,0,0,0,0,0,33180,17.88,3,0.2,2.4585,2017,9,2,57,383
0,1,0,0,0,0,1,0,1,0,0,0,0,0,0,0,0,0,0,1,0,0,0,0,0,0,33180,235.944,3,0.2,85.5297,2017,9,2,57,383
0,1,0,1,0,0,1,0,0,0,0,0,0,0,1,0,0,0,0,0,0,0,0,0,0,0,31088,392.94,3,0,43.2234,2015,10,5,2,184
0,0,1,0,0,0,0,1,1,0,0,0,1,0,0,0,0,0,0,0,0,0,0,0,0,0,80013,18.882,3,0.7,-13.8468,2016,8,6,68,182
0,0,1,0,0,0,0,1,1,0,1,0,0,0,0,0,0,0,0,0,0,0,0,0,0,0,80013,122.328,3,0.2,12.2328,2016,8,6,68,182
0,0,1,0,1,0,0,1,0,0,0,0,0,0,0,0,0,0,1,0,0,0,0,0,0,0,94591,1049.2,5,0,272.792,2016,5,5,6,2001
0,0,1,0,1,0,0,1,1,0,0,0,1,0,0,0,0,0,0,0,0,0,0,0,0,0,94591,15.424,4,0.2,5.0128,2016,5,5,6,2001
0,0,1,1,0,0,0,0,0,0,0,0,0,0,0,0,0,0,1,0,0,0,0,0,0,0,55407,18.84,3,0,6.0288,2016,12,4,23,89
0,1,0,0,0,0,0,1,1,0,0,0,0,0,0,0,0,0,0,0,0,0,0,1,0,0,92691,330.4,2,0,85.904,2017,7,4,5,2001
0,1,0,0,0,0,0,1,1,0,0,0,0,0,0,0,0,0,0,1,0,0,0,0,0,0,92691,26.25,7,0,12.6,2017,7,4,5,2001
0,0,1,0,0,0,0,0,0,1,0,0,0,0,0,0,0,0,0,0,0,0,0,0,0,0,48307,132.52,4,0,54.3332,2017,6,5,1,255
0,0,1,0,1,1,0,0,1,0,0,0,0,0,0,0,0,0,0,0,0,1,0,0,0,0,7060,6.48,1,0,3.1752,2017,7,4,13,130
0,0,1,0,1,0,0,0,1,0,1,0,0,0,0,0,0,0,0,0,0,0,0,0,0,0,47201,209.3,2,0,56.511,2017,12,6,222,149
0,0,1,1,0,0,0,1,1,0,0,0,0,0,0,0,0,1,0,0,0,0,0,0,0,0,85635,31.56,5,0.2,9.8625,2016,4,7,3,224
0,0,1,1,0,0,0,1,1,0,1,0,0,0,0,0,0,0,0,0,0,0,0,0,0,0,85635,30.144,2,0.2,3.0144,2016,4,7,3,224
0,1,0,1,0,0,0,1,0,0,0,0,0,0,0,0,0,0,1,0,0,0,0,0,0,0,98661,14.8,4,0,6.068,2016,12,5,5,506
0,1,0,1,0,0,0,1,0,1,0,0,0,0,0,0,0,0,0,0,0,0,1,0,0,0,98661,302.376,3,0.2,22.6782,2016,12,5,5,506
0,1,0,1,0,0,0,1,0,1,0,0,0,0,0,0,0,0,0,0,0,0,0,0,0,0,98661,316,4,0,31.6,2016,12,5,5,506
0,0,1,0,1,1,0,0,1,0,0,0,0,0,0,0,0,0,0,0,0,1,0,0,0,0,10024,379.4,10,0,178.318,2016,10,6,915,1128
0,0,1,1,0,1,0,0,1,0,0,0,0,0,0,0,0,0,0,0,0,1,0,0,0,0,10035,97.82,2,0,45.9754,2017,6,4,915,1128
0,0,1,1,0,1,0,0,0,1,0,0,0,0,0,0,0,0,0,0,0,0,0,0,0,0,10035,103.12,8,0,10.312,2017,6,4,915,1128
0,0,1,0,0,1,0,0,1,0,1,0,0,0,0,0,0,0,0,0,0,0,0,0,0,0,43229,113.552,2,0.2,8.5164,2016,8,6,222,469
0,0,1,0,0,1,0,0,1,0,0,0,1,0,0,0,0,0,0,0,0,0,0,0,0,0,43229,3.318,2,0.7,-2.6544,2016,8,6,222,469
0,0,1,0,0,1,0,0,1,0,0,0,0,0,0,0,1,0,0,0,0,0,0,0,0,0,43229,134.288,2,0.2,45.3222,2016,8,6,222,469
1,0,0,0,1,0,0,0,0,0,0,0,0,0,1,0,0,0,0,0,0,0,0,0,0,0,60505,701.372,2,0.3,-50.098,2016,9,0,68,492
1,0,0,0,1,0,0,0,1,0,0,0,1,0,0,0,0,0,0,0,0,0,0,0,0,0,60505,2.308,2,0.8,-3.462,2016,9,0,68,492
0,0,1,0,0,0,0,0,1,0,0,0,0,0,0,0,0,0,0,0,0,0,0,1,0,0,76017,999.432,7,0.2,124.929,2015,8,4,60,985
0,0,1,0,0,0,0,0,1,0,0,0,0,0,0,0,0,0,0,0,0,0,0,1,0,0,76017,724.08,14,0.2,-135.765,2015,8,4,60,985
0,0,1,0,0,0,0,0,0,0,0,0,0,0,0,0,0,0,0,0,0,0,0,0,0,1,76017,918.785,5,0.3,-118.1295,2015,8,4,60,985
0,0,1,0,0,0,0,0,1,0,0,0,1,0,0,0,0,0,0,0,0,0,0,0,0,0,76017,2.724,3,0.8,-4.2222,2015,8,4,60,985
0,0,1,1,0,1,0,0,1,0,0,0,0,0,0,0,0,0,0,0,0,0,0,1,0,0,10011,459.95,5,0,18.398,2016,3,4,915,1128
1,0,0,0,0,0,1,0,1,0,0,0,0,0,0,0,0,1,0,0,0,0,0,0,0,0,40214,10.74,3,0,5.2626,2016,11,0,57,139
0,1,0,1,0,0,0,0,1,0,0,0,0,0,0,0,0,0,0,0,0,0,0,0,1,0,75081,23.76,3,0.2,2.079,2017,6,2,157,985
0,1,0,1,0,0,0,0,1,0,0,0,0,0,0,0,0,0,0,0,0,1,0,0,0,0,75081,85.056,3,0.2,28.7064,2017,6,2,157,985
0,1,0,1,0,0,0,0,0,1,0,0,0,0,0,0,0,0,0,0,0,0,1,0,0,0,75081,381.576,3,0.2,28.6182,2017,6,2,157,985
0,0,0,0,0,1,0,0,0,0,0,0,0,0,0,0,0,0,1,0,0,0,0,0,0,0,44105,30.36,5,0.2,8.7285,2014,12,2,42,469
0,0,1,0,1,0,0,0,0,0,0,0,0,0,0,0,0,0,1,0,0,0,0,0,0,0,60653,23.976,3,0.6,-14.3856,2017,6,4,314,492
0,0,1,0,1,0,0,0,0,0,0,0,0,0,0,0,0,0,0,0,0,0,0,0,0,1,60653,108.925,1,0.5,-71.8905,2017,6,4,314,492
0,0,1,0,1,0,0,0,1,0,0,0,0,0,0,0,0,0,0,0,0,1,0,0,0,0,60653,36.352,8,0.2,11.36,2017,6,4,314,492
0,0,1,0,0,0,0,0,1,0,0,1,0,0,0,0,0,0,0,0,0,0,0,0,0,0,62301,19.56,5,0.2,1.7115,2017,6,7,20,492
0,0,0,0,0,0,0,0,1,0,1,0,0,0,0,0,0,0,0,0,0,0,0,0,0,0,47201,61.44,3,0,16.5888,2017,12,3,222,149
0,0,0,0,0,0,0,0,1,0,0,0,0,0,0,0,0,0,0,0,0,1,0,0,0,0,47201,38.9,5,0,17.505,2017,12,3,222,149
0,0,0,0,0,0,0,0,0,1,0,0,0,0,0,0,0,0,0,0,0,0,0,0,0,0,47201,99.39,3,0,40.7499,2017,12,3,222,149
0,0,1,0,0,0,0,0,1,0,1,0,0,0,0,0,0,0,0,0,0,0,0,0,0,0,75701,2.688,3,0.8,-7.392,2017,3,5,5,985
0,0,1,0,0,0,0,0,0,1,0,0,0,0,0,0,0,0,0,0,0,0,0,0,0,0,75701,27.816,3,0.2,4.5201,2017,3,5,5,985
0,0,1,0,0,0,0,0,0,0,0,0,0,0,0,0,0,0,1,0,0,0,0,0,0,0,75701,82.524,3,0.6,-41.262,2017,3,5,5,985
0,0,1,0,0,0,0,0,1,0,0,0,1,0,0,0,0,0,0,0,0,0,0,0,0,0,75701,182.994,3,0.8,-320.2395,2017,3,5,5,985
0,0,1,0,0,1,0,0,1,0,0,0,1,0,0,0,0,0,0,0,0,0,0,0,0,0,10024,14.352,3,0.2,4.6644,2016,11,5,915,1128
0,0,1,0,0,1,0,0,1,0,0,0,0,0,0,0,0,0,0,0,0,0,0,1,0,0,10024,64.96,2,0,2.5984,2016,11,5,915,1128
0,0,1,0,0,1,0,0,1,0,0,0,0,0,0,0,0,0,0,0,0,0,0,1,0,0,10024,68.6,4,0,18.522,2016,11,5,915,1128
1,0,0,1,0,0,1,0,0,1,0,0,0,0,0,0,0,0,0,0,1,0,0,0,0,0,27217,7999.98,4,0.5,-3839.9904,2017,11,0,25,249
1,0,0,1,0,0,1,0,1,0,1,0,0,0,0,0,0,0,0,0,0,0,0,0,0,0,27217,167.44,2,0.2,14.651,2017,11,0,25,249
0,0,0,0,0,0,1,0,0,1,0,0,0,0,0,0,0,0,0,0,0,0,0,0,0,0,39212,479.97,3,0,163.1898,2014,7,3,82,53
0,0,0,0,0,0,1,0,1,0,0,0,0,0,0,0,0,0,0,1,0,0,0,0,0,0,39212,14.62,2,0,6.8714,2014,7,3,82,53
0,0,0,0,0,0,1,0,1,0,0,0,0,0,0,0,0,0,0,0,0,1,0,0,0,0,39212,19.44,3,0,9.3312,2014,7,3,82,53
0,0,1,0,0,1,0,0,0,0,0,0,0,1,0,0,0,0,0,0,0,0,0,0,0,0,10035,191.984,2,0.2,4.7996,2017,12,4,915,1128
0,1,0,0,0,0,1,0,0,0,0,0,0,0,0,0,0,0,1,0,0,0,0,0,0,0,22980,104.01,1,0,14.5614,2014,6,2,10,224
0,1,0,0,0,0,1,0,0,1,0,0,0,0,0,0,0,0,0,0,0,0,1,0,0,0,22980,284.82,1,0,74.0532,2014,6,2,10,224
0,1,0,0,0,0,1,0,1,0,0,0,0,0,0,0,0,0,0,0,0,0,0,1,0,0,22980,36.84,3,0,10.3152,2014,6,2,10,224
0,0,1,0,0,0,0,1,0,1,0,0,0,0,0,0,0,0,0,0,0,0,0,0,0,0,90036,166.24,1,0,24.936,2015,3,5,747,2001
0,0,1,0,0,0,0,1,1,0,0,0,0,0,0,0,0,0,0,0,0,1,0,0,0,0,90036,33.4,5,0,16.032,2015,3,5,747,2001
0,0,0,0,1,1,0,0,1,0,0,1,0,0,0,0,0,0,0,0,0,0,0,0,0,0,19013,198.272,8,0.2,17.3488,2015,5,3,16,587
0,0,0,0,1,1,0,0,1,0,0,0,0,0,0,0,0,0,0,1,0,0,0,0,0,0,19013,47.36,4,0.2,17.76,2015,5,3,16,587
0,0,0,0,1,1,0,0,1,0,0,0,0,0,0,0,1,0,0,0,0,0,0,0,0,0,19013,200.984,7,0.2,62.8075,2015,5,3,16,587
0,0,0,0,1,1,0,0,1,0,0,0,0,0,0,0,0,0,0,1,0,0,0,0,0,0,19013,97.696,4,0.2,31.7512,2015,5,3,16,587
0,0,0,0,1,1,0,0,1,0,0,1,0,0,0,0,0,0,0,0,0,0,0,0,0,0,19013,2.696,1,0.2,0.8088,2015,5,3,16,587
0,0,0,0,1,1,0,0,1,0,0,0,1,0,0,0,0,0,0,0,0,0,0,0,0,0,19013,18.588,2,0.7,-13.6312,2015,5,3,16,587
0,0,0,0,1,1,0,0,1,0,0,0,1,0,0,0,0,0,0,0,0,0,0,0,0,0,19013,4.896,3,0.7,-3.4272,2015,5,3,16,587
0,0,1,1,0,1,0,0,0,0,0,0,0,0,0,0,0,0,1,0,0,0,0,0,0,0,44105,15.072,3,0.2,4.1448,2017,9,6,42,469
0,1,0,1,0,0,0,1,0,0,0,0,0,0,0,0,0,0,1,0,0,0,0,0,0,0,98103,209.88,3,0,35.6796,2016,11,4,428,506
0,0,1,0,0,0,0,1,0,0,0,0,0,0,0,0,0,0,0,0,0,0,0,0,0,1,90805,369.912,3,0.2,-13.8717,2015,4,5,61,2001
0,0,1,1,0,0,1,0,1,0,0,0,0,0,0,0,0,0,0,0,0,1,0,0,0,0,27511,10.368,2,0.2,3.6288,2014,9,5,6,249
0,0,1,1,0,0,1,0,1,0,1,0,0,0,0,0,0,0,0,0,0,0,0,0,0,0,27511,166.84,5,0.2,18.7695,2014,9,5,6,249
0,0,1,1,0,0,1,0,0,1,0,0,0,0,0,0,0,0,0,0,0,0,0,0,0,0,27511,15.216,1,0.2,2.2824,2014,9,5,6,249
0,0,0,0,0,1,0,0,0,1,0,0,0,0,0,0,0,0,0,0,0,0,0,0,0,0,10035,119.96,4,0,52.7824,2014,12,2,915,1128
0,0,0,0,0,1,0,0,0,0,0,0,0,1,0,0,0,0,0,0,0,0,0,0,0,0,10035,883.92,5,0.2,-110.49,2014,12,2,915,1128
0,0,0,0,0,1,0,0,1,0,0,0,1,0,0,0,0,0,0,0,0,0,0,0,0,0,10035,46.72,8,0.2,15.768,2014,12,2,915,1128
0,0,0,0,1,1,0,0,1,0,0,0,0,0,0,0,0,0,0,0,0,1,0,0,0,0,10035,55.48,1,0,26.6304,2014,4,2,915,1128
0,0,1,0,0,0,1,0,1,0,0,0,0,0,0,0,1,0,0,0,0,0,0,0,0,0,32137,24.448,4,0.2,8.8624,2017,9,4,5,383
0,0,1,1,0,1,0,0,1,0,1,0,0,0,0,0,0,0,0,0,0,0,0,0,0,0,10550,281.34,6,0,109.7226,2017,5,5,8,1128
0,0,1,1,0,1,0,0,0,1,0,0,0,0,0,0,0,0,0,0,0,0,1,0,0,0,10550,307.98,2,0,89.3142,2017,5,5,8,1128
0,0,1,1,0,1,0,0,0,1,0,0,0,0,0,0,0,0,0,0,0,0,0,0,0,0,10550,299.97,3,0,113.9886,2017,5,5,8,1128
0,1,0,1,0,0,0,1,1,0,0,0,1,0,0,0,0,0,0,0,0,0,0,0,0,0,98105,19.92,5,0.2,6.972,2014,7,5,428,506
0,0,0,0,0,1,0,0,0,0,0,0,0,0,0,0,0,0,1,0,0,0,0,0,0,0,19901,9.94,2,0,3.0814,2014,1,3,19,96
0,0,1,0,0,1,0,0,0,0,0,0,0,0,0,0,0,0,1,0,0,0,0,0,0,0,43055,103.056,3,0.2,24.4758,2017,9,5,95,469
0,0,1,0,1,0,0,1,1,0,0,0,1,0,0,0,0,0,0,0,0,0,0,0,0,0,84057,59.808,3,0.2,19.4376,2014,6,5,9,53
0,0,1,0,1,0,0,1,0,0,0,0,0,0,0,0,0,0,1,0,0,0,0,0,0,0,84057,73.32,6,0,21.996,2014,6,5,9,53
0,0,1,0,1,0,0,1,1,0,0,0,0,0,0,0,0,0,0,0,0,1,0,0,0,0,90045,146.82,3,0,73.41,2016,2,5,747,2001
0,0,1,1,0,0,0,0,0,0,0,0,0,0,0,0,0,0,0,0,0,0,0,0,0,1,48205,1652.94,3,0,231.4116,2016,12,4,115,255
0,0,1,1,0,0,0,0,1,0,0,0,0,0,0,0,0,0,0,0,0,0,0,1,0,0,48205,296.37,3,0,80.0199,2016,12,4,115,255
0,0,1,0,1,1,0,0,0,0,0,0,0,0,0,0,0,0,1,0,0,0,0,0,0,0,19140,129.92,5,0.2,21.112,2014,10,6,537,587
0,0,1,1,0,0,1,0,1,0,0,0,0,0,0,0,0,0,0,0,0,0,0,0,1,0,33012,45.584,7,0.2,5.1282,2016,7,5,18,383
0,0,1,0,0,0,0,0,1,0,0,0,0,0,0,0,1,0,0,0,0,0,0,0,0,0,78745,17.568,2,0.2,6.3684,2017,9,4,39,985
0,0,1,0,0,0,0,0,0,1,0,0,0,0,0,0,0,0,0,0,0,0,1,0,0,0,78745,55.992,1,0.2,5.5992,2017,9,4,39,985
0,0,0,0,0,1,0,0,1,0,0,0,0,0,0,0,0,0,0,0,0,1,0,0,0,0,11572,182.72,8,0,84.0512,2016,12,3,30,1128
0,0,0,0,0,1,0,0,0,0,0,0,0,0,0,0,0,0,0,0,0,0,0,0,0,1,11572,400.032,2,0.4,-153.3456,2016,12,3,30,1128
0,0,0,0,0,1,0,0,1,0,0,0,0,0,0,0,0,0,0,0,0,0,0,1,0,0,11572,33.63,3,0,10.089,2016,12,3,30,1128
0,0,0,0,0,1,0,0,0,0,0,0,0,0,1,0,0,0,0,0,0,0,0,0,0,0,11572,542.646,3,0.1,102.4998,2016,12,3,30,1128
0,0,0,0,0,1,0,0,1,0,0,0,0,0,0,0,0,0,0,1,0,0,0,0,0,0,11572,6.3,2,0,3.024,2016,12,3,30,1128
0,0,1,0,1,0,0,1,1,0,0,0,0,0,0,0,0,0,0,0,0,0,0,1,0,0,98115,242.94,3,0,9.7176,2017,1,4,428,506
0,0,1,0,1,0,0,1,0,1,0,0,0,0,0,0,0,0,0,0,0,0,0,0,0,0,98115,179.97,3,0,86.3856,2017,1,4,428,506
0,0,1,0,1,0,0,1,1,0,0,0,1,0,0,0,0,0,0,0,0,0,0,0,0,0,98115,99.696,6,0.2,33.6474,2017,1,4,428,506
0,0,1,0,1,0,0,1,1,0,0,0,1,0,0,0,0,0,0,0,0,0,0,0,0,0,98115,27.936,4,0.2,9.4284,2017,1,4,428,506
0,0,1,0,1,0,0,1,0,0,0,0,0,1,0,0,0,0,0,0,0,0,0,0,0,0,98115,84.98,1,0,18.6956,2017,1,4,428,506
0,0,1,0,1,0,0,1,1,0,0,0,1,0,0,0,0,0,0,0,0,0,0,0,0,0,98115,18.72,5,0.2,6.552,2017,1,4,428,506
0,0,1,0,0,0,0,1,0,1,0,0,0,0,0,0,0,0,0,0,0,0,0,0,0,0,94110,49.98,2,0,8.4966,2014,9,4,510,2001
0,0,1,0,1,0,0,0,1,0,0,0,0,0,0,0,0,0,0,1,0,0,0,0,0,0,60540,11.784,3,0.2,4.2717,2014,1,4,8,492
0,0,1,0,1,0,0,0,1,0,0,0,0,0,0,0,0,0,0,0,0,0,0,1,0,0,60540,272.736,3,0.2,-64.7748,2014,1,4,8,492
0,0,1,0,1,0,0,0,1,0,0,0,1,0,0,0,0,0,0,0,0,0,0,0,0,0,60540,3.54,2,0.8,-5.487,2014,1,4,8,492
0,0,1,0,0,0,0,0,1,0,0,0,0,0,0,0,0,0,0,0,0,0,0,0,1,0,75220,51.52,5,0.2,-10.948,2016,8,5,157,985
0,0,1,0,0,0,0,0,1,0,0,0,0,0,0,0,0,0,0,0,0,1,0,0,0,0,75220,3.528,1,0.2,1.1466,2016,8,5,157,985
0,0,1,0,0,0,0,0,1,0,0,0,0,0,0,0,0,0,0,0,0,1,0,0,0,0,75220,4.624,1,0.2,1.6762,2016,8,5,157,985
0,0,1,0,0,0,0,0,1,0,0,0,0,0,0,0,0,0,0,0,0,0,0,0,1,0,75220,55.168,4,0.2,6.2064,2016,8,5,157,985
1,0,0,1,0,0,0,1,0,0,0,0,0,0,0,0,0,0,0,0,0,0,0,0,0,1,92105,567.12,10,0.2,-28.356,2014,5,0,170,2001
1,0,0,1,0,0,0,1,1,0,0,0,0,0,0,0,0,0,0,0,0,0,0,1,0,0,92105,359.32,4,0,7.1864,2014,5,0,170,2001
0,1,0,0,0,0,0,0,0,1,0,0,0,0,0,0,0,0,0,0,0,0,1,0,0,0,60201,11.992,1,0.2,0.8994,2016,3,2,4,492
0,0,1,0,0,0,0,0,1,0,0,0,1,0,0,0,0,0,0,0,0,0,0,0,0,0,48183,58.05,3,0,26.703,2017,10,4,13,255
0,0,1,0,0,0,0,0,0,0,0,0,0,0,0,0,0,0,1,0,0,0,0,0,0,0,48183,157.74,11,0,56.7864,2017,10,4,13,255
0,0,1,0,0,0,0,0,1,0,0,1,0,0,0,0,0,0,0,0,0,0,0,0,0,0,48183,56.98,7,0,22.792,2017,10,4,13,255
0,0,1,0,0,0,0,0,1,0,0,0,1,0,0,0,0,0,0,0,0,0,0,0,0,0,48183,2.88,1,0,1.4112,2017,10,4,13,255
0,0,0,1,0,0,0,1,0,1,0,0,0,0,0,1,0,0,0,0,0,0,0,0,0,0,94110,1199.976,3,0.2,374.9925,2016,4,2,510,2001
0,0,1,0,0,0,0,1,0,0,0,0,0,0,0,0,0,0,1,0,0,0,0,0,0,0,90036,79.92,4,0,28.7712,2015,12,5,747,2001
0,0,1,1,0,0,1,0,0,0,0,0,0,0,0,0,0,0,0,0,0,0,0,0,0,1,32216,383.438,4,0.45,-167.3184,2016,9,4,125,383
0,0,1,0,0,0,0,0,1,0,0,0,0,0,0,0,0,0,0,0,0,0,0,1,0,0,55016,24.56,2,0,6.8768,2014,12,4,2,89
0,0,1,0,0,0,0,0,0,1,0,0,0,0,0,0,0,0,0,0,0,0,0,0,0,0,55016,119.8,4,0,47.92,2014,12,4,2,89
0,0,1,1,0,1,0,0,1,0,0,0,1,0,0,0,0,0,0,0,0,0,0,0,0,0,10009,13.128,3,0.2,4.2666,2017,7,5,915,1128
0,0,1,1,0,0,0,0,1,0,0,0,0,0,0,0,0,0,0,0,0,1,0,0,0,0,54302,22.72,4,0,10.224,2017,9,4,4,110
0,0,1,0,0,0,0,1,1,0,0,0,0,0,0,0,0,0,0,0,0,1,0,0,0,0,90004,58.32,9,0,27.9936,2015,8,5,747,2001
0,0,1,1,0,0,1,0,1,0,0,0,0,0,0,0,0,0,0,1,0,0,0,0,0,0,30318,12.39,3,0,5.6994,2017,11,4,39,184
0,0,1,0,0,1,0,0,0,1,0,0,0,0,0,0,0,0,0,0,0,0,1,0,0,0,43229,107.982,3,0.4,-26.9955,2015,2,5,222,469
0,1,0,1,0,0,1,0,1,0,0,0,0,0,0,0,1,0,0,0,0,0,0,0,0,0,71111,11.36,2,0,5.3392,2014,1,2,6,42
0,1,0,1,0,0,1,0,1,0,0,0,0,0,0,0,1,0,0,0,0,0,0,0,0,0,71111,50.94,3,0,25.47,2014,1,2,6,42
0,1,0,1,0,0,1,0,0,1,0,0,0,0,0,0,0,0,0,0,0,0,0,0,0,0,71111,646.74,6,0,258.696,2014,1,2,6,42
0,1,0,1,0,0,1,0,1,0,0,0,1,0,0,0,0,0,0,0,0,0,0,0,0,0,71111,5.64,3,0,2.7072,2014,1,2,6,42
0,1,0,1,0,0,1,0,1,0,0,0,0,0,0,0,0,0,0,0,0,0,0,1,0,0,71111,572.58,6,0,34.3548,2014,1,2,6,42
0,0,1,1,0,0,1,0,0,0,0,0,0,0,0,0,0,0,1,0,0,0,0,0,0,0,33710,310.88,2,0.2,23.316,2014,5,6,14,383
0,0,1,0,0,0,1,0,0,0,0,0,0,0,1,0,0,0,0,0,0,0,0,0,0,0,22204,641.96,2,0,179.7488,2016,5,5,60,224
0,0,1,1,0,0,0,0,1,0,0,0,1,0,0,0,0,0,0,0,0,0,0,0,0,0,50315,18.28,2,0,9.14,2017,1,6,19,30
0,0,1,1,0,0,0,0,0,1,0,0,0,0,0,0,0,0,0,0,0,0,1,0,0,0,50315,207,3,0,51.75,2017,1,6,19,30
0,0,1,1,0,0,0,0,1,0,0,0,1,0,0,0,0,0,0,0,0,0,0,0,0,0,50315,32.35,5,0,16.175,2017,1,6,19,30
0,0,1,1,0,0,0,0,1,0,0,0,1,0,0,0,0,0,0,0,0,0,0,0,0,0,50315,7.71,1,0,3.4695,2017,1,6,19,30
0,0,1,1,0,0,0,0,1,0,0,1,0,0,0,0,0,0,0,0,0,0,0,0,0,0,50315,40.3,2,0,10.881,2017,1,6,19,30
0,0,1,1,0,0,0,0,0,0,0,0,0,0,0,0,0,0,1,0,0,0,0,0,0,0,50315,34.58,7,0,14.5236,2017,1,6,19,30
0,0,1,0,0,1,0,0,1,0,0,1,0,0,0,0,0,0,0,0,0,0,0,0,0,0,45231,32.76,7,0.2,3.6855,2014,6,7,17,469
0,0,0,0,1,0,0,1,0,0,0,0,0,0,1,0,0,0,0,0,0,0,0,0,0,0,94110,544.008,3,0.2,40.8006,2015,8,2,510,2001
0,0,0,0,1,0,0,1,1,0,0,0,0,0,0,0,0,0,0,0,0,1,0,0,0,0,94110,59.94,3,0,28.1718,2015,8,2,510,2001
0,0,0,0,1,0,0,1,1,0,0,0,0,0,0,0,0,0,0,0,0,1,0,0,0,0,94110,23.92,4,0,11.7208,2015,8,2,510,2001
0,0,0,0,1,0,0,1,1,0,0,0,0,0,0,0,0,0,0,0,0,1,0,0,0,0,94110,4.28,1,0,1.926,2015,8,2,510,2001
0,1,0,0,0,1,0,0,1,0,0,0,1,0,0,0,0,0,0,0,0,0,0,0,0,0,43229,32.07,5,0.7,-22.449,2015,10,3,222,469
0,1,0,0,0,1,0,0,0,1,0,0,0,0,0,0,0,0,0,0,0,0,0,0,0,0,43229,24,2,0.2,-2.7,2015,10,3,222,469
0,1,0,0,0,1,0,0,0,0,0,0,0,1,0,0,0,0,0,0,0,0,0,0,0,0,43229,35.49,1,0.5,-15.6156,2015,10,3,222,469
0,1,0,0,0,1,0,0,0,1,0,0,0,0,0,0,0,0,0,0,0,0,0,0,0,0,43229,47.984,2,0.2,0.5998,2015,10,3,222,469
0,0,1,1,0,0,1,0,1,0,0,0,0,0,0,0,1,0,0,0,0,0,0,0,0,0,29203,186.69,3,0,87.7443,2015,5,5,81,42
0,1,0,0,0,0,0,1,1,0,0,0,1,0,0,0,0,0,0,0,0,0,0,0,0,0,93534,17.456,2,0.2,5.8914,2017,3,4,46,2001
0,0,1,0,0,0,0,1,0,0,0,0,0,0,1,0,0,0,0,0,0,0,0,0,0,0,93534,348.928,2,0.2,34.8928,2015,12,4,46,2001
0,0,1,0,0,0,1,0,1,0,0,0,1,0,0,0,0,0,0,0,0,0,0,0,0,0,23223,143.96,4,0,69.1008,2015,6,4,90,224
0,0,1,0,0,0,1,0,1,0,0,0,0,0,0,0,0,0,0,0,0,0,0,1,0,0,23223,15.42,1,0,4.1634,2015,6,4,90,224
0,0,1,0,0,0,1,0,1,0,0,0,1,0,0,0,0,0,0,0,0,0,0,0,0,0,23223,43.04,8,0,21.0896,2015,6,4,90,224
0,0,1,0,0,0,1,0,0,0,0,0,0,0,1,0,0,0,0,0,0,0,0,0,0,0,23223,332.94,3,0,79.9056,2015,6,4,90,224
1,0,0,0,0,0,1,0,0,1,0,0,0,0,0,0,0,0,0,0,0,0,1,0,0,0,28806,1363.96,5,0.2,85.2475,2016,5,0,7,249
0,0,1,0,0,0,0,1,1,0,0,0,0,0,0,0,0,0,0,1,0,0,0,0,0,0,94110,9.96,2,0,4.5816,2014,9,6,510,2001
0,0,1,0,0,0,0,1,1,0,0,0,0,0,0,0,0,0,0,0,0,1,0,0,0,0,94110,21.72,4,0,10.6428,2014,9,6,510,2001
0,0,1,0,0,0,0,0,1,0,0,0,1,0,0,0,0,0,0,0,0,0,0,0,0,0,55901,20.16,7,0,9.8784,2017,9,5,53,89
0,0,0,1,0,1,0,0,1,0,0,0,0,0,0,0,0,0,0,0,0,1,0,0,0,0,14609,132.79,7,0,63.7392,2015,12,2,53,1128
0,0,0,1,0,1,0,0,1,0,0,0,0,0,0,0,0,0,0,0,0,1,0,0,0,0,14609,12.96,2,0,6.2208,2015,12,2,53,1128
0,0,0,1,0,1,0,0,1,0,0,0,0,0,0,0,0,0,0,1,0,0,0,0,0,0,14609,21.56,7,0,10.3488,2015,12,2,53,1128
0,0,1,0,0,0,0,1,0,0,0,0,0,0,1,0,0,0,0,0,0,0,0,0,0,0,92530,283.92,5,0.2,17.745,2015,11,6,1,2001
0,0,0,1,0,0,0,1,0,0,0,0,0,0,0,0,0,0,1,0,0,0,0,0,0,0,92105,22.23,1,0,7.3359,2017,2,3,170,2001
0,0,0,1,0,0,0,1,0,1,0,0,0,0,0,0,0,0,0,0,0,0,1,0,0,0,92105,215.968,2,0.2,18.8972,2017,2,3,170,2001
0,1,0,1,0,1,0,0,1,0,1,0,0,0,0,0,0,0,0,0,0,0,0,0,0,0,10024,355.32,9,0,99.4896,2016,8,5,915,1128
0,0,1,1,0,0,1,0,1,0,0,0,0,0,0,0,0,0,0,0,0,1,0,0,0,0,71203,12.96,2,0,6.2208,2016,3,5,21,42
0,0,0,0,0,0,0,1,0,0,0,0,0,0,0,0,0,0,1,0,0,0,0,0,0,0,94122,18.28,2,0,6.2152,2017,4,2,510,2001
0,0,1,0,0,0,0,1,1,0,0,1,0,0,0,0,0,0,0,0,0,0,0,0,0,0,80219,43.176,3,0.2,4.3176,2014,11,6,44,182
0,0,1,0,0,0,0,1,0,1,0,0,0,0,0,0,0,0,0,0,0,0,1,0,0,0,80219,1983.968,4,0.2,247.996,2014,11,6,44,182
0,0,0,0,0,0,0,0,0,0,0,0,0,0,0,0,0,0,1,0,0,0,0,0,0,0,68104,28.4,2,0,11.076,2015,2,2,28,38
0,0,0,0,0,0,0,0,0,1,0,0,0,0,0,0,0,0,0,0,0,0,0,0,0,0,68104,149.97,3,0,50.9898,2015,2,2,28,38
0,0,0,0,0,0,0,1,1,0,0,1,0,0,0,0,0,0,0,0,0,0,0,0,0,0,98026,11.52,4,0,3.2256,2014,10,2,14,506
0,0,0,0,0,0,0,1,0,0,0,0,0,0,0,0,0,0,0,0,0,0,0,0,0,1,98026,1298.55,5,0,311.652,2014,10,2,14,506
0,0,0,0,0,0,0,1,1,0,1,0,0,0,0,0,0,0,0,0,0,0,0,0,0,0,98026,213.92,4,0,62.0368,2014,10,2,14,506
0,0,0,0,0,0,0,1,0,1,0,0,0,0,0,0,0,0,0,0,0,0,0,0,0,0,98026,25.78,2,0,2.578,2014,10,2,14,506
1,0,0,0,0,0,0,1,0,0,0,0,0,0,0,0,0,0,1,0,0,0,0,0,0,0,92704,18.28,2,0,6.2152,2017,5,0,14,2001
1,0,0,0,0,0,0,1,0,1,0,0,0,0,0,0,0,0,0,0,0,0,0,0,0,0,92704,1399.93,7,0,601.9699,2017,5,0,14,2001
0,0,0,1,0,0,0,0,1,0,0,0,0,0,0,0,0,0,0,0,0,1,0,0,0,0,53209,51.84,8,0,24.8832,2015,3,3,45,110
0,0,1,0,0,1,0,0,1,0,0,0,0,0,0,0,0,0,0,0,0,1,0,0,0,0,19140,5.344,1,0.2,1.8704,2016,9,4,537,587
0,0,1,0,0,1,0,0,1,0,0,0,0,0,0,0,0,0,0,0,0,1,0,0,0,0,19140,41.472,8,0.2,14.5152,2014,6,4,537,587
0,0,1,0,0,1,0,0,1,0,0,0,1,0,0,0,0,0,0,0,0,0,0,0,0,0,19140,3.168,3,0.7,-2.4288,2014,6,4,537,587
0,0,1,0,0,1,0,0,0,0,0,0,0,0,1,0,0,0,0,0,0,0,0,0,0,0,19140,1228.465,5,0.3,0,2014,6,4,537,587
0,0,1,0,0,1,0,0,1,0,0,0,1,0,0,0,0,0,0,0,0,0,0,0,0,0,19140,31.086,3,0.7,-22.7964,2014,6,4,537,587
0,0,1,0,0,1,0,0,1,0,0,0,0,0,0,0,0,0,0,0,0,1,0,0,0,0,19140,335.52,4,0.2,117.432,2014,6,4,537,587
0,0,1,0,0,1,0,0,0,1,0,0,0,0,0,0,0,0,0,0,0,0,0,0,0,0,7109,239.97,3,0,71.991,2017,6,7,10,130
0,0,1,0,0,1,0,0,1,0,0,0,0,0,0,0,0,0,0,1,0,0,0,0,0,0,7109,9.82,2,0,4.8118,2017,6,7,10,130
0,0,1,0,0,0,0,1,0,1,0,0,0,0,0,0,0,0,0,0,0,0,0,0,0,0,94110,67.8,4,0,4.068,2014,5,6,510,2001
0,0,1,0,0,0,0,1,0,1,0,0,0,0,0,0,0,0,0,0,0,0,0,0,0,0,94110,167.97,3,0,40.3128,2014,5,6,510,2001
0,0,1,0,0,0,0,0,1,0,0,0,0,0,0,0,0,1,0,0,0,0,0,0,0,0,55044,35,7,0,16.8,2017,8,7,15,89
0,0,1,0,0,0,0,0,1,0,0,0,0,0,0,0,0,0,0,0,0,0,0,0,1,0,55044,37.24,4,0,10.7996,2017,8,7,15,89
0,0,1,0,0,0,0,0,1,0,0,0,0,0,0,0,1,0,0,0,0,0,0,0,0,0,55044,15.28,2,0,7.4872,2017,8,7,15,89
0,1,0,0,0,0,1,0,0,0,0,0,0,0,1,0,0,0,0,0,0,0,0,0,0,0,41042,301.96,2,0,90.588,2017,6,5,21,139
0,1,0,0,0,0,1,0,1,0,1,0,0,0,0,0,0,0,0,0,0,0,0,0,0,0,41042,180.66,3,0,50.5848,2017,6,5,21,139
0,1,0,0,0,0,1,0,0,1,0,0,0,0,0,0,0,0,0,0,0,0,1,0,0,0,41042,191.98,2,0,51.8346,2017,6,5,21,139
0,1,0,0,0,0,1,0,0,1,0,0,0,0,0,0,0,0,0,0,0,0,1,0,0,0,41042,65.99,1,0,17.1574,2017,6,5,21,139
0,0,1,1,0,0,1,0,1,0,0,1,0,0,0,0,0,0,0,0,0,0,0,0,0,0,33614,35.216,2,0.2,2.6412,2016,7,4,36,383
0,0,1,1,0,0,1,0,1,0,1,0,0,0,0,0,0,0,0,0,0,0,0,0,0,0,33614,23.696,2,0.2,6.5164,2016,7,4,36,383
0,0,1,1,0,0,1,0,0,1,0,0,0,0,0,0,0,0,0,0,1,0,0,0,0,0,33614,265.475,1,0.5,-111.4995,2016,7,4,36,383
0,1,0,0,0,0,0,0,1,0,0,0,1,0,0,0,0,0,0,0,0,0,0,0,0,0,75701,51.184,4,0.8,-79.3352,2014,9,5,5,985
0,0,1,0,1,0,1,0,1,0,0,0,0,0,0,0,0,0,0,0,0,1,0,0,0,0,38401,9.664,2,0.2,3.2616,2017,11,7,81,183
0,0,1,1,0,0,0,0,0,1,0,0,0,0,0,0,0,0,0,0,0,0,1,0,0,0,76106,21.072,3,0.2,1.5804,2016,3,5,27,985
0,0,1,1,0,1,0,0,1,0,0,1,0,0,0,0,0,0,0,0,0,0,0,0,0,0,10035,60.45,3,0,16.3215,2015,11,5,915,1128
0,0,1,1,0,1,0,0,1,0,0,1,0,0,0,0,0,0,0,0,0,0,0,0,0,0,10035,11.52,4,0,3.3408,2015,11,5,915,1128
0,0,1,1,0,1,0,0,0,0,0,0,0,1,0,0,0,0,0,0,0,0,0,0,0,0,10035,186.048,4,0.2,9.3024,2015,11,5,915,1128
0,0,0,1,0,0,0,1,1,0,0,0,1,0,0,0,0,0,0,0,0,0,0,0,0,0,90036,37.44,4,0.2,11.7,2016,11,2,747,2001
0,0,0,1,0,0,0,1,1,0,0,0,1,0,0,0,0,0,0,0,0,0,0,0,0,0,90036,26.976,4,0.2,8.7672,2016,11,2,747,2001
0,0,0,1,0,0,0,1,1,0,0,0,0,0,0,0,0,0,0,0,0,0,0,0,1,0,90036,11.36,2,0,3.2944,2016,11,2,747,2001
0,0,0,1,0,0,0,1,1,0,0,0,0,0,0,0,0,0,0,1,0,0,0,0,0,0,90036,14.62,2,0,6.8714,2016,11,2,747,2001
0,0,1,0,0,0,1,0,0,1,0,0,0,0,0,0,0,0,0,0,0,0,1,0,0,0,40214,83.72,7,0,23.4416,2015,10,4,57,139
0,0,1,0,0,0,1,0,0,0,0,0,0,0,1,0,0,0,0,0,0,0,0,0,0,0,40214,287.94,3,0,77.7438,2015,10,4,57,139
0,0,1,0,0,1,0,0,0,0,0,0,0,0,0,0,0,0,1,0,0,0,0,0,0,0,44052,48.896,4,0.2,8.5568,2017,1,5,9,469
0,0,1,1,0,1,0,0,0,1,0,0,0,0,0,0,0,0,0,0,0,0,0,0,0,0,7036,115.36,7,0,49.6048,2014,2,5,1,130
0,1,0,1,0,0,0,1,1,0,0,1,0,0,0,0,0,0,0,0,0,0,0,0,0,0,93905,5.16,2,0,1.3416,2016,6,5,8,2001
0,1,0,1,0,0,0,1,1,0,0,0,0,0,0,0,0,0,0,0,0,1,0,0,0,0,93905,38.88,6,0,18.6624,2016,6,5,8,2001
0,0,1,0,0,0,1,0,1,0,0,1,0,0,0,0,0,0,0,0,0,0,0,0,0,0,39212,185.88,6,0,50.1876,2016,5,7,82,53
0,0,1,0,0,1,0,0,0,0,0,0,0,0,0,0,0,0,1,0,0,0,0,0,0,0,10035,44.46,2,0,14.6718,2016,2,5,915,1128
0,0,1,0,0,1,0,0,1,0,0,0,0,0,0,0,0,0,0,0,0,0,0,1,0,0,10035,242.94,3,0,9.7176,2016,2,5,915,1128
0,0,1,0,0,1,0,0,1,0,0,0,0,0,0,0,0,0,0,0,0,1,0,0,0,0,10035,39.96,2,0,18.7812,2014,8,5,915,1128
0,0,1,0,0,1,0,0,1,0,0,0,0,0,0,0,0,0,0,0,0,0,0,0,1,0,10035,102.3,10,0,26.598,2014,8,5,915,1128
0,0,1,0,0,1,0,0,1,0,0,0,0,0,0,0,0,0,0,0,0,0,0,1,0,0,10035,21.36,2,0,5.7672,2014,8,5,915,1128
0,0,1,0,1,1,0,0,1,0,0,0,0,0,0,0,0,0,0,0,0,1,0,0,0,0,8901,7.61,1,0,3.5767,2017,4,5,2,130
0,0,1,0,1,1,0,0,1,0,0,0,0,0,0,0,0,1,0,0,0,0,0,0,0,0,8901,7.16,2,0,3.58,2017,4,5,2,130
0,0,1,0,0,0,0,1,1,0,0,0,0,0,0,0,0,0,0,0,0,0,0,0,1,0,94122,7.36,2,0,0.1472,2014,6,7,510,2001
0,0,1,0,0,0,0,1,1,0,0,1,0,0,0,0,0,0,0,0,0,0,0,0,0,0,94122,23.1,2,0,10.626,2014,6,7,510,2001
0,1,0,1,0,0,1,0,0,1,0,0,0,0,0,0,0,0,0,0,0,0,0,0,0,0,32216,191.472,6,0.2,40.6878,2016,1,2,125,383
0,1,0,1,0,0,1,0,1,0,0,1,0,0,0,0,0,0,0,0,0,0,0,0,0,0,32216,5.248,2,0.2,0.5904,2016,1,2,125,383
0,1,0,1,0,0,1,0,0,1,0,0,0,0,0,0,0,0,0,0,0,0,1,0,0,0,32216,59.184,2,0.2,5.1786,2016,1,2,125,383
0,0,1,1,0,0,1,0,1,0,0,0,0,0,0,0,0,0,0,1,0,0,0,0,0,0,22153,2.89,1,0,1.3583,2014,1,5,163,224
0,0,1,1,0,0,1,0,0,0,0,0,0,0,0,0,0,0,1,0,0,0,0,0,0,0,22153,51.94,1,0,21.2954,2014,1,5,163,224
0,0,0,1,0,1,0,0,1,0,0,0,0,0,0,0,0,0,0,1,0,0,0,0,0,0,19140,15.936,4,0.2,5.1792,2016,9,3,537,587
0,0,1,1,0,1,0,0,1,0,0,0,1,0,0,0,0,0,0,0,0,0,0,0,0,0,17602,44.91,6,0.7,-35.928,2014,4,4,46,587
0,0,0,0,1,1,0,0,1,0,0,0,1,0,0,0,0,0,0,0,0,0,0,0,0,0,19143,1141.47,5,0.7,-760.98,2016,9,2,537,587
0,0,0,0,1,1,0,0,0,1,0,0,0,0,0,0,0,0,0,0,0,0,1,0,0,0,19143,280.782,3,0.4,-46.797,2016,9,2,537,587
0,0,0,0,0,1,0,0,1,0,0,0,0,0,0,0,0,0,0,0,0,1,0,0,0,0,3301,34.44,3,0,17.22,2015,10,1,31,27
0,0,1,0,0,1,0,0,1,0,0,0,0,0,0,0,0,0,0,0,0,1,0,0,0,0,10009,11.36,2,0,5.2256,2014,12,5,915,1128
0,0,1,0,0,1,0,0,1,0,0,0,1,0,0,0,0,0,0,0,0,0,0,0,0,0,10009,106.344,7,0.2,37.2204,2014,12,5,915,1128
0,0,1,0,0,0,1,0,1,0,0,0,0,0,0,0,0,0,0,0,0,1,0,0,0,0,28205,192.16,5,0.2,67.256,2017,8,4,52,249
0,0,1,0,1,1,0,0,0,0,0,0,0,0,0,0,0,0,1,0,0,0,0,0,0,0,3301,322.59,3,0,64.518,2016,1,4,31,27
0,0,1,0,1,1,0,0,0,1,0,0,0,0,0,0,0,0,0,0,0,0,0,0,0,0,3301,29.99,1,0,13.1956,2016,1,4,31,27
0,0,1,0,1,1,0,0,0,1,0,0,0,0,0,0,0,0,0,0,0,0,0,0,0,0,3301,371.97,3,0,66.9546,2016,1,4,31,27
0,0,1,0,1,1,0,0,1,0,0,0,1,0,0,0,0,0,0,0,0,0,0,0,0,0,19120,5.892,4,0.7,-4.1244,2014,9,4,537,587
0,1,0,0,1,1,0,0,1,0,0,0,1,0,0,0,0,0,0,0,0,0,0,0,0,0,10024,68.472,3,0.2,23.1093,2017,11,2,915,1128
0,1,0,0,1,1,0,0,0,0,0,0,0,0,1,0,0,0,0,0,0,0,0,0,0,0,10024,1242.9,5,0.1,262.39,2017,11,2,915,1128
0,0,1,0,0,0,1,0,1,0,0,0,0,0,0,0,0,0,0,0,0,0,0,1,0,0,22153,30.84,2,0,8.3268,2015,10,4,163,224
1,0,0,0,0,0,0,1,1,0,0,1,0,0,0,0,0,0,0,0,0,0,0,0,0,0,94109,13.48,4,0,5.9312,2017,12,0,510,2001
0,0,0,0,1,0,0,0,0,0,0,0,0,0,0,0,0,0,1,0,0,0,0,0,0,0,48227,31.4,5,0,10.048,2016,10,2,115,255
0,0,1,0,0,1,0,0,0,0,0,0,0,0,0,0,0,0,1,0,0,0,0,0,0,0,14609,17.46,2,0,5.9364,2014,4,5,53,1128
0,1,0,1,0,0,0,1,1,0,0,0,1,0,0,0,0,0,0,0,0,0,0,0,0,0,90045,13.944,3,0.2,4.5318,2015,4,3,747,2001
0,0,1,0,0,0,0,1,1,0,0,0,0,0,0,0,0,0,0,0,0,0,0,1,0,0,92105,83.76,12,0,1.6752,2017,6,6,170,2001
0,0,1,0,1,1,0,0,1,0,0,0,1,0,0,0,0,0,0,0,0,0,0,0,0,0,21044,37.66,7,0,18.4534,2017,10,5,81,105
0,0,1,1,0,0,0,1,1,0,0,0,0,0,0,0,0,0,0,0,0,1,0,0,0,0,94122,34.68,6,0,16.9932,2014,12,7,510,2001
0,0,1,0,0,1,0,0,0,1,0,0,0,0,0,0,0,0,0,0,0,0,0,0,0,0,10801,149.95,5,0,14.995,2017,6,6,9,1128
0,0,1,0,0,1,0,0,1,0,0,0,1,0,0,0,0,0,0,0,0,0,0,0,0,0,10801,51.312,3,0.2,18.6006,2017,6,6,9,1128
0,0,0,0,1,0,0,0,1,0,0,0,0,0,0,0,0,0,0,0,0,1,0,0,0,0,48227,4.54,1,0,2.043,2017,6,1,115,255
0,0,0,0,1,0,0,0,1,0,0,1,0,0,0,0,0,0,0,0,0,0,0,0,0,0,48227,15.92,4,0,5.4128,2017,6,1,115,255
0,0,0,0,1,0,0,0,0,1,0,0,0,0,0,0,0,0,0,0,0,0,1,0,0,0,48227,543.92,8,0,135.98,2017,6,1,115,255
0,0,0,1,0,0,0,1,1,0,0,0,0,0,0,0,0,0,0,0,0,0,0,1,0,0,94122,155.82,7,0,42.0714,2016,11,2,510,2001
0,0,0,1,0,0,0,1,1,0,0,0,1,0,0,0,0,0,0,0,0,0,0,0,0,0,94122,70.008,3,0.2,24.5028,2016,11,2,510,2001
0,1,0,0,0,0,0,0,1,0,0,0,0,0,0,0,1,0,0,0,0,0,0,0,0,0,77095,15.648,2,0.2,5.0856,2016,10,3,377,985
0,0,1,0,0,0,0,0,1,0,0,0,0,0,0,0,0,0,0,1,0,0,0,0,0,0,48227,103.6,7,0,51.8,2014,9,6,115,255
0,1,0,1,0,1,0,0,1,0,0,0,0,0,0,0,0,0,0,0,0,1,0,0,0,0,13021,46.96,8,0,22.5408,2017,10,2,24,1128
0,0,0,1,0,1,0,0,1,0,0,0,1,0,0,0,0,0,0,0,0,0,0,0,0,0,45503,8.904,2,0.7,-6.5296,2016,4,2,163,469
0,0,0,0,0,0,0,0,1,0,0,0,0,0,0,0,0,0,0,1,0,0,0,0,0,0,75043,10.44,5,0.2,3.393,2017,11,2,4,985
0,0,0,0,0,0,0,0,1,0,0,0,1,0,0,0,0,0,0,0,0,0,0,0,0,0,75043,18.336,4,0.8,-32.088,2017,11,2,4,985
0,0,0,0,0,0,0,0,0,1,0,0,0,0,0,0,0,0,0,0,0,0,1,0,0,0,60653,323.976,3,0.2,20.2485,2017,9,2,314,492
0,0,1,0,0,0,0,1,1,0,0,0,0,0,0,0,0,0,0,0,0,1,0,0,0,0,90032,20.04,3,0,9.6192,2016,4,4,747,2001
0,0,1,0,0,0,0,1,1,0,0,0,0,0,0,0,0,0,0,0,0,0,0,1,0,0,90032,64.96,2,0,2.5984,2016,4,4,747,2001
0,0,1,0,0,0,0,1,1,0,0,0,0,0,0,0,0,0,0,0,0,1,0,0,0,0,90032,12.96,2,0,6.2208,2016,4,4,747,2001
0,0,1,0,0,1,0,0,0,0,0,0,0,1,0,0,0,0,0,0,0,0,0,0,0,0,10009,323.136,4,0.2,12.1176,2017,12,4,915,1128
0,0,1,0,0,1,0,0,0,1,0,0,0,0,0,0,0,0,0,0,0,0,1,0,0,0,10009,90.93,7,0,2.7279,2017,12,4,915,1128
0,0,1,0,0,1,0,0,1,0,0,0,1,0,0,0,0,0,0,0,0,0,0,0,0,0,10009,52.776,3,0.2,19.791,2017,12,4,915,1128
0,0,1,0,1,0,0,0,0,1,0,0,0,0,0,0,0,0,0,0,0,0,1,0,0,0,49201,1199.8,4,0,323.946,2017,9,5,82,255
0,0,1,0,1,0,0,0,0,1,0,0,0,0,0,0,0,0,0,0,0,0,0,0,0,0,49201,1928.78,7,0,829.3754,2017,9,5,82,255
0,0,1,0,1,0,0,0,1,0,0,0,0,0,0,0,0,0,0,0,0,0,0,1,0,0,49201,352.38,2,0,81.0474,2017,9,5,82,255
0,0,1,0,1,1,0,0,0,0,0,0,0,0,0,0,0,0,1,0,0,0,0,0,0,0,6360,22.2,6,0,9.102,2015,5,7,4,82
0,0,0,1,0,0,0,0,0,0,0,0,0,0,0,0,0,0,1,0,0,0,0,0,0,0,53209,46.94,1,0,19.2454,2017,11,2,45,110
0,0,0,1,0,0,0,0,0,1,0,0,0,0,0,0,0,0,0,0,0,0,0,0,0,0,53209,143.73,9,0,56.0547,2017,11,2,45,110
0,0,1,1,0,0,0,0,0,0,0,0,0,0,0,0,0,0,0,0,0,0,0,0,0,1,78207,99.918,2,0.3,-18.5562,2014,6,6,59,985
0,0,1,1,0,0,0,0,0,0,0,0,0,0,1,0,0,0,0,0,0,0,0,0,0,0,78207,797.944,4,0.3,-56.996,2014,6,6,59,985
0,0,1,1,0,0,0,0,1,0,0,0,1,0,0,0,0,0,0,0,0,0,0,0,0,0,78207,8.568,3,0.8,-14.5656,2014,6,6,59,985
0,0,1,1,0,0,0,0,1,0,0,0,0,0,0,0,1,0,0,0,0,0,0,0,0,0,75220,149.352,3,0.2,50.4063,2016,3,6,157,985
0,0,1,1,0,0,0,0,1,0,0,0,0,0,0,0,0,0,0,0,0,0,0,1,0,0,75220,12.992,1,0.2,-0.812,2016,3,6,157,985
0,0,1,0,0,0,1,0,1,0,0,0,0,0,0,0,0,0,0,0,0,0,0,1,0,0,22304,24.56,2,0,6.8768,2014,12,7,16,224
0,0,1,0,0,1,0,0,0,1,0,0,0,0,0,0,0,0,0,0,0,0,0,0,0,0,10009,85.14,3,0,34.9074,2015,4,4,915,1128
0,0,1,0,0,1,0,0,0,1,0,0,0,0,0,0,0,0,0,0,0,0,1,0,0,0,10009,21.99,1,0,10.5552,2015,4,4,915,1128
0,0,1,0,0,1,0,0,1,0,1,0,0,0,0,0,0,0,0,0,0,0,0,0,0,0,10009,406.6,5,0,113.848,2015,4,4,915,1128
0,0,1,1,0,1,0,0,1,0,0,0,1,0,0,0,0,0,0,0,0,0,0,0,0,0,10011,841.568,2,0.2,294.5488,2016,9,5,915,1128
0,0,0,0,0,1,0,0,1,0,0,0,0,0,0,0,0,0,0,0,0,1,0,0,0,0,19143,15.552,3,0.2,5.4432,2014,9,3,537,587
0,0,0,0,0,1,0,0,0,1,0,0,0,0,0,0,0,0,0,0,0,0,0,0,0,0,19143,252,5,0.2,53.55,2014,9,3,537,587
0,0,1,0,1,0,1,0,1,0,0,1,0,0,0,0,0,0,0,0,0,0,0,0,0,0,22153,46.2,4,0,12.936,2015,10,4,163,224
0,0,1,0,1,0,1,0,1,0,1,0,0,0,0,0,0,0,0,0,0,0,0,0,0,0,22153,28.84,2,0,9.5172,2015,10,4,163,224
0,0,0,0,0,1,0,0,1,0,0,1,0,0,0,0,0,0,0,0,0,0,0,0,0,0,43615,14.592,3,0.2,2.5536,2017,4,3,32,469
0,0,0,0,0,1,0,0,1,0,0,1,0,0,0,0,0,0,0,0,0,0,0,0,0,0,43615,89.856,3,0.2,21.3408,2017,4,3,32,469
0,0,0,0,0,1,0,0,1,0,0,0,0,0,0,0,0,0,0,0,0,1,0,0,0,0,43615,13.872,3,0.2,5.0286,2017,4,3,32,469
0,0,1,0,0,1,0,0,1,0,0,0,0,0,0,0,0,0,0,0,0,1,0,0,0,0,19140,12.192,3,0.2,4.1148,2017,9,4,537,587
0,0,1,0,1,1,0,0,1,0,0,0,0,0,0,0,0,0,0,0,0,1,0,0,0,0,19120,45.056,8,0.2,15.2064,2016,6,4,537,587
0,0,1,0,1,1,0,0,1,0,0,0,1,0,0,0,0,0,0,0,0,0,0,0,0,0,19120,29.718,6,0.7,-21.7932,2016,6,4,537,587
0,0,1,0,1,1,0,0,1,0,0,0,0,0,0,0,0,0,0,0,0,1,0,0,0,0,19120,15.552,3,0.2,5.4432,2016,6,4,537,587
0,0,1,0,1,1,0,0,1,0,1,0,0,0,0,0,0,0,0,0,0,0,0,0,0,0,19120,447.696,2,0.2,33.5772,2016,6,4,537,587
0,0,0,1,0,0,0,1,0,1,0,0,0,0,0,0,0,0,0,0,0,0,0,0,0,0,87401,159.99,1,0,54.3966,2017,11,1,3,37
0,0,1,1,0,0,0,1,1,0,0,0,0,0,0,0,0,0,0,0,0,1,0,0,0,0,92503,12.96,2,0,6.2208,2015,12,4,14,2001
0,0,1,1,0,0,0,1,1,0,1,0,0,0,0,0,0,0,0,0,0,0,0,0,0,0,92503,134.48,4,0,34.9648,2015,12,4,14,2001
0,0,0,1,0,0,0,1,1,0,0,0,0,0,0,0,0,0,0,0,0,1,0,0,0,0,94110,17.12,2,0,8.0464,2016,6,1,510,2001
0,0,1,1,0,0,0,1,1,0,0,0,1,0,0,0,0,0,0,0,0,0,0,0,0,0,90503,6.096,2,0.2,2.2098,2016,12,7,4,2001
0,0,1,1,0,0,0,1,0,0,0,0,0,0,0,0,0,0,0,0,0,0,0,0,0,1,90503,1114.272,4,0.2,41.7852,2016,12,7,4,2001
0,0,1,0,0,0,0,1,1,0,0,0,0,0,0,0,0,0,0,0,0,1,0,0,0,0,98105,32.4,5,0,15.552,2015,5,5,428,506
0,0,1,0,0,0,0,1,1,0,0,0,0,0,0,0,0,0,0,0,0,0,0,1,0,0,98105,540.57,3,0,140.5482,2015,5,5,428,506
0,0,1,0,0,0,0,1,1,0,0,0,1,0,0,0,0,0,0,0,0,0,0,0,0,0,98105,167.76,5,0.2,62.91,2015,5,5,428,506
0,0,0,0,0,0,0,1,0,0,0,0,0,0,0,0,0,0,0,0,0,0,0,0,0,1,85204,393.165,3,0.5,-204.4458,2015,7,2,28,224
0,0,1,0,1,1,0,0,0,0,0,0,0,0,0,0,0,0,1,0,0,0,0,0,0,0,19120,516.488,7,0.2,-12.9122,2017,11,4,537,587
0,0,1,0,1,1,0,0,0,0,0,0,0,0,0,0,0,0,1,0,0,0,0,0,0,0,19120,1007.232,6,0.2,75.5424,2017,11,4,537,587
0,0,1,0,1,1,0,0,0,0,0,0,0,0,0,0,0,0,0,0,0,0,0,0,0,1,19120,2065.32,12,0.4,-619.596,2017,11,4,537,587
0,0,1,0,1,1,0,0,1,0,0,0,0,0,0,0,0,0,0,0,0,1,0,0,0,0,19120,15.552,3,0.2,5.4432,2017,11,4,537,587
0,0,1,0,1,1,0,0,1,0,0,0,0,0,0,0,0,0,0,0,0,1,0,0,0,0,19120,25.344,6,0.2,7.92,2017,11,4,537,587
0,0,1,0,0,1,0,0,0,0,0,0,0,0,0,0,0,0,1,0,0,0,0,0,0,0,19143,25.472,4,0.2,7.6416,2017,4,4,537,587
0,0,1,0,0,0,0,0,1,0,0,1,0,0,0,0,0,0,0,0,0,0,0,0,0,0,78664,27.168,2,0.2,2.7168,2017,12,4,7,985
0,0,1,0,0,0,0,0,0,0,0,0,0,1,0,0,0,0,0,0,0,0,0,0,0,0,78664,78.8528,2,0.32,-11.596,2017,12,4,7,985
0,0,1,0,0,0,1,0,1,0,0,0,0,0,0,0,0,0,0,0,0,0,0,1,0,0,39212,173.8,5,0,43.45,2017,11,4,82,53
0,1,0,0,0,0,0,1,0,1,0,0,0,0,0,0,0,0,0,0,0,0,1,0,0,0,85023,29.592,1,0.2,2.5893,2017,5,3,63,224
0,1,0,0,0,0,0,1,1,0,0,0,1,0,0,0,0,0,0,0,0,0,0,0,0,0,85023,4.752,2,0.7,-3.168,2017,5,3,63,224
0,1,0,0,0,0,0,1,1,0,0,0,0,0,0,0,0,0,0,0,0,1,0,0,0,0,85023,15.552,3,0.2,5.6376,2017,5,3,63,224
1,0,0,0,0,0,0,1,0,0,0,0,0,0,0,0,0,0,1,0,0,0,0,0,0,0,92054,204.6,2,0,53.196,2015,9,0,30,2001
0,0,1,1,0,0,0,1,0,0,0,0,0,0,1,0,0,0,0,0,0,0,0,0,0,0,94110,321.568,2,0.2,28.1372,2017,11,5,510,2001
0,0,1,0,1,0,1,0,1,0,0,0,1,0,0,0,0,0,0,0,0,0,0,0,0,0,72701,6.24,2,0,3.0576,2015,11,4,41,60
0,0,0,1,0,0,0,1,1,0,0,0,0,0,0,0,1,0,0,0,0,0,0,0,0,0,94110,21.88,2,0,10.94,2016,9,3,510,2001
0,1,0,0,0,0,1,0,1,0,0,0,0,0,0,0,0,0,0,1,0,0,0,0,0,0,33433,4.608,2,0.2,1.6704,2014,9,2,3,383
0,0,0,0,1,1,0,0,1,0,0,0,0,0,0,0,0,0,0,1,0,0,0,0,0,0,10011,9.82,2,0,4.8118,2017,4,2,915,1128
0,0,0,0,1,1,0,0,1,0,0,1,0,0,0,0,0,0,0,0,0,0,0,0,0,0,10011,35.97,3,0,9.7119,2017,4,2,915,1128
0,0,0,0,1,1,0,0,1,0,0,0,0,0,0,0,0,0,0,0,0,1,0,0,0,0,10011,12.96,2,0,6.2208,2017,4,2,915,1128
0,0,0,0,1,1,0,0,1,0,0,0,0,0,0,0,0,0,0,0,0,1,0,0,0,0,10011,191.6,4,0,91.968,2017,4,2,915,1128
0,0,0,0,1,1,0,0,1,0,0,0,0,0,0,0,0,0,0,1,0,0,0,0,0,0,10011,8.64,3,0,4.2336,2017,4,2,915,1128
0,0,0,0,1,1,0,0,1,0,0,0,0,0,0,0,0,0,0,0,0,0,0,1,0,0,10011,501.81,3,0,0,2017,4,2,915,1128
0,1,0,0,0,1,0,0,0,0,0,0,0,0,0,0,0,0,1,0,0,0,0,0,0,0,19134,127.104,6,0.2,28.5984,2014,1,2,537,587
0,1,0,0,0,1,0,0,0,1,0,0,0,0,0,0,0,0,0,0,0,0,1,0,0,0,19134,124.2,3,0.4,-31.05,2014,1,2,537,587
0,1,0,0,0,1,0,0,1,0,0,0,1,0,0,0,0,0,0,0,0,0,0,0,0,0,19134,18.588,2,0.7,-13.6312,2014,1,2,537,587
0,1,0,0,0,1,0,0,1,0,0,0,0,0,0,0,0,0,0,1,0,0,0,0,0,0,19134,30.072,3,0.2,10.1493,2014,1,2,537,587
0,1,0,0,1,1,0,0,0,1,0,0,0,0,0,0,0,0,0,0,0,0,1,0,0,0,10011,160.93,7,0,3.2186,2017,10,3,915,1128
0,1,0,0,1,1,0,0,1,0,0,0,1,0,0,0,0,0,0,0,0,0,0,0,0,0,10011,75.792,3,0.2,25.5798,2017,10,3,915,1128
0,0,1,0,0,0,0,1,1,0,0,0,1,0,0,0,0,0,0,0,0,0,0,0,0,0,97206,1.08,2,0.7,-0.792,2017,7,6,24,124
0,0,0,1,0,0,0,0,0,1,0,0,0,0,0,0,0,0,0,0,1,0,0,0,0,0,48205,3059.982,2,0.1,679.996,2017,1,3,115,255
0,0,0,0,0,0,1,0,1,0,0,0,1,0,0,0,0,0,0,0,0,0,0,0,0,0,28403,3.282,2,0.7,-2.6256,2016,5,1,36,249
0,0,0,1,0,0,0,0,1,0,0,0,0,0,0,0,0,0,0,0,0,1,0,0,0,0,47201,34.02,3,0,16.6698,2015,12,3,222,149
0,0,1,0,0,1,0,0,0,0,0,0,0,0,1,0,0,0,0,0,0,0,0,0,0,0,10035,599.292,6,0.1,93.2232,2016,10,5,915,1128
0,1,0,0,0,0,0,1,1,0,0,1,0,0,0,0,0,0,0,0,0,0,0,0,0,0,80027,3.392,1,0.2,0.8056,2014,11,3,57,182
0,1,0,0,0,0,0,1,0,1,0,0,0,0,0,0,0,0,0,0,0,0,1,0,0,0,80027,559.984,2,0.2,55.9984,2014,11,3,57,182
0,1,0,0,0,0,0,1,0,0,0,0,0,0,1,0,0,0,0,0,0,0,0,0,0,0,80027,603.92,5,0.2,75.49,2014,11,3,57,182
0,0,1,0,1,0,0,0,1,0,0,0,0,0,0,0,0,0,0,1,0,0,0,0,0,0,77506,7.968,2,0.2,2.5896,2017,9,6,42,985
0,0,1,0,1,0,0,0,1,0,0,0,0,0,0,0,1,0,0,0,0,0,0,0,0,0,77506,27.968,4,0.2,9.4392,2017,9,6,42,985
0,0,1,0,1,0,0,0,0,1,0,0,0,0,0,0,0,0,0,0,1,0,0,0,0,0,77506,336.51,3,0.4,44.868,2017,9,6,42,985
1,0,0,0,0,0,0,0,1,0,0,0,1,0,0,0,0,0,0,0,0,0,0,0,0,0,77041,1.112,2,0.8,-1.8904,2015,3,0,377,985
0,0,1,1,0,1,0,0,0,0,0,0,0,0,0,0,0,0,1,0,0,0,0,0,0,0,13021,520.05,5,0,72.807,2017,5,5,24,1128
0,0,1,1,0,1,0,0,1,0,0,1,0,0,0,0,0,0,0,0,0,0,0,0,0,0,13021,17.97,3,0,5.2113,2017,5,5,24,1128
0,1,0,0,1,0,1,0,0,0,0,0,0,0,1,0,0,0,0,0,0,0,0,0,0,0,32216,1166.92,5,0.2,131.2785,2015,3,2,125,383
0,0,0,0,0,1,0,0,1,0,0,0,1,0,0,0,0,0,0,0,0,0,0,0,0,0,10024,14.624,2,0.2,5.484,2016,9,2,915,1128
0,0,0,0,0,0,0,1,1,0,0,0,0,0,0,0,0,1,0,0,0,0,0,0,0,0,95123,10.23,3,0,4.9104,2016,8,1,42,2001
0,0,0,0,0,0,0,1,1,0,0,0,0,0,0,0,0,0,0,0,0,1,0,0,0,0,95123,154.9,5,0,69.705,2016,8,1,42,2001
0,0,1,1,0,0,1,0,1,0,0,0,1,0,0,0,0,0,0,0,0,0,0,0,0,0,23464,2715.93,7,0,1276.4871,2014,5,4,16,224
0,0,1,1,0,0,1,0,0,1,0,0,0,0,0,0,0,0,0,0,0,0,1,0,0,0,23464,617.97,3,0,173.0316,2014,5,4,16,224
0,0,1,0,0,0,1,0,1,0,0,0,0,0,0,0,1,0,0,0,0,0,0,0,0,0,42420,10.67,1,0,4.9082,2015,10,6,51,139
0,0,1,0,0,0,1,0,1,0,0,0,0,0,0,0,0,0,0,0,0,0,0,1,0,0,42420,36.63,3,0,9.8901,2015,10,6,51,139
0,0,1,0,0,0,1,0,0,0,0,0,0,0,0,0,0,0,1,0,0,0,0,0,0,0,42420,24.1,5,0,9.158,2015,10,6,51,139
0,0,1,0,0,0,1,0,0,0,0,0,0,0,0,0,0,0,1,0,0,0,0,0,0,0,42420,33.11,7,0,12.9129,2015,10,6,51,139
0,0,1,0,1,0,0,1,1,0,0,1,0,0,0,0,0,0,0,0,0,0,0,0,0,0,98661,44.02,2,0,11.4452,2016,11,4,5,506
1,0,0,0,0,1,0,0,0,1,0,0,0,0,0,0,0,0,0,0,0,0,0,0,0,0,10024,2309.65,7,0,762.1845,2015,7,0,915,1128
1,0,0,0,0,1,0,0,0,0,0,0,0,0,0,0,0,0,0,0,0,0,0,0,0,1,10024,1090.782,7,0.4,-290.8752,2015,7,0,915,1128
1,0,0,0,0,1,0,0,1,0,0,0,0,0,0,0,0,0,0,0,0,1,0,0,0,0,10024,19.44,3,0,9.3312,2015,7,0,915,1128
0,0,1,0,0,0,0,1,1,0,0,0,0,0,0,0,0,0,0,0,0,0,0,1,0,0,92563,484.65,3,0,92.0835,2015,8,4,1,2001
0,0,1,0,0,0,1,0,1,0,0,0,0,0,0,0,0,0,0,0,0,1,0,0,0,0,28540,115.296,3,0.2,40.3536,2015,11,4,125,249
0,0,0,0,0,0,0,1,1,0,0,0,0,0,0,0,1,0,0,0,0,0,0,0,0,0,85254,7.08,3,0.2,2.478,2015,11,3,12,224
0,0,0,0,0,0,0,1,1,0,0,0,1,0,0,0,0,0,0,0,0,0,0,0,0,0,85254,4.401,3,0.7,-3.5208,2015,11,3,12,224
0,0,1,0,0,0,0,0,1,0,0,0,0,0,0,0,0,0,0,0,0,1,0,0,0,0,52601,44.75,5,0,20.585,2017,12,6,25,30
0,0,0,0,0,0,0,0,0,1,0,0,0,0,0,0,0,0,0,0,0,0,1,0,0,0,60653,95.984,2,0.2,5.999,2017,8,2,314,492
0,0,0,0,0,0,0,1,0,0,0,0,0,0,0,0,0,0,1,0,0,0,0,0,0,0,92037,151.72,4,0,27.3096,2014,11,2,170,2001
0,1,0,0,0,0,0,1,0,0,0,0,0,0,0,0,0,0,1,0,0,0,0,0,0,0,98502,155.25,3,0,46.575,2017,6,4,5,506
0,1,0,0,0,0,0,1,1,0,0,0,0,0,0,0,0,0,0,0,0,0,0,1,0,0,98502,14.03,1,0,4.0687,2017,6,4,5,506
0,1,0,0,0,0,0,1,0,0,0,0,0,0,0,0,0,0,0,0,0,0,0,0,0,1,98103,1618.37,13,0,356.0414,2015,12,3,428,506
0,1,0,0,0,0,0,1,0,1,0,0,0,0,0,0,0,0,0,0,0,0,0,0,0,0,98103,99.6,1,0,36.852,2015,12,3,428,506
0,1,0,0,1,0,0,1,1,0,0,0,0,0,0,0,0,0,0,0,0,1,0,0,0,0,90036,32.4,5,0,15.552,2015,9,2,747,2001
0,0,1,1,0,1,0,0,0,0,0,0,0,0,0,0,0,0,1,0,0,0,0,0,0,0,10011,13.96,2,0,6.7008,2015,7,4,915,1128
0,0,1,1,0,1,0,0,0,0,0,0,0,0,0,0,0,0,1,0,0,0,0,0,0,0,10011,155.82,3,0,63.8862,2015,7,4,915,1128
0,0,1,1,0,1,0,0,0,1,0,0,0,0,0,0,0,0,0,0,0,0,1,0,0,0,10011,124.95,5,0,2.499,2015,7,4,915,1128
0,0,1,1,0,1,0,0,1,0,0,0,0,0,0,0,0,0,0,0,0,0,0,1,0,0,10011,601.65,5,0,156.429,2015,7,4,915,1128
0,0,1,0,0,1,0,0,1,0,0,1,0,0,0,0,0,0,0,0,0,0,0,0,0,0,20016,22.74,3,0,8.8686,2015,4,6,10,10
0,0,1,0,0,1,0,0,0,0,0,0,0,0,1,0,0,0,0,0,0,0,0,0,0,0,20016,1267.53,3,0,316.8825,2015,4,6,10,10
0,0,1,0,0,1,0,0,0,1,0,0,0,0,0,0,0,0,0,0,1,0,0,0,0,0,20016,1379.92,8,0,648.5624,2015,4,6,10,10
0,0,1,0,0,1,0,0,1,0,0,0,0,0,0,0,1,0,0,0,0,0,0,0,0,0,19134,6.208,2,0.2,2.1728,2015,6,4,537,587
0,0,0,0,1,0,0,1,1,0,0,0,1,0,0,0,0,0,0,0,0,0,0,0,0,0,90045,11.808,2,0.2,4.2804,2017,12,3,747,2001
0,1,0,0,1,1,0,0,1,0,0,0,0,0,0,0,0,0,0,0,0,1,0,0,0,0,45503,15.552,3,0.2,5.4432,2016,1,2,163,469
0,1,0,0,1,1,0,0,1,0,0,0,0,0,0,0,0,0,0,0,0,1,0,0,0,0,45503,63.312,3,0.2,20.5764,2016,1,2,163,469
0,1,0,0,1,1,0,0,0,1,0,0,0,0,0,0,0,0,0,0,0,0,1,0,0,0,45503,15.588,2,0.4,-9.8724,2016,1,2,163,469
0,0,1,1,0,1,0,0,1,0,0,0,0,0,0,0,0,0,0,0,0,1,0,0,0,0,7601,177.2,5,0,83.284,2014,7,4,6,130
0,0,1,1,0,1,0,0,0,1,0,0,0,0,0,0,0,0,0,0,0,0,1,0,0,0,7601,197.97,3,0,57.4113,2014,7,4,6,130
0,0,1,1,0,1,0,0,0,0,0,0,0,0,1,0,0,0,0,0,0,0,0,0,0,0,7601,854.94,3,0,213.735,2014,7,4,6,130
0,0,1,1,0,1,0,0,0,0,0,0,0,0,0,0,0,0,1,0,0,0,0,0,0,0,7601,124.11,9,0,52.1262,2014,7,4,6,130
0,0,1,1,0,1,0,0,1,0,0,0,0,0,0,0,0,0,0,1,0,0,0,0,0,0,7601,14.4,5,0,7.056,2014,7,4,6,130
0,0,0,0,0,1,0,0,1,0,0,0,0,0,0,0,0,0,0,0,0,1,0,0,0,0,45231,15.696,3,0.2,5.1012,2016,11,2,17,469
0,0,0,0,0,1,0,0,1,0,0,0,1,0,0,0,0,0,0,0,0,0,0,0,0,0,45231,2.628,2,0.7,-1.9272,2016,11,2,17,469
0,0,0,0,0,1,0,0,1,0,0,0,1,0,0,0,0,0,0,0,0,0,0,0,0,0,45231,14.427,3,0.7,-10.5798,2016,11,2,17,469
0,0,1,0,1,0,0,0,0,0,0,0,0,0,0,0,0,0,1,0,0,0,0,0,0,0,65109,86.62,2,0,8.662,2016,4,4,1,66
0,0,0,0,0,0,0,1,1,0,0,0,1,0,0,0,0,0,0,0,0,0,0,0,0,0,90004,36.624,3,0.2,13.734,2015,6,1,747,2001
0,0,0,0,0,0,1,0,1,0,0,1,0,0,0,0,0,0,0,0,0,0,0,0,0,0,27217,23.968,7,0.2,2.6964,2017,11,1,25,249
0,0,0,0,0,0,1,0,1,0,0,1,0,0,0,0,0,0,0,0,0,0,0,0,0,0,27217,28.728,3,0.2,1.7955,2017,11,1,25,249
0,0,1,0,1,0,0,0,0,0,0,0,0,0,0,0,0,0,0,0,0,0,0,0,0,1,63376,697.16,4,0,146.4036,2016,3,4,1,66
0,1,0,0,0,1,0,0,0,1,0,0,0,0,0,0,0,0,0,0,0,0,0,0,0,0,10035,31.86,2,0,11.151,2016,9,3,915,1128
0,1,0,0,0,1,0,0,0,0,0,0,0,1,0,0,0,0,0,0,0,0,0,0,0,0,10035,722.352,3,0.2,90.294,2016,9,3,915,1128
0,0,0,1,0,0,0,0,1,0,0,1,0,0,0,0,0,0,0,0,0,0,0,0,0,0,60610,8.84,5,0.2,2.9835,2017,7,3,314,492
0,0,0,1,0,0,0,0,1,0,1,0,0,0,0,0,0,0,0,0,0,0,0,0,0,0,60610,58.464,9,0.8,-146.16,2017,7,3,314,492
0,0,1,0,1,0,0,0,0,0,0,0,0,0,1,0,0,0,0,0,0,0,0,0,0,0,61107,254.604,14,0.3,-18.186,2017,10,4,11,492
0,0,1,0,0,0,1,0,0,1,0,0,0,0,0,0,0,0,0,0,0,0,1,0,0,0,33142,1363.96,5,0.2,85.2475,2016,3,5,57,383
0,0,1,0,0,0,1,0,0,0,0,0,0,0,0,0,0,0,1,0,0,0,0,0,0,0,33142,102.36,3,0.2,-3.8385,2016,3,5,57,383
0,1,0,0,0,0,0,1,0,1,0,0,0,0,0,0,0,0,0,0,0,0,1,0,0,0,94109,1113.504,12,0.2,125.2692,2014,5,5,510,2001
0,1,0,0,0,0,0,1,0,1,0,0,0,0,0,0,0,0,0,0,0,0,0,0,0,0,94109,99.99,1,0,37.9962,2014,5,5,510,2001
0,0,0,1,0,1,0,0,0,0,0,0,0,0,0,0,0,0,1,0,0,0,0,0,0,0,19134,168.464,2,0.2,-29.4812,2015,7,2,537,587
0,0,0,1,0,1,0,0,1,0,0,0,0,0,0,0,0,0,0,0,0,1,0,0,0,0,19134,6.72,2,0.2,2.436,2015,7,2,537,587
0,0,0,1,0,1,0,0,0,0,0,0,0,0,0,0,0,0,1,0,0,0,0,0,0,0,19134,282.888,9,0.2,56.5776,2015,7,2,537,587
0,0,1,0,1,1,0,0,1,0,0,1,0,0,0,0,0,0,0,0,0,0,0,0,0,0,10009,11.16,2,0,4.3524,2015,4,4,915,1128
0,0,1,0,1,1,0,0,0,0,0,0,0,0,0,0,0,0,1,0,0,0,0,0,0,0,10009,108.4,2,0,22.764,2015,4,4,915,1128
0,0,1,0,1,1,0,0,1,0,0,0,1,0,0,0,0,0,0,0,0,0,0,0,0,0,10009,82.344,3,0.2,27.7911,2015,4,4,915,1128
0,0,1,0,1,1,0,0,1,0,0,0,1,0,0,0,0,0,0,0,0,0,0,0,0,0,10009,9.088,4,0.2,3.2944,2015,4,4,915,1128
0,0,1,1,0,0,0,1,1,0,0,0,1,0,0,0,0,0,0,0,0,0,0,0,0,0,92037,19.936,4,0.2,7.2268,2017,12,7,170,2001
0,0,1,1,0,0,0,1,1,0,0,0,1,0,0,0,0,0,0,0,0,0,0,0,0,0,92037,65.568,2,0.2,22.9488,2017,12,7,170,2001
0,0,1,0,1,1,0,0,1,0,0,0,0,0,0,0,0,1,0,0,0,0,0,0,0,0,19143,4.416,3,0.2,1.6008,2016,11,7,537,587
0,0,1,0,0,0,0,0,0,0,0,0,0,0,1,0,0,0,0,0,0,0,0,0,0,0,77095,107.772,2,0.3,-29.2524,2015,3,6,377,985
0,0,1,1,0,1,0,0,1,0,1,0,0,0,0,0,0,0,0,0,0,0,0,0,0,0,43615,45.216,3,0.2,4.5216,2015,4,5,32,469
0,0,1,1,0,1,0,0,1,0,0,0,0,0,0,0,0,1,0,0,0,0,0,0,0,0,43615,10.416,7,0.2,-2.2134,2015,4,5,32,469
0,0,1,1,0,1,0,0,1,0,0,1,0,0,0,0,0,0,0,0,0,0,0,0,0,0,43615,7.872,3,0.2,1.2792,2015,4,5,32,469
0,0,1,1,0,1,0,0,0,1,0,0,0,0,0,0,0,0,0,0,0,0,1,0,0,0,43615,118.782,3,0.4,-27.7158,2015,4,5,32,469
0,0,1,1,0,1,0,0,1,0,0,0,0,0,0,0,0,1,0,0,0,0,0,0,0,0,43615,1.448,1,0.2,0.2353,2015,4,5,32,469
0,0,1,1,0,1,0,0,1,0,0,0,1,0,0,0,0,0,0,0,0,0,0,0,0,0,43615,55.47,5,0.7,-46.225,2015,4,5,32,469
0,0,0,0,0,0,0,1,0,0,0,0,0,0,1,0,0,0,0,0,0,0,0,0,0,0,94122,194.848,4,0.2,12.178,2016,10,1,510,2001
0,1,0,0,0,0,0,0,1,0,0,0,0,0,0,0,0,0,0,0,0,0,0,0,1,0,78521,1.744,1,0.2,-0.3488,2017,9,2,7,985
0,0,1,0,1,1,0,0,1,0,0,0,1,0,0,0,0,0,0,0,0,0,0,0,0,0,19143,25.176,4,0.7,-18.4624,2015,7,4,537,587
0,0,1,0,1,0,0,1,1,0,0,1,0,0,0,0,0,0,0,0,0,0,0,0,0,0,90008,19.46,7,0,5.0596,2015,11,6,747,2001
0,0,1,0,1,0,0,1,1,0,0,0,0,0,0,0,0,0,0,0,0,1,0,0,0,0,80219,29.472,3,0.2,9.9468,2016,4,4,44,182
0,0,1,0,0,1,0,0,1,0,0,0,1,0,0,0,0,0,0,0,0,0,0,0,0,0,10035,8.64,2,0.2,3.024,2017,11,5,915,1128
0,0,1,0,0,0,0,1,1,0,0,0,1,0,0,0,0,0,0,0,0,0,0,0,0,0,85204,6.27,5,0.7,-4.598,2016,11,7,28,224
0,0,1,0,0,0,0,1,1,0,0,0,1,0,0,0,0,0,0,0,0,0,0,0,0,0,85204,4.368,7,0.7,-3.3488,2016,11,7,28,224
0,0,1,0,0,0,0,1,0,1,0,0,0,0,0,0,0,0,0,0,0,0,0,0,0,0,85204,31.984,2,0.2,1.999,2016,11,7,28,224
0,0,0,0,1,0,0,0,1,0,0,1,0,0,0,0,0,0,0,0,0,0,0,0,0,0,47201,40.88,7,0,10.6288,2016,9,1,222,149
0,1,0,0,0,0,0,1,1,0,1,0,0,0,0,0,0,0,0,0,0,0,0,0,0,0,98105,119.96,2,0,33.5888,2017,9,2,428,506
0,1,0,0,0,0,0,1,1,0,0,0,0,0,0,0,0,0,0,0,0,0,0,1,0,0,98105,31.44,3,0,8.4888,2017,9,2,428,506
0,1,0,0,0,0,0,1,1,0,0,0,1,0,0,0,0,0,0,0,0,0,0,0,0,0,98105,6.88,1,0.2,2.322,2017,9,2,428,506
0,0,1,1,0,0,0,0,1,0,0,0,0,0,0,0,0,0,0,0,0,1,0,0,0,0,48227,19.92,4,0,9.3624,2015,11,5,115,255
0,0,1,1,0,0,0,0,0,0,0,0,0,0,1,0,0,0,0,0,0,0,0,0,0,0,48227,1106.91,9,0,121.7601,2015,11,5,115,255
0,0,1,0,0,1,0,0,0,0,0,0,0,0,0,0,0,0,0,0,0,0,0,0,0,1,10701,836.592,8,0.4,-264.9208,2016,3,4,15,1128
0,0,1,0,0,1,0,0,1,0,0,0,0,0,0,0,0,0,0,0,0,1,0,0,0,0,10701,26.38,1,0,12.1348,2016,3,4,15,1128
0,0,1,0,0,1,0,0,1,0,0,0,0,0,0,0,0,0,0,0,0,0,0,1,0,0,10701,362.92,2,0,105.2468,2016,3,4,15,1128
0,0,1,0,0,1,0,0,0,1,0,0,0,0,0,0,0,0,0,0,1,0,0,0,0,0,10701,4899.93,7,0,2400.9657,2016,3,4,15,1128
1,0,0,0,0,0,0,0,1,0,0,0,0,0,0,0,0,0,0,0,0,1,0,0,0,0,50315,6.48,1,0,3.1104,2016,8,0,19,30
0,1,0,1,0,0,0,1,0,1,0,0,0,0,0,0,0,0,0,0,0,0,1,0,0,0,94601,71.976,3,0.2,7.1976,2016,8,5,26,2001
0,1,0,1,0,0,0,1,1,0,0,0,0,0,0,0,0,0,0,1,0,0,0,0,0,0,94601,3.15,1,0,1.512,2016,8,5,26,2001
0,0,1,1,0,0,1,0,0,0,0,0,0,0,0,0,0,0,1,0,0,0,0,0,0,0,28110,31.984,2,0.2,1.999,2017,6,6,21,249
0,0,1,1,0,0,1,0,0,1,0,0,0,0,0,0,0,0,0,0,0,0,1,0,0,0,28110,71.984,2,0.2,25.1944,2017,6,6,21,249
0,0,1,0,0,0,0,1,1,0,0,1,0,0,0,0,0,0,0,0,0,0,0,0,0,0,92105,120.15,9,0,33.642,2015,12,7,170,2001
0,0,1,0,0,0,0,1,0,1,0,0,0,0,0,0,0,0,0,0,0,0,1,0,0,0,92105,219.184,2,0.2,19.1786,2015,12,7,170,2001
0,0,1,0,1,1,0,0,1,0,0,0,0,0,0,0,0,0,0,0,0,1,0,0,0,0,20735,28.9,5,0,14.161,2015,12,4,29,105
0,0,1,0,1,1,0,0,1,0,1,0,0,0,0,0,0,0,0,0,0,0,0,0,0,0,20735,355.96,2,0,103.2284,2015,12,4,29,105
0,0,1,0,1,0,1,0,1,0,0,0,0,0,0,0,0,0,0,0,0,0,0,1,0,0,28205,348.208,7,0.2,30.4682,2017,1,5,52,249
0,0,1,0,1,0,1,0,1,0,0,0,1,0,0,0,0,0,0,0,0,0,0,0,0,0,28205,35.784,7,0.7,-28.6272,2017,1,5,52,249
0,0,0,1,0,0,0,1,0,0,0,0,0,0,0,0,0,0,0,0,0,0,0,0,0,1,90049,447.84,5,0.2,11.196,2014,6,3,747,2001
0,0,0,0,1,0,0,1,1,0,0,1,0,0,0,0,0,0,0,0,0,0,0,0,0,0,94122,7.04,4,0,2.0416,2016,6,3,510,2001
0,0,0,0,1,0,0,1,0,0,0,0,0,0,0,0,0,0,1,0,0,0,0,0,0,0,94122,8.73,3,0,4.1031,2016,6,3,510,2001
0,0,0,0,1,0,0,1,0,1,0,0,0,0,0,0,0,0,0,0,0,0,0,0,0,0,94122,29.29,1,0,9.6657,2016,6,3,510,2001
0,0,0,0,1,0,0,1,1,0,0,1,0,0,0,0,0,0,0,0,0,0,0,0,0,0,94122,8.64,3,0,2.5056,2016,6,3,510,2001
0,0,1,0,0,0,0,0,1,0,0,0,1,0,0,0,0,0,0,0,0,0,0,0,0,0,77041,2.694,3,0.8,-4.7145,2017,4,6,377,985
0,0,1,0,0,0,0,0,1,0,0,0,1,0,0,0,0,0,0,0,0,0,0,0,0,0,77041,2.934,3,0.8,-4.9878,2017,4,6,377,985
0,0,1,0,0,0,0,1,1,0,0,0,0,0,0,0,0,0,0,0,0,1,0,0,0,0,92503,22.92,3,0,11.2308,2016,10,6,14,2001
0,0,1,0,0,0,0,0,1,0,0,0,0,0,0,0,0,0,0,0,0,0,0,1,0,0,77041,100.704,6,0.2,-16.3644,2016,11,5,377,985
0,0,1,0,0,0,0,0,0,0,0,0,0,0,0,0,0,0,1,0,0,0,0,0,0,0,77041,2.328,2,0.6,-0.7566,2016,11,5,377,985
0,0,1,0,0,0,0,0,1,0,0,0,1,0,0,0,0,0,0,0,0,0,0,0,0,0,77041,10.78,5,0.8,-17.248,2016,11,5,377,985
0,0,1,0,0,0,0,0,1,0,0,0,0,0,0,0,0,1,0,0,0,0,0,0,0,0,77041,58.368,12,0.2,21.888,2016,11,5,377,985
0,0,1,0,0,0,0,0,1,0,0,0,0,0,0,0,1,0,0,0,0,0,0,0,0,0,77041,40.968,3,0.2,13.8267,2016,11,5,377,985
0,0,1,0,0,0,0,0,0,1,0,0,0,0,0,0,0,0,0,0,0,0,1,0,0,0,77041,71.96,5,0.2,25.186,2016,11,5,377,985
0,0,1,0,0,0,0,0,1,0,0,0,0,0,0,0,0,0,0,0,0,1,0,0,0,0,77041,10.368,2,0.2,3.6288,2016,11,5,377,985
0,0,1,0,0,0,0,0,1,0,0,0,1,0,0,0,0,0,0,0,0,0,0,0,0,0,77041,1.192,2,0.8,-2.0264,2016,11,5,377,985
0,1,0,0,0,0,0,1,1,0,0,0,1,0,0,0,0,0,0,0,0,0,0,0,0,0,92024,46.672,2,0.2,16.3352,2017,12,5,5,2001
0,1,0,0,0,0,0,1,0,0,0,0,0,1,0,0,0,0,0,0,0,0,0,0,0,0,92024,119.833,1,0.15,-12.6882,2017,12,5,5,2001
0,1,0,0,0,0,0,1,0,1,0,0,0,0,0,0,0,0,0,0,0,0,0,0,0,0,92024,119.98,2,0,57.5904,2017,12,5,5,2001
0,1,0,1,0,0,0,1,1,0,0,0,0,0,0,0,0,0,0,1,0,0,0,0,0,0,94110,6.3,2,0,3.024,2016,7,2,510,2001
0,0,1,0,0,0,1,0,1,0,0,0,0,0,0,0,0,0,0,0,0,1,0,0,0,0,30076,279.9,5,0,137.151,2015,9,4,18,184
0,0,1,0,0,0,1,0,0,1,0,0,0,0,0,0,0,0,0,0,0,0,0,0,0,0,30076,619.95,5,0,111.591,2015,9,4,18,184
0,0,1,0,0,0,1,0,1,0,0,0,0,0,0,0,0,0,0,0,0,1,0,0,0,0,30076,4.36,2,0,2.0492,2015,9,4,18,184
0,0,1,0,0,0,1,0,1,0,0,0,0,0,0,0,1,0,0,0,0,0,0,0,0,0,30076,15.28,2,0,7.4872,2015,9,4,18,184
0,0,1,0,0,0,1,0,0,1,0,0,0,0,0,0,0,0,0,0,0,0,1,0,0,0,72401,699.93,7,0,181.9818,2014,1,6,11,60
0,0,1,0,0,0,1,0,1,0,0,1,0,0,0,0,0,0,0,0,0,0,0,0,0,0,72401,22.96,7,0,6.6584,2014,1,6,11,60
0,0,1,0,0,0,1,0,0,0,0,0,0,0,0,0,0,0,1,0,0,0,0,0,0,0,72401,38.6,4,0,11.58,2014,1,6,11,60
0,0,1,0,0,0,1,0,1,0,0,1,0,0,0,0,0,0,0,0,0,0,0,0,0,0,72401,6.63,3,0,1.7901,2014,1,6,11,60
0,0,1,0,0,0,1,0,1,0,0,0,0,0,0,0,1,0,0,0,0,0,0,0,0,0,72401,23.34,3,0,10.9698,2014,1,6,11,60
0,0,1,0,0,0,1,0,0,0,0,0,0,0,1,0,0,0,0,0,0,0,0,0,0,0,72401,1067.94,3,0,224.2674,2014,1,6,11,60
0,0,1,0,1,0,0,0,1,0,0,1,0,0,0,0,0,0,0,0,0,0,0,0,0,0,47374,10.16,1,0,2.6416,2015,3,5,90,149
0,0,1,0,1,0,0,0,1,0,0,0,0,0,0,0,1,0,0,0,0,0,0,0,0,0,47374,101.88,6,0,50.94,2015,3,5,90,149
0,0,1,0,0,0,1,0,0,0,0,0,0,0,0,0,0,0,0,0,0,0,0,0,0,1,22153,343.92,4,0,75.6624,2016,4,4,163,224
0,0,1,0,0,0,1,0,1,0,0,0,0,0,0,0,0,0,0,0,0,1,0,0,0,0,22153,40.99,1,0,20.0851,2016,4,4,163,224
0,0,1,0,0,0,1,0,1,0,0,0,0,0,0,0,1,0,0,0,0,0,0,0,0,0,22153,63.9,5,0,28.755,2016,4,4,163,224
0,0,0,1,0,0,0,1,1,0,0,0,0,0,0,0,0,0,0,0,0,1,0,0,0,0,94509,19.44,3,0,9.3312,2016,12,1,1,2001
0,0,1,0,1,1,0,0,1,0,0,0,0,0,0,0,0,0,0,0,0,0,0,1,0,0,19134,124.608,4,0.2,-23.364,2016,6,4,537,587
0,0,1,0,1,1,0,0,1,0,0,0,0,0,0,0,0,0,0,1,0,0,0,0,0,0,19134,7.56,3,0.2,2.646,2016,6,4,537,587
1,0,0,0,0,0,1,0,1,0,0,0,0,0,0,0,0,0,0,0,0,0,0,1,0,0,33030,85.224,3,0.2,7.4571,2016,12,0,3,383
0,1,0,1,0,0,0,0,1,0,0,0,0,0,0,0,1,0,0,0,0,0,0,0,0,0,46350,287.52,8,0,129.384,2016,11,3,10,149
0,1,0,1,0,0,0,0,1,0,1,0,0,0,0,0,0,0,0,0,0,0,0,0,0,0,46350,37.68,2,0,10.5504,2016,11,3,10,149
0,1,0,1,0,0,0,0,1,0,0,0,0,0,0,0,0,0,0,0,0,1,0,0,0,0,46350,19.98,2,0,8.991,2016,11,3,10,149
0,1,0,1,0,0,0,0,1,0,0,1,0,0,0,0,0,0,0,0,0,0,0,0,0,0,46350,20.58,7,0,5.5566,2016,11,3,10,149
0,1,0,1,0,0,0,0,1,0,0,0,1,0,0,0,0,0,0,0,0,0,0,0,0,0,46350,17.38,2,0,8.69,2016,11,3,10,149
0,0,1,0,0,0,0,1,0,0,0,0,0,0,0,0,0,0,1,0,0,0,0,0,0,0,90045,204.6,2,0,53.196,2014,9,4,747,2001
0,0,1,0,0,0,0,1,1,0,0,0,0,0,0,0,0,1,0,0,0,0,0,0,0,0,90045,8.72,4,0,2.8776,2014,9,4,747,2001
0,0,1,0,0,0,0,1,1,0,0,0,0,0,0,0,0,0,0,0,0,1,0,0,0,0,90045,6.48,1,0,3.1104,2014,9,4,747,2001
0,0,1,0,0,0,0,1,0,1,0,0,0,0,0,0,0,0,0,0,1,0,0,0,0,0,90045,686.32,2,0.2,223.054,2014,9,4,747,2001
0,0,1,0,0,0,0,1,1,0,0,0,0,0,0,0,0,0,0,0,0,0,0,1,0,0,90045,62.18,1,0,16.7886,2014,9,4,747,2001
1,0,0,0,0,0,0,0,1,0,1,0,0,0,0,0,0,0,0,0,0,0,0,0,0,0,48911,644.076,2,0.1,107.346,2015,4,0,8,255
1,0,0,0,0,0,0,0,1,0,0,0,0,0,0,0,0,1,0,0,0,0,0,0,0,0,48911,5.84,2,0,2.628,2015,4,0,8,255
1,0,0,0,0,0,0,0,1,0,0,0,1,0,0,0,0,0,0,0,0,0,0,0,0,0,48911,12.76,2,0,5.8696,2015,4,0,8,255
1,0,0,0,0,0,0,0,0,1,0,0,0,0,0,0,0,0,0,0,0,0,1,0,0,0,48911,10.95,1,0,0.438,2015,4,0,8,255
1,0,0,0,0,0,0,0,0,1,0,0,0,0,0,1,0,0,0,0,0,0,0,0,0,0,48911,599.98,2,0,209.993,2015,4,0,8,255
0,0,1,1,0,1,0,0,0,0,0,0,0,0,0,0,0,0,1,0,0,0,0,0,0,0,44221,8.352,6,0.2,1.2528,2015,5,6,3,469
0,0,1,1,0,0,0,1,1,0,0,1,0,0,0,0,0,0,0,0,0,0,0,0,0,0,89502,3.64,2,0,1.638,2016,12,6,4,39
0,0,1,1,0,0,0,1,1,0,0,0,1,0,0,0,0,0,0,0,0,0,0,0,0,0,89502,159.768,7,0.2,53.9217,2016,12,6,4,39
0,0,0,0,1,0,1,0,1,0,0,0,0,0,0,0,0,0,0,0,0,0,0,1,0,0,22801,122.48,2,0,0,2014,12,1,7,224
0,0,0,0,1,0,1,0,0,0,0,0,0,0,0,0,0,0,0,0,0,0,0,0,0,1,22801,2244.48,7,0,493.7856,2014,12,1,7,224
0,0,0,0,1,0,1,0,1,0,0,0,1,0,0,0,0,0,0,0,0,0,0,0,0,0,22801,62.31,3,0,29.2857,2014,12,1,7,224
0,0,0,0,1,0,1,0,0,0,0,0,0,0,0,0,0,0,0,0,0,0,0,0,0,1,22801,455.1,2,0,100.122,2014,12,1,7,224
0,1,0,1,0,0,0,1,0,0,0,0,0,0,1,0,0,0,0,0,0,0,0,0,0,0,90004,195.184,1,0.2,19.5184,2016,7,5,747,2001
0,0,1,0,0,0,0,0,1,0,1,0,0,0,0,0,0,0,0,0,0,0,0,0,0,0,55407,362.94,3,0,90.735,2017,6,5,23,89
0,0,1,0,0,0,0,0,1,0,0,0,1,0,0,0,0,0,0,0,0,0,0,0,0,0,55407,11.54,2,0,5.77,2017,6,5,23,89
0,1,0,0,0,0,0,1,1,0,0,1,0,0,0,0,0,0,0,0,0,0,0,0,0,0,92025,53.94,3,0,15.6426,2014,9,4,3,2001
0,0,1,0,1,1,0,0,0,1,0,0,0,0,0,0,0,0,0,0,0,0,1,0,0,0,10035,9.99,1,0,4.5954,2014,3,5,915,1128
0,0,1,0,1,1,0,0,1,0,0,0,1,0,0,0,0,0,0,0,0,0,0,0,0,0,10035,125.76,3,0.2,40.872,2014,3,5,915,1128
0,0,1,0,1,1,0,0,1,0,0,0,1,0,0,0,0,0,0,0,0,0,0,0,0,0,10035,25.32,5,0.2,9.1785,2014,3,5,915,1128
0,0,1,0,0,0,0,0,1,0,0,0,1,0,0,0,0,0,0,0,0,0,0,0,0,0,49201,46.8,4,0,21.06,2014,5,4,82,255
1,0,0,0,0,0,0,1,0,1,0,0,0,0,0,0,0,0,0,0,0,0,0,0,0,0,98115,447.93,9,0,49.2723,2015,11,0,428,506
0,1,0,0,0,1,0,0,0,0,0,0,0,0,0,0,0,0,1,0,0,0,0,0,0,0,10035,109.48,2,0,33.9388,2017,12,2,915,1128
0,1,0,0,0,1,0,0,1,0,0,0,0,0,0,0,0,0,0,0,0,0,0,1,0,0,10035,272.94,3,0,0,2017,12,2,915,1128
0,1,0,0,0,1,0,0,1,0,0,0,0,0,0,0,0,0,0,0,0,1,0,0,0,0,10035,19.44,3,0,9.3312,2017,12,2,915,1128
0,1,0,0,0,1,0,0,1,0,0,0,0,0,0,0,0,0,0,0,0,0,0,1,0,0,10035,31.92,4,0,8.2992,2017,12,2,915,1128
0,0,1,0,0,0,0,0,1,0,0,0,0,0,0,0,0,0,0,0,0,1,0,0,0,0,48073,22.38,2,0,10.7424,2014,3,4,2,255
0,0,1,0,0,0,0,1,1,0,0,0,1,0,0,0,0,0,0,0,0,0,0,0,0,0,90008,16.52,5,0.2,5.5755,2014,4,4,747,2001
0,0,1,0,0,0,0,0,1,0,0,0,1,0,0,0,0,0,0,0,0,0,0,0,0,0,61701,5.176,4,0.8,-7.764,2015,10,4,15,492
0,0,0,1,0,1,0,0,1,0,0,0,1,0,0,0,0,0,0,0,0,0,0,0,0,0,10035,50.112,6,0.2,16.2864,2015,8,3,915,1128
0,0,1,0,1,1,0,0,1,0,0,0,0,0,0,0,0,0,0,0,0,0,0,0,1,0,3301,27.93,3,0,8.0997,2016,8,5,31,27
0,1,0,0,1,0,0,1,1,0,0,0,0,0,0,0,0,0,0,1,0,0,0,0,0,0,90004,11.56,4,0,5.4332,2014,12,3,747,2001
0,0,1,0,0,1,0,0,0,0,0,0,0,0,1,0,0,0,0,0,0,0,0,0,0,0,20852,172.5,2,0,51.75,2016,12,4,5,105
0,0,1,0,0,1,0,0,0,1,0,0,0,0,0,0,0,0,0,0,0,0,1,0,0,0,20852,179.97,3,0,44.9925,2016,12,4,5,105
0,1,0,0,1,0,0,0,0,1,0,0,0,0,0,0,0,0,0,0,0,0,0,0,0,0,77070,258.696,3,0.2,64.674,2016,4,3,377,985
0,0,1,0,0,1,0,0,0,1,0,0,0,0,0,0,0,0,0,0,0,0,1,0,0,0,8701,1322.93,7,0,357.1911,2014,6,4,49,130
0,0,1,0,0,1,0,0,1,0,0,1,0,0,0,0,0,0,0,0,0,0,0,0,0,0,8701,3.76,2,0,1.0904,2014,6,4,49,130
0,0,0,0,0,0,1,0,1,0,0,0,0,0,0,0,1,0,0,0,0,0,0,0,0,0,28540,21.744,1,0.2,7.3386,2017,1,1,125,249
0,0,0,0,0,0,1,0,0,1,0,0,0,0,0,0,0,0,0,0,0,0,1,0,0,0,28540,7.92,5,0.2,0.693,2017,1,1,125,249
0,0,1,1,0,0,0,1,1,0,0,0,1,0,0,0,0,0,0,0,0,0,0,0,0,0,98103,12.096,7,0.2,4.2336,2014,11,6,428,506
0,0,1,1,0,0,0,1,1,0,0,0,0,0,0,0,0,0,0,0,0,0,0,1,0,0,98103,485.88,6,0,9.7176,2014,11,6,428,506
0,0,1,1,0,0,0,1,1,0,0,0,0,0,0,0,0,0,0,0,0,1,0,0,0,0,98103,25.92,4,0,12.4416,2014,11,6,428,506
0,0,1,1,0,0,0,1,1,0,0,0,0,0,0,0,0,0,0,0,0,0,0,1,0,0,98103,197.58,2,0,53.3466,2014,11,6,428,506
0,1,0,0,1,0,0,1,1,0,1,0,0,0,0,0,0,0,0,0,0,0,0,0,0,0,90036,81.92,4,0,22.1184,2017,2,2,747,2001
0,1,0,0,1,0,0,1,0,1,0,0,0,0,0,0,0,0,0,0,0,0,1,0,0,0,90036,889.536,8,0.2,66.7152,2017,2,2,747,2001
0,1,0,0,1,0,0,1,0,0,0,0,0,0,1,0,0,0,0,0,0,0,0,0,0,0,90036,892.224,3,0.2,89.2224,2017,2,2,747,2001
0,1,0,0,1,0,0,1,1,0,0,0,0,0,0,0,0,0,0,0,0,1,0,0,0,0,90036,223.92,4,0,109.7208,2017,2,2,747,2001
0,1,0,0,1,0,0,1,1,0,0,0,0,0,0,0,0,0,0,0,0,1,0,0,0,0,90036,23.12,4,0,11.3288,2017,2,2,747,2001
1,0,0,1,0,0,1,0,1,0,0,0,0,0,0,0,0,0,0,0,0,1,0,0,0,0,33065,15.552,3,0.2,5.4432,2015,9,0,8,383
1,0,0,1,0,0,1,0,0,0,0,0,0,0,0,0,0,0,1,0,0,0,0,0,0,0,33065,15.712,4,0.2,2.5532,2015,9,0,8,383
1,0,0,1,0,0,1,0,1,0,0,0,0,0,0,0,0,0,0,0,0,0,0,1,0,0,33065,24.672,2,0.2,2.1588,2015,9,0,8,383
1,0,0,1,0,0,1,0,0,0,0,0,0,0,0,0,0,0,1,0,0,0,0,0,0,0,33065,55.968,1,0.2,-2.0988,2015,9,0,8,383
0,0,1,0,0,0,0,0,0,1,0,0,0,0,0,0,0,0,0,0,0,0,0,0,0,0,77041,431.928,9,0.2,64.7892,2016,4,4,377,985
0,0,1,0,0,0,0,0,0,0,0,0,0,0,1,0,0,0,0,0,0,0,0,0,0,0,77041,95.984,4,0.3,-4.1136,2016,4,4,377,985
0,0,1,0,0,0,0,0,1,0,0,0,1,0,0,0,0,0,0,0,0,0,0,0,0,0,77041,1088.792,4,0.8,-1850.9464,2016,4,4,377,985
0,0,1,1,0,0,0,1,0,0,0,0,0,0,1,0,0,0,0,0,0,0,0,0,0,0,80219,544.008,3,0.2,40.8006,2016,7,6,44,182
0,0,1,1,0,0,0,1,1,0,0,0,1,0,0,0,0,0,0,0,0,0,0,0,0,0,80219,1.872,3,0.7,-1.4352,2016,7,6,44,182
0,0,1,1,0,0,0,1,0,0,0,0,0,0,1,0,0,0,0,0,0,0,0,0,0,0,80219,854.352,3,0.2,10.6794,2016,7,6,44,182
0,0,1,1,0,0,0,1,1,0,0,0,0,0,0,0,0,0,0,0,0,0,0,1,0,0,80219,593.568,2,0.2,0,2016,7,6,44,182
0,0,1,1,0,0,0,1,1,0,0,0,0,0,0,0,0,0,0,0,0,0,0,1,0,0,80219,338.04,3,0.2,-33.804,2016,7,6,44,182
0,0,0,0,0,0,1,0,0,1,0,0,0,0,0,0,0,0,0,0,0,0,1,0,0,0,28205,271.96,5,0.2,16.9975,2017,8,3,52,249
0,1,0,1,0,1,0,0,1,0,0,0,0,0,0,0,0,0,0,0,0,0,0,1,0,0,10009,11.21,1,0,3.363,2016,7,4,915,1128
0,1,0,1,0,1,0,0,1,0,0,0,1,0,0,0,0,0,0,0,0,0,0,0,0,0,10009,9.144,3,0.2,3.2004,2016,7,4,915,1128
0,1,0,1,0,1,0,0,1,0,0,0,0,0,0,0,0,1,0,0,0,0,0,0,0,0,10009,14.07,7,0,6.8943,2016,7,4,915,1128
0,1,0,1,0,1,0,0,1,0,0,1,0,0,0,0,0,0,0,0,0,0,0,0,0,0,10009,41.86,7,0,10.465,2016,7,4,915,1128
0,1,0,1,0,1,0,0,1,0,0,0,1,0,0,0,0,0,0,0,0,0,0,0,0,0,10009,8.544,2,0.2,2.8836,2016,7,4,915,1128
0,1,0,1,0,1,0,0,0,0,0,0,0,1,0,0,0,0,0,0,0,0,0,0,0,0,10009,579.136,4,0.2,21.7176,2016,7,4,915,1128
0,0,1,1,0,1,0,0,0,0,0,0,0,0,1,0,0,0,0,0,0,0,0,0,0,0,19134,141.372,2,0.3,-48.4704,2017,9,4,537,587
0,0,1,1,0,1,0,0,1,0,0,0,1,0,0,0,0,0,0,0,0,0,0,0,0,0,19134,3.036,2,0.7,-2.3276,2017,9,4,537,587
0,0,1,1,0,1,0,0,1,0,0,0,1,0,0,0,0,0,0,0,0,0,0,0,0,0,19134,4.503,1,0.7,-3.6024,2017,9,4,537,587
0,0,1,1,0,1,0,0,1,0,0,1,0,0,0,0,0,0,0,0,0,0,0,0,0,0,19134,4.672,1,0.2,1.5768,2017,9,4,537,587
0,0,1,1,0,1,0,0,0,1,0,0,0,0,0,0,0,0,0,0,0,0,0,0,0,0,19134,95.88,3,0.2,28.764,2017,9,4,537,587
0,0,1,1,0,1,0,0,0,0,0,0,0,0,0,0,0,0,1,0,0,0,0,0,0,0,19134,17.024,2,0.2,1.7024,2017,9,4,537,587
0,0,1,1,0,1,0,0,0,1,0,0,0,0,0,0,0,0,0,0,0,0,0,0,0,0,19134,258.696,3,0.2,64.674,2017,9,4,537,587
0,0,1,1,0,1,0,0,0,1,0,0,0,0,0,0,0,0,0,0,0,0,1,0,0,0,19134,1931.958,7,0.4,-386.3916,2017,9,4,537,587
0,0,1,0,1,0,0,1,1,0,0,0,0,0,0,0,0,0,0,0,0,0,0,1,0,0,90036,249.75,9,0,44.955,2014,7,4,747,2001
0,0,1,0,1,0,0,1,0,1,0,0,0,0,0,0,0,0,0,0,0,0,1,0,0,0,90036,255.936,8,0.2,28.7928,2014,7,4,747,2001
0,0,0,0,0,1,0,0,0,0,0,0,0,0,0,0,0,0,1,0,0,0,0,0,0,0,10024,113.79,3,0,20.4822,2016,12,1,915,1128
0,0,0,0,0,1,0,0,0,1,0,0,0,0,0,0,0,0,0,0,0,0,0,0,0,0,10024,78.15,1,0,34.386,2016,12,1,915,1128
0,0,0,0,0,1,0,0,1,0,0,0,1,0,0,0,0,0,0,0,0,0,0,0,0,0,10024,1.728,1,0.2,0.6048,2016,12,1,915,1128
0,0,0,0,0,1,0,0,1,0,0,0,0,0,0,0,0,0,0,0,0,1,0,0,0,0,10024,40.56,4,0,19.8744,2016,12,1,915,1128
0,0,0,0,0,1,0,0,1,0,0,0,0,0,0,0,0,0,0,0,0,0,0,1,0,0,10024,182.94,3,0,3.6588,2016,12,1,915,1128
0,0,0,0,0,1,0,0,1,0,0,0,0,0,0,0,0,0,0,0,0,0,0,1,0,0,10024,193.86,2,0,11.6316,2016,12,1,915,1128
0,0,1,0,0,0,0,1,1,0,0,0,0,0,0,0,1,0,0,0,0,0,0,0,0,0,90045,15.28,2,0,7.4872,2017,11,5,747,2001
0,0,1,0,0,0,0,1,0,0,0,0,0,0,0,0,0,0,1,0,0,0,0,0,0,0,90045,8.73,1,0,2.9682,2017,11,5,747,2001
0,0,1,0,0,0,0,1,1,0,0,1,0,0,0,0,0,0,0,0,0,0,0,0,0,0,90045,5.68,2,0,1.7608,2017,11,5,747,2001
0,1,0,0,0,1,0,0,1,0,0,1,0,0,0,0,0,0,0,0,0,0,0,0,0,0,14215,2.78,2,0,0.7228,2015,10,2,10,1128
0,1,0,0,0,1,0,0,1,0,0,0,0,0,0,0,1,0,0,0,0,0,0,0,0,0,14215,79.96,2,0,35.982,2015,10,2,10,1128
0,0,0,1,0,1,0,0,0,1,0,0,0,0,0,1,0,0,0,0,0,0,0,0,0,0,45231,839.988,2,0.4,69.999,2016,5,2,17,469
1,0,0,0,0,0,1,0,0,0,0,0,0,0,0,0,0,0,1,0,0,0,0,0,0,0,33437,47.952,3,0.2,13.7862,2016,10,0,10,383
1,0,0,0,0,0,1,0,1,0,0,0,1,0,0,0,0,0,0,0,0,0,0,0,0,0,33437,37.425,5,0.7,-29.94,2016,10,0,10,383
1,0,0,0,0,0,1,0,0,0,0,0,0,0,0,0,0,0,1,0,0,0,0,0,0,0,33437,63.968,2,0.2,0,2016,10,0,10,383
1,0,0,0,0,0,1,0,0,0,0,0,0,0,0,0,0,0,1,0,0,0,0,0,0,0,33437,165.048,3,0.2,41.262,2016,10,0,10,383
0,0,1,0,0,0,0,1,0,0,0,0,0,0,0,0,0,0,1,0,0,0,0,0,0,0,98105,12.35,1,0,5.434,2014,8,4,428,506
0,0,1,0,0,0,0,1,1,0,0,1,0,0,0,0,0,0,0,0,0,0,0,0,0,0,98105,40.97,1,0,10.6522,2014,8,4,428,506
0,0,1,0,0,0,0,1,1,0,0,0,0,0,0,0,0,1,0,0,0,0,0,0,0,0,98105,22.96,2,0,10.7912,2014,8,4,428,506
0,0,1,0,1,1,0,0,0,1,0,0,0,0,0,0,0,0,0,0,0,0,1,0,0,0,10024,22,4,0,5.5,2016,8,6,915,1128
0,0,1,0,0,1,0,0,1,0,0,0,1,0,0,0,0,0,0,0,0,0,0,0,0,0,10009,398.352,3,0.2,124.485,2016,2,7,915,1128
0,0,1,0,0,1,0,0,1,0,0,0,0,0,0,0,0,1,0,0,0,0,0,0,0,0,10009,8.72,4,0,3.5752,2016,2,7,915,1128
0,0,1,0,0,0,1,0,1,0,0,0,0,0,0,0,1,0,0,0,0,0,0,0,0,0,39503,48.69,9,0,23.8581,2017,5,7,3,53
0,1,0,0,0,0,0,1,0,0,0,0,0,0,0,0,0,0,0,0,0,0,0,0,0,1,93727,764.688,6,0.2,95.586,2014,12,2,26,2001
0,1,0,0,0,0,0,1,0,0,0,0,0,0,0,0,0,0,0,0,0,0,0,0,0,1,93727,3610.848,12,0.2,135.4068,2014,12,2,26,2001
0,1,0,0,0,0,0,1,0,0,0,0,0,1,0,0,0,0,0,0,0,0,0,0,0,0,93727,254.9745,3,0.15,11.9988,2014,12,2,26,2001
0,0,1,0,0,1,0,0,1,0,0,1,0,0,0,0,0,0,0,0,0,0,0,0,0,0,10009,38.82,6,0,17.469,2017,12,6,915,1128
0,0,1,0,0,1,0,0,0,0,0,0,0,0,1,0,0,0,0,0,0,0,0,0,0,0,10009,1141.938,9,0.1,139.5702,2017,12,6,915,1128
0,0,1,0,0,1,0,0,1,0,1,0,0,0,0,0,0,0,0,0,0,0,0,0,0,0,10009,1704.56,13,0,511.368,2017,12,6,915,1128
0,0,1,0,0,1,0,0,1,0,0,1,0,0,0,0,0,0,0,0,0,0,0,0,0,0,10009,3.2,2,0,1.376,2017,12,6,915,1128
0,0,1,0,0,0,0,0,0,1,0,0,0,0,0,0,0,0,0,0,0,0,1,0,0,0,53209,1099.96,4,0,285.9896,2015,7,5,45,110
0,0,1,0,1,1,0,0,1,0,0,1,0,0,0,0,0,0,0,0,0,0,0,0,0,0,19013,5.248,2,0.2,0.5904,2017,3,4,16,587
0,0,1,0,1,1,0,0,0,1,0,0,0,0,0,0,0,0,0,0,0,0,1,0,0,0,19013,35.91,3,0.4,-8.379,2017,3,4,16,587
0,0,1,0,1,1,0,0,0,0,0,0,0,0,0,0,0,0,1,0,0,0,0,0,0,0,19013,6.696,1,0.2,0.5022,2017,3,4,16,587
0,0,1,0,1,1,0,0,0,0,0,0,0,0,0,0,0,0,1,0,0,0,0,0,0,0,19013,43.872,2,0.2,11.5164,2017,3,4,16,587
0,1,0,0,1,0,1,0,1,0,0,0,1,0,0,0,0,0,0,0,0,0,0,0,0,0,28205,27.882,3,0.7,-20.4468,2016,12,4,52,249
0,1,0,0,1,0,1,0,1,0,0,0,0,0,0,0,0,0,0,0,0,0,0,1,0,0,28205,540.048,3,0.2,-47.2542,2016,12,4,52,249
0,1,0,0,1,0,1,0,0,1,0,0,0,0,0,0,0,0,0,0,0,0,0,0,0,0,28205,255.68,8,0.2,76.704,2016,12,4,52,249
0,0,1,0,0,0,1,0,0,1,0,0,0,0,0,0,0,0,0,0,0,0,1,0,0,0,32216,863.88,3,0.2,107.985,2017,10,4,125,383
0,0,1,1,0,0,1,0,1,0,0,0,1,0,0,0,0,0,0,0,0,0,0,0,0,0,27834,17.616,4,0.7,-14.0928,2016,10,7,9,249
0,1,0,0,0,1,0,0,1,0,0,0,1,0,0,0,0,0,0,0,0,0,0,0,0,0,11561,17.472,3,0.2,6.3336,2017,7,2,61,1128
0,0,0,0,0,0,0,0,0,1,0,0,0,0,0,0,0,0,0,0,0,0,1,0,0,0,46350,69.9,2,0,18.873,2016,10,1,10,149
0,0,0,0,0,0,0,0,0,0,0,0,0,0,0,0,0,0,1,0,0,0,0,0,0,0,46350,41.85,5,0,10.881,2016,10,1,10,149
0,0,1,0,0,0,0,1,1,0,0,1,0,0,0,0,0,0,0,0,0,0,0,0,0,0,94122,6.57,3,0,1.7739,2017,9,5,510,2001
0,0,1,1,0,0,0,1,1,0,0,0,0,0,0,0,0,0,0,0,0,0,0,1,0,0,90045,142.86,1,0,41.4294,2014,12,5,747,2001
0,0,1,1,0,0,0,1,0,0,0,0,0,0,1,0,0,0,0,0,0,0,0,0,0,0,90045,292.272,6,0.2,18.267,2014,12,5,747,2001
0,0,1,1,0,0,0,1,0,0,0,0,0,0,0,0,0,0,1,0,0,0,0,0,0,0,80027,29.328,3,0.2,3.666,2017,9,4,57,182
0,0,1,0,0,0,1,0,1,0,0,0,0,0,0,0,0,0,0,0,0,1,0,0,0,0,35630,12.48,2,0,5.616,2017,6,4,21,61
0,0,1,1,0,0,0,0,1,0,0,0,0,0,0,0,0,0,0,0,0,0,0,1,0,0,60623,102.336,4,0.2,-12.792,2016,4,5,314,492
0,0,1,1,0,0,0,0,1,0,1,0,0,0,0,0,0,0,0,0,0,0,0,0,0,0,60623,48.792,3,0.8,-126.8592,2016,4,5,314,492
0,0,1,1,0,0,0,0,1,0,0,0,1,0,0,0,0,0,0,0,0,0,0,0,0,0,60623,44.848,8,0.8,-67.272,2016,4,5,314,492
1,0,0,0,0,0,0,0,1,0,0,0,0,0,0,0,0,0,0,0,0,1,0,0,0,0,76106,10.368,2,0.2,3.6288,2016,5,0,27,985
1,0,0,0,0,0,0,0,0,0,0,0,0,0,1,0,0,0,0,0,0,0,0,0,0,0,76106,388.43,5,0.3,-88.784,2016,5,0,27,985
1,0,0,0,0,0,0,0,1,0,0,0,0,0,0,0,0,0,0,0,0,1,0,0,0,0,76106,14.352,3,0.2,5.2026,2016,5,0,27,985
1,0,0,0,0,0,0,0,0,1,0,0,0,0,0,0,0,0,0,0,0,0,0,0,0,0,76106,63.992,1,0.2,-7.1991,2016,5,0,27,985
0,0,1,0,0,0,0,0,1,0,0,1,0,0,0,0,0,0,0,0,0,0,0,0,0,0,77070,86.352,3,0.2,5.397,2016,5,5,377,985
0,0,0,1,0,0,1,0,0,1,0,0,0,0,0,0,0,0,0,0,0,0,0,0,0,0,31204,32.97,3,0,12.8583,2014,9,3,6,184
0,0,0,1,0,0,1,0,0,1,0,0,0,0,0,0,0,0,0,0,0,0,0,0,0,0,31204,83.88,4,0,30.1968,2014,9,3,6,184
0,0,0,0,0,0,0,0,0,1,0,0,0,0,0,0,0,0,0,0,0,0,1,0,0,0,52402,278.4,3,0,80.736,2016,9,1,1,30
0,0,0,0,0,0,1,0,1,0,0,0,0,0,0,0,0,0,0,1,0,0,0,0,0,0,32216,15.12,3,0.2,4.914,2017,4,2,125,383
0,0,0,0,0,0,1,0,1,0,0,0,1,0,0,0,0,0,0,0,0,0,0,0,0,0,32216,17.43,1,0.7,-13.363,2017,4,2,125,383
0,0,0,0,0,0,1,0,1,0,0,0,0,0,0,0,0,0,0,0,0,1,0,0,0,0,32216,251.64,3,0.2,88.074,2017,4,2,125,383
0,0,1,0,0,0,0,0,1,0,0,0,1,0,0,0,0,0,0,0,0,0,0,0,0,0,78745,2.772,7,0.8,-4.851,2015,12,6,39,985
0,0,1,0,0,1,0,0,1,0,0,0,0,0,0,0,0,0,0,0,0,0,0,1,0,0,2908,14.9,5,0,1.043,2016,6,7,31,56
0,0,1,0,1,1,0,0,1,0,0,1,0,0,0,0,0,0,0,0,0,0,0,0,0,0,10035,15.48,3,0,4.4892,2015,7,4,915,1128
0,0,1,1,0,1,0,0,0,0,0,0,0,0,0,0,0,0,1,0,0,0,0,0,0,0,10009,39.88,2,0,11.1664,2016,11,4,915,1128
0,0,1,1,0,1,0,0,1,0,0,0,1,0,0,0,0,0,0,0,0,0,0,0,0,0,10009,12.192,4,0.2,4.1148,2016,11,4,915,1128
0,0,1,1,0,1,0,0,1,0,0,1,0,0,0,0,0,0,0,0,0,0,0,0,0,0,10009,20.82,3,0,7.4952,2016,11,4,915,1128
0,0,0,0,1,0,0,1,1,0,0,0,1,0,0,0,0,0,0,0,0,0,0,0,0,0,94122,13.216,4,0.2,4.4604,2016,11,2,510,2001
0,0,0,0,1,0,0,1,1,0,0,0,0,0,0,0,0,0,0,0,0,1,0,0,0,0,94122,32.4,5,0,15.552,2016,11,2,510,2001
0,0,1,0,0,0,0,1,1,0,0,0,0,0,0,0,0,0,0,0,0,0,0,0,1,0,92105,32.94,3,0,9.2232,2015,8,5,170,2001
0,0,1,0,0,0,0,1,1,0,0,0,0,0,0,0,0,0,0,0,0,1,0,0,0,0,92105,114.2,5,0,52.532,2015,8,5,170,2001
0,0,1,0,0,0,0,1,1,0,0,0,0,0,0,0,0,0,0,1,0,0,0,0,0,0,92105,3.08,1,0,1.4784,2015,8,5,170,2001
0,0,1,0,0,0,0,1,1,0,1,0,0,0,0,0,0,0,0,0,0,0,0,0,0,0,81001,845.728,13,0.2,84.5728,2015,5,4,8,182
0,0,1,1,0,0,0,1,1,0,0,0,1,0,0,0,0,0,0,0,0,0,0,0,0,0,94533,13.904,2,0.2,4.5188,2017,12,4,45,2001
0,0,1,1,0,0,0,1,1,0,0,0,1,0,0,0,0,0,0,0,0,0,0,0,0,0,94533,20.72,2,0.2,6.475,2017,12,4,45,2001
0,1,0,1,0,0,0,0,0,1,0,0,0,0,0,0,0,0,0,0,0,0,1,0,0,0,55106,114.95,5,0,2.299,2016,12,4,2,89
0,0,0,0,0,0,0,1,1,0,0,0,0,0,0,0,0,0,0,0,0,0,0,1,0,0,94109,26.96,2,0,7.0096,2015,10,3,510,2001
0,1,0,0,0,0,1,0,0,0,0,0,0,0,0,0,0,0,1,0,0,0,0,0,0,0,22153,572.76,6,0,166.1004,2016,12,2,163,224
0,1,0,0,0,0,1,0,0,0,0,0,0,0,0,0,0,0,1,0,0,0,0,0,0,0,22153,286.38,3,0,83.0502,2016,12,2,163,224
0,1,0,0,1,0,1,0,0,0,0,0,0,1,0,0,0,0,0,0,0,0,0,0,0,0,22204,61.96,2,0,4.3372,2015,9,5,60,224
0,0,1,0,0,0,1,0,0,0,0,0,0,0,0,0,0,0,1,0,0,0,0,0,0,0,31907,23.99,1,0,5.5177,2017,7,4,222,184
0,0,1,0,0,0,1,0,0,1,0,0,0,0,0,0,0,0,0,0,0,0,1,0,0,0,31907,287.97,3,0,77.7519,2017,7,4,222,184
0,1,0,0,0,0,0,0,0,1,0,0,0,0,0,0,0,0,0,0,0,0,1,0,0,0,77036,419.944,7,0.2,52.493,2016,7,2,377,985
0,0,0,0,0,0,0,1,1,0,0,0,0,0,0,0,0,0,0,0,0,1,0,0,0,0,91104,46.76,7,0,22.4448,2016,6,1,42,2001
0,0,0,0,0,0,0,1,1,0,0,0,1,0,0,0,0,0,0,0,0,0,0,0,0,0,91104,17.712,3,0.2,6.4206,2016,6,1,42,2001
0,0,0,0,0,0,0,1,1,0,1,0,0,0,0,0,0,0,0,0,0,0,0,0,0,0,91104,21.78,2,0,5.6628,2016,6,1,42,2001
0,0,0,0,0,0,0,1,1,0,0,0,0,0,0,0,0,0,0,0,0,0,0,1,0,0,91104,161.94,3,0,9.7164,2016,6,1,42,2001
0,0,0,0,0,0,0,1,0,0,0,0,0,0,1,0,0,0,0,0,0,0,0,0,0,0,91104,161.568,2,0.2,-8.0784,2016,6,1,42,2001
0,0,1,0,0,1,0,0,1,0,0,0,0,0,0,0,0,0,0,1,0,0,0,0,0,0,1841,3.69,1,0,1.7343,2016,12,4,44,135
0,0,1,0,0,1,0,0,1,0,0,0,0,0,0,0,0,0,0,1,0,0,0,0,0,0,1841,122.12,4,0,56.1752,2016,12,4,44,135
0,0,1,0,0,1,0,0,0,0,0,0,0,0,1,0,0,0,0,0,0,0,0,0,0,0,43229,155.372,2,0.3,-13.3176,2016,9,7,222,469
0,0,1,1,0,0,0,1,1,0,0,0,0,0,0,0,0,0,0,0,0,1,0,0,0,0,90032,38.88,6,0,18.6624,2016,12,5,747,2001
0,0,1,1,0,0,0,1,0,0,0,0,0,0,0,0,0,0,1,0,0,0,0,0,0,0,90032,183.84,8,0,62.5056,2016,12,5,747,2001
0,0,1,1,0,0,0,1,1,0,0,0,0,0,0,0,0,0,0,0,0,0,0,0,1,0,90032,579.3,5,0,28.965,2016,12,5,747,2001
0,0,1,0,0,1,0,0,0,1,0,0,0,0,0,0,0,0,0,0,0,0,0,0,0,0,19120,14.2,1,0.2,3.3725,2017,12,4,537,587
0,0,1,1,0,0,1,0,0,1,0,0,0,0,0,0,0,0,0,0,0,0,1,0,0,0,32725,575.92,2,0.2,71.99,2014,7,4,5,383
0,0,1,1,0,0,1,0,1,0,0,0,1,0,0,0,0,0,0,0,0,0,0,0,0,0,32725,5.184,6,0.7,-3.6288,2014,7,4,5,383
0,0,1,0,0,1,0,0,1,0,0,0,1,0,0,0,0,0,0,0,0,0,0,0,0,0,45231,5.229,3,0.7,-4.1832,2017,2,5,17,469
0,0,1,0,0,1,0,0,1,0,0,0,0,0,0,0,0,0,0,0,0,0,0,1,0,0,45231,285.552,2,0.2,35.694,2017,2,5,17,469
0,0,1,0,0,0,1,0,1,0,1,0,0,0,0,0,0,0,0,0,0,0,0,0,0,0,42071,72.8,5,0,19.656,2017,3,5,5,139
0,0,0,0,0,0,1,0,1,0,0,0,0,0,0,0,0,0,0,0,0,1,0,0,0,0,28403,10.816,4,0.2,3.5152,2017,10,1,36,249
0,0,1,1,0,1,0,0,1,0,0,0,0,0,0,0,0,0,0,0,0,0,0,1,0,0,1841,46.26,3,0,12.4902,2014,9,5,44,135
0,0,0,0,0,0,0,0,1,0,0,0,1,0,0,0,0,0,0,0,0,0,0,0,0,0,60653,17.46,6,0.8,-30.555,2014,5,3,314,492
0,0,1,0,1,1,0,0,0,0,0,0,0,0,0,0,0,0,1,0,0,0,0,0,0,0,19120,51.072,6,0.2,5.1072,2015,6,4,537,587
0,0,0,1,0,1,0,0,1,0,0,0,0,0,0,0,0,0,0,0,0,1,0,0,0,0,6360,11.34,1,0,5.5566,2016,3,2,4,82
0,1,0,0,1,0,0,1,1,0,0,1,0,0,0,0,0,0,0,0,0,0,0,0,0,0,94110,87.92,4,0,26.376,2017,10,3,510,2001
0,0,1,0,0,0,0,1,0,0,0,0,0,0,0,0,0,0,1,0,0,0,0,0,0,0,94109,37.05,3,0,16.302,2016,5,4,510,2001
0,0,1,0,1,1,0,0,0,1,0,0,0,0,0,0,0,0,0,0,0,0,1,0,0,0,44052,2.97,1,0.4,-0.6435,2017,6,4,9,469
0,0,1,0,1,1,0,0,1,0,0,0,0,0,0,0,0,0,0,0,0,0,0,1,0,0,44052,27.44,2,0.2,2.401,2017,6,4,9,469
0,0,1,0,0,0,0,0,1,0,0,0,1,0,0,0,0,0,0,0,0,0,0,0,0,0,75220,1.08,3,0.8,-1.728,2014,2,5,157,985
0,0,1,0,0,0,0,0,1,0,1,0,0,0,0,0,0,0,0,0,0,0,0,0,0,0,75220,7.96,2,0.8,-13.93,2014,2,5,157,985
0,0,1,0,1,0,0,1,1,0,0,0,1,0,0,0,0,0,0,0,0,0,0,0,0,0,90049,140.736,8,0.2,52.776,2014,5,4,747,2001
0,0,1,0,0,1,0,0,1,0,0,0,0,0,0,0,0,0,0,0,0,0,0,1,0,0,6457,552.56,4,0,0,2016,5,7,9,82
0,0,1,0,0,0,0,1,0,0,0,0,0,0,0,0,0,0,1,0,0,0,0,0,0,0,90008,25.11,3,0,6.5286,2017,4,5,747,2001
0,1,0,0,0,1,0,0,0,0,0,0,0,0,0,0,0,0,1,0,0,0,0,0,0,0,10011,29.78,2,0,8.0406,2017,3,2,915,1128
0,1,0,0,0,1,0,0,0,1,0,0,0,0,0,0,0,0,0,0,0,0,1,0,0,0,10011,677.58,3,0,176.1708,2017,3,2,915,1128
0,1,0,0,0,1,0,0,1,0,0,0,0,0,0,0,0,0,0,0,0,1,0,0,0,0,10011,75.04,8,0,36.0192,2017,3,2,915,1128
0,0,0,1,0,0,1,0,0,1,0,0,0,0,0,0,0,0,0,0,1,0,0,0,0,0,28540,695.7,2,0.5,-27.828,2017,1,2,125,249
0,0,0,1,0,0,1,0,1,0,0,0,1,0,0,0,0,0,0,0,0,0,0,0,0,0,28540,15.66,5,0.7,-12.528,2017,1,2,125,249
0,0,0,1,0,0,1,0,1,0,0,0,1,0,0,0,0,0,0,0,0,0,0,0,0,0,28540,28.854,6,0.7,-21.1596,2017,1,2,125,249
0,0,1,0,0,1,0,0,1,0,0,1,0,0,0,0,0,0,0,0,0,0,0,0,0,0,11520,47.82,3,0,14.346,2015,5,4,10,1128
0,0,1,0,0,1,0,0,1,0,0,0,0,0,0,0,0,0,0,1,0,0,0,0,0,0,11520,13.05,5,0,6.003,2015,5,4,10,1128
0,0,1,0,0,0,0,0,1,0,1,0,0,0,0,0,0,0,0,0,0,0,0,0,0,0,55044,93.78,2,0,36.5742,2014,3,7,15,89
0,0,1,0,0,0,0,0,1,0,0,0,0,0,0,0,0,0,0,0,0,1,0,0,0,0,55044,47.18,7,0,23.59,2014,3,7,15,89
0,0,1,0,0,0,0,0,1,0,0,1,0,0,0,0,0,0,0,0,0,0,0,0,0,0,55044,19.68,6,0,5.7072,2014,3,7,15,89
0,0,1,0,0,0,0,0,1,0,0,0,1,0,0,0,0,0,0,0,0,0,0,0,0,0,55044,53.4,10,0,25.098,2014,3,7,15,89
0,0,1,0,0,0,0,0,1,0,0,0,1,0,0,0,0,0,0,0,0,0,0,0,0,0,55044,35.88,6,0,17.2224,2014,3,7,15,89
0,1,0,0,0,0,0,0,0,0,0,0,0,0,1,0,0,0,0,0,0,0,0,0,0,0,60201,258.279,3,0.3,-70.1043,2014,10,5,4,492
0,0,0,1,0,0,1,0,1,0,0,0,0,0,0,0,0,0,0,0,0,0,0,1,0,0,22204,31.4,2,0,7.85,2016,3,3,60,224
0,0,1,1,0,0,0,1,0,1,0,0,0,0,0,0,0,0,0,0,0,0,1,0,0,0,94109,183.96,5,0.2,20.6955,2017,5,5,510,2001
0,0,1,1,0,0,0,1,1,0,0,0,0,0,0,0,0,0,0,0,0,1,0,0,0,0,94109,17.61,3,0,8.4528,2017,5,5,510,2001
0,0,1,1,0,0,0,1,0,0,0,0,0,0,0,0,0,0,0,0,0,0,0,0,0,1,94109,300.904,1,0.2,11.2839,2017,5,5,510,2001
1,0,0,0,0,0,0,0,1,0,0,0,0,0,0,0,0,0,0,0,0,0,0,1,0,0,77036,220.776,3,0.2,-44.1552,2014,7,0,377,985
1,0,0,0,0,0,0,0,1,0,0,0,0,0,0,0,0,0,0,0,0,0,0,1,0,0,77036,281.424,11,0.2,-35.178,2014,7,0,377,985
0,0,0,0,0,0,1,0,1,0,0,0,0,0,0,0,0,0,0,0,0,1,0,0,0,0,40214,79.14,3,0,36.4044,2016,5,2,57,139
0,0,0,0,0,0,0,0,0,0,0,0,0,0,0,0,0,0,1,0,0,0,0,0,0,0,76106,1.988,1,0.6,-1.4413,2017,4,1,27,985
0,1,0,0,0,0,0,1,0,0,0,0,0,0,1,0,0,0,0,0,0,0,0,0,0,0,90049,145.568,2,0.2,0,2014,9,5,747,2001
0,0,1,1,0,1,0,0,1,0,0,1,0,0,0,0,0,0,0,0,0,0,0,0,0,0,19120,123.256,7,0.2,9.2442,2017,10,6,537,587
0,0,1,1,0,1,0,0,1,0,0,0,0,0,0,0,0,0,0,0,0,1,0,0,0,0,19120,23.68,4,0.2,7.4,2017,10,6,537,587
0,0,1,1,0,1,0,0,0,1,0,0,0,0,0,0,0,0,0,0,0,0,1,0,0,0,19120,309.576,4,0.4,-56.7556,2017,10,6,537,587
0,0,0,1,0,0,0,1,1,0,0,0,1,0,0,0,0,0,0,0,0,0,0,0,0,0,85705,38.388,14,0.7,-25.592,2017,11,1,32,224
0,0,0,1,0,0,0,1,0,1,0,0,0,0,0,0,0,0,0,0,1,0,0,0,0,0,85705,95.994,2,0.7,-63.996,2017,11,1,32,224
0,0,0,1,0,0,0,1,0,1,0,0,0,0,0,0,0,0,0,0,0,0,0,0,0,0,85705,239.952,6,0.2,-35.9928,2017,11,1,32,224
0,0,0,1,0,0,0,1,0,1,0,0,0,0,0,0,0,0,0,0,0,0,1,0,0,0,85705,201.584,2,0.2,15.1188,2017,11,1,32,224
0,0,0,1,0,0,0,1,0,0,0,0,0,0,1,0,0,0,0,0,0,0,0,0,0,0,85705,899.136,4,0.2,-146.1096,2017,11,1,32,224
0,0,0,0,1,0,0,1,0,0,0,0,0,0,0,0,0,0,1,0,0,0,0,0,0,0,90660,145.9,5,0,62.737,2017,7,3,1,2001
0,0,1,0,0,0,0,1,0,0,0,0,0,1,0,0,0,0,0,0,0,0,0,0,0,0,80906,590.058,7,0.7,-786.744,2015,12,4,25,182
0,0,1,0,0,0,0,1,1,0,0,1,0,0,0,0,0,0,0,0,0,0,0,0,0,0,80906,14.04,3,0.2,1.5795,2015,12,4,25,182
0,0,1,0,1,1,0,0,0,1,0,0,0,0,0,0,0,0,0,0,0,0,0,0,0,0,20735,49.08,3,0,4.908,2017,3,5,29,105
0,1,0,0,0,0,0,1,1,0,0,0,0,0,0,0,0,0,0,1,0,0,0,0,0,0,94591,29.6,2,0,14.8,2014,4,5,6,2001
0,1,0,0,0,0,0,1,1,0,0,0,1,0,0,0,0,0,0,0,0,0,0,0,0,0,94591,17.088,4,0.2,5.5536,2014,4,5,6,2001
0,0,1,0,0,0,0,1,0,0,0,0,0,0,0,0,0,0,0,0,0,0,0,0,0,1,84604,912.75,5,0,118.6575,2015,9,5,10,53
0,1,0,0,0,0,0,1,1,0,1,0,0,0,0,0,0,0,0,0,0,0,0,0,0,0,84062,1089.75,3,0,305.13,2014,8,5,7,53
0,1,0,0,0,0,0,1,1,0,0,0,0,0,0,0,0,0,0,0,0,1,0,0,0,0,84062,447.84,8,0,219.4416,2014,8,5,7,53
0,1,0,0,0,0,0,1,1,0,0,1,0,0,0,0,0,0,0,0,0,0,0,0,0,0,84062,16.4,5,0,4.264,2014,8,5,7,53
0,1,0,0,0,0,0,1,0,1,0,0,0,0,0,0,0,0,0,0,0,0,1,0,0,0,84062,399.96,5,0.2,34.9965,2014,8,5,7,53
0,1,0,0,0,0,0,1,1,0,0,0,0,0,0,0,0,0,0,0,0,0,0,1,0,0,84062,158.9,5,0,7.945,2014,8,5,7,53
0,1,0,0,0,0,0,1,1,0,0,0,1,0,0,0,0,0,0,0,0,0,0,0,0,0,84062,13.184,1,0.2,4.7792,2014,8,5,7,53
0,0,1,0,1,0,0,0,0,0,0,0,0,0,0,0,0,0,1,0,0,0,0,0,0,0,60505,83.952,3,0.6,-90.2484,2016,9,6,68,492
1,0,0,0,1,0,1,0,1,0,0,0,0,0,0,0,0,0,0,0,0,0,0,1,0,0,30080,80.98,1,0,1.6196,2016,2,0,24,184
1,0,0,0,1,0,1,0,1,0,0,0,0,0,0,0,0,0,0,0,0,1,0,0,0,0,30080,348.84,9,0,170.9316,2016,2,0,24,184
1,0,0,0,1,0,1,0,1,0,0,0,0,0,0,0,0,1,0,0,0,0,0,0,0,0,30080,9.45,5,0,0.189,2016,2,0,24,184
1,0,0,0,1,0,1,0,0,0,0,0,0,0,0,0,0,0,1,0,0,0,0,0,0,0,30080,18.84,3,0,7.1592,2016,2,0,24,184
1,0,0,0,1,0,1,0,0,0,0,0,0,1,0,0,0,0,0,0,0,0,0,0,0,0,30080,239.98,2,0,52.7956,2016,2,0,24,184
1,0,0,0,1,0,1,0,1,0,0,0,0,0,0,0,1,0,0,0,0,0,0,0,0,0,30080,167.96,2,0,78.9412,2016,2,0,24,184
1,0,0,0,1,0,1,0,0,1,0,0,0,0,0,0,0,0,0,0,0,0,1,0,0,0,30080,104.85,3,0,28.3095,2016,2,0,24,184
1,0,0,0,1,0,1,0,0,1,0,0,0,0,0,0,0,0,0,0,0,0,1,0,0,0,30080,484.83,3,0,126.0558,2016,2,0,24,184
1,0,0,0,1,0,1,0,1,0,0,0,0,0,0,0,0,0,0,0,0,1,0,0,0,0,30080,122.97,3,0,60.2553,2016,2,0,24,184
1,0,0,0,1,0,1,0,1,0,0,0,0,0,0,0,0,0,0,0,0,0,0,1,0,0,30080,154.44,3,0,1.5444,2016,2,0,24,184
1,0,0,0,1,0,1,0,1,0,0,0,0,0,0,0,0,0,0,0,0,1,0,0,0,0,30080,342.37,7,0,160.9139,2016,2,0,24,184
0,0,0,1,0,0,1,0,1,0,0,1,0,0,0,0,0,0,0,0,0,0,0,0,0,0,27217,9.552,3,0.2,1.5522,2017,7,1,25,249
0,0,1,1,0,0,0,0,0,0,0,0,0,0,0,0,0,0,0,0,0,0,0,0,0,1,60505,652.45,5,0.5,-430.617,2017,10,5,68,492
0,0,1,1,0,0,0,0,0,0,0,0,0,0,0,0,0,0,0,0,0,0,0,0,0,1,60505,66.645,3,0.5,-42.6528,2017,10,5,68,492
0,0,0,0,0,1,0,0,1,0,0,0,1,0,0,0,0,0,0,0,0,0,0,0,0,0,10035,17.216,4,0.2,6.0256,2016,11,2,915,1128
0,0,0,0,0,1,0,0,1,0,0,0,0,0,0,0,0,0,0,0,0,1,0,0,0,0,10035,11.56,2,0,5.6644,2016,11,2,915,1128
0,0,0,0,0,1,0,0,0,1,0,0,0,0,0,0,0,0,0,0,0,0,0,0,0,0,10035,88.4,4,0,11.492,2016,11,2,915,1128
0,0,0,0,0,1,0,0,1,0,0,0,0,0,0,0,0,0,0,0,0,1,0,0,0,0,10035,6.48,1,0,3.1104,2016,11,2,915,1128
0,0,1,0,1,0,1,0,0,1,0,0,0,0,0,0,0,0,0,0,0,0,1,0,0,0,24153,21.8,2,0,6.104,2016,11,4,40,224
0,0,1,0,1,0,1,0,1,0,0,0,0,0,0,0,1,0,0,0,0,0,0,0,0,0,24153,251.79,3,0,118.3413,2016,11,4,40,224
0,0,1,0,1,1,0,0,0,0,0,0,0,0,0,0,0,0,0,0,0,0,0,0,0,1,43229,205.176,2,0.4,-58.1332,2016,4,6,222,469
0,0,1,0,1,1,0,0,1,0,0,0,0,0,0,0,0,0,0,0,0,1,0,0,0,0,43229,419.4,5,0.2,146.79,2016,4,6,222,469
0,0,0,0,1,1,0,0,1,0,0,0,0,0,0,0,0,0,0,0,0,0,0,0,1,0,19143,10.304,1,0.2,-2.1896,2014,4,2,537,587
0,0,0,0,1,1,0,0,0,0,0,0,0,0,0,0,0,0,0,0,0,0,0,0,0,1,19143,154.764,3,0.4,-36.1116,2014,4,2,537,587
0,0,0,0,1,1,0,0,0,1,0,0,0,0,0,0,0,0,0,0,0,0,0,0,0,0,19143,116.784,2,0.2,21.897,2014,4,2,537,587
0,0,1,0,0,1,0,0,1,0,0,1,0,0,0,0,0,0,0,0,0,0,0,0,0,0,10024,75.48,2,0,19.6248,2016,9,4,915,1128
0,0,1,0,0,1,0,0,0,0,0,0,0,0,0,0,0,0,1,0,0,0,0,0,0,0,10024,39.98,2,0,9.995,2016,9,4,915,1128
0,0,1,0,0,0,0,1,0,0,0,0,0,0,0,0,0,0,0,0,0,0,0,0,0,1,85023,393.165,3,0.5,-204.4458,2016,9,5,63,224
0,0,1,0,1,0,0,0,1,0,0,0,0,0,0,0,0,0,0,1,0,0,0,0,0,0,75051,23.68,2,0.2,8.88,2017,11,7,13,985
0,0,1,1,0,1,0,0,0,0,0,0,0,0,1,0,0,0,0,0,0,0,0,0,0,0,10035,408.006,2,0.1,72.5344,2016,7,4,915,1128
0,0,1,1,0,1,0,0,0,0,0,0,0,0,0,0,0,0,1,0,0,0,0,0,0,0,10035,165.28,4,0,14.8752,2016,7,4,915,1128
0,0,1,0,0,1,0,0,1,0,0,0,1,0,0,0,0,0,0,0,0,0,0,0,0,0,10024,334.768,7,0.2,108.7996,2014,6,5,915,1128
0,1,0,0,1,0,0,1,0,1,0,0,0,0,0,0,0,0,0,0,0,0,0,0,0,0,92627,239.97,3,0,26.3967,2017,1,3,11,2001
0,1,0,0,1,0,0,1,0,0,0,0,0,0,0,0,0,0,1,0,0,0,0,0,0,0,92627,37.74,3,0,12.8316,2017,1,3,11,2001
0,0,0,1,0,0,0,0,0,1,0,0,0,0,0,0,0,0,0,0,0,0,1,0,0,0,77041,946.344,7,0.2,118.293,2015,9,3,377,985
0,0,0,1,0,0,0,0,0,1,0,0,0,0,0,0,0,0,0,0,0,0,0,0,0,0,77041,151.2,3,0.2,32.13,2015,9,3,377,985
0,0,0,1,0,0,0,0,0,0,0,0,0,0,0,0,0,0,1,0,0,0,0,0,0,0,77041,4.928,4,0.6,-1.4784,2015,9,3,377,985
0,0,1,1,0,0,0,1,1,0,0,0,0,0,0,0,0,0,0,0,0,1,0,0,0,0,85204,86.272,4,0.2,31.2736,2015,9,4,28,224
0,0,1,1,0,0,0,1,1,0,0,0,1,0,0,0,0,0,0,0,0,0,0,0,0,0,85204,72.588,2,0.7,-48.392,2015,9,4,28,224
0,0,1,1,0,0,0,1,1,0,1,0,0,0,0,0,0,0,0,0,0,0,0,0,0,0,85204,60.672,2,0.2,14.4096,2015,9,4,28,224
0,0,1,1,0,0,0,1,1,0,0,0,1,0,0,0,0,0,0,0,0,0,0,0,0,0,85204,77.031,9,0.7,-59.0571,2015,9,4,28,224
0,0,1,1,0,0,0,1,1,0,0,0,0,0,0,0,0,0,0,0,0,0,0,1,0,0,85204,119.904,6,0.2,-1.4988,2015,9,4,28,224
0,0,1,1,0,0,0,1,0,1,0,0,0,0,0,0,0,0,0,0,0,0,1,0,0,0,85204,263.96,5,0.2,23.0965,2015,9,4,28,224
0,0,1,1,0,0,0,1,1,0,0,0,0,0,0,0,0,0,0,0,0,0,0,1,0,0,85204,363.648,4,0.2,-86.3664,2015,9,4,28,224
0,1,0,1,0,0,0,1,1,0,0,0,1,0,0,0,0,0,0,0,0,0,0,0,0,0,93905,9.728,2,0.2,3.2832,2015,10,4,8,2001
0,1,0,1,0,0,0,1,1,0,0,0,0,0,0,0,1,0,0,0,0,0,0,0,0,0,93905,14.75,5,0,7.08,2015,10,4,8,2001
0,1,0,1,0,0,0,1,1,0,0,0,1,0,0,0,0,0,0,0,0,0,0,0,0,0,93905,29.8,5,0.2,9.3125,2015,10,4,8,2001
0,1,0,1,0,0,0,1,1,0,0,0,0,0,0,0,0,0,0,1,0,0,0,0,0,0,93905,427.42,14,0,196.6132,2015,10,4,8,2001
0,0,1,0,0,1,0,0,0,1,0,0,0,0,0,0,0,0,0,0,0,0,1,0,0,0,43229,220.752,8,0.4,-40.4712,2017,11,4,222,469
0,1,0,0,0,0,1,0,1,0,0,0,1,0,0,0,0,0,0,0,0,0,0,0,0,0,35630,152.76,6,0,74.8524,2014,12,2,21,61
0,1,0,0,0,0,1,0,1,0,0,0,0,0,0,0,0,0,0,0,0,0,0,0,1,0,35630,7.27,1,0,1.9629,2014,12,2,21,61
0,1,0,0,0,0,1,0,0,0,0,0,0,0,1,0,0,0,0,0,0,0,0,0,0,0,35630,1819.86,14,0,163.7874,2014,12,2,21,61
0,0,1,0,0,0,0,1,1,0,0,0,0,0,0,0,0,0,0,0,0,1,0,0,0,0,98105,33.9,5,0,15.594,2016,12,4,428,506
0,0,1,0,0,1,0,0,1,0,0,0,0,0,0,0,0,0,0,0,0,1,0,0,0,0,44134,31.104,6,0.2,10.8864,2017,6,7,10,469
0,0,1,0,0,1,0,0,1,0,0,1,0,0,0,0,0,0,0,0,0,0,0,0,0,0,44134,5.248,2,0.2,0.5904,2017,6,7,10,469
1,0,0,0,0,0,0,0,0,1,0,0,0,0,0,0,0,0,0,0,0,0,0,0,0,0,79109,263.88,3,0.2,42.8805,2015,10,0,10,985
1,0,0,0,0,0,0,0,0,0,0,0,0,0,1,0,0,0,0,0,0,0,0,0,0,0,79109,2453.43,5,0.3,-350.49,2015,10,0,10,985
0,1,0,0,0,1,0,0,1,0,0,0,1,0,0,0,0,0,0,0,0,0,0,0,0,0,2908,29.7,5,0,13.365,2017,4,3,31,56
0,1,0,0,0,1,0,0,1,0,0,0,0,0,0,0,0,0,0,0,0,1,0,0,0,0,2908,39.96,4,0,17.982,2017,4,3,31,56
0,1,0,0,0,0,0,1,1,0,0,0,1,0,0,0,0,0,0,0,0,0,0,0,0,0,94110,36.672,2,0.2,11.46,2017,12,5,510,2001
0,0,0,1,0,0,1,0,1,0,0,0,0,0,0,0,0,0,0,0,0,1,0,0,0,0,40475,13.76,2,0,6.3296,2017,8,3,90,139
0,0,1,1,0,0,0,1,1,0,0,0,0,0,0,0,0,0,0,0,0,0,0,1,0,0,80013,139.424,4,0.2,17.428,2015,10,5,68,182
0,0,1,0,0,0,0,0,0,1,0,0,0,0,0,0,0,0,0,0,0,0,1,0,0,0,60623,1979.928,9,0.2,148.4946,2016,5,5,314,492
0,0,0,0,1,0,0,0,1,0,0,0,0,0,0,0,0,0,0,0,0,0,0,1,0,0,60653,164.736,4,0.2,-39.1248,2017,6,3,314,492
0,0,0,0,1,0,0,0,0,0,0,0,0,0,1,0,0,0,0,0,0,0,0,0,0,0,60653,470.302,7,0.3,-87.3418,2017,6,3,314,492
0,0,0,0,1,0,0,0,0,1,0,0,0,0,0,0,0,0,0,0,0,0,1,0,0,0,60653,47.984,2,0.2,5.998,2017,6,3,314,492
0,0,0,1,0,1,0,0,1,0,0,0,1,0,0,0,0,0,0,0,0,0,0,0,0,0,19134,2.502,3,0.7,-1.7514,2014,4,1,537,587
0,0,1,1,0,0,0,1,0,1,0,0,0,0,0,0,0,0,0,0,0,0,1,0,0,0,90008,88.752,3,0.2,11.094,2015,5,6,747,2001
0,0,0,0,0,0,0,1,1,0,0,0,1,0,0,0,0,0,0,0,0,0,0,0,0,0,85023,2.025,1,0.7,-1.35,2015,7,1,63,224
0,0,0,1,0,0,1,0,1,0,0,0,0,0,0,0,0,0,0,0,0,1,0,0,0,0,36608,70.98,7,0,34.7802,2016,11,3,11,61
0,0,0,1,0,0,1,0,1,0,0,0,1,0,0,0,0,0,0,0,0,0,0,0,0,0,36608,91.68,3,0,45.84,2016,11,3,11,61
0,0,0,1,0,0,1,0,1,0,0,0,1,0,0,0,0,0,0,0,0,0,0,0,0,0,36608,33.75,5,0,16.875,2016,11,3,11,61
0,0,0,1,0,0,1,0,0,1,0,0,0,0,0,0,0,0,0,0,1,0,0,0,0,0,36608,3040,8,0,1459.2,2016,11,3,11,61
0,0,1,0,1,0,1,0,1,0,0,0,1,0,0,0,0,0,0,0,0,0,0,0,0,0,31907,91.2,3,0,41.952,2017,6,7,222,184
0,0,1,0,1,0,1,0,0,0,0,0,0,0,0,0,0,0,0,0,0,0,0,0,0,1,31907,452.94,3,0,67.941,2017,6,7,222,184
0,0,1,1,0,1,0,0,1,0,0,0,1,0,0,0,0,0,0,0,0,0,0,0,0,0,2740,52.2,9,0,23.49,2015,8,4,5,135
0,0,1,1,0,0,0,0,1,0,0,0,0,0,0,0,0,0,0,1,0,0,0,0,0,0,75061,15.936,4,0.2,5.1792,2016,9,6,8,985
1,0,0,0,0,1,0,0,0,0,0,0,0,0,0,0,0,0,1,0,0,0,0,0,0,0,6457,27.46,2,0,9.8856,2014,5,0,9,82
0,0,1,0,0,0,0,1,1,0,0,0,1,0,0,0,0,0,0,0,0,0,0,0,0,0,98103,55.424,2,0.2,19.3984,2015,12,7,428,506
0,0,1,0,0,1,0,0,0,0,0,0,0,0,0,0,0,0,0,0,0,0,0,0,0,1,8360,244.006,2,0.3,-31.3722,2016,3,4,8,130
0,0,0,1,0,0,0,0,0,1,0,0,0,0,0,0,0,0,0,0,0,0,0,0,0,0,77506,159.984,2,0.2,43.9956,2016,8,2,42,985
0,0,0,1,0,0,0,0,0,0,0,0,0,0,1,0,0,0,0,0,0,0,0,0,0,0,77506,1024.716,6,0.3,-29.2776,2016,8,2,42,985
0,0,0,1,0,1,0,0,1,0,0,0,0,0,0,0,0,1,0,0,0,0,0,0,0,0,10009,3.68,2,0,1.8032,2016,12,3,915,1128
0,0,1,0,0,0,0,1,0,0,0,0,0,0,0,0,0,0,1,0,0,0,0,0,0,0,85301,121.376,4,0.2,-3.0344,2014,8,6,23,224
0,0,1,0,0,0,0,1,0,1,0,0,0,0,0,0,0,0,0,0,0,0,0,0,0,0,85301,95.976,3,0.2,-10.7973,2014,8,6,23,224
1,0,0,0,1,0,1,0,0,1,0,0,0,0,0,0,0,0,0,0,0,0,0,0,0,0,32216,255.968,4,0.2,31.996,2015,5,0,125,383
0,0,1,1,0,0,0,0,0,0,0,0,0,0,1,0,0,0,0,0,0,0,0,0,0,0,48234,872.94,3,0,226.9644,2017,12,4,115,255
0,0,1,1,0,0,0,0,1,0,0,0,1,0,0,0,0,0,0,0,0,0,0,0,0,0,48234,41.54,2,0,19.5238,2017,12,4,115,255
0,0,1,1,0,0,0,0,1,0,0,0,0,0,0,0,0,0,0,0,0,1,0,0,0,0,48234,12.96,2,0,6.2208,2017,12,4,115,255
0,1,0,1,0,1,0,0,1,0,0,1,0,0,0,0,0,0,0,0,0,0,0,0,0,0,19120,6.848,2,0.2,0.5992,2015,9,3,537,587
0,0,1,1,0,0,0,1,1,0,0,0,0,0,0,0,0,0,0,1,0,0,0,0,0,0,90004,8.67,3,0,4.0749,2017,7,4,747,2001
1,0,0,0,0,0,0,0,0,0,0,0,0,0,0,0,0,0,1,0,0,0,0,0,0,0,77036,6.688,4,0.6,-4.0128,2015,12,1,377,985
0,0,1,0,1,1,0,0,1,0,0,1,0,0,0,0,0,0,0,0,0,0,0,0,0,0,14304,17.28,6,0,5.0112,2016,11,6,3,1128
0,0,1,0,1,1,0,0,1,0,0,0,1,0,0,0,0,0,0,0,0,0,0,0,0,0,14304,17.712,3,0.2,6.4206,2016,11,6,3,1128
0,0,1,0,1,1,0,0,1,0,0,0,0,0,0,0,0,0,0,1,0,0,0,0,0,0,10024,28.91,7,0,13.2986,2017,3,5,915,1128
0,0,1,0,0,0,1,0,1,0,0,0,0,0,0,0,0,0,0,0,0,0,0,0,1,0,27360,52.136,7,0.2,5.8653,2016,11,4,3,249
0,0,0,0,0,0,0,1,0,1,0,0,0,0,0,0,0,0,0,0,0,0,1,0,0,0,92683,31.968,4,0.2,2.3976,2017,11,1,17,2001
0,0,1,0,0,0,0,1,1,0,0,0,0,0,0,0,0,0,0,0,0,1,0,0,0,0,94122,25.92,4,0,12.4416,2016,12,6,510,2001
0,0,1,0,0,0,0,1,1,0,0,0,0,0,0,0,0,0,0,0,0,1,0,0,0,0,94122,40.46,7,0,19.8254,2016,12,6,510,2001
0,0,1,0,0,0,0,1,1,0,0,0,0,0,0,0,0,0,0,0,0,0,0,1,0,0,94122,33.87,3,0,8.8062,2016,12,6,510,2001
0,1,0,0,0,0,1,0,1,0,0,1,0,0,0,0,0,0,0,0,0,0,0,0,0,0,38301,9.728,2,0.2,1.7024,2017,8,3,82,183
0,1,0,0,0,0,1,0,1,0,0,0,0,0,0,0,0,0,0,0,0,1,0,0,0,0,38301,3.424,1,0.2,1.07,2017,8,3,82,183
0,0,1,1,0,0,0,1,0,1,0,0,0,0,0,0,0,0,0,0,0,0,0,0,0,0,98115,177,3,0,30.09,2016,10,4,428,506
0,0,1,0,0,1,0,0,1,0,0,0,0,0,0,0,0,1,0,0,0,0,0,0,0,0,10035,3.76,2,0,1.316,2014,11,6,915,1128
0,0,1,0,1,0,0,1,0,1,0,0,0,0,0,0,0,0,0,0,0,0,1,0,0,0,90008,1212.848,7,0.2,106.1242,2015,11,4,747,2001
0,0,1,0,1,0,0,1,0,1,0,0,0,0,0,0,0,0,0,0,0,0,0,0,0,0,90008,89.97,3,0,37.7874,2015,11,4,747,2001
0,0,1,0,1,0,0,1,0,0,0,0,0,0,0,0,0,0,1,0,0,0,0,0,0,0,90008,42.6,3,0,16.614,2015,11,4,747,2001
0,0,1,0,0,1,0,0,1,0,0,0,0,0,0,0,0,0,0,1,0,0,0,0,0,0,19143,5.04,2,0.2,1.764,2014,11,7,537,587
0,1,0,1,0,1,0,0,1,0,0,0,0,0,0,0,1,0,0,0,0,0,0,0,0,0,10024,62.96,4,0,28.332,2017,4,5,915,1128
0,0,1,1,0,1,0,0,1,0,0,0,0,0,0,0,0,0,0,0,0,1,0,0,0,0,10035,5.88,1,0,2.8812,2017,11,4,915,1128
0,0,1,1,0,1,0,0,0,0,0,0,0,0,1,0,0,0,0,0,0,0,0,0,0,0,10035,977.292,6,0.1,173.7408,2017,11,4,915,1128
0,0,1,1,0,0,0,1,0,0,0,0,0,0,0,0,0,0,1,0,0,0,0,0,0,0,98661,9.64,2,0,3.6632,2017,10,4,5,506
0,1,0,0,0,0,1,0,1,0,0,1,0,0,0,0,0,0,0,0,0,0,0,0,0,0,31907,40.05,3,0,11.214,2014,12,2,222,184
0,0,1,0,0,0,0,0,1,0,0,1,0,0,0,0,0,0,0,0,0,0,0,0,0,0,75019,10.192,7,0.2,3.185,2017,9,4,4,985
0,0,1,0,0,0,0,0,1,0,0,0,0,0,0,0,0,0,0,0,0,0,0,1,0,0,75019,16.784,1,0.2,-0.2098,2017,9,4,4,985
0,0,1,0,0,0,0,0,1,0,0,1,0,0,0,0,0,0,0,0,0,0,0,0,0,0,75019,13.12,5,0.2,3.772,2017,9,4,4,985
0,0,0,0,1,0,0,1,1,0,0,0,1,0,0,0,0,0,0,0,0,0,0,0,0,0,94122,18.16,5,0.2,6.583,2016,10,3,510,2001
0,0,1,0,0,0,0,0,1,0,0,0,0,0,0,0,0,0,0,0,0,1,0,0,0,0,78745,16.056,3,0.2,5.8203,2017,11,6,39,985
0,0,1,0,0,0,0,0,1,0,0,0,0,0,0,0,0,0,0,0,0,1,0,0,0,0,78745,223.056,9,0.2,69.705,2017,11,6,39,985
0,0,1,0,0,0,0,0,1,0,0,0,0,0,0,0,0,0,0,0,0,0,0,1,0,0,78745,540.048,3,0.2,-47.2542,2017,11,6,39,985
0,0,1,0,1,0,0,1,0,1,0,0,0,0,0,0,0,0,0,0,0,0,1,0,0,0,90045,33.52,2,0.2,3.352,2016,11,7,747,2001
0,0,1,0,1,0,0,1,0,0,0,0,0,0,0,0,0,0,1,0,0,0,0,0,0,0,90045,9.94,2,0,3.0814,2016,11,7,747,2001
0,0,1,0,1,0,0,1,1,0,0,1,0,0,0,0,0,0,0,0,0,0,0,0,0,0,90004,6.72,4,0,3.36,2015,8,6,747,2001
0,0,1,0,1,0,0,1,0,0,0,0,0,0,0,0,0,0,0,0,0,0,0,0,0,1,90004,1004.976,6,0.2,-175.8708,2015,8,6,747,2001
0,0,1,0,0,1,0,0,1,0,0,0,1,0,0,0,0,0,0,0,0,0,0,0,0,0,10024,17.88,3,0.2,5.5875,2017,12,5,915,1128
0,0,1,0,0,0,1,0,0,1,0,0,0,0,0,0,0,0,0,0,1,0,0,0,0,0,31907,396,4,0,190.08,2016,9,6,222,184
1,0,0,0,1,0,0,0,1,0,0,0,1,0,0,0,0,0,0,0,0,0,0,0,0,0,68104,34.5,3,0,15.525,2017,12,0,28,38
0,0,0,0,0,0,0,1,0,0,0,0,0,0,0,0,0,0,1,0,0,0,0,0,0,0,90036,8.36,2,0,3.0096,2017,9,3,747,2001
0,0,1,1,0,0,0,1,1,0,0,1,0,0,0,0,0,0,0,0,0,0,0,0,0,0,91767,385.6,8,0,111.824,2017,6,7,7,2001
0,0,1,1,0,0,0,1,1,0,0,1,0,0,0,0,0,0,0,0,0,0,0,0,0,0,91767,35.82,9,0,11.8206,2017,6,7,7,2001
0,0,1,0,0,0,0,0,1,0,0,0,0,0,0,0,0,0,0,0,0,0,0,1,0,0,75220,200.064,3,0.2,12.504,2017,8,4,157,985
0,0,1,0,0,0,0,0,1,0,0,0,1,0,0,0,0,0,0,0,0,0,0,0,0,0,75220,21.38,5,0.8,-33.139,2017,8,4,157,985
0,0,1,0,0,0,0,0,1,0,0,0,1,0,0,0,0,0,0,0,0,0,0,0,0,0,75220,6.744,4,0.8,-11.4648,2017,8,4,157,985
0,0,1,0,0,1,0,0,0,0,0,0,0,0,1,0,0,0,0,0,0,0,0,0,0,0,19120,63.686,1,0.3,-9.098,2017,12,6,537,587
0,1,0,0,0,0,0,1,0,0,0,0,0,0,0,0,0,0,0,0,0,0,0,0,0,1,89031,1669.6,4,0,116.872,2017,12,4,16,39
0,1,0,0,0,0,0,1,1,0,0,0,1,0,0,0,0,0,0,0,0,0,0,0,0,0,98105,83.84,2,0.2,27.248,2014,2,3,428,506
0,1,0,0,0,0,0,1,1,0,0,0,1,0,0,0,0,0,0,0,0,0,0,0,0,0,98105,13.272,3,0.2,4.3134,2014,2,3,428,506
0,1,0,1,0,0,0,1,1,0,0,0,1,0,0,0,0,0,0,0,0,0,0,0,0,0,94110,21.336,7,0.2,7.7343,2017,2,3,510,2001
0,0,1,0,1,0,0,0,1,0,0,1,0,0,0,0,0,0,0,0,0,0,0,0,0,0,60610,16.52,5,0.2,2.065,2017,4,5,314,492
0,0,1,0,0,0,0,1,0,0,0,0,0,0,0,0,0,0,1,0,0,0,0,0,0,0,85705,206.112,6,0.2,48.9516,2015,12,5,32,224
0,0,1,0,0,0,0,1,1,0,0,0,0,0,0,0,0,0,0,0,0,1,0,0,0,0,85705,19.92,5,0.2,6.723,2015,12,5,32,224
0,0,1,0,0,0,0,1,1,0,0,0,0,0,0,0,0,0,0,0,0,1,0,0,0,0,85705,198.272,8,0.2,61.96,2015,12,5,32,224
0,0,1,0,0,0,0,1,1,0,0,0,0,0,0,0,0,0,0,0,0,0,0,1,0,0,85705,247.104,6,0.2,-58.6872,2015,12,5,32,224
0,0,1,0,0,0,0,1,1,0,0,1,0,0,0,0,0,0,0,0,0,0,0,0,0,0,85705,86.304,6,0.2,9.7092,2015,12,5,32,224
0,0,1,0,0,1,0,0,1,0,0,1,0,0,0,0,0,0,0,0,0,0,0,0,0,0,18103,4.16,2,0.2,0.364,2016,7,5,7,587
0,0,1,0,0,1,0,0,0,0,0,0,0,0,0,0,0,0,1,0,0,0,0,0,0,0,18103,11.648,2,0.2,3.3488,2016,7,5,7,587
0,1,0,1,0,1,0,0,1,0,0,0,0,0,0,0,0,1,0,0,0,0,0,0,0,0,19711,26.18,7,0,0.5236,2015,11,3,95,96
0,1,0,1,0,1,0,0,1,0,0,0,0,0,0,0,0,0,0,0,0,1,0,0,0,0,19711,7.3,2,0,3.431,2015,11,3,95,96
0,0,1,1,0,0,1,0,1,0,0,0,0,0,0,0,0,0,0,0,0,1,0,0,0,0,33142,74.352,3,0.2,23.235,2015,3,5,57,383
0,0,1,0,0,0,0,1,1,0,0,0,0,0,0,0,0,0,0,0,0,0,0,1,0,0,85281,10.744,1,0.2,0.8058,2017,8,5,13,224
0,0,1,0,0,0,0,1,1,0,0,0,0,0,0,0,0,1,0,0,0,0,0,0,0,0,85281,8.376,3,0.2,2.7222,2017,8,5,13,224
0,0,1,1,0,1,0,0,1,0,0,0,0,0,0,0,0,0,0,0,0,0,0,1,0,0,10035,212.88,6,0,0,2016,12,4,915,1128
0,0,1,0,1,0,0,1,0,0,0,0,0,1,0,0,0,0,0,0,0,0,0,0,0,0,92677,203.983,2,0.15,16.7986,2017,2,4,4,2001
0,0,1,1,0,1,0,0,1,0,0,0,0,0,0,0,0,0,0,0,0,0,0,1,0,0,8302,40.74,3,0,0.4074,2016,10,4,2,130
0,0,1,1,0,1,0,0,1,0,1,0,0,0,0,0,0,0,0,0,0,0,0,0,0,0,8302,11.67,3,0,3.0342,2016,10,4,2,130
0,1,0,0,0,1,0,0,0,1,0,0,0,0,0,0,0,0,0,0,0,0,1,0,0,0,2149,39.99,1,0,11.5971,2017,9,2,22,135
0,1,0,0,0,1,0,0,1,0,0,1,0,0,0,0,0,0,0,0,0,0,0,0,0,0,2149,16.28,2,0,6.512,2017,9,2,22,135
0,1,0,0,0,1,0,0,0,0,0,0,0,1,0,0,0,0,0,0,0,0,0,0,0,0,2149,782.94,3,0,203.5644,2017,9,2,22,135
0,1,0,0,0,1,0,0,1,0,0,0,1,0,0,0,0,0,0,0,0,0,0,0,0,0,2149,242.48,7,0,116.3904,2017,9,2,22,135
0,1,0,0,0,1,0,0,0,0,0,0,0,0,0,0,0,0,1,0,0,0,0,0,0,0,43229,8.32,5,0.2,2.288,2014,3,5,222,469
0,1,0,0,0,1,0,0,1,0,0,0,0,0,0,0,0,1,0,0,0,0,0,0,0,0,43229,10.464,6,0.2,1.7004,2014,3,5,222,469
0,0,1,0,1,0,0,1,1,0,0,0,1,0,0,0,0,0,0,0,0,0,0,0,0,0,92024,82.896,3,0.2,29.0136,2014,2,4,170,2001
0,0,1,0,1,0,0,1,1,0,0,0,0,0,0,0,0,0,0,0,0,1,0,0,0,0,92024,34.24,4,0,16.0928,2014,2,4,170,2001
0,1,0,1,0,1,0,0,0,0,0,0,0,1,0,0,0,0,0,0,0,0,0,0,0,0,13601,1573.488,7,0.2,196.686,2014,12,4,10,1128
0,0,1,1,0,0,0,0,1,0,0,0,0,0,0,0,0,0,0,0,0,1,0,0,0,0,78207,335.52,4,0.2,117.432,2015,11,4,59,985
0,0,1,1,0,0,0,0,1,0,0,0,1,0,0,0,0,0,0,0,0,0,0,0,0,0,78207,23.912,2,0.8,-40.6504,2015,11,4,59,985
0,0,1,1,0,0,0,0,1,0,0,0,0,0,0,0,0,0,0,0,0,0,0,1,0,0,78207,27.056,2,0.2,2.3674,2015,11,4,59,985
0,0,0,0,0,1,0,0,0,1,0,0,0,0,0,1,0,0,0,0,0,0,0,0,0,0,10011,559.992,1,0.2,174.9975,2014,7,2,915,1128
0,1,0,0,1,0,0,0,1,0,1,0,0,0,0,0,0,0,0,0,0,0,0,0,0,0,77095,9.324,6,0.8,-24.7086,2017,11,5,377,985
0,0,1,0,0,0,0,1,1,0,0,0,0,0,0,0,0,0,0,0,0,1,0,0,0,0,92024,111.96,2,0,54.8604,2016,6,5,170,2001
0,0,0,0,1,0,0,0,1,0,0,0,0,0,0,0,0,0,0,1,0,0,0,0,0,0,54915,21.56,7,0,10.3488,2014,5,2,2,110
0,0,1,0,0,0,1,0,1,0,0,0,1,0,0,0,0,0,0,0,0,0,0,0,0,0,40475,124.75,5,0,57.385,2017,10,5,90,139
0,0,1,1,0,0,0,1,1,0,0,1,0,0,0,0,0,0,0,0,0,0,0,0,0,0,98006,5.28,3,0,1.5312,2015,2,7,6,506
0,0,1,0,0,1,0,0,0,1,0,0,0,0,0,0,0,0,0,0,0,0,0,0,0,0,11561,91.96,4,0,39.5428,2017,9,4,61,1128
0,0,1,0,0,1,0,0,1,0,0,0,0,0,0,0,1,0,0,0,0,0,0,0,0,0,19140,9.344,1,0.2,3.504,2016,5,6,537,587
0,0,1,0,0,1,0,0,1,0,0,1,0,0,0,0,0,0,0,0,0,0,0,0,0,0,19140,79.36,5,0.2,9.92,2016,5,6,537,587
0,1,0,0,0,0,0,1,0,0,0,0,0,0,0,0,0,0,0,0,0,0,0,0,0,1,98103,171.96,2,0,44.7096,2015,3,2,428,506
0,0,1,1,0,0,0,1,1,0,0,0,1,0,0,0,0,0,0,0,0,0,0,0,0,0,98103,35.352,9,0.2,12.8151,2016,4,4,428,506
0,0,1,0,1,0,0,1,1,0,0,0,0,0,0,0,0,0,0,1,0,0,0,0,0,0,94109,18.9,6,0,9.072,2014,4,5,510,2001
0,0,0,0,1,0,0,1,1,0,0,1,0,0,0,0,0,0,0,0,0,0,0,0,0,0,98115,2.78,1,0,0.7228,2017,9,1,428,506
1,0,0,0,0,1,0,0,0,0,0,0,0,0,0,0,0,0,0,0,0,0,0,0,0,1,10011,1044.63,5,0.4,-295.9785,2017,6,0,915,1128
1,0,0,0,0,1,0,0,1,0,0,0,0,0,0,0,0,0,0,0,0,1,0,0,0,0,19134,11.352,3,0.2,4.1151,2015,11,0,537,587
1,0,0,0,0,0,1,0,1,0,0,0,0,0,0,0,0,0,0,0,0,0,0,1,0,0,29203,354.9,5,0,17.745,2014,3,0,81,42
0,0,1,0,1,0,0,1,0,1,0,0,0,0,0,0,0,0,0,0,0,0,1,0,0,0,98105,453.576,3,0.2,39.6879,2015,3,6,428,506
0,0,0,0,0,0,0,0,0,1,0,0,0,0,0,0,0,0,0,0,0,0,0,0,0,0,75002,21.48,3,0.2,-0.2685,2015,11,1,4,985
0,0,0,0,0,0,0,0,1,0,0,0,1,0,0,0,0,0,0,0,0,0,0,0,0,0,75002,8.784,4,0.8,-13.6152,2015,11,1,4,985
1,0,0,0,0,0,0,1,1,0,0,0,0,0,0,0,0,0,0,0,0,1,0,0,0,0,90004,122.97,3,0,60.2553,2017,6,0,747,2001
0,0,1,1,0,0,1,0,1,0,0,1,0,0,0,0,0,0,0,0,0,0,0,0,0,0,30318,12.84,3,0,3.7236,2017,11,4,39,184
0,0,0,0,0,0,0,1,0,0,0,0,0,0,1,0,0,0,0,0,0,0,0,0,0,0,90004,603.92,5,0.2,-67.941,2014,11,2,747,2001
0,0,0,0,0,0,0,1,1,0,0,0,0,0,0,0,1,0,0,0,0,0,0,0,0,0,90004,21.84,3,0,10.4832,2014,11,2,747,2001
0,0,0,0,0,0,0,1,0,1,0,0,0,0,0,0,0,0,0,0,0,0,0,0,0,0,90004,29.99,1,0,6.2979,2014,11,2,747,2001
0,0,0,0,0,0,0,1,0,0,0,0,0,0,1,0,0,0,0,0,0,0,0,0,0,0,90004,381.44,2,0.2,23.84,2014,11,2,747,2001
0,0,0,0,0,0,0,0,0,1,0,0,0,0,0,0,0,0,0,0,0,0,1,0,0,0,79907,40.68,3,0.2,-9.153,2014,12,3,19,985
0,0,0,0,0,0,0,0,0,0,0,0,0,0,1,0,0,0,0,0,0,0,0,0,0,0,79907,763.28,5,0.3,-21.808,2014,12,3,19,985
0,0,1,0,1,0,0,0,1,0,0,0,0,0,0,0,0,0,0,0,0,0,0,1,0,0,60505,23.952,2,0.2,2.3952,2016,4,5,68,492
0,0,1,0,1,0,1,0,1,0,0,0,0,0,0,0,0,0,0,0,0,1,0,0,0,0,35630,4.98,1,0,2.4402,2016,5,4,21,61
0,0,0,0,0,1,0,0,1,0,1,0,0,0,0,0,0,0,0,0,0,0,0,0,0,0,10011,170.88,3,0,49.5552,2016,2,3,915,1128
0,0,0,0,0,1,0,0,0,1,0,0,0,0,0,0,0,0,0,0,0,0,1,0,0,0,10024,307.98,2,0,89.3142,2015,8,3,915,1128
0,0,0,0,0,1,0,0,0,0,0,0,0,0,0,0,0,0,0,0,0,0,0,0,0,1,10024,382.806,9,0.4,-153.1224,2015,8,3,915,1128
0,0,0,0,0,1,0,0,1,0,0,0,0,0,0,0,0,0,0,0,0,0,0,1,0,0,10024,41.96,2,0,2.9372,2015,8,3,915,1128
0,0,0,0,0,1,0,0,1,0,0,0,1,0,0,0,0,0,0,0,0,0,0,0,0,0,10024,1217.568,2,0.2,456.588,2015,8,3,915,1128
0,0,0,0,0,1,0,0,0,0,0,0,0,0,0,0,0,0,1,0,0,0,0,0,0,0,10024,47.04,3,0,18.3456,2015,8,3,915,1128
0,0,0,0,0,1,0,0,0,0,0,0,0,0,0,0,0,0,1,0,0,0,0,0,0,0,10024,6.16,2,0,2.9568,2015,8,3,915,1128
0,0,0,0,0,1,0,0,0,1,0,0,0,0,0,0,0,0,0,0,0,0,1,0,0,0,10024,979.95,5,0,274.386,2015,8,3,915,1128
0,0,0,0,0,1,0,0,1,0,0,0,0,0,0,0,0,0,0,0,0,1,0,0,0,0,10024,143.7,3,0,68.976,2015,8,3,915,1128
0,0,0,0,0,1,0,0,1,0,0,0,0,0,0,0,0,1,0,0,0,0,0,0,0,0,10024,10.65,3,0,5.0055,2015,8,3,915,1128
0,0,0,0,0,1,0,0,0,1,0,0,0,0,0,0,0,0,0,0,0,0,0,0,0,0,10024,247.8,4,0,34.692,2015,8,3,915,1128
0,0,1,1,0,0,1,0,1,0,0,1,0,0,0,0,0,0,0,0,0,0,0,0,0,0,23464,10.96,4,0,2.9592,2016,5,4,16,224
0,0,1,1,0,0,0,0,1,0,0,1,0,0,0,0,0,0,0,0,0,0,0,0,0,0,76051,33.488,7,0.2,5.8604,2016,4,4,2,985
0,0,1,1,0,0,0,0,1,0,0,0,0,0,0,0,0,1,0,0,0,0,0,0,0,0,76051,8.04,5,0.2,2.9145,2016,4,4,2,985
0,1,0,0,0,0,0,1,0,1,0,0,0,0,0,0,0,0,0,0,0,0,1,0,0,0,98502,201.568,4,0.2,22.6764,2015,6,2,5,506
1,0,0,0,0,0,0,1,1,0,0,0,0,0,0,0,0,0,0,0,0,1,0,0,0,0,90032,13.44,3,0,6.5856,2014,10,0,747,2001
0,0,0,0,1,0,0,0,0,0,0,0,0,1,0,0,0,0,0,0,0,0,0,0,0,0,61604,359.058,3,0.3,-35.9058,2015,3,3,23,492
0,0,1,0,0,1,0,0,0,0,0,0,0,0,1,0,0,0,0,0,0,0,0,0,0,0,43229,47.992,2,0.3,-2.0568,2017,5,4,222,469
0,0,0,1,0,1,0,0,0,0,0,0,0,0,0,0,0,0,1,0,0,0,0,0,0,0,10011,547.3,13,0,175.136,2017,10,2,915,1128
0,1,0,0,0,0,0,0,1,0,0,0,0,0,0,0,0,0,0,0,0,1,0,0,0,0,75007,16.896,4,0.2,5.28,2017,11,2,15,985
0,1,0,0,0,0,0,0,1,0,0,0,0,0,0,0,0,0,0,0,0,0,0,0,1,0,75007,6.672,1,0.2,0.5004,2017,11,2,15,985
0,1,0,0,0,0,0,0,1,0,0,1,0,0,0,0,0,0,0,0,0,0,0,0,0,0,75007,99.136,4,0.2,8.6744,2017,11,2,15,985
0,1,0,0,0,0,0,0,0,0,0,0,0,0,0,0,0,0,1,0,0,0,0,0,0,0,75007,15.992,2,0.6,-13.993,2017,11,2,15,985
0,1,0,1,0,1,0,0,0,0,0,0,0,0,0,0,0,0,1,0,0,0,0,0,0,0,19901,211.96,2,0,42.392,2016,5,5,19,96
0,0,1,0,0,0,1,0,1,0,0,1,0,0,0,0,0,0,0,0,0,0,0,0,0,0,37167,6.672,3,0.2,1.668,2016,12,6,24,183
0,0,1,0,0,1,0,0,1,0,0,1,0,0,0,0,0,0,0,0,0,0,0,0,0,0,19711,155.94,6,0,45.2226,2017,11,4,95,96
0,1,0,0,0,0,0,1,0,1,0,0,0,0,0,0,0,0,0,0,0,0,1,0,0,0,90049,39.96,5,0.2,12.987,2016,4,5,747,2001
0,1,0,0,0,0,0,1,1,0,0,1,0,0,0,0,0,0,0,0,0,0,0,0,0,0,90049,5.46,3,0,1.5288,2016,4,5,747,2001
0,1,0,0,0,0,0,1,1,0,0,1,0,0,0,0,0,0,0,0,0,0,0,0,0,0,90049,73.2,5,0,21.228,2016,4,5,747,2001
0,1,0,0,0,0,0,1,1,0,0,0,1,0,0,0,0,0,0,0,0,0,0,0,0,0,90049,5.84,1,0.2,1.971,2016,4,5,747,2001
0,1,0,0,0,0,0,1,1,0,0,0,0,0,0,0,0,0,0,0,0,1,0,0,0,0,90049,22.72,4,0,10.224,2016,4,5,747,2001
0,1,0,0,0,0,0,1,1,0,0,0,1,0,0,0,0,0,0,0,0,0,0,0,0,0,90049,9.336,3,0.2,3.2676,2016,4,5,747,2001
0,0,1,1,0,0,0,1,0,0,0,0,0,1,0,0,0,0,0,0,0,0,0,0,0,0,90008,290.666,2,0.15,27.3568,2014,5,4,747,2001
0,0,1,1,0,0,0,1,0,1,0,0,0,0,0,0,0,0,0,0,0,0,1,0,0,0,90008,201.584,2,0.2,20.1584,2014,5,4,747,2001
0,0,1,1,0,0,0,1,0,1,0,0,0,0,0,0,0,0,0,0,0,0,1,0,0,0,90008,83.984,2,0.2,31.494,2014,5,4,747,2001
0,0,1,1,0,0,0,1,1,0,0,0,0,0,0,0,0,0,0,0,0,0,0,1,0,0,94601,1000.02,7,0,290.0058,2017,12,4,26,2001
0,0,1,0,1,1,0,0,0,1,0,0,0,0,0,0,0,0,0,0,0,0,0,0,0,0,19143,83.976,3,0.2,-13.6461,2016,3,4,537,587
0,0,1,0,1,0,0,0,1,0,0,0,0,0,0,0,0,0,0,1,0,0,0,0,0,0,55122,3.75,1,0,1.8,2015,8,6,8,89
0,0,1,0,1,0,0,0,1,0,0,0,0,0,0,0,0,0,0,1,0,0,0,0,0,0,55122,41.4,4,0,19.872,2015,8,6,8,89
0,0,1,0,1,0,0,0,1,0,0,1,0,0,0,0,0,0,0,0,0,0,0,0,0,0,55122,29.79,3,0,12.5118,2015,8,6,8,89
0,1,0,0,1,1,0,0,1,0,0,0,0,0,0,0,0,0,0,0,0,0,0,1,0,0,10011,59.48,2,0,8.922,2016,9,4,915,1128
0,1,0,0,1,1,0,0,1,0,0,0,0,0,0,0,0,0,0,0,0,1,0,0,0,0,10011,6.69,1,0,3.0774,2016,9,4,915,1128
0,0,1,0,0,0,0,1,0,0,0,0,0,0,0,0,0,0,1,0,0,0,0,0,0,0,98031,198.46,2,0,99.23,2017,7,7,13,506
0,0,1,0,0,0,0,1,1,0,0,0,0,0,0,0,0,0,0,1,0,0,0,0,0,0,98031,786.48,8,0,385.3752,2017,7,7,13,506
0,0,1,0,0,0,0,1,1,0,0,0,1,0,0,0,0,0,0,0,0,0,0,0,0,0,98031,23.168,2,0.2,7.8192,2017,7,7,13,506
0,0,1,0,0,0,0,1,0,1,0,0,0,0,0,0,0,0,0,0,0,0,0,0,0,0,98031,50,2,0,10.5,2017,7,7,13,506
0,0,1,0,0,0,0,1,0,1,0,0,0,0,0,0,0,0,0,0,0,0,1,0,0,0,90049,675.96,5,0.2,84.495,2015,12,5,747,2001
0,0,1,0,0,0,0,1,0,1,0,0,0,0,0,0,0,0,0,0,0,0,0,0,0,0,90049,1265.85,3,0,556.974,2015,12,5,747,2001
0,0,1,0,1,1,0,0,1,0,1,0,0,0,0,0,0,0,0,0,0,0,0,0,0,0,10011,523.25,5,0,141.2775,2015,11,6,915,1128
0,0,1,0,0,0,1,0,0,0,0,0,0,0,1,0,0,0,0,0,0,0,0,0,0,0,70506,517.5,6,0,155.25,2015,9,6,31,42
0,1,0,0,0,1,0,0,0,0,0,0,0,0,0,0,0,0,1,0,0,0,0,0,0,0,44105,17.92,5,0.2,2.464,2017,6,4,42,469
0,1,0,0,0,1,0,0,1,0,0,0,1,0,0,0,0,0,0,0,0,0,0,0,0,0,44105,41.256,6,0.7,-34.38,2017,6,4,42,469
1,0,0,0,0,1,0,0,1,0,0,0,0,0,0,0,0,0,0,0,0,0,0,1,0,0,44105,1006.056,3,0.2,88.0299,2016,5,0,42,469
1,0,0,0,0,1,0,0,1,0,0,0,0,0,0,0,0,0,0,0,0,1,0,0,0,0,44105,10.688,2,0.2,3.7408,2016,5,0,42,469
1,0,0,0,0,1,0,0,1,0,0,0,0,0,0,0,0,0,0,0,0,1,0,0,0,0,44105,10.368,2,0.2,3.6288,2016,5,0,42,469
1,0,0,0,0,1,0,0,1,0,0,0,0,0,0,0,0,0,0,0,0,0,0,1,0,0,44105,25.12,2,0.2,1.57,2016,5,0,42,469
1,0,0,0,0,1,0,0,0,1,0,0,0,0,0,0,0,0,0,0,0,0,0,0,0,0,44105,58.112,2,0.2,7.264,2016,5,0,42,469
0,0,1,0,0,0,0,1,1,0,0,0,0,0,0,0,0,0,0,0,0,1,0,0,0,0,97224,15.552,3,0.2,5.4432,2014,11,6,8,124
0,0,1,0,0,0,0,1,1,0,0,0,0,0,0,0,0,0,0,0,0,0,0,1,0,0,97224,669.08,5,0.2,-167.27,2014,11,6,8,124
0,0,1,0,0,0,0,1,0,1,0,0,0,0,0,0,0,0,0,0,0,0,1,0,0,0,97224,438.336,4,0.2,-87.6672,2014,11,6,8,124
0,0,1,0,0,1,0,0,1,0,0,0,0,0,0,0,0,0,0,0,0,1,0,0,0,0,20016,19.44,3,0,9.3312,2016,5,6,10,10
0,0,1,0,0,1,0,0,1,0,0,0,1,0,0,0,0,0,0,0,0,0,0,0,0,0,20016,9.64,2,0,4.4344,2016,5,6,10,10
0,0,1,0,0,1,0,0,1,0,0,0,0,0,0,0,0,0,0,0,0,1,0,0,0,0,20016,12.7,2,0,5.842,2016,5,6,10,10
0,0,1,0,0,1,0,0,0,0,0,0,0,0,0,0,0,0,1,0,0,0,0,0,0,0,20016,41.37,3,0,17.3754,2016,5,6,10,10
0,0,1,1,0,0,0,0,1,0,0,0,0,0,0,0,0,1,0,0,0,0,0,0,0,0,60076,12.624,2,0.2,3.945,2014,11,5,11,492
0,0,0,1,0,0,0,1,1,0,0,0,0,0,0,0,0,0,0,0,0,0,0,1,0,0,98115,1247.64,3,0,349.3392,2015,3,1,428,506
0,0,0,1,0,0,0,1,0,1,0,0,0,0,0,1,0,0,0,0,0,0,0,0,0,0,98115,3149.93,7,0,1480.4671,2015,3,1,428,506
0,0,0,1,0,0,0,1,1,0,0,0,0,0,0,0,0,0,0,0,0,1,0,0,0,0,98115,209.7,2,0,100.656,2015,3,1,428,506
0,0,0,0,1,1,0,0,0,1,0,0,0,0,0,0,0,0,0,0,0,0,0,0,0,0,19140,35.36,2,0.2,-3.094,2015,11,2,537,587
0,0,0,0,1,1,0,0,1,0,0,0,0,0,0,0,0,1,0,0,0,0,0,0,0,0,19140,3.168,2,0.2,-0.7128,2015,11,2,537,587
0,1,0,0,0,1,0,0,1,0,0,0,1,0,0,0,0,0,0,0,0,0,0,0,0,0,19143,121.104,6,0.7,-100.92,2015,9,3,537,587
0,1,0,0,0,1,0,0,0,1,0,0,0,0,0,0,0,0,0,0,0,0,1,0,0,0,19143,45.894,1,0.4,-9.1788,2015,9,3,537,587
1,0,0,1,0,0,0,1,1,0,0,0,0,0,0,0,0,0,0,0,0,1,0,0,0,0,94110,109.92,2,0,53.8608,2014,8,0,510,2001
1,0,0,1,0,0,0,1,1,0,0,0,0,0,0,0,0,0,0,0,0,1,0,0,0,0,94110,13.36,2,0,6.4128,2014,8,0,510,2001
0,0,0,0,0,0,0,1,1,0,0,0,0,0,0,0,0,0,0,0,0,0,0,1,0,0,98105,169.68,6,0,45.8136,2017,11,3,428,506
0,0,0,0,0,0,0,1,0,1,0,0,0,0,0,0,0,0,0,0,0,0,0,0,0,0,98105,132.52,4,0,54.3332,2017,11,3,428,506
0,0,0,0,0,0,0,1,1,0,0,0,0,0,0,0,0,1,0,0,0,0,0,0,0,0,98105,2.96,2,0,1.4208,2017,11,3,428,506
0,0,0,0,0,0,0,1,1,0,0,0,1,0,0,0,0,0,0,0,0,0,0,0,0,0,98105,8.448,2,0.2,2.9568,2017,11,3,428,506
0,0,0,0,0,0,0,1,1,0,0,0,0,0,0,0,0,0,0,0,0,0,0,1,0,0,98105,95.94,3,0,9.594,2017,11,3,428,506
0,0,0,0,0,0,0,0,0,0,0,0,0,0,0,0,0,0,1,0,0,0,0,0,0,0,53209,34.79,7,0,10.7849,2014,5,3,45,110
0,0,1,0,0,0,0,1,0,1,0,0,0,0,0,0,0,0,0,0,0,0,1,0,0,0,90045,160.776,3,0.2,10.0485,2017,1,6,747,2001
0,0,1,0,0,0,0,1,1,0,0,0,1,0,0,0,0,0,0,0,0,0,0,0,0,0,98115,88.752,3,0.2,27.735,2017,10,7,428,506
0,0,1,0,0,0,0,1,1,0,0,0,1,0,0,0,0,0,0,0,0,0,0,0,0,0,98115,13.904,2,0.2,5.214,2017,10,7,428,506
0,0,1,1,0,1,0,0,0,1,0,0,0,0,0,0,0,0,0,0,0,0,1,0,0,0,19143,677.58,5,0.4,-158.102,2017,4,6,537,587
0,0,1,1,0,1,0,0,1,0,0,0,1,0,0,0,0,0,0,0,0,0,0,0,0,0,19143,13.896,3,0.7,-9.264,2017,4,6,537,587
0,1,0,0,0,0,0,0,1,0,0,0,0,0,0,0,0,0,0,0,0,0,0,1,0,0,75217,41.92,5,0.2,3.668,2016,11,2,157,985
0,1,0,0,0,0,0,0,0,1,0,0,0,0,0,0,0,0,0,0,0,0,0,0,0,0,75217,297.576,3,0.2,-7.4394,2016,11,2,157,985
0,1,0,0,0,0,0,0,1,0,0,0,0,0,0,0,0,1,0,0,0,0,0,0,0,0,75217,4.344,3,0.2,0.8688,2016,11,2,157,985
0,1,0,0,0,0,0,0,0,1,0,0,0,0,0,0,0,0,0,0,0,0,0,0,0,0,75217,94.992,2,0.2,-2.3748,2016,11,2,157,985
0,1,0,0,0,0,0,0,1,0,0,0,0,0,0,0,0,0,0,0,0,1,0,0,0,0,75217,74.352,3,0.2,23.235,2016,11,2,157,985
0,1,0,0,0,0,0,0,1,0,0,1,0,0,0,0,0,0,0,0,0,0,0,0,0,0,75217,14.04,3,0.2,1.5795,2016,11,2,157,985
0,0,1,0,0,1,0,0,0,0,0,0,0,0,0,0,0,0,0,0,0,0,0,0,0,1,10011,1018.104,4,0.4,-373.3048,2015,1,5,915,1128
0,0,1,0,0,0,0,0,0,1,0,0,0,0,0,0,0,0,0,0,0,0,1,0,0,0,77095,16.68,3,0.2,5.2125,2017,10,7,377,985
0,0,0,1,0,0,0,1,0,1,0,0,0,0,0,0,0,0,0,0,0,0,0,0,0,0,89031,58.58,2,0,19.3314,2016,3,3,16,39
0,0,1,0,0,0,0,0,0,1,0,0,0,0,0,0,0,0,0,0,0,0,1,0,0,0,75023,167.968,4,0.2,62.988,2017,7,4,15,985
0,0,0,0,0,0,1,0,1,0,0,0,0,0,0,0,0,0,0,1,0,0,0,0,0,0,23434,196.62,2,0,96.3438,2015,12,1,10,224
0,0,1,1,0,0,0,0,0,0,0,0,0,0,0,0,0,0,1,0,0,0,0,0,0,0,77041,21.936,2,0.6,-10.4196,2015,9,4,377,985
0,0,1,1,0,0,0,0,1,0,0,0,1,0,0,0,0,0,0,0,0,0,0,0,0,0,77041,6.588,3,0.8,-10.2114,2015,9,4,377,985
0,0,1,0,0,0,0,1,1,0,0,0,0,0,0,0,0,0,0,0,0,0,0,1,0,0,94110,104.28,3,0,26.07,2016,5,6,510,2001
0,0,1,0,0,0,0,1,1,0,0,0,0,0,0,0,0,0,0,0,0,1,0,0,0,0,94110,17.94,3,0,8.7906,2016,5,6,510,2001
0,0,1,1,0,1,0,0,1,0,0,0,0,0,0,0,0,0,0,0,0,0,0,1,0,0,19134,64.784,1,0.2,-14.5764,2014,9,6,537,587
0,0,1,1,0,1,0,0,0,1,0,0,0,0,0,0,0,0,0,0,0,0,1,0,0,0,19134,32.382,3,0.4,4.3176,2014,9,6,537,587
0,0,1,1,0,1,0,0,0,0,0,0,0,0,0,0,0,0,1,0,0,0,0,0,0,0,19134,42.368,2,0.2,8.4736,2014,9,6,537,587
0,0,1,1,0,1,0,0,0,1,0,0,0,0,0,0,0,0,0,0,1,0,0,0,0,0,19134,399.54,4,0.7,-559.356,2014,9,6,537,587
0,1,0,0,0,0,0,1,1,0,0,0,0,0,0,0,0,0,0,0,0,1,0,0,0,0,90008,18.97,1,0,9.1056,2016,9,2,747,2001
0,0,1,1,0,0,0,1,0,0,0,0,0,0,0,0,0,0,1,0,0,0,0,0,0,0,94110,14.82,3,0,6.2244,2016,11,5,510,2001
0,0,0,1,0,1,0,0,1,0,1,0,0,0,0,0,0,0,0,0,0,0,0,0,0,0,19143,99.28,2,0.2,12.41,2017,4,3,537,587
0,0,0,1,0,1,0,0,1,0,0,0,1,0,0,0,0,0,0,0,0,0,0,0,0,0,19143,1.188,2,0.7,-0.99,2017,4,3,537,587
0,0,0,1,0,1,0,0,1,0,0,0,1,0,0,0,0,0,0,0,0,0,0,0,0,0,19143,7.518,2,0.7,-5.7638,2017,4,3,537,587
0,0,0,0,0,1,0,0,1,0,0,0,0,0,0,0,0,0,0,0,0,1,0,0,0,0,19140,10.368,2,0.2,3.6288,2017,12,2,537,587
0,0,0,0,0,1,0,0,0,0,0,0,0,0,0,0,0,0,1,0,0,0,0,0,0,0,19140,310.88,2,0.2,23.316,2017,12,2,537,587
0,0,1,0,0,1,0,0,0,0,0,0,0,0,0,0,0,0,0,0,0,0,0,0,0,1,19143,853.092,6,0.4,-227.4912,2014,8,4,537,587
0,0,1,0,0,0,0,0,1,0,0,0,0,0,0,0,0,0,0,0,0,1,0,0,0,0,46203,33.45,5,0,15.387,2017,12,6,23,149
0,0,1,0,0,0,0,0,1,0,0,0,1,0,0,0,0,0,0,0,0,0,0,0,0,0,46203,10.4,5,0,5.096,2017,12,6,23,149
0,0,1,0,0,1,0,0,0,0,0,0,0,0,0,0,0,0,1,0,0,0,0,0,0,0,43229,21.88,5,0.2,6.2905,2016,3,5,222,469
0,1,0,0,1,0,0,0,0,1,0,0,0,0,0,0,0,0,0,0,0,0,0,0,0,0,75023,13.616,2,0.2,3.5742,2016,6,3,15,985
0,1,0,0,1,1,0,0,0,1,0,0,0,0,0,0,0,0,0,0,0,0,0,0,0,0,7002,63.96,4,0,19.8276,2015,9,3,3,130
0,1,0,0,1,1,0,0,1,0,0,0,1,0,0,0,0,0,0,0,0,0,0,0,0,0,7002,14.46,3,0,7.0854,2015,9,3,3,130
0,1,0,0,1,1,0,0,0,1,0,0,0,0,0,0,0,0,0,0,0,0,1,0,0,0,7002,104.98,2,0,52.49,2015,9,3,3,130
0,0,1,0,0,0,0,1,1,0,1,0,0,0,0,0,0,0,0,0,0,0,0,0,0,0,90008,106.96,2,0,31.0184,2015,12,4,747,2001
0,0,1,0,0,0,0,1,1,0,0,0,0,0,0,0,0,0,0,1,0,0,0,0,0,0,90008,21.56,7,0,10.3488,2015,12,4,747,2001
0,1,0,0,0,0,0,1,0,0,0,0,0,0,0,0,0,0,0,0,0,0,0,0,0,1,98115,515.88,6,0,113.4936,2014,6,4,428,506
0,1,0,0,0,1,0,0,1,0,0,0,1,0,0,0,0,0,0,0,0,0,0,0,0,0,10035,11.808,2,0.2,4.2804,2015,7,2,915,1128
0,1,0,0,0,1,0,0,0,0,0,0,0,0,1,0,0,0,0,0,0,0,0,0,0,0,10035,1931.04,9,0.1,321.84,2015,7,2,915,1128
0,1,0,0,0,1,0,0,1,0,0,0,0,0,0,0,0,0,0,0,0,1,0,0,0,0,10035,9.96,2,0,4.6812,2015,7,2,915,1128
0,0,1,0,1,0,0,1,1,0,0,0,0,0,0,0,0,1,0,0,0,0,0,0,0,0,92037,12.35,5,0,5.8045,2014,2,4,170,2001
1,0,0,0,0,0,0,1,1,0,0,0,1,0,0,0,0,0,0,0,0,0,0,0,0,0,85301,9.702,3,0.7,-7.1148,2016,3,0,23,224
0,0,1,0,0,1,0,0,1,0,0,0,1,0,0,0,0,0,0,0,0,0,0,0,0,0,19120,11.61,2,0.7,-9.288,2015,11,4,537,587
0,0,1,0,0,0,0,1,1,0,0,0,0,0,0,0,0,0,0,1,0,0,0,0,0,0,94122,43.86,6,0,20.6142,2017,10,6,510,2001
0,0,1,0,0,0,0,1,0,1,0,0,0,0,0,0,0,0,0,0,0,0,1,0,0,0,94122,148.48,2,0.2,16.704,2017,10,6,510,2001
0,0,1,0,0,0,0,1,1,0,0,0,0,0,0,0,0,0,0,0,0,1,0,0,0,0,94122,7.42,2,0,3.71,2017,10,6,510,2001
0,0,1,0,0,0,0,1,0,0,0,0,0,0,1,0,0,0,0,0,0,0,0,0,0,0,94122,71.992,1,0.2,-0.8999,2017,10,6,510,2001
0,0,1,0,0,0,0,1,1,0,0,1,0,0,0,0,0,0,0,0,0,0,0,0,0,0,94122,19.9,5,0,6.567,2017,10,6,510,2001
0,0,1,0,0,0,0,1,1,0,1,0,0,0,0,0,0,0,0,0,0,0,0,0,0,0,94122,1702.12,14,0,510.636,2017,10,6,510,2001
0,0,1,0,0,0,0,0,1,0,0,0,0,0,0,0,0,0,0,0,0,1,0,0,0,0,77070,14.304,6,0.2,5.0064,2015,1,5,377,985
0,1,0,0,0,0,0,0,0,0,0,0,0,0,0,0,0,0,0,0,0,0,0,0,0,1,60610,765.625,7,0.5,-566.5625,2017,9,5,314,492
0,0,1,0,0,0,0,1,0,0,0,0,0,1,0,0,0,0,0,0,0,0,0,0,0,0,94110,307.666,2,0.15,-14.4784,2017,10,6,510,2001
0,0,1,0,0,1,0,0,1,0,0,0,1,0,0,0,0,0,0,0,0,0,0,0,0,0,10011,7.712,2,0.2,2.7956,2016,4,4,915,1128
0,0,1,0,0,1,0,0,1,0,1,0,0,0,0,0,0,0,0,0,0,0,0,0,0,0,10011,242.9,5,0,70.441,2016,5,5,915,1128
0,0,1,0,0,1,0,0,1,0,0,0,0,0,0,0,0,0,0,0,0,0,0,1,0,0,10011,454.9,5,0,0,2016,5,5,915,1128
0,0,1,0,0,1,0,0,0,0,0,0,0,0,0,0,0,0,1,0,0,0,0,0,0,0,10011,35.92,4,0,15.0864,2016,5,5,915,1128
0,0,1,0,0,1,0,0,0,0,0,0,0,0,0,0,0,0,1,0,0,0,0,0,0,0,10011,39.76,8,0,12.3256,2016,5,5,915,1128
0,0,1,0,0,1,0,0,1,0,0,0,1,0,0,0,0,0,0,0,0,0,0,0,0,0,10011,47.744,4,0.2,14.92,2016,5,5,915,1128
0,0,1,0,0,0,0,0,0,1,0,0,0,0,0,0,0,0,0,0,0,0,1,0,0,0,60623,159.984,2,0.2,11.9988,2015,12,5,314,492
0,0,1,0,0,0,0,0,0,1,0,0,0,0,0,0,0,0,0,0,0,0,0,0,0,0,60623,255.968,4,0.2,51.1936,2015,12,5,314,492
0,0,1,0,0,0,0,0,0,0,0,0,0,1,0,0,0,0,0,0,0,0,0,0,0,0,60623,359.058,3,0.3,-71.8116,2015,12,5,314,492
0,0,0,0,0,1,0,0,1,0,1,0,0,0,0,0,0,0,0,0,0,0,0,0,0,0,19143,434.352,3,0.2,43.4352,2015,12,1,537,587
0,0,0,0,0,1,0,0,1,0,1,0,0,0,0,0,0,0,0,0,0,0,0,0,0,0,19143,3.552,2,0.2,0.444,2015,12,1,537,587
0,0,0,0,0,1,0,0,1,0,1,0,0,0,0,0,0,0,0,0,0,0,0,0,0,0,19143,88.832,4,0.2,7.7728,2015,12,1,537,587
0,1,0,1,0,1,0,0,0,0,0,0,0,0,0,0,0,0,0,0,0,0,0,0,0,1,43017,1048.35,5,0.4,-69.89,2017,4,5,14,469
1,0,0,0,0,0,1,0,0,1,0,0,0,0,0,0,0,0,0,0,0,0,0,0,0,0,22153,100,4,0,21,2016,2,0,163,224
1,0,0,0,0,0,1,0,1,0,0,0,0,0,0,0,0,0,0,1,0,0,0,0,0,0,22153,7.83,3,0,3.6018,2016,2,0,163,224
0,0,1,1,0,0,1,0,1,0,0,0,0,0,0,0,0,0,0,0,0,1,0,0,0,0,28314,96.256,8,0.2,31.2832,2014,9,5,41,249
0,0,1,1,0,0,1,0,1,0,0,0,0,0,0,0,0,0,0,0,0,1,0,0,0,0,28314,10.688,2,0.2,3.7408,2014,9,5,41,249
0,0,1,0,0,0,0,0,1,0,0,0,0,0,0,0,0,0,0,0,0,0,0,1,0,0,75081,338.04,3,0.2,-33.804,2016,7,4,157,985
0,0,1,0,0,0,0,0,1,0,0,1,0,0,0,0,0,0,0,0,0,0,0,0,0,0,75081,154.24,4,0.2,17.352,2016,7,4,157,985
0,1,0,0,0,0,1,0,1,0,1,0,0,0,0,0,0,0,0,0,0,0,0,0,0,0,28540,34.848,2,0.2,6.534,2017,7,3,125,249
0,1,0,0,0,0,1,0,0,1,0,0,0,0,0,0,0,0,0,0,0,0,1,0,0,0,28540,22,5,0.2,1.375,2017,7,3,125,249
0,1,0,0,0,0,1,0,1,0,0,1,0,0,0,0,0,0,0,0,0,0,0,0,0,0,28540,4.368,3,0.2,0.3822,2017,7,3,125,249
0,0,1,1,0,0,0,1,1,0,0,0,0,0,0,0,0,0,0,0,0,0,0,1,0,0,94122,31.44,3,0,8.4888,2015,9,6,510,2001
0,0,1,1,0,0,0,1,0,1,0,0,0,0,0,0,0,0,0,0,0,0,0,0,0,0,94122,17.9,2,0,3.401,2015,9,6,510,2001
0,0,1,1,0,0,0,1,0,1,0,0,0,0,0,0,0,0,0,0,0,0,0,0,0,0,94122,129.45,5,0,46.602,2015,9,6,510,2001
0,0,1,0,1,0,0,1,1,0,0,0,0,0,0,0,0,0,0,1,0,0,0,0,0,0,92037,20.88,8,0,9.6048,2014,8,7,170,2001
0,0,1,0,0,1,0,0,1,0,0,0,0,0,0,0,0,0,0,0,0,1,0,0,0,0,19140,20.736,4,0.2,7.2576,2017,10,4,537,587
0,0,1,0,0,1,0,0,0,0,0,0,0,0,0,0,0,0,1,0,0,0,0,0,0,0,19140,7.168,2,0.2,0.9856,2017,10,4,537,587
0,0,1,0,0,1,0,0,1,0,0,0,0,0,0,0,0,0,0,0,0,0,0,1,0,0,19140,11.168,2,0.2,-2.5128,2017,10,4,537,587
0,0,1,0,0,1,0,0,0,1,0,0,0,0,0,0,0,0,0,0,0,0,0,0,0,0,19140,442.4,7,0.2,-55.3,2017,10,4,537,587
0,0,0,0,0,1,0,0,1,0,0,1,0,0,0,0,0,0,0,0,0,0,0,0,0,0,14609,13.36,2,0,4.9432,2014,6,3,53,1128
0,1,0,0,0,0,1,0,1,0,0,0,1,0,0,0,0,0,0,0,0,0,0,0,0,0,28540,11.232,8,0.7,-8.2368,2016,8,4,125,249
0,1,0,0,0,0,1,0,1,0,0,0,0,0,0,0,0,0,0,0,0,1,0,0,0,0,28540,10.272,3,0.2,3.21,2016,8,4,125,249
0,0,1,0,1,0,0,0,1,0,0,0,0,0,0,0,0,0,0,0,0,1,0,0,0,0,77095,10.368,2,0.2,3.6288,2014,4,4,377,985
0,0,1,0,1,0,0,0,1,0,0,1,0,0,0,0,0,0,0,0,0,0,0,0,0,0,77095,6.24,3,0.2,0.546,2014,4,4,377,985
0,0,1,0,1,0,0,0,0,0,0,0,0,0,0,0,0,0,0,0,0,0,0,0,0,1,78207,206.962,2,0.3,-32.5226,2015,11,5,59,985
0,0,0,0,0,0,0,1,0,0,0,0,0,0,0,0,0,0,1,0,0,0,0,0,0,0,94601,9.46,2,0,3.6894,2017,10,3,26,2001
0,0,0,1,0,0,0,1,1,0,0,0,0,0,0,0,0,0,0,0,0,0,0,1,0,0,94122,559.62,9,0,151.0974,2017,12,3,510,2001
0,0,0,1,0,0,0,1,1,0,0,0,0,0,0,0,0,0,0,0,0,1,0,0,0,0,94122,109.92,2,0,53.8608,2017,12,3,510,2001
0,0,0,1,0,0,0,1,1,0,0,0,0,0,0,0,0,0,0,0,0,1,0,0,0,0,94122,8.56,2,0,3.852,2017,12,3,510,2001
0,1,0,0,1,0,0,0,1,0,0,0,0,0,0,0,0,0,0,0,0,1,0,0,0,0,76106,360.712,11,0.2,130.7581,2015,12,3,27,985
0,1,0,0,1,0,0,0,0,1,0,0,0,0,0,0,0,0,0,0,0,0,1,0,0,0,76106,1718.4,6,0.2,150.36,2015,12,3,27,985
0,0,0,0,1,0,0,0,1,0,0,0,1,0,0,0,0,0,0,0,0,0,0,0,0,0,77095,41.568,6,0.8,-66.5088,2015,7,2,377,985
0,0,1,0,0,0,0,0,0,1,0,0,0,0,0,0,0,0,0,0,0,0,0,0,0,0,77095,46.864,2,0.2,7.6154,2014,5,6,377,985
0,0,1,0,0,1,0,0,1,0,0,1,0,0,0,0,0,0,0,0,0,0,0,0,0,0,19143,19.536,3,0.2,4.884,2014,1,7,537,587
0,0,1,0,0,0,0,1,0,0,0,0,0,1,0,0,0,0,0,0,0,0,0,0,0,0,92105,411.332,4,0.15,-4.8392,2015,9,4,170,2001
0,0,1,0,0,0,0,1,1,0,0,0,1,0,0,0,0,0,0,0,0,0,0,0,0,0,92105,28.752,6,0.2,9.7038,2015,9,4,170,2001
0,0,1,0,0,0,0,1,0,0,0,0,0,1,0,0,0,0,0,0,0,0,0,0,0,0,92105,293.199,3,0.15,-20.6964,2015,9,4,170,2001
0,0,1,0,1,0,1,0,1,0,0,0,0,0,0,0,0,0,0,0,0,0,0,0,1,0,23434,35.06,2,0,10.518,2016,8,4,10,224
0,0,1,0,1,0,1,0,1,0,0,0,0,0,0,0,0,0,0,1,0,0,0,0,0,0,23434,4.13,1,0,1.8998,2016,8,4,10,224
0,0,1,0,1,0,1,0,0,0,0,0,0,0,0,0,0,0,1,0,0,0,0,0,0,0,23434,109.8,9,0,46.116,2016,8,4,10,224
0,0,1,0,1,0,1,0,1,0,0,0,0,0,0,0,0,0,0,1,0,0,0,0,0,0,23434,9.82,2,0,4.8118,2016,8,4,10,224
0,0,1,0,0,0,1,0,1,0,0,0,1,0,0,0,0,0,0,0,0,0,0,0,0,0,27405,7.644,4,0.7,-5.8604,2014,3,4,13,249
0,0,1,0,0,0,1,0,1,0,0,0,1,0,0,0,0,0,0,0,0,0,0,0,0,0,27405,51.465,5,0.7,-39.4565,2014,3,4,13,249
0,0,1,1,0,0,0,0,1,0,0,0,0,0,0,0,0,0,0,0,0,0,0,0,1,0,75081,6.976,4,0.2,-1.3952,2017,3,6,157,985
0,0,1,1,0,0,0,0,1,0,0,0,1,0,0,0,0,0,0,0,0,0,0,0,0,0,75081,12.222,7,0.8,-20.1663,2017,3,6,157,985
0,1,0,1,0,0,0,0,1,0,0,0,0,0,0,0,0,0,0,0,0,0,0,1,0,0,60623,97.984,2,0.2,-24.496,2016,11,2,314,492
0,1,0,1,0,0,0,0,0,1,0,0,0,0,0,0,0,0,0,0,0,0,0,0,0,0,60623,62.4,6,0.2,19.5,2016,11,2,314,492
0,0,1,1,0,1,0,0,1,0,0,0,1,0,0,0,0,0,0,0,0,0,0,0,0,0,21215,20.86,2,0,9.387,2014,4,5,43,105
0,0,1,1,0,1,0,0,1,0,0,0,0,0,0,0,0,0,0,0,0,0,0,1,0,0,21215,497.61,9,0,129.3786,2014,4,5,43,105
0,0,1,1,0,1,0,0,1,0,0,1,0,0,0,0,0,0,0,0,0,0,0,0,0,0,21215,5.34,2,0,1.4952,2014,4,5,43,105
0,0,1,1,0,1,0,0,1,0,0,0,0,0,0,0,0,0,0,1,0,0,0,0,0,0,21215,3.15,1,0,1.512,2014,4,5,43,105
0,0,1,0,0,0,0,1,1,0,0,0,0,0,0,0,0,0,0,0,0,1,0,0,0,0,90004,368.91,9,0,180.7659,2015,11,4,747,2001
0,0,1,0,0,0,0,1,1,0,0,1,0,0,0,0,0,0,0,0,0,0,0,0,0,0,90004,14.7,5,0,6.615,2015,11,4,747,2001
0,0,1,0,0,1,0,0,0,1,0,0,0,0,0,0,0,0,0,0,0,0,0,0,0,0,10011,59.97,3,0,14.9925,2016,11,5,915,1128
0,0,1,0,0,1,0,0,1,0,0,0,0,0,0,0,0,0,0,0,0,0,0,1,0,0,10011,83.36,1,0,20.84,2016,11,5,915,1128
0,0,1,1,0,1,0,0,1,0,0,0,0,0,0,0,0,0,0,0,0,1,0,0,0,0,2038,6.58,2,0,3.0268,2015,7,4,37,135
0,0,1,1,0,1,0,0,1,0,0,0,1,0,0,0,0,0,0,0,0,0,0,0,0,0,2038,122.94,3,0,59.0112,2015,7,4,37,135
0,0,1,1,0,0,0,0,1,0,0,0,0,0,0,0,0,0,0,0,0,1,0,0,0,0,53209,219.84,4,0,107.7216,2017,9,4,45,110
0,0,1,1,0,0,0,0,0,1,0,0,0,0,0,0,0,0,0,0,0,0,0,0,0,0,53209,98.16,6,0,9.816,2017,9,4,45,110
0,0,1,1,0,0,0,0,1,0,0,0,1,0,0,0,0,0,0,0,0,0,0,0,0,0,53209,33.04,8,0,15.5288,2017,9,4,45,110
0,0,1,1,0,0,0,0,0,1,0,0,0,0,0,0,0,0,0,0,0,0,1,0,0,0,53209,86.97,3,0,25.2213,2017,9,4,45,110
0,0,1,1,0,0,0,0,0,1,0,0,0,0,0,0,0,0,0,0,0,0,1,0,0,0,53142,134.97,3,0,64.7856,2015,2,4,9,110
0,0,1,1,0,0,0,0,0,1,0,0,0,0,0,0,0,0,0,0,0,0,1,0,0,0,53142,699.98,2,0,195.9944,2015,2,4,9,110
0,0,1,1,0,0,0,0,0,1,0,0,0,0,0,0,0,0,0,0,0,0,0,0,0,0,53142,139.95,5,0,26.5905,2015,2,4,9,110
0,0,1,0,0,1,0,0,1,0,0,0,0,0,0,0,0,0,0,0,0,1,0,0,0,0,10011,48.94,1,0,24.47,2014,9,4,915,1128
0,0,0,0,0,0,0,0,0,0,0,0,0,0,1,0,0,0,0,0,0,0,0,0,0,0,53711,2807.84,8,0,673.8816,2014,12,2,10,110
0,0,0,0,0,0,0,0,1,0,0,1,0,0,0,0,0,0,0,0,0,0,0,0,0,0,53711,46.64,4,0,12.5928,2014,12,2,10,110
0,0,1,1,0,0,0,0,1,0,0,0,0,0,0,0,0,0,0,0,0,0,0,1,0,0,77041,60.416,2,0.2,6.0416,2014,12,5,377,985
0,0,1,0,1,0,0,0,1,0,0,1,0,0,0,0,0,0,0,0,0,0,0,0,0,0,66062,107.94,3,0,26.985,2016,9,5,5,24
0,0,0,0,1,1,0,0,1,0,0,0,0,0,0,0,0,0,0,0,0,0,0,1,0,0,10024,63.84,8,0,16.5984,2017,8,3,915,1128
0,0,0,0,1,1,0,0,0,1,0,0,0,0,0,0,0,0,0,0,0,0,1,0,0,0,10024,347.97,3,0,100.9113,2017,8,3,915,1128
0,0,0,0,1,1,0,0,1,0,0,0,1,0,0,0,0,0,0,0,0,0,0,0,0,0,10024,37.008,6,0.2,11.565,2017,8,3,915,1128
0,0,1,0,0,0,0,1,0,0,0,0,0,0,0,0,0,0,1,0,0,0,0,0,0,0,95123,215.65,5,0,73.321,2016,7,4,42,2001
0,1,0,0,0,0,0,0,1,0,0,0,0,0,0,0,0,1,0,0,0,0,0,0,0,0,75081,11.168,4,0.2,3.6296,2016,8,2,157,985
0,1,0,0,0,0,0,0,1,0,0,0,0,0,0,0,0,0,0,0,0,1,0,0,0,0,75081,53.952,3,0.2,17.5344,2016,8,2,157,985
0,0,1,0,1,0,0,1,0,0,0,0,0,0,0,0,0,0,1,0,0,0,0,0,0,0,98002,4.18,1,0,1.5048,2016,11,6,24,506
0,1,0,0,0,1,0,0,1,0,0,0,1,0,0,0,0,0,0,0,0,0,0,0,0,0,19134,5.607,1,0.7,-4.2987,2017,9,4,537,587
0,1,0,0,0,1,0,0,1,0,0,0,0,0,0,0,0,0,0,0,0,0,0,0,1,0,19134,4663.736,7,0.2,-1049.3406,2017,9,4,537,587
0,1,0,0,0,1,0,0,0,1,0,0,0,0,0,0,0,0,0,0,0,0,0,0,0,0,19134,79.984,2,0.2,22.9954,2017,9,4,537,587
0,0,0,1,0,0,0,1,0,1,0,0,0,0,0,0,0,0,0,0,0,0,1,0,0,0,90049,2575.944,7,0.2,257.5944,2016,12,3,747,2001
0,0,0,1,0,0,0,1,1,0,0,0,0,0,0,0,0,0,0,0,0,1,0,0,0,0,90049,45.36,7,0,21.7728,2016,12,3,747,2001
0,0,0,1,0,0,0,1,0,1,0,0,0,0,0,0,0,0,0,0,0,0,0,0,0,0,90049,254.24,7,0,76.272,2016,12,3,747,2001
0,0,0,1,0,0,0,0,0,1,0,0,0,0,0,0,0,0,0,0,0,0,1,0,0,0,74133,69.93,7,0,0.6993,2016,2,2,26,66
0,0,1,1,0,0,0,0,0,0,0,0,0,0,0,0,0,0,1,0,0,0,0,0,0,0,60610,16.156,7,0.6,-12.117,2016,10,6,314,492
0,0,1,1,0,0,0,0,1,0,0,0,0,0,0,0,0,0,0,0,0,1,0,0,0,0,60610,54.816,3,0.2,17.8152,2016,10,6,314,492
0,1,0,0,0,0,1,0,0,0,0,0,0,0,0,0,0,0,0,0,0,0,0,0,0,1,22801,1441.3,7,0,245.021,2014,6,2,7,224
0,0,1,0,0,1,0,0,0,0,0,0,0,0,0,0,0,0,1,0,0,0,0,0,0,0,43055,77.6,5,0.2,28.13,2017,11,6,95,469
0,0,1,0,0,1,0,0,0,0,0,0,0,0,0,0,0,0,1,0,0,0,0,0,0,0,43055,4.656,2,0.2,1.5714,2017,11,6,95,469
0,0,1,1,0,0,0,1,0,0,0,0,0,0,0,0,0,0,0,0,0,0,0,0,0,1,90045,170.136,3,0.2,-8.5068,2015,9,4,747,2001
1,0,0,0,0,0,0,1,1,0,0,0,0,0,0,0,0,0,0,1,0,0,0,0,0,0,98105,7.38,2,0,3.4686,2015,6,0,428,506
1,0,0,0,0,0,0,1,1,0,0,1,0,0,0,0,0,0,0,0,0,0,0,0,0,0,98105,9.26,2,0,3.0558,2015,6,0,428,506
0,1,0,0,0,0,0,1,1,0,0,0,0,0,0,0,0,0,0,1,0,0,0,0,0,0,90036,9.96,2,0,4.5816,2015,12,2,747,2001
0,0,1,0,0,0,0,0,1,0,1,0,0,0,0,0,0,0,0,0,0,0,0,0,0,0,60623,75.6,2,0.8,-166.32,2014,5,4,314,492
0,0,1,0,0,0,0,0,0,0,0,0,0,0,0,0,0,0,1,0,0,0,0,0,0,0,60623,29.32,2,0.6,-24.189,2014,5,4,314,492
0,0,1,1,0,0,0,0,1,0,1,0,0,0,0,0,0,0,0,0,0,0,0,0,0,0,60623,92.064,6,0.8,-225.5568,2016,2,4,314,492
0,0,1,1,0,0,0,0,1,0,0,0,0,0,0,0,0,1,0,0,0,0,0,0,0,0,60623,6.976,4,0.2,1.8312,2016,2,4,314,492
0,0,1,1,0,0,0,0,0,0,0,0,0,0,1,0,0,0,0,0,0,0,0,0,0,0,60623,62.958,3,0.3,-2.6982,2016,2,4,314,492
0,0,1,1,0,0,0,0,1,0,0,0,0,0,0,0,0,0,0,0,0,1,0,0,0,0,60623,5.184,1,0.2,1.8144,2016,2,4,314,492
0,0,1,0,0,0,0,1,1,0,0,0,1,0,0,0,0,0,0,0,0,0,0,0,0,0,97756,31.32,10,0.7,-25.056,2016,12,6,11,124
0,0,1,0,0,0,0,1,0,0,0,0,0,0,0,0,0,0,1,0,0,0,0,0,0,0,97756,11.84,4,0.2,3.108,2016,12,6,11,124
0,0,1,0,0,0,0,1,0,0,0,0,0,0,0,0,0,0,1,0,0,0,0,0,0,0,97756,22.784,1,0.2,4.8416,2016,12,6,11,124
0,1,0,0,1,0,1,0,0,1,0,0,0,0,0,0,0,0,0,0,0,0,1,0,0,0,27604,1127.976,3,0.2,126.8973,2016,2,3,22,249
0,1,0,1,0,0,1,0,1,0,0,0,0,0,0,0,0,0,0,0,0,1,0,0,0,0,31204,38.88,6,0,18.6624,2015,7,2,6,184
0,0,1,0,0,1,0,0,0,1,0,0,0,0,0,0,0,0,0,0,0,0,1,0,0,0,44105,779.796,2,0.4,-168.9558,2014,5,6,42,469
1,0,0,0,1,0,0,0,0,1,0,0,0,0,0,0,0,0,0,0,0,0,1,0,0,0,74403,1439.92,8,0,374.3792,2017,10,0,4,66
1,0,0,0,1,0,0,0,0,0,0,0,0,0,0,0,0,0,0,0,0,0,0,0,0,1,74403,262.11,1,0,62.9064,2017,10,0,4,66
0,0,1,1,0,0,1,0,0,0,0,0,0,0,1,0,0,0,0,0,0,0,0,0,0,0,28110,207,3,0.2,25.875,2015,11,4,21,249
0,0,1,1,0,0,0,0,0,1,0,0,0,0,0,0,0,0,0,0,1,0,0,0,0,0,78745,1439.982,3,0.4,-263.9967,2017,8,6,39,985
0,0,1,1,0,0,0,0,1,0,0,0,0,0,0,0,0,0,0,0,0,1,0,0,0,0,78745,36.288,7,0.2,12.7008,2017,8,6,39,985
0,0,0,0,0,1,0,0,1,0,0,1,0,0,0,0,0,0,0,0,0,0,0,0,0,0,6450,21.4,5,0,6.206,2014,6,3,11,82
0,1,0,1,0,0,1,0,1,0,1,0,0,0,0,0,0,0,0,0,0,0,0,0,0,0,30076,1245.86,7,0,361.2994,2017,2,2,18,184
0,0,1,1,0,0,1,0,1,0,0,0,0,0,0,0,0,0,0,1,0,0,0,0,0,0,28205,17.544,3,0.2,5.9211,2014,8,4,52,249
0,0,1,1,0,0,1,0,0,0,0,0,0,0,0,0,0,0,1,0,0,0,0,0,0,0,28205,44.128,4,0.2,12.1352,2014,8,4,52,249
0,0,1,1,0,0,1,0,1,0,1,0,0,0,0,0,0,0,0,0,0,0,0,0,0,0,28205,62.92,1,0.2,10.2245,2014,8,4,52,249
0,0,1,1,0,0,1,0,1,0,0,0,0,0,0,0,0,0,0,0,0,1,0,0,0,0,28205,78.304,2,0.2,29.364,2014,8,4,52,249
0,0,1,1,0,0,1,0,0,0,0,0,0,0,1,0,0,0,0,0,0,0,0,0,0,0,42104,140.81,1,0,39.4268,2016,7,5,10,139
0,1,0,1,0,0,0,0,1,0,0,0,0,0,0,0,0,0,0,1,0,0,0,0,0,0,78207,40.096,4,0.2,13.5324,2015,2,2,59,985
0,1,0,1,0,0,0,0,0,0,0,0,0,0,0,0,0,0,1,0,0,0,0,0,0,0,78207,40.784,2,0.6,-30.588,2015,2,2,59,985
0,0,1,0,0,0,0,1,0,1,0,0,0,0,0,0,0,0,0,0,0,0,0,0,0,0,98115,90.57,3,0,11.7741,2017,7,4,428,506
0,1,0,0,1,1,0,0,1,0,0,0,0,0,0,0,0,0,0,0,0,1,0,0,0,0,20016,40.08,6,0,19.2384,2017,1,5,10,10
0,1,0,0,1,1,0,0,0,0,0,0,0,0,0,0,0,0,1,0,0,0,0,0,0,0,20016,37.68,2,0,15.8256,2017,1,5,10,10
1,0,0,1,0,0,0,1,0,0,0,0,0,0,1,0,0,0,0,0,0,0,0,0,0,0,90004,362.352,3,0.2,27.1764,2017,9,0,747,2001
1,0,0,1,0,0,0,1,1,0,0,0,1,0,0,0,0,0,0,0,0,0,0,0,0,0,90004,7.184,2,0.2,2.245,2017,9,0,747,2001
0,1,0,0,0,0,0,0,1,0,0,0,0,0,0,0,0,0,0,0,0,0,0,1,0,0,46614,34.76,1,0,9.7328,2015,7,5,6,149
0,1,0,0,0,0,0,0,0,1,0,0,0,0,0,0,0,0,0,0,0,0,0,0,0,0,46614,831.2,5,0,124.68,2015,7,5,6,149
0,1,0,0,0,0,0,0,1,0,0,0,0,0,0,0,0,0,0,0,0,1,0,0,0,0,46614,26.4,5,0,11.88,2015,7,5,6,149
0,1,0,0,0,0,0,0,1,0,0,0,0,0,0,0,1,0,0,0,0,0,0,0,0,0,46614,106.75,7,0,49.105,2015,7,5,6,149
0,1,0,0,0,0,0,0,1,0,0,0,0,0,0,0,0,0,0,0,0,1,0,0,0,0,46614,97.82,2,0,45.9754,2015,7,5,6,149
0,1,0,0,0,0,0,0,1,0,0,0,0,0,0,0,0,0,0,0,0,0,0,1,0,0,46614,141.4,5,0,38.178,2015,7,5,6,149
0,0,1,1,0,0,0,1,1,0,0,1,0,0,0,0,0,0,0,0,0,0,0,0,0,0,90032,14.52,3,0,4.7916,2014,6,4,747,2001
0,1,0,1,0,0,0,0,1,0,0,0,0,0,0,0,0,0,0,0,0,0,0,1,0,0,77041,127.92,5,0.2,-15.99,2017,5,3,377,985
0,1,0,1,0,0,0,0,1,0,0,0,1,0,0,0,0,0,0,0,0,0,0,0,0,0,77041,34.24,4,0.8,-53.072,2017,5,3,377,985
0,0,0,1,0,1,0,0,1,0,1,0,0,0,0,0,0,0,0,0,0,0,0,0,0,0,6010,137.62,2,0,60.5528,2015,9,2,13,82
0,0,0,1,0,1,0,0,0,1,0,0,0,0,0,0,0,0,0,0,0,0,1,0,0,0,6010,100.49,1,0,25.1225,2015,9,2,13,82
0,0,0,0,0,1,0,0,0,0,0,0,0,1,0,0,0,0,0,0,0,0,0,0,0,0,10009,257.568,2,0.2,-28.9764,2017,3,1,915,1128
0,0,0,0,0,1,0,0,0,1,0,0,0,0,0,0,0,0,0,0,0,0,1,0,0,0,10009,119.96,4,0,33.5888,2017,3,1,915,1128
1,0,0,0,0,0,0,0,1,0,0,0,0,0,0,0,0,0,0,0,0,0,0,1,0,0,78207,49.632,4,0.2,4.9632,2014,11,0,59,985
0,0,1,1,0,0,0,1,0,0,0,0,0,0,0,0,0,0,0,0,0,0,0,0,0,1,80013,727.45,5,0.5,-465.568,2016,10,4,68,182
0,0,1,1,0,0,0,1,0,0,0,0,0,0,0,0,0,0,1,0,0,0,0,0,0,0,80013,24.96,3,0.2,4.368,2016,10,4,68,182
1,0,0,1,0,1,0,0,0,1,0,0,0,0,0,0,0,0,0,0,0,0,1,0,0,0,43055,370.782,3,0.4,-92.6955,2017,11,0,95,469
0,0,0,1,0,0,0,1,0,0,0,0,0,0,0,0,0,0,1,0,0,0,0,0,0,0,89015,196.45,5,0,70.722,2017,4,3,51,39
0,0,1,0,1,1,0,0,1,0,0,0,0,0,0,0,0,0,0,0,0,1,0,0,0,0,19143,31.104,6,0.2,10.8864,2015,6,6,537,587
0,0,1,0,1,1,0,0,1,0,0,0,0,0,0,0,0,0,0,0,0,0,0,1,0,0,19143,78.256,2,0.2,-17.6076,2015,6,6,537,587
0,1,0,0,0,0,0,1,1,0,0,0,0,0,0,0,0,0,0,0,0,1,0,0,0,0,98103,6.48,1,0,3.1104,2016,8,3,428,506
0,0,1,1,0,0,0,1,1,0,0,1,0,0,0,0,0,0,0,0,0,0,0,0,0,0,94122,99.2,5,0,25.792,2014,7,4,510,2001
0,0,1,1,0,0,0,1,0,0,0,0,0,0,1,0,0,0,0,0,0,0,0,0,0,0,94122,801.568,2,0.2,50.098,2014,7,4,510,2001
0,0,1,1,0,0,0,1,0,0,0,0,0,0,0,0,0,0,0,0,0,0,0,0,0,1,94122,272.848,1,0.2,27.2848,2014,7,4,510,2001
0,0,1,0,0,0,0,1,0,0,0,0,0,0,0,0,0,0,0,0,0,0,0,0,0,1,99207,70.98,1,0,20.5842,2017,11,4,7,506
0,0,1,0,1,1,0,0,1,0,0,0,0,0,0,0,0,0,0,0,0,1,0,0,0,0,43229,16.224,2,0.2,5.8812,2014,6,5,222,469
0,0,1,0,0,1,0,0,0,0,0,0,0,1,0,0,0,0,0,0,0,0,0,0,0,0,11561,176.784,1,0.2,-22.098,2016,3,6,61,1128
0,0,1,0,0,0,0,0,0,1,0,0,0,0,0,0,0,0,0,0,0,0,1,0,0,0,78207,470.376,3,0.2,47.0376,2017,3,4,59,985
0,0,1,0,0,0,0,1,0,0,0,0,0,0,1,0,0,0,0,0,0,0,0,0,0,0,90049,393.568,4,0.2,-44.2764,2017,12,4,747,2001
0,0,1,0,0,0,0,1,0,1,0,0,0,0,0,0,0,0,0,0,0,0,1,0,0,0,90049,302.376,3,0.2,22.6782,2017,12,4,747,2001
0,0,1,1,0,0,1,0,1,0,0,0,1,0,0,0,0,0,0,0,0,0,0,0,0,0,32216,68.742,9,0.7,-48.1194,2017,3,5,125,383
1,0,0,0,0,1,0,0,1,0,0,0,0,0,0,0,1,0,0,0,0,0,0,0,0,0,10011,29.34,3,0,14.67,2015,3,0,915,1128
1,0,0,0,0,1,0,0,0,0,0,0,0,0,1,0,0,0,0,0,0,0,0,0,0,0,10011,383.607,7,0.1,63.9345,2015,3,0,915,1128
1,0,0,0,0,1,0,0,1,0,0,0,0,0,0,0,0,0,0,0,0,0,0,1,0,0,10011,563.4,4,0,67.608,2015,3,0,915,1128
0,0,1,0,1,1,0,0,1,0,0,0,0,0,0,0,0,0,0,0,0,1,0,0,0,0,19143,217.056,7,0.2,78.6828,2016,11,4,537,587
0,1,0,0,0,0,0,0,1,0,0,0,0,0,0,0,0,0,0,1,0,0,0,0,0,0,76248,6,2,0.2,2.1,2017,1,4,1,985
0,1,0,0,0,0,0,1,0,0,0,0,0,0,0,0,0,0,1,0,0,0,0,0,0,0,94122,31.56,3,0,10.4148,2016,4,4,510,2001
0,0,0,0,1,0,1,0,1,0,0,0,0,0,0,0,0,1,0,0,0,0,0,0,0,0,33012,7.104,2,0.2,2.3976,2014,5,2,18,383
0,0,0,0,1,0,1,0,1,0,0,0,1,0,0,0,0,0,0,0,0,0,0,0,0,0,33012,398.352,8,0.7,-331.96,2014,5,2,18,383
0,0,0,0,0,1,0,0,1,0,1,0,0,0,0,0,0,0,0,0,0,0,0,0,0,0,45014,121.792,4,0.2,13.7016,2014,10,1,45,469
0,0,0,0,0,1,0,0,0,0,0,0,0,0,0,0,0,0,0,0,0,0,0,0,0,1,45014,409.59,3,0.4,-122.877,2014,10,1,45,469
0,0,1,1,0,0,0,1,1,0,0,0,0,0,0,0,0,0,0,0,0,1,0,0,0,0,92646,10.56,2,0,4.752,2014,3,4,6,2001
0,0,1,1,0,0,0,1,1,0,0,1,0,0,0,0,0,0,0,0,0,0,0,0,0,0,92646,3.38,1,0,1.2506,2014,3,4,6,2001
0,1,0,0,0,0,1,0,1,0,0,0,0,0,0,0,1,0,0,0,0,0,0,0,0,0,32127,7.824,1,0.2,2.934,2017,12,2,1,383
0,0,1,0,0,0,0,1,1,0,0,0,0,0,0,0,0,0,0,0,0,1,0,0,0,0,97504,24.784,1,0.2,7.745,2016,11,5,4,124
0,0,0,0,0,0,1,0,1,0,0,1,0,0,0,0,0,0,0,0,0,0,0,0,0,0,22901,34.65,3,0,10.395,2017,12,3,2,224
0,0,1,0,0,0,0,1,1,0,0,0,1,0,0,0,0,0,0,0,0,0,0,0,0,0,59801,487.984,2,0.2,152.495,2015,12,4,1,15
0,0,0,0,0,0,0,0,1,0,0,0,1,0,0,0,0,0,0,0,0,0,0,0,0,0,55407,1793.98,2,0,843.1706,2017,10,3,23,89
0,1,0,0,0,0,1,0,1,0,0,0,0,0,0,0,1,0,0,0,0,0,0,0,0,0,33178,29.808,2,0.2,10.8054,2014,8,4,57,383
0,1,0,0,0,0,1,0,1,0,0,0,1,0,0,0,0,0,0,0,0,0,0,0,0,0,33178,505.176,4,0.7,-336.784,2014,8,4,57,383
0,1,0,0,0,0,1,0,0,0,0,0,0,0,0,0,0,0,0,0,0,0,0,0,0,1,33178,174.0585,3,0.45,-110.7645,2014,8,4,57,383
0,1,0,0,0,0,1,0,1,0,0,0,0,0,0,0,0,0,0,0,0,0,0,1,0,0,29501,191.88,6,0,19.188,2016,6,4,21,42
0,0,0,0,1,0,0,0,0,1,0,0,0,0,0,0,0,0,0,0,0,0,1,0,0,0,48205,14.78,2,0,3.9906,2016,8,3,115,255
0,0,0,1,0,0,0,1,1,0,0,0,0,0,0,0,0,0,0,0,0,1,0,0,0,0,97477,5.184,1,0.2,1.8144,2017,10,1,163,124
0,0,0,1,0,0,0,1,0,0,0,0,0,0,1,0,0,0,0,0,0,0,0,0,0,0,97477,478.48,2,0.2,47.848,2017,10,1,163,124
0,0,0,1,0,0,0,1,0,1,0,0,0,0,0,0,0,0,0,0,0,0,0,0,0,0,97477,28.4,2,0.2,6.745,2017,10,1,163,124
0,0,0,1,0,0,0,0,1,0,0,0,0,0,0,0,0,0,0,0,0,0,0,1,0,0,46203,909.12,8,0,9.0912,2017,10,3,23,149
0,0,1,1,0,0,1,0,1,0,0,0,1,0,0,0,0,0,0,0,0,0,0,0,0,0,32712,2.952,2,0.7,-2.1648,2016,5,4,7,383
0,0,1,1,0,0,1,0,1,0,0,0,1,0,0,0,0,0,0,0,0,0,0,0,0,0,32712,27.018,6,0.7,-21.6144,2016,5,4,7,383
0,0,0,1,0,0,0,1,0,0,0,0,0,0,0,0,0,0,1,0,0,0,0,0,0,0,90008,136.92,4,0,41.076,2015,2,1,747,2001
0,0,1,0,0,1,0,0,0,0,0,0,0,0,0,0,0,0,1,0,0,0,0,0,0,0,11572,18.96,2,0,8.532,2017,12,5,30,1128
0,0,1,1,0,0,0,1,0,1,0,0,0,0,0,0,0,0,0,0,0,0,0,0,0,0,90008,99.39,3,0,40.7499,2016,11,7,747,2001
0,1,0,1,0,0,0,0,1,0,0,0,0,0,0,0,0,0,0,0,0,1,0,0,0,0,77041,273.896,7,0.2,92.4399,2017,7,3,377,985
0,1,0,1,0,0,0,0,0,1,0,0,0,0,0,0,0,0,0,0,1,0,0,0,0,0,77041,597.132,3,0.4,49.761,2017,7,3,377,985
0,0,0,0,0,0,1,0,0,1,0,0,0,0,0,0,0,0,0,0,0,0,0,0,0,0,30076,149.95,5,0,65.978,2014,1,2,18,184
0,0,1,0,1,0,1,0,1,0,0,0,0,0,0,0,0,0,0,1,0,0,0,0,0,0,33437,4.608,2,0.2,1.6704,2017,4,5,10,383
0,0,1,0,1,0,1,0,1,0,0,1,0,0,0,0,0,0,0,0,0,0,0,0,0,0,33437,15.528,3,0.2,4.8525,2017,4,5,10,383
0,0,1,0,1,0,1,0,1,0,0,0,0,0,0,0,0,0,0,1,0,0,0,0,0,0,33437,11.952,3,0.2,3.8844,2017,4,5,10,383
0,0,1,0,0,1,0,0,1,0,0,1,0,0,0,0,0,0,0,0,0,0,0,0,0,0,2038,11.65,5,0,3.3785,2015,11,6,37,135
0,1,0,0,1,0,0,0,0,1,0,0,0,0,0,0,0,0,0,0,0,0,1,0,0,0,48227,299.9,2,0,74.975,2015,10,2,115,255
0,0,0,1,0,1,0,0,1,0,0,0,1,0,0,0,0,0,0,0,0,0,0,0,0,0,13601,895.92,5,0.2,302.373,2017,8,2,10,1128
0,0,0,1,0,1,0,0,0,0,0,0,0,0,1,0,0,0,0,0,0,0,0,0,0,0,13601,462.564,2,0.1,97.6524,2017,8,2,10,1128
0,0,1,1,0,1,0,0,1,0,0,0,0,0,0,0,0,0,0,0,0,0,0,1,0,0,19601,15.008,2,0.2,1.5008,2015,10,6,5,587
0,1,0,1,0,0,0,0,0,1,0,0,0,0,0,0,0,0,0,0,0,0,1,0,0,0,76017,863.64,9,0.2,107.955,2016,7,2,60,985
0,1,0,1,0,0,0,0,1,0,0,1,0,0,0,0,0,0,0,0,0,0,0,0,0,0,76017,47.616,3,0.2,3.5712,2016,7,2,60,985
0,1,0,0,0,0,0,1,1,0,0,0,0,0,0,0,0,0,0,0,0,1,0,0,0,0,92024,92.94,3,0,41.823,2017,12,2,170,2001
0,0,1,1,0,0,0,1,0,1,0,0,0,0,0,0,0,0,0,0,0,0,0,0,0,0,94110,199.98,2,0,69.993,2017,3,4,510,2001
0,0,1,0,0,0,0,1,0,1,0,0,0,0,0,0,0,0,0,0,0,0,1,0,0,0,90045,177.48,3,0.2,19.9665,2016,6,6,747,2001
0,0,0,0,0,0,0,1,1,0,0,0,0,0,0,0,0,0,0,0,0,1,0,0,0,0,80219,88.768,2,0.2,31.0688,2017,11,3,44,182
0,1,0,0,1,0,0,1,1,0,0,0,0,0,0,0,0,0,0,0,0,1,0,0,0,0,98105,6.48,1,0,3.1104,2017,3,2,428,506
0,1,0,0,1,0,0,1,1,0,0,0,0,0,0,0,0,0,0,0,0,0,0,1,0,0,98105,46.51,1,0,1.8604,2017,3,2,428,506
0,1,0,0,1,0,0,1,0,1,0,0,0,0,0,0,0,0,0,0,0,0,1,0,0,0,98105,659.976,3,0.2,49.4982,2017,3,2,428,506
0,1,0,0,0,0,0,1,0,1,0,0,0,0,0,0,0,0,0,0,0,0,1,0,0,0,85254,271.992,1,0.2,23.7993,2016,11,2,12,224
0,1,0,0,0,0,1,0,0,0,0,0,0,1,0,0,0,0,0,0,0,0,0,0,0,0,70506,145.74,3,0,23.3184,2017,8,4,31,42
0,1,0,0,0,0,1,0,0,0,0,0,0,0,0,0,0,0,1,0,0,0,0,0,0,0,70506,15.4,5,0,7.392,2017,8,4,31,42
0,0,1,1,0,0,0,1,1,0,0,0,0,0,0,0,0,0,0,0,0,1,0,0,0,0,94109,244.55,5,0,114.9385,2017,11,6,510,2001
0,0,1,1,0,0,0,1,0,1,0,0,0,0,0,0,0,0,0,0,0,0,0,0,0,0,94109,166.16,8,0,59.8176,2017,11,6,510,2001
0,1,0,0,1,0,0,1,0,0,0,0,0,0,0,0,0,0,1,0,0,0,0,0,0,0,94109,14.73,3,0,4.8609,2015,5,2,510,2001
0,0,1,0,0,0,0,1,1,0,0,0,1,0,0,0,0,0,0,0,0,0,0,0,0,0,80020,19.968,2,0.7,-13.312,2016,7,4,5,182
0,0,1,0,0,0,0,1,1,0,0,0,0,0,0,0,0,0,0,0,0,0,0,1,0,0,80020,33.488,7,0.2,-1.2558,2016,7,4,5,182
0,0,1,0,0,0,0,1,1,0,0,0,1,0,0,0,0,0,0,0,0,0,0,0,0,0,80020,8.736,4,0.7,-6.1152,2016,7,4,5,182
0,0,1,0,0,0,0,1,0,0,0,0,0,0,1,0,0,0,0,0,0,0,0,0,0,0,80020,662.88,3,0.2,74.574,2016,7,4,5,182
0,0,0,1,0,0,0,0,1,0,0,0,0,0,0,0,0,0,0,1,0,0,0,0,0,0,62301,47.36,4,0.2,17.76,2017,8,3,20,492
0,0,0,1,0,0,0,0,1,0,0,0,0,0,0,0,0,0,0,0,0,0,0,1,0,0,62301,27.44,2,0.2,2.401,2017,8,3,20,492
0,0,0,1,0,0,0,0,1,0,0,0,1,0,0,0,0,0,0,0,0,0,0,0,0,0,62301,3.24,9,0.8,-5.184,2017,8,3,20,492
0,0,1,1,0,0,0,0,0,1,0,0,0,0,0,0,0,0,0,0,0,0,0,0,0,0,75007,95.968,4,0.2,26.3912,2016,6,6,15,985
0,0,1,1,0,0,0,0,1,0,0,0,0,0,0,0,0,0,0,0,0,1,0,0,0,0,75007,10.368,2,0.2,3.6288,2016,6,6,15,985
0,0,1,1,0,1,0,0,1,0,0,1,0,0,0,0,0,0,0,0,0,0,0,0,0,0,10009,23.1,2,0,6.468,2017,9,4,915,1128
0,0,1,1,0,1,0,0,0,0,0,0,0,0,0,0,0,0,1,0,0,0,0,0,0,0,10009,11.54,2,0,3.462,2017,9,4,915,1128
0,0,1,1,0,1,0,0,0,0,0,0,0,0,0,0,0,0,0,0,0,0,0,0,0,1,10009,254.526,1,0.4,-93.3262,2017,9,4,915,1128
0,0,1,1,0,1,0,0,1,0,1,0,0,0,0,0,0,0,0,0,0,0,0,0,0,0,10009,12.98,1,0,3.7642,2017,9,4,915,1128
0,0,1,1,0,1,0,0,1,0,0,0,1,0,0,0,0,0,0,0,0,0,0,0,0,0,10009,26.432,8,0.2,8.9208,2017,9,4,915,1128
0,0,1,1,0,1,0,0,0,1,0,0,0,0,0,0,0,0,0,0,0,0,1,0,0,0,10009,197.97,3,0,57.4113,2017,9,4,915,1128
0,0,1,1,0,1,0,0,1,0,0,0,0,0,0,0,0,0,0,1,0,0,0,0,0,0,10009,18.9,6,0,9.072,2017,9,4,915,1128
0,0,1,1,0,1,0,0,0,0,0,0,0,0,1,0,0,0,0,0,0,0,0,0,0,0,10009,1282.41,5,0.1,213.735,2017,9,4,915,1128
0,0,1,1,0,1,0,0,1,0,0,1,0,0,0,0,0,0,0,0,0,0,0,0,0,0,10009,4.92,3,0,2.214,2017,9,4,915,1128
0,0,1,1,0,1,0,0,0,1,0,0,0,0,0,0,0,0,0,0,0,0,0,0,0,0,10009,238,2,0,38.08,2017,9,4,915,1128
0,0,1,1,0,1,0,0,0,1,0,0,0,0,0,0,0,0,0,0,0,0,0,0,0,0,10009,167.97,3,0,40.3128,2017,9,4,915,1128
0,0,1,1,0,1,0,0,1,0,0,0,0,0,0,0,0,0,0,0,0,1,0,0,0,0,10009,17.12,4,0,7.704,2017,9,4,915,1128
0,1,0,0,0,0,0,0,1,0,0,0,1,0,0,0,0,0,0,0,0,0,0,0,0,0,65807,16.2,3,0,7.776,2017,9,5,163,66
0,1,0,0,0,0,0,0,1,0,1,0,0,0,0,0,0,0,0,0,0,0,0,0,0,0,65807,33.99,3,0,14.6157,2017,9,5,163,66
0,1,0,0,0,0,0,0,0,1,0,0,0,0,0,0,0,0,0,0,0,0,0,0,0,0,65807,296.85,5,0,53.433,2017,9,5,163,66
0,1,0,0,0,0,0,0,0,1,0,0,0,0,0,0,0,0,0,0,0,0,0,0,0,0,65807,112.8,6,0,6.768,2017,9,5,163,66
0,1,0,0,0,0,0,0,1,0,0,0,1,0,0,0,0,0,0,0,0,0,0,0,0,0,65807,13.71,3,0,6.5808,2017,9,5,163,66
0,1,0,0,0,0,0,0,1,0,0,0,0,0,0,0,0,0,0,0,0,1,0,0,0,0,65807,24.9,5,0,11.703,2017,9,5,163,66
0,1,0,0,0,0,0,0,1,0,0,0,0,0,0,0,0,0,0,0,0,0,0,1,0,0,65807,286.29,3,0,17.1774,2017,9,5,163,66
0,1,0,0,0,0,0,0,1,0,1,0,0,0,0,0,0,0,0,0,0,0,0,0,0,0,65807,24.18,2,0,7.254,2017,9,5,163,66
0,0,1,0,0,1,0,0,0,1,0,0,0,0,0,0,0,0,0,0,0,0,1,0,0,0,7501,281.97,3,0,78.9516,2017,12,7,20,130
0,0,1,0,0,1,0,0,1,0,0,0,0,0,0,0,0,0,0,0,0,0,0,0,1,0,7501,69.5,5,0,20.155,2017,12,7,20,130
0,0,1,0,0,1,0,0,1,0,0,0,0,0,0,0,0,0,0,0,0,1,0,0,0,0,7501,166.44,3,0,79.8912,2017,12,7,20,130
0,0,1,0,0,0,0,0,0,1,0,0,0,0,0,0,0,0,0,0,0,0,0,0,0,0,74133,291.96,4,0,102.186,2017,9,6,26,66
0,0,1,0,1,0,0,0,1,0,0,1,0,0,0,0,0,0,0,0,0,0,0,0,0,0,60623,6.408,3,0.2,0.6408,2017,5,5,314,492
0,0,1,0,1,0,0,0,0,1,0,0,0,0,0,0,0,0,0,0,0,0,0,0,0,0,60623,408.744,7,0.2,76.6395,2017,5,5,314,492
0,0,1,0,0,0,0,0,1,0,0,0,1,0,0,0,0,0,0,0,0,0,0,0,0,0,60610,5.104,4,0.8,-8.6768,2014,12,5,314,492
0,0,1,0,0,0,0,0,1,0,0,0,0,0,0,0,0,1,0,0,0,0,0,0,0,0,60610,2.896,2,0.2,0.4706,2014,12,5,314,492
0,0,1,0,0,0,0,0,0,1,0,0,0,0,0,0,0,0,0,0,0,0,0,0,0,0,60610,35.016,3,0.2,-2.1885,2014,12,5,314,492
0,1,0,1,0,0,1,0,1,0,0,0,0,0,0,0,0,0,0,0,0,0,0,1,0,0,36116,275.97,3,0,11.0388,2014,10,2,10,61
0,1,0,1,0,0,1,0,0,1,0,0,0,0,0,0,0,0,0,0,0,0,1,0,0,0,36116,1394.95,5,0,362.687,2014,10,2,10,61
0,1,0,1,0,0,1,0,0,0,0,0,0,0,1,0,0,0,0,0,0,0,0,0,0,0,36116,545.88,6,0,70.9644,2014,10,2,10,61
0,0,1,0,0,0,0,1,1,0,0,1,0,0,0,0,0,0,0,0,0,0,0,0,0,0,97301,5.248,2,0.2,0.5904,2015,5,4,40,124
1,0,0,0,0,0,0,1,0,0,0,0,0,0,1,0,0,0,0,0,0,0,0,0,0,0,85301,933.536,4,0.2,105.0228,2016,4,0,23,224
1,0,0,0,0,0,0,1,1,0,0,0,0,0,0,0,0,0,0,0,0,0,0,1,0,0,85301,42.976,4,0.2,4.2976,2016,4,0,23,224
0,1,0,1,0,0,1,0,1,0,0,0,1,0,0,0,0,0,0,0,0,0,0,0,0,0,31907,3.76,2,0,1.8048,2015,12,2,222,184
0,0,1,0,0,0,0,0,0,1,0,0,0,0,0,0,0,0,0,0,0,0,1,0,0,0,73120,479.96,4,0,134.3888,2014,12,6,23,66
0,1,0,1,0,0,0,1,1,0,1,0,0,0,0,0,0,0,0,0,0,0,0,0,0,0,94513,320.88,6,0,93.0552,2014,11,2,16,2001
0,1,0,1,0,0,0,1,0,0,0,0,0,0,0,0,0,0,1,0,0,0,0,0,0,0,94513,23.88,3,0,10.5072,2014,11,2,16,2001
0,1,0,1,0,0,0,1,1,0,0,0,0,0,0,0,0,0,0,0,0,1,0,0,0,0,94513,26.76,4,0,12.3096,2014,11,2,16,2001
0,0,0,0,0,1,0,0,0,1,0,0,0,0,0,1,0,0,0,0,0,0,0,0,0,0,43229,1439.976,4,0.4,191.9968,2016,7,2,222,469
0,0,1,0,0,0,0,0,1,0,0,0,1,0,0,0,0,0,0,0,0,0,0,0,0,0,65807,17.22,3,0,7.9212,2015,11,4,163,66
0,0,1,0,0,0,0,0,0,0,0,0,0,0,0,0,0,0,0,0,0,0,0,0,0,1,65807,1024.38,7,0,215.1198,2015,11,4,163,66
0,0,1,0,0,0,0,0,1,0,0,0,0,0,0,0,1,0,0,0,0,0,0,0,0,0,65807,26.22,3,0,12.3234,2015,11,4,163,66
0,0,1,0,0,0,0,0,1,0,0,0,0,0,0,0,0,0,0,0,0,1,0,0,0,0,65807,17.34,3,0,8.4966,2015,11,4,163,66
0,0,1,0,0,1,0,0,1,0,0,0,1,0,0,0,0,0,0,0,0,0,0,0,0,0,19134,4.956,4,0.7,-3.7996,2017,2,4,537,587
0,0,1,0,1,0,0,1,1,0,0,0,0,0,0,0,0,0,0,1,0,0,0,0,0,0,97477,71.04,6,0.2,26.64,2017,6,7,163,124
0,0,1,0,1,0,0,1,1,0,0,1,0,0,0,0,0,0,0,0,0,0,0,0,0,0,97477,5.344,2,0.2,0.7348,2017,6,7,163,124
0,0,1,0,1,0,0,1,1,0,0,0,0,0,0,0,0,1,0,0,0,0,0,0,0,0,97477,11.304,3,0.2,-2.1195,2017,6,7,163,124
0,1,0,0,0,0,0,0,1,0,1,0,0,0,0,0,0,0,0,0,0,0,0,0,0,0,77036,294.62,5,0.8,-766.012,2017,12,2,377,985
0,1,0,0,0,0,0,0,0,0,0,0,0,0,0,0,0,0,1,0,0,0,0,0,0,0,77036,8.752,4,0.6,-3.7196,2017,12,2,377,985
0,0,0,1,0,0,1,0,1,0,0,0,0,0,0,0,0,0,0,1,0,0,0,0,0,0,23320,15,4,0,7.2,2014,2,3,18,224
0,0,0,1,0,0,1,0,0,1,0,0,0,0,0,0,0,0,0,0,0,0,1,0,0,0,23320,161.61,1,0,42.0186,2014,2,3,18,224
0,0,0,1,0,0,1,0,0,1,0,0,0,0,0,0,0,0,0,0,0,0,1,0,0,0,23320,144.95,5,0,42.0355,2014,2,3,18,224
0,0,1,0,0,0,0,1,0,1,0,0,0,0,0,0,0,0,0,0,0,0,0,0,0,0,91104,199.95,5,0,21.9945,2017,4,7,42,2001
0,0,1,0,0,0,0,1,1,0,0,1,0,0,0,0,0,0,0,0,0,0,0,0,0,0,91104,41.86,7,0,14.2324,2017,4,7,42,2001
0,1,0,0,0,0,1,0,1,0,0,0,0,0,0,0,0,0,0,0,0,0,0,1,0,0,40214,95.94,3,0,9.594,2017,12,3,57,139
0,1,0,0,0,0,1,0,0,0,0,0,0,0,1,0,0,0,0,0,0,0,0,0,0,0,40214,304.45,5,0,76.1125,2017,12,3,57,139
0,0,1,0,1,0,0,0,1,0,0,0,1,0,0,0,0,0,0,0,0,0,0,0,0,0,79424,11.364,3,0.8,-17.046,2017,4,7,6,985
0,0,1,1,0,0,0,0,1,0,0,1,0,0,0,0,0,0,0,0,0,0,0,0,0,0,65203,29.68,7,0,11.5752,2014,12,4,81,66
0,0,1,1,0,0,0,0,0,1,0,0,0,0,0,0,0,0,0,0,0,0,0,0,0,0,65203,47.53,7,0,16.1602,2014,12,4,81,66
0,0,0,0,0,0,0,0,0,0,0,0,0,1,0,0,0,0,0,0,0,0,0,0,0,0,60623,183.372,2,0.3,-36.6744,2017,8,1,314,492
0,0,1,0,0,0,1,0,1,0,0,1,0,0,0,0,0,0,0,0,0,0,0,0,0,0,37604,4.224,3,0.2,0.4752,2014,11,6,12,183
0,0,1,0,0,0,1,0,1,0,1,0,0,0,0,0,0,0,0,0,0,0,0,0,0,0,37604,333.056,2,0.2,29.1424,2014,11,6,12,183
0,0,1,0,0,0,1,0,1,0,0,0,0,0,0,0,0,0,0,0,0,1,0,0,0,0,37604,24.896,4,0.2,7.78,2014,11,6,12,183
1,0,0,0,0,0,0,0,0,1,0,0,0,0,0,0,0,0,0,0,0,0,0,0,0,0,77041,159.984,2,0.2,35.9964,2015,12,0,377,985
1,0,0,0,0,0,0,0,1,0,0,0,0,0,0,0,0,0,0,0,0,0,0,1,0,0,77041,46.344,3,0.2,4.6344,2015,12,0,377,985
0,0,1,0,0,0,1,0,0,0,0,0,0,0,1,0,0,0,0,0,0,0,0,0,0,0,36830,350.98,1,0,84.2352,2016,9,5,24,61
0,0,1,0,0,0,1,0,1,0,0,0,0,0,0,0,0,0,0,0,0,1,0,0,0,0,36830,13.08,2,0,6.0168,2016,9,5,24,61
0,0,1,0,0,0,1,0,1,0,0,0,0,0,0,0,0,0,0,0,0,0,0,1,0,0,36830,900.08,4,0,117.0104,2016,9,5,24,61
0,0,1,0,0,0,0,1,1,0,0,0,1,0,0,0,0,0,0,0,0,0,0,0,0,0,92404,17.568,2,0.2,6.3684,2015,3,4,9,2001
0,0,1,0,0,0,0,1,1,0,0,0,0,0,0,0,0,0,0,1,0,0,0,0,0,0,92404,14.62,2,0,6.8714,2015,3,4,9,2001
0,0,1,0,0,0,0,1,1,0,0,0,0,0,0,0,0,0,0,0,0,0,0,0,1,0,92404,33.36,4,0,8.6736,2015,3,4,9,2001
0,0,1,0,0,0,0,1,1,0,0,0,0,0,0,0,0,0,0,0,0,1,0,0,0,0,92404,40.14,6,0,19.6686,2015,3,4,9,2001
0,0,0,0,1,1,0,0,1,0,0,0,0,0,0,0,0,0,0,0,0,0,0,1,0,0,2908,1606.23,9,0,481.869,2016,9,2,31,56
0,0,0,0,1,1,0,0,1,0,0,0,0,0,0,0,0,0,0,0,0,1,0,0,0,0,2908,17.04,3,0,7.668,2016,9,2,31,56
0,0,0,0,1,1,0,0,1,0,0,0,1,0,0,0,0,0,0,0,0,0,0,0,0,0,2908,49.53,3,0,23.7744,2016,9,2,31,56
0,0,0,0,1,1,0,0,0,0,0,0,0,0,1,0,0,0,0,0,0,0,0,0,0,0,2908,872.32,4,0,244.2496,2016,9,2,31,56
0,1,0,0,0,0,0,1,1,0,0,0,1,0,0,0,0,0,0,0,0,0,0,0,0,0,93727,239.12,5,0.2,77.714,2017,8,2,26,2001
0,0,0,0,0,0,0,1,0,0,0,0,0,1,0,0,0,0,0,0,0,0,0,0,0,0,98103,141.96,2,0,39.7488,2015,3,2,428,506
0,1,0,0,1,0,0,1,1,0,0,0,1,0,0,0,0,0,0,0,0,0,0,0,0,0,93534,33.024,2,0.2,11.5584,2016,9,2,46,2001
0,1,0,0,1,0,0,1,1,0,0,0,1,0,0,0,0,0,0,0,0,0,0,0,0,0,93534,67.136,4,0.2,23.4976,2016,9,2,46,2001
0,0,1,1,0,1,0,0,1,0,0,0,1,0,0,0,0,0,0,0,0,0,0,0,0,0,1453,14.73,3,0,6.9231,2015,11,4,6,135
0,0,1,1,0,1,0,0,1,0,0,0,0,0,0,0,0,0,0,0,0,0,0,1,0,0,1453,104.9,5,0,25.176,2015,11,4,6,135
0,0,1,1,0,1,0,0,1,0,0,0,1,0,0,0,0,0,0,0,0,0,0,0,0,0,1453,61.04,4,0,30.52,2015,11,4,6,135
0,0,1,1,0,1,0,0,1,0,0,0,0,0,0,0,0,0,0,0,0,1,0,0,0,0,1453,10.95,3,0,5.1465,2015,11,4,6,135
0,0,1,1,0,0,0,0,1,0,0,0,0,0,0,0,0,0,0,0,0,1,0,0,0,0,76106,9.392,2,0.2,3.2872,2016,12,4,27,985
0,0,1,1,0,0,0,0,1,0,0,1,0,0,0,0,0,0,0,0,0,0,0,0,0,0,76106,9.328,1,0.2,0.8162,2016,12,4,27,985
0,0,1,0,0,0,0,0,1,0,0,0,1,0,0,0,0,0,0,0,0,0,0,0,0,0,55901,8.26,2,0,3.8822,2017,9,4,53,89
0,0,1,0,0,0,0,0,0,0,0,0,0,0,1,0,0,0,0,0,0,0,0,0,0,0,55901,269.97,3,0,51.2943,2017,9,4,53,89
0,0,1,0,1,0,0,1,1,0,0,0,0,0,0,0,0,0,0,0,0,1,0,0,0,0,59715,29.04,3,0,13.9392,2015,1,4,2,15
0,0,1,0,1,0,0,1,1,0,0,0,0,0,0,0,0,0,0,1,0,0,0,0,0,0,59715,14.62,2,0,6.8714,2015,1,4,2,15
0,0,1,0,1,0,0,1,1,0,0,0,0,0,0,0,0,0,0,0,0,1,0,0,0,0,85345,11.952,3,0.2,4.3326,2015,6,5,23,224
0,0,1,0,1,0,0,1,1,0,0,0,1,0,0,0,0,0,0,0,0,0,0,0,0,0,85345,4.536,7,0.7,-3.3264,2015,6,5,23,224
0,0,1,0,1,0,0,1,1,0,0,0,1,0,0,0,0,0,0,0,0,0,0,0,0,0,85345,9.156,2,0.7,-6.104,2015,6,5,23,224
0,0,1,0,1,0,0,1,0,0,0,0,0,0,0,0,0,0,1,0,0,0,0,0,0,0,85345,75.36,5,0.2,20.724,2015,6,5,23,224
0,0,1,1,0,0,0,1,1,0,0,0,1,0,0,0,0,0,0,0,0,0,0,0,0,0,92105,57.504,6,0.2,20.1264,2015,10,6,170,2001
0,0,1,1,0,1,0,0,1,0,0,1,0,0,0,0,0,0,0,0,0,0,0,0,0,0,44107,38.864,7,0.2,7.7728,2017,11,5,49,469
0,0,1,1,0,0,0,0,1,0,0,0,0,0,0,0,0,0,0,0,0,1,0,0,0,0,77095,15.552,3,0.2,5.4432,2014,8,6,377,985
0,0,1,1,0,1,0,0,1,0,1,0,0,0,0,0,0,0,0,0,0,0,0,0,0,0,8861,162.64,2,0,45.5392,2016,7,4,8,130
0,0,1,1,0,1,0,0,0,1,0,0,0,0,0,0,0,0,0,0,0,0,1,0,0,0,8861,597,3,0,280.59,2016,7,4,8,130
0,0,1,1,0,1,0,0,1,0,0,0,0,0,0,0,0,0,0,0,0,1,0,0,0,0,8861,55.48,1,0,26.6304,2016,7,4,8,130
0,0,0,0,0,1,0,0,0,0,0,0,0,0,0,0,0,0,1,0,0,0,0,0,0,0,19134,289.8,7,0.2,36.225,2015,7,2,537,587
0,0,0,0,0,1,0,0,1,0,0,0,1,0,0,0,0,0,0,0,0,0,0,0,0,0,19134,2.502,3,0.7,-2.0016,2015,7,2,537,587
0,0,0,0,0,1,0,0,1,0,0,0,1,0,0,0,0,0,0,0,0,0,0,0,0,0,19134,6.48,4,0.7,-4.752,2015,7,2,537,587
0,0,0,0,0,1,0,0,0,0,0,0,0,0,1,0,0,0,0,0,0,0,0,0,0,0,19134,341.488,8,0.3,-73.176,2015,7,2,537,587
0,0,0,0,0,1,0,0,1,0,0,1,0,0,0,0,0,0,0,0,0,0,0,0,0,0,19134,11.12,5,0.2,0.834,2015,7,2,537,587
0,0,0,0,0,1,0,0,0,0,0,0,0,0,0,0,0,0,1,0,0,0,0,0,0,0,19134,25.344,6,0.2,3.4848,2015,7,2,537,587
0,0,1,0,0,0,0,0,0,0,0,0,0,0,0,0,0,0,1,0,0,0,0,0,0,0,47374,17.31,3,0,5.193,2016,12,6,90,149
0,0,0,0,0,0,0,0,0,1,0,0,0,0,0,0,0,0,0,0,0,0,0,0,0,0,48227,199.95,5,0,63.984,2017,12,3,115,255
0,0,0,0,0,0,0,0,0,0,0,0,0,0,1,0,0,0,0,0,0,0,0,0,0,0,48227,1586.69,7,0,412.5394,2017,12,3,115,255
0,0,0,0,0,0,0,0,0,1,0,0,0,0,0,0,0,0,0,0,0,0,0,0,0,0,48227,84.99,1,0,30.5964,2017,12,3,115,255
0,0,0,0,0,0,0,0,0,0,0,0,0,0,0,0,0,0,0,0,0,0,0,0,0,1,48227,411.8,2,0,70.006,2017,12,3,115,255
0,0,1,1,0,0,0,1,1,0,0,0,0,0,0,0,0,1,0,0,0,0,0,0,0,0,90049,11.34,3,0,5.2164,2014,10,4,747,2001
0,0,1,1,0,0,0,1,1,0,0,0,0,0,0,0,0,0,0,0,0,0,0,1,0,0,90049,80.3,5,0,20.878,2014,10,4,747,2001
0,0,1,1,0,0,0,1,1,0,0,0,1,0,0,0,0,0,0,0,0,0,0,0,0,0,90049,15.968,2,0.2,5.3892,2014,10,4,747,2001
0,0,1,1,0,0,0,1,1,0,0,0,0,0,0,0,0,0,0,0,0,1,0,0,0,0,90049,64.74,13,0,30.4278,2014,10,4,747,2001
0,0,1,1,0,0,0,1,1,0,0,0,1,0,0,0,0,0,0,0,0,0,0,0,0,0,90049,19.296,3,0.2,6.03,2014,10,4,747,2001
0,0,1,1,0,0,0,1,1,0,0,0,0,0,0,0,0,0,0,0,0,0,0,1,0,0,90049,405.64,4,0,12.1692,2014,10,4,747,2001
0,0,1,1,0,0,0,1,0,0,0,0,0,0,1,0,0,0,0,0,0,0,0,0,0,0,90049,146.352,3,0.2,-9.147,2014,10,4,747,2001
0,0,1,1,0,0,0,1,0,1,0,0,0,0,0,0,0,0,0,0,0,0,0,0,0,0,90049,251.91,9,0,47.8629,2014,10,4,747,2001
0,0,1,1,0,0,0,1,1,0,0,1,0,0,0,0,0,0,0,0,0,0,0,0,0,0,90049,12.39,3,0,3.717,2014,10,4,747,2001
0,0,1,0,0,0,0,1,0,1,0,0,0,0,0,0,0,0,0,0,0,0,0,0,0,0,91767,199.96,4,0,69.986,2015,4,6,7,2001
0,0,1,0,0,0,0,1,0,0,0,0,0,0,0,0,0,0,0,0,0,0,0,0,0,1,91767,710.832,3,0.2,-97.7394,2015,4,6,7,2001
0,1,0,1,0,1,0,0,1,0,0,0,1,0,0,0,0,0,0,0,0,0,0,0,0,0,19134,1.941,1,0.7,-1.294,2016,7,2,537,587
0,0,1,0,0,0,0,1,0,0,0,0,0,0,1,0,0,0,0,0,0,0,0,0,0,0,91761,283.92,5,0.2,-46.137,2017,11,5,1,2001
0,0,1,1,0,0,0,1,1,0,0,0,1,0,0,0,0,0,0,0,0,0,0,0,0,0,98105,7.312,2,0.2,2.5592,2016,11,6,428,506
0,1,0,0,1,0,0,1,0,1,0,0,0,0,0,0,0,0,0,0,0,0,0,0,0,0,94513,59.97,3,0,13.7931,2017,11,5,16,2001
0,1,0,0,1,0,0,1,0,1,0,0,0,0,0,0,0,0,0,0,0,0,1,0,0,0,94513,761.544,7,0.2,66.6351,2017,11,5,16,2001
0,0,1,0,0,0,0,1,0,0,0,0,0,0,0,0,0,0,1,0,0,0,0,0,0,0,94122,58.2,3,0,28.518,2014,12,4,510,2001
0,0,0,0,0,1,0,0,1,0,0,0,0,0,0,0,0,0,0,0,0,1,0,0,0,0,21215,39.9,5,0,19.95,2017,9,3,43,105
0,0,0,0,0,1,0,0,1,0,1,0,0,0,0,0,0,0,0,0,0,0,0,0,0,0,21215,90.86,7,0,26.3494,2017,9,3,43,105
0,0,0,0,0,1,0,0,1,0,0,0,0,0,0,0,0,0,0,0,0,1,0,0,0,0,21215,94.85,5,0,45.528,2017,9,3,43,105
0,0,1,0,0,0,0,1,1,0,0,0,0,0,0,0,0,0,0,0,0,1,0,0,0,0,85023,106.232,7,0.2,37.1812,2015,12,5,63,224
0,0,1,0,0,0,0,1,0,1,0,0,0,0,0,0,0,0,0,0,0,0,1,0,0,0,85023,111.984,2,0.2,11.1984,2015,12,5,63,224
0,0,1,0,0,0,0,1,0,0,0,0,0,0,0,0,0,0,1,0,0,0,0,0,0,0,85023,7.712,2,0.2,1.7352,2015,12,5,63,224
0,0,1,0,0,0,0,1,1,0,0,0,0,0,0,0,0,0,0,0,0,1,0,0,0,0,90008,37.44,6,0,16.848,2017,2,6,747,2001
0,0,1,0,1,0,0,0,1,0,0,0,0,0,0,0,0,0,0,1,0,0,0,0,0,0,77036,23.68,2,0.2,8.88,2014,11,6,377,985
0,0,1,0,0,1,0,0,1,0,0,0,0,0,0,0,0,0,0,1,0,0,0,0,0,0,10009,122.12,4,0,56.1752,2016,6,5,915,1128
0,0,1,0,0,1,0,0,1,0,0,0,0,0,0,0,0,0,0,1,0,0,0,0,0,0,10009,18.45,5,0,8.6715,2016,6,5,915,1128
0,0,1,0,0,1,0,0,1,0,0,0,0,0,0,0,0,0,0,0,0,0,0,1,0,0,10009,324.9,5,0,38.988,2016,6,5,915,1128
0,0,1,0,0,1,0,0,1,0,0,0,0,0,0,0,0,0,0,0,0,1,0,0,0,0,10009,146.73,3,0,68.9631,2016,6,5,915,1128
0,0,1,0,0,1,0,0,1,0,0,0,0,0,0,0,0,1,0,0,0,0,0,0,0,0,10009,3.96,2,0,1.4652,2016,6,5,915,1128
0,0,1,1,0,0,0,1,1,0,0,0,0,0,0,0,0,0,0,1,0,0,0,0,0,0,91730,5.76,2,0,2.6496,2015,10,4,4,2001
0,0,1,0,0,1,0,0,1,0,0,0,1,0,0,0,0,0,0,0,0,0,0,0,0,0,19805,26.55,3,0,13.0095,2017,7,4,36,96
0,0,1,0,0,1,0,0,0,0,0,0,0,0,0,0,0,0,0,0,0,0,0,0,0,1,19805,310.443,3,0.3,-48.7839,2017,7,4,36,96
0,0,1,0,1,0,0,0,0,0,0,0,0,0,1,0,0,0,0,0,0,0,0,0,0,0,56560,479.9,5,0,81.583,2014,11,4,2,89
0,1,0,0,0,0,0,1,1,0,0,0,0,0,0,0,0,0,0,0,0,0,0,0,1,0,87401,12.88,1,0,0.3864,2015,4,2,3,37
0,0,1,0,0,0,1,0,1,0,0,1,0,0,0,0,0,0,0,0,0,0,0,0,0,0,28403,13.12,5,0.2,1.476,2015,11,4,36,249
0,0,1,0,1,0,1,0,1,0,0,0,1,0,0,0,0,0,0,0,0,0,0,0,0,0,39212,511.84,8,0,240.5648,2016,5,5,82,53
0,0,1,0,1,0,1,0,1,0,0,1,0,0,0,0,0,0,0,0,0,0,0,0,0,0,39212,91.96,4,0,25.7488,2016,5,5,82,53
0,0,1,0,1,0,1,0,1,0,0,1,0,0,0,0,0,0,0,0,0,0,0,0,0,0,39212,8.34,3,0,2.1684,2016,5,5,82,53
0,0,1,0,0,0,0,1,1,0,0,0,0,0,0,0,0,0,0,0,0,0,0,1,0,0,97206,37.68,3,0.2,2.355,2017,9,5,24,124
0,0,1,0,0,0,0,1,0,1,0,0,0,0,0,0,0,0,0,0,0,0,0,0,0,0,97206,279.944,7,0.2,80.4839,2017,9,5,24,124
0,0,1,0,0,0,0,1,1,0,0,0,0,0,0,0,0,0,0,0,0,0,0,1,0,0,80219,636.408,3,0.2,-15.9102,2014,3,7,44,182
0,0,1,0,0,0,0,1,1,0,0,1,0,0,0,0,0,0,0,0,0,0,0,0,0,0,80219,83.168,4,0.2,9.3564,2014,3,7,44,182
1,0,0,0,1,0,0,1,0,0,0,0,0,0,1,0,0,0,0,0,0,0,0,0,0,0,85705,259.136,4,0.2,-25.9136,2014,7,0,32,224
0,1,0,1,0,1,0,0,1,0,0,0,0,0,0,0,0,0,0,0,0,1,0,0,0,0,10009,221.92,4,0,106.5216,2017,3,4,915,1128
0,1,0,1,0,1,0,0,0,1,0,0,0,0,0,0,0,0,0,0,0,0,0,0,0,0,10009,26,2,0,11.7,2017,3,4,915,1128
0,0,1,0,0,0,1,0,1,0,0,0,0,0,0,0,0,0,0,0,0,1,0,0,0,0,33437,15.552,3,0.2,5.4432,2014,9,5,10,383
1,0,0,1,0,0,0,0,1,0,0,0,1,0,0,0,0,0,0,0,0,0,0,0,0,0,75150,0.876,1,0.8,-1.4016,2014,9,0,5,985
1,0,0,0,0,0,0,1,1,0,0,0,0,0,0,0,0,0,0,0,0,1,0,0,0,0,92374,19.98,1,0,9.3906,2015,10,0,16,2001
1,0,0,0,0,0,0,1,1,0,0,0,1,0,0,0,0,0,0,0,0,0,0,0,0,0,92374,398.352,3,0.2,124.485,2015,10,0,16,2001
1,0,0,0,0,0,0,1,1,0,0,1,0,0,0,0,0,0,0,0,0,0,0,0,0,0,92374,5.04,3,0,1.26,2015,10,0,16,2001
1,0,0,0,0,0,0,1,1,0,0,0,0,0,0,0,0,1,0,0,0,0,0,0,0,0,92374,17.45,5,0,8.027,2015,10,0,16,2001
1,0,0,0,0,0,0,1,0,0,0,0,0,0,1,0,0,0,0,0,0,0,0,0,0,0,92374,323.136,4,0.2,20.196,2015,10,0,16,2001
1,0,0,0,0,0,0,1,1,0,0,0,0,0,0,0,0,0,0,0,0,0,0,0,1,0,92374,29.7,3,0,8.019,2015,10,0,16,2001
1,0,0,0,0,0,0,1,0,1,0,0,0,0,0,0,0,0,0,0,0,0,1,0,0,0,92374,1295.84,4,0.2,145.782,2015,10,0,16,2001
1,0,0,0,0,0,0,1,1,0,0,0,0,0,0,0,0,0,0,0,0,0,0,1,0,0,92374,46.84,2,0,12.6468,2015,10,0,16,2001
1,0,0,0,0,0,0,1,0,0,0,0,0,1,0,0,0,0,0,0,0,0,0,0,0,0,92374,425.833,1,0.15,20.0392,2015,10,0,16,2001
0,1,0,0,0,1,0,0,0,0,0,0,0,0,0,0,0,0,0,0,0,0,0,0,0,1,14609,209.67,1,0.4,-13.978,2015,10,5,53,1128
0,0,1,0,0,0,0,1,1,0,0,0,0,0,0,0,0,0,0,0,0,1,0,0,0,0,95207,159.88,7,0,73.5448,2016,9,4,6,2001
0,0,0,1,0,0,0,1,1,0,0,0,0,0,0,0,0,0,0,0,0,1,0,0,0,0,98105,5.28,1,0,2.376,2017,4,2,428,506
0,0,0,1,0,0,0,1,1,0,0,0,1,0,0,0,0,0,0,0,0,0,0,0,0,0,98105,895.92,5,0.2,302.373,2017,4,2,428,506
0,0,1,0,0,0,1,0,1,0,0,0,1,0,0,0,0,0,0,0,0,0,0,0,0,0,32174,2.808,3,0.7,-1.9656,2017,1,6,1,383
0,0,0,1,0,0,0,1,0,0,0,0,0,0,1,0,0,0,0,0,0,0,0,0,0,0,94086,215.976,3,0.2,-2.6997,2017,11,2,6,2001
0,1,0,0,1,0,0,0,0,0,0,0,0,1,0,0,0,0,0,0,0,0,0,0,0,0,48911,241.96,2,0,41.1332,2017,9,2,8,255
0,1,0,0,1,0,0,0,1,0,0,0,0,0,0,0,0,0,0,1,0,0,0,0,0,0,48911,27.72,9,0,13.3056,2017,9,2,8,255
0,0,1,0,1,1,0,0,1,0,0,0,0,0,0,0,1,0,0,0,0,0,0,0,0,0,19143,104.68,5,0.2,35.3295,2017,12,4,537,587
0,0,1,0,1,1,0,0,0,1,0,0,0,0,0,0,0,0,0,0,0,0,1,0,0,0,19143,62.958,7,0.4,9.4437,2017,12,4,537,587
0,0,1,0,0,1,0,0,0,1,0,0,0,0,0,0,0,0,0,0,0,0,0,0,0,0,19143,86.376,3,0.2,1.0797,2014,6,5,537,587
0,0,1,0,1,1,0,0,0,0,0,0,0,0,0,0,0,0,1,0,0,0,0,0,0,0,19134,64.944,3,0.2,6.4944,2015,10,5,537,587
0,0,1,0,1,1,0,0,1,0,0,0,0,0,0,0,0,0,0,0,0,1,0,0,0,0,19134,20.736,4,0.2,7.2576,2015,10,5,537,587
0,1,0,1,0,1,0,0,1,0,1,0,0,0,0,0,0,0,0,0,0,0,0,0,0,0,3820,33.28,4,0,9.3184,2014,5,2,19,27
0,1,0,1,0,1,0,0,1,0,0,1,0,0,0,0,0,0,0,0,0,0,0,0,0,0,3820,38.52,9,0,11.9412,2014,5,2,19,27
0,1,0,1,0,1,0,0,0,0,0,0,0,0,0,0,0,0,1,0,0,0,0,0,0,0,3820,139.86,7,0,60.1398,2014,5,2,19,27
0,0,1,0,0,1,0,0,1,0,0,0,0,0,0,0,0,0,0,0,0,1,0,0,0,0,10011,19.65,3,0,9.039,2015,11,6,915,1128
0,0,1,0,0,1,0,0,1,0,0,0,1,0,0,0,0,0,0,0,0,0,0,0,0,0,19134,152.991,3,0.7,-122.3928,2015,11,4,537,587
0,0,1,0,0,1,0,0,1,0,0,0,0,0,0,0,0,1,0,0,0,0,0,0,0,0,19134,10.584,7,0.2,-2.3814,2015,11,4,537,587
0,0,1,0,0,1,0,0,0,1,0,0,0,0,0,0,0,0,0,0,0,0,1,0,0,0,19134,94.92,4,0.4,15.82,2015,11,4,537,587
0,0,1,0,0,0,0,0,0,0,0,0,0,0,0,0,0,0,1,0,0,0,0,0,0,0,75051,14.76,5,0.6,-11.439,2015,12,5,13,985
0,0,1,0,0,0,0,0,1,0,0,0,1,0,0,0,0,0,0,0,0,0,0,0,0,0,75051,3.656,4,0.8,-5.8496,2015,12,5,13,985
1,0,0,0,0,1,0,0,1,0,0,0,0,0,0,0,0,0,0,0,0,1,0,0,0,0,10009,146.82,3,0,73.41,2017,11,0,915,1128
0,0,1,1,0,1,0,0,1,0,0,0,1,0,0,0,0,0,0,0,0,0,0,0,0,0,11561,149.544,9,0.2,50.4711,2014,6,5,61,1128
0,0,1,1,0,1,0,0,1,0,0,0,0,0,0,0,0,0,0,0,0,0,0,0,1,0,11561,17.14,2,0,4.4564,2014,6,5,61,1128
0,0,1,1,0,1,0,0,0,0,0,0,0,0,0,0,0,0,0,0,0,0,0,0,0,1,11561,991.764,3,0.4,-347.1174,2014,6,5,61,1128
0,0,1,1,0,1,0,0,1,0,0,0,0,0,0,0,0,0,0,0,0,1,0,0,0,0,19140,30.48,6,0.2,9.906,2016,9,4,537,587
0,0,1,1,0,1,0,0,0,1,0,0,0,0,0,0,0,0,0,0,0,0,1,0,0,0,19140,23.988,2,0.4,-4.7976,2016,9,4,537,587
0,0,1,1,0,1,0,0,1,0,0,0,0,0,0,0,0,1,0,0,0,0,0,0,0,0,19140,16.688,7,0.2,5.4236,2016,9,4,537,587
0,0,1,1,0,1,0,0,0,0,0,0,0,0,1,0,0,0,0,0,0,0,0,0,0,0,17403,422.058,3,0.3,-18.0882,2016,6,4,5,587
0,0,1,1,0,1,0,0,1,0,0,0,1,0,0,0,0,0,0,0,0,0,0,0,0,0,17403,38.088,4,0.7,-27.9312,2016,6,4,5,587
0,0,1,1,0,1,0,0,1,0,0,0,0,0,0,0,0,0,0,0,0,0,0,1,0,0,17403,254.352,6,0.2,-50.8704,2016,6,4,5,587
0,0,1,0,0,0,0,1,0,0,0,0,0,0,0,0,0,0,1,0,0,0,0,0,0,0,94521,43.31,1,0,4.331,2014,12,5,31,2001
0,0,1,0,0,1,0,0,0,1,0,0,0,0,0,0,0,0,0,0,0,0,1,0,0,0,10035,84.95,5,0,22.087,2017,3,5,915,1128
0,0,1,0,0,0,0,0,0,0,0,0,0,0,1,0,0,0,0,0,0,0,0,0,0,0,77840,233.058,3,0.3,-53.2704,2017,11,7,3,985
0,1,0,0,0,0,0,0,0,1,0,0,0,0,0,0,0,0,0,0,0,0,0,0,0,0,63116,111.79,7,0,43.5981,2014,11,5,5,66
0,0,1,0,0,1,0,0,1,0,0,0,0,0,0,0,0,0,0,0,0,1,0,0,0,0,2169,14.94,3,0,7.0218,2015,11,4,20,135
0,0,1,1,0,1,0,0,1,0,0,0,1,0,0,0,0,0,0,0,0,0,0,0,0,0,10009,14.16,2,0.2,5.133,2016,7,4,915,1128
0,0,1,0,1,0,0,0,0,0,0,0,0,0,0,0,0,0,1,0,0,0,0,0,0,0,75081,22.608,3,0.6,-10.1736,2016,4,5,157,985
0,1,0,0,0,0,0,1,1,0,0,0,0,0,0,0,0,1,0,0,0,0,0,0,0,0,90032,21.48,6,0,10.74,2016,7,2,747,2001
0,0,0,0,0,0,0,0,1,0,0,0,0,0,0,0,0,0,0,0,0,0,0,1,0,0,55407,501.81,3,0,0,2014,6,2,23,89
0,0,0,0,0,0,0,0,1,0,0,0,0,0,0,0,0,0,0,0,0,0,0,1,0,0,55407,161.94,3,0,9.7164,2014,6,2,23,89
0,0,1,0,1,0,1,0,1,0,0,1,0,0,0,0,0,0,0,0,0,0,0,0,0,0,32725,17.856,4,0.2,2.0088,2017,10,5,5,383
0,0,1,0,0,0,0,0,1,0,0,0,1,0,0,0,0,0,0,0,0,0,0,0,0,0,60610,8.808,3,0.8,-14.9736,2016,9,6,314,492
1,0,0,0,0,1,0,0,0,0,0,0,0,0,0,0,0,0,1,0,0,0,0,0,0,0,45231,79.384,1,0.2,29.769,2016,5,0,17,469
0,0,1,0,1,0,0,1,1,0,0,1,0,0,0,0,0,0,0,0,0,0,0,0,0,0,94601,34.58,1,0,10.0282,2016,1,5,26,2001
0,0,1,0,1,0,0,1,1,0,0,0,0,0,0,0,0,0,0,0,0,1,0,0,0,0,95336,314.55,3,0,150.984,2017,3,6,3,2001
0,0,1,0,0,0,0,0,0,1,0,0,0,0,0,0,0,0,0,0,0,0,0,0,0,0,78041,191.976,3,0.2,23.997,2016,10,6,13,985
0,0,1,0,0,0,0,0,1,0,0,0,0,0,0,0,0,0,0,0,0,1,0,0,0,0,78041,8.288,2,0.2,3.0044,2016,10,6,13,985
0,0,1,0,0,0,0,0,0,0,0,0,0,0,0,0,0,0,1,0,0,0,0,0,0,0,78041,139.92,5,0.6,-150.414,2016,10,6,13,985
0,0,1,0,0,0,0,0,1,0,0,1,0,0,0,0,0,0,0,0,0,0,0,0,0,0,78041,15.872,1,0.2,1.1904,2016,10,6,13,985
0,0,1,0,0,0,0,0,1,0,0,0,1,0,0,0,0,0,0,0,0,0,0,0,0,0,78041,6.286,7,0.8,-11.0005,2016,10,6,13,985
0,1,0,0,0,1,0,0,1,0,0,1,0,0,0,0,0,0,0,0,0,0,0,0,0,0,44240,14.016,3,0.2,1.752,2017,1,3,13,469
0,1,0,0,0,1,0,0,0,1,0,0,0,0,0,0,0,0,0,0,0,0,0,0,0,0,44240,71.976,3,0.2,-8.997,2017,1,3,13,469
0,1,0,0,0,1,0,0,0,1,0,0,0,0,0,0,0,0,0,0,0,0,1,0,0,0,44240,107.982,3,0.4,-26.9955,2017,1,3,13,469
0,0,1,1,0,0,0,0,0,0,0,0,0,0,1,0,0,0,0,0,0,0,0,0,0,0,76903,305.312,2,0.3,-8.7232,2017,11,6,4,985
0,0,0,0,0,0,0,1,1,0,0,0,1,0,0,0,0,0,0,0,0,0,0,0,0,0,94122,19.752,3,0.2,6.9132,2014,8,2,510,2001
0,0,1,0,1,0,0,0,1,0,0,0,1,0,0,0,0,0,0,0,0,0,0,0,0,0,77070,9.264,3,0.8,-13.896,2016,7,5,377,985
0,1,0,1,0,0,0,0,1,0,0,0,0,0,0,0,0,0,0,0,0,0,0,1,0,0,77041,61.792,4,0.2,6.1792,2015,7,4,377,985
0,0,1,0,1,0,0,1,1,0,0,0,0,0,0,0,0,0,0,0,0,1,0,0,0,0,84106,45.68,2,0,21.0128,2016,10,6,8,53
0,0,1,0,1,0,0,1,1,0,0,0,0,0,0,0,0,0,0,0,0,1,0,0,0,0,84106,60.12,9,0,28.8576,2016,10,6,8,53
0,0,1,0,1,0,0,1,1,0,0,0,1,0,0,0,0,0,0,0,0,0,0,0,0,0,84106,41.72,5,0.2,13.0375,2016,10,6,8,53
0,0,1,0,1,0,0,1,1,0,0,0,0,0,0,0,0,0,0,0,0,1,0,0,0,0,84106,71.6,8,0,32.936,2016,10,6,8,53
0,0,1,0,0,1,0,0,1,0,0,0,1,0,0,0,0,0,0,0,0,0,0,0,0,0,10009,85.232,7,0.2,30.8966,2016,5,4,915,1128
0,0,1,0,0,1,0,0,1,0,0,0,0,0,0,0,0,0,0,1,0,0,0,0,0,0,10009,44.4,3,0,22.2,2016,5,4,915,1128
0,0,1,0,0,1,0,0,0,0,0,0,0,0,1,0,0,0,0,0,0,0,0,0,0,0,10009,442.764,4,0.1,59.0352,2016,5,4,915,1128
0,0,1,0,0,1,0,0,0,1,0,0,0,0,0,0,0,0,0,0,1,0,0,0,0,0,10009,3999.95,5,0,1159.9855,2016,5,4,915,1128
0,0,1,0,0,1,0,0,0,1,0,0,0,0,0,0,0,0,0,0,0,0,0,0,0,0,10009,199.95,5,0,21.9945,2016,5,4,915,1128
0,0,1,0,0,1,0,0,0,0,0,0,0,0,0,0,0,0,1,0,0,0,0,0,0,0,10009,63.68,8,0,28.0192,2016,5,4,915,1128
0,1,0,1,0,0,0,1,1,0,0,0,1,0,0,0,0,0,0,0,0,0,0,0,0,0,93905,54.896,2,0.2,18.5274,2017,8,3,8,2001
1,0,0,0,0,0,1,0,0,1,0,0,0,0,0,0,0,0,0,0,0,0,0,0,0,0,35810,29,2,0,7.25,2016,7,0,36,61
0,0,1,0,0,0,0,0,1,0,0,0,0,0,0,0,1,0,0,0,0,0,0,0,0,0,47201,70.08,6,0,35.04,2017,8,5,222,149
0,0,1,0,0,0,0,0,0,0,0,0,0,0,0,0,0,0,1,0,0,0,0,0,0,0,47201,121.3,2,0,25.473,2017,8,5,222,149
0,0,1,0,0,0,0,0,0,1,0,0,0,0,0,0,0,0,0,0,0,0,1,0,0,0,47201,1454.49,9,0,378.1674,2017,8,5,222,149
0,0,1,0,0,0,0,1,1,0,1,0,0,0,0,0,0,0,0,0,0,0,0,0,0,0,90049,60.81,3,0,17.0268,2016,6,4,747,2001
0,0,1,0,0,0,0,1,1,0,0,0,1,0,0,0,0,0,0,0,0,0,0,0,0,0,98105,153.552,3,0.2,51.8238,2016,12,7,428,506
0,0,1,0,0,0,0,1,1,0,1,0,0,0,0,0,0,0,0,0,0,0,0,0,0,0,98105,65.34,3,0,22.869,2016,12,7,428,506
0,0,1,0,0,0,0,1,1,0,0,0,0,0,0,0,0,0,0,0,0,1,0,0,0,0,98105,123.92,4,0,55.764,2016,12,7,428,506
0,0,1,0,0,0,0,1,1,0,1,0,0,0,0,0,0,0,0,0,0,0,0,0,0,0,98105,35.1,3,0,12.285,2016,12,7,428,506
0,0,1,0,0,0,0,1,0,1,0,0,0,0,0,0,0,0,0,0,0,0,0,0,0,0,98105,44.75,5,0,8.5025,2016,12,7,428,506
0,0,1,0,0,0,1,0,1,0,0,1,0,0,0,0,0,0,0,0,0,0,0,0,0,0,37918,4.704,2,0.2,0.4116,2016,12,5,24,183
0,0,1,0,0,0,1,0,1,0,0,1,0,0,0,0,0,0,0,0,0,0,0,0,0,0,36116,14.67,3,0,3.9609,2014,11,6,10,61
0,0,1,0,0,1,0,0,1,0,0,0,0,0,0,0,0,0,0,0,0,1,0,0,0,0,19120,15.552,3,0.2,5.4432,2015,3,5,537,587
0,0,1,0,0,1,0,0,1,0,0,0,0,0,0,0,0,0,0,0,0,1,0,0,0,0,19120,5.232,1,0.2,1.7004,2015,3,5,537,587
0,0,1,0,0,0,1,0,0,0,0,0,0,0,0,0,0,0,1,0,0,0,0,0,0,0,72209,22.2,6,0,9.102,2014,6,5,24,60
0,0,1,0,0,0,1,0,0,1,0,0,0,0,0,0,0,0,0,0,0,0,1,0,0,0,72209,881.93,7,0,229.3018,2014,6,5,24,60
0,0,1,0,1,0,0,1,1,0,0,0,1,0,0,0,0,0,0,0,0,0,0,0,0,0,98103,6.096,2,0.2,2.1336,2015,9,6,428,506
0,0,1,0,1,0,0,1,0,0,0,0,0,0,0,0,0,0,1,0,0,0,0,0,0,0,98103,191.82,3,0,74.8098,2015,9,6,428,506
0,0,1,0,0,1,0,0,0,0,0,0,0,0,0,0,0,0,1,0,0,0,0,0,0,0,17602,20.104,1,0.2,1.7591,2015,6,6,46,587
0,1,0,0,1,0,1,0,1,0,0,1,0,0,0,0,0,0,0,0,0,0,0,0,0,0,37620,67.56,3,0.2,8.445,2016,9,2,13,183
0,0,1,0,1,0,0,0,1,0,0,0,1,0,0,0,0,0,0,0,0,0,0,0,0,0,60505,29.932,7,0.8,-46.3946,2014,7,6,68,492
0,0,1,0,1,0,0,0,0,1,0,0,0,0,0,0,0,0,0,0,0,0,1,0,0,0,60505,38.272,4,0.2,3.8272,2014,7,6,68,492
0,0,1,0,1,1,0,0,1,0,0,1,0,0,0,0,0,0,0,0,0,0,0,0,0,0,10009,16.52,4,0,7.5992,2015,8,4,915,1128
0,1,0,0,0,1,0,0,0,1,0,0,0,0,0,0,0,0,0,0,0,0,1,0,0,0,6824,832.93,7,0,233.2204,2014,11,2,45,82
0,1,0,0,0,1,0,0,1,0,0,0,1,0,0,0,0,0,0,0,0,0,0,0,0,0,6824,43.8,10,0,21.024,2014,11,2,45,82
0,0,0,1,0,0,0,0,1,0,1,0,0,0,0,0,0,0,0,0,0,0,0,0,0,0,48146,167.292,6,0.1,29.7408,2016,11,3,3,255
0,0,1,0,0,1,0,0,0,0,0,0,0,0,0,0,0,0,1,0,0,0,0,0,0,0,10035,27.42,1,0,11.2422,2017,11,4,915,1128
0,0,0,0,0,0,0,1,1,0,0,0,1,0,0,0,0,0,0,0,0,0,0,0,0,0,95123,1.44,1,0.2,0.504,2017,10,1,42,2001
0,0,0,0,0,0,0,1,1,0,0,0,1,0,0,0,0,0,0,0,0,0,0,0,0,0,95123,61.776,13,0.2,20.8494,2017,10,1,42,2001
0,0,0,0,0,0,0,1,1,0,1,0,0,0,0,0,0,0,0,0,0,0,0,0,0,0,95123,241.96,2,0,60.49,2017,10,1,42,2001
0,0,0,0,0,0,0,1,0,0,0,0,0,0,1,0,0,0,0,0,0,0,0,0,0,0,95123,108.608,4,0.2,9.5032,2017,10,1,42,2001
0,0,1,1,0,0,1,0,1,0,0,1,0,0,0,0,0,0,0,0,0,0,0,0,0,0,32216,2.816,2,0.2,0.9856,2014,9,5,125,383
0,0,1,1,0,0,0,1,1,0,0,0,1,0,0,0,0,0,0,0,0,0,0,0,0,0,94110,9.984,4,0.2,3.6192,2017,7,4,510,2001
0,0,1,1,0,0,0,1,1,0,0,0,0,0,0,0,0,0,0,0,0,0,0,1,0,0,94110,14.98,1,0,4.1944,2017,7,4,510,2001
0,0,1,1,0,0,0,1,0,1,0,0,0,0,0,0,0,0,0,0,0,0,1,0,0,0,94110,1145.6,4,0.2,100.24,2017,7,4,510,2001
1,0,0,0,0,1,0,0,0,1,0,0,0,0,0,0,0,0,0,0,0,0,1,0,0,0,43302,485.94,2,0.4,-89.089,2015,12,0,20,469
1,0,0,0,0,1,0,0,1,0,0,1,0,0,0,0,0,0,0,0,0,0,0,0,0,0,43302,37.376,8,0.2,4.672,2015,12,0,20,469
1,0,0,0,0,1,0,0,0,0,0,0,0,0,1,0,0,0,0,0,0,0,0,0,0,0,43302,70.686,1,0.3,-24.2352,2015,12,0,20,469
0,0,1,1,0,1,0,0,1,0,0,0,0,0,0,0,0,0,0,0,0,1,0,0,0,0,19134,54.816,3,0.2,17.8152,2017,7,5,537,587
0,1,0,0,0,0,0,1,0,0,0,0,0,1,0,0,0,0,0,0,0,0,0,0,0,0,80122,72.294,1,0.7,-98.8018,2016,3,2,1,182
0,0,1,1,0,0,0,0,1,0,0,0,0,0,0,0,0,1,0,0,0,0,0,0,0,0,78745,2.896,2,0.2,0.4706,2017,7,5,39,985
0,0,1,1,0,0,0,0,0,1,0,0,0,0,0,0,0,0,0,0,0,0,1,0,0,0,78745,124.792,1,0.2,15.599,2017,7,5,39,985
0,0,1,0,0,1,0,0,0,0,0,0,0,0,0,0,0,0,0,0,0,0,0,0,0,1,10024,330.588,1,0.4,-115.7058,2016,10,4,915,1128
0,0,1,0,0,0,0,1,1,0,0,0,1,0,0,0,0,0,0,0,0,0,0,0,0,0,94122,673.568,2,0.2,252.588,2014,3,5,510,2001
0,0,1,0,0,0,0,1,1,0,1,0,0,0,0,0,0,0,0,0,0,0,0,0,0,0,94122,52.98,2,0,14.8344,2014,3,5,510,2001
0,0,1,0,0,0,0,0,0,0,0,0,0,0,0,0,0,0,1,0,0,0,0,0,0,0,46350,526.45,5,0,31.587,2017,6,5,10,149
0,0,1,0,0,0,0,0,1,0,0,0,0,0,0,0,0,0,0,0,0,0,0,1,0,0,60610,228.92,5,0.2,14.3075,2017,7,5,314,492
0,1,0,0,0,0,0,1,0,1,0,0,0,0,0,0,0,0,0,0,0,0,1,0,0,0,97206,319.968,4,0.2,35.9964,2015,12,2,24,124
0,0,1,1,0,1,0,0,0,1,0,0,0,0,0,0,0,0,0,0,0,0,0,0,0,0,5408,205.03,7,0,67.6599,2017,12,5,25,11
0,1,0,0,0,0,0,0,1,0,0,0,0,0,0,0,0,0,0,0,0,0,0,1,0,0,46203,190.86,2,0,11.4516,2015,9,2,23,149
0,1,0,0,0,0,0,0,1,0,0,1,0,0,0,0,0,0,0,0,0,0,0,0,0,0,46203,24.32,8,0,8.2688,2015,9,2,23,149
0,0,1,0,1,0,0,1,1,0,0,0,0,0,0,0,0,0,0,0,0,0,0,0,1,0,84604,44.4,5,0,12.432,2016,7,6,10,53
0,0,1,0,1,0,0,0,0,0,0,0,0,0,0,0,0,0,1,0,0,0,0,0,0,0,60610,44.4,2,0.6,-52.17,2017,4,6,314,492
0,1,0,0,0,0,0,1,1,0,0,0,1,0,0,0,0,0,0,0,0,0,0,0,0,0,90049,1016.792,1,0.2,381.297,2016,11,2,747,2001
0,1,0,0,0,0,0,1,1,0,0,0,1,0,0,0,0,0,0,0,0,0,0,0,0,0,90049,38.136,7,0.2,13.3476,2016,11,2,747,2001
0,0,1,0,0,1,0,0,0,1,0,0,0,0,0,0,0,0,0,0,0,0,1,0,0,0,19134,494.982,3,0.4,-115.4958,2016,11,5,537,587
0,0,1,0,1,0,0,1,1,0,0,0,0,0,0,0,0,0,0,0,0,0,0,1,0,0,91104,56.56,2,0,15.2712,2017,11,4,42,2001
0,0,1,0,1,0,0,1,1,0,0,1,0,0,0,0,0,0,0,0,0,0,0,0,0,0,91104,5.56,2,0,1.4456,2017,11,4,42,2001
0,0,1,0,1,0,0,1,1,0,0,0,0,0,0,0,0,1,0,0,0,0,0,0,0,0,91104,9.02,2,0,3.5178,2017,11,4,42,2001
0,0,1,0,1,0,0,1,1,0,1,0,0,0,0,0,0,0,0,0,0,0,0,0,0,0,91104,8.62,1,0,2.2412,2017,11,4,42,2001
0,0,1,0,1,0,0,1,0,1,0,0,0,0,0,0,0,0,0,0,0,0,1,0,0,0,91104,659.976,3,0.2,49.4982,2017,11,4,42,2001
0,1,0,0,0,0,0,1,1,0,0,0,0,0,0,0,0,0,0,0,0,1,0,0,0,0,90004,13.36,2,0,6.4128,2015,2,3,747,2001
0,1,0,0,0,0,0,1,1,0,0,0,1,0,0,0,0,0,0,0,0,0,0,0,0,0,90004,41.72,5,0.2,13.0375,2015,2,3,747,2001
0,1,0,0,0,0,0,1,1,0,0,0,1,0,0,0,0,0,0,0,0,0,0,0,0,0,90004,11.52,5,0.2,4.176,2015,2,3,747,2001
0,1,0,0,0,0,0,1,1,0,1,0,0,0,0,0,0,0,0,0,0,0,0,0,0,0,90004,541.44,6,0,157.0176,2015,2,3,747,2001
0,1,0,0,0,0,0,1,1,0,0,0,0,0,0,0,0,0,0,0,0,1,0,0,0,0,90004,19.44,3,0,9.3312,2015,2,3,747,2001
0,1,0,0,1,0,0,1,1,0,0,0,0,0,0,0,0,0,0,0,0,1,0,0,0,0,92105,143.7,3,0,68.976,2016,4,2,170,2001
0,0,0,1,0,0,0,1,1,0,1,0,0,0,0,0,0,0,0,0,0,0,0,0,0,0,94110,43.26,3,0,14.2758,2015,9,3,510,2001
0,0,0,1,0,0,0,1,1,0,1,0,0,0,0,0,0,0,0,0,0,0,0,0,0,0,94110,43.56,2,0,15.246,2015,9,3,510,2001
0,0,1,1,0,1,0,0,0,1,0,0,0,0,0,0,0,0,0,0,0,0,1,0,0,0,4401,437.85,3,0,131.355,2016,9,5,5,8
0,0,1,1,0,1,0,0,0,0,0,0,0,0,0,0,0,0,1,0,0,0,0,0,0,0,4401,109.48,2,0,33.9388,2016,9,5,5,8
0,0,0,0,0,0,0,1,0,0,0,0,0,0,1,0,0,0,0,0,0,0,0,0,0,0,94122,1212.96,7,0.2,90.972,2017,6,3,510,2001
0,0,0,0,0,0,0,1,1,0,0,0,0,0,0,0,0,0,0,0,0,1,0,0,0,0,94122,18.54,2,0,8.7138,2017,6,3,510,2001
0,1,0,0,1,0,0,1,1,0,0,0,0,0,0,0,0,1,0,0,0,0,0,0,0,0,92024,5,1,0,2.4,2015,11,2,170,2001
0,1,0,0,1,0,0,1,0,1,0,0,0,0,0,0,0,0,0,0,0,0,0,0,0,0,92024,371.97,3,0,66.9546,2015,11,2,170,2001
1,0,0,0,0,1,0,0,0,1,0,0,0,0,0,0,0,0,0,0,0,0,0,0,0,0,10035,166.24,1,0,24.936,2015,12,0,915,1128
0,0,0,0,0,0,1,0,0,0,0,0,0,1,0,0,0,0,0,0,0,0,0,0,0,0,22204,359.97,3,0,79.1934,2017,2,3,60,224
0,1,0,0,0,0,1,0,0,1,0,0,0,0,0,0,0,0,0,0,0,0,0,0,0,0,30318,499.98,2,0,114.9954,2016,11,2,39,184
0,1,0,0,0,0,1,0,1,0,0,0,0,0,0,0,0,0,0,0,0,1,0,0,0,0,30318,5.28,1,0,2.376,2016,11,2,39,184
0,1,0,0,0,0,1,0,1,0,0,0,1,0,0,0,0,0,0,0,0,0,0,0,0,0,30318,8.26,2,0,3.8822,2016,11,2,39,184
1,0,0,0,1,0,1,0,1,0,0,0,0,0,0,0,0,0,0,0,0,1,0,0,0,0,28110,7.968,2,0.2,2.6892,2017,10,0,21,249
1,0,0,0,0,0,0,1,1,0,0,0,0,0,0,0,0,0,0,0,0,1,0,0,0,0,98115,12.96,2,0,6.3504,2017,9,0,428,506
0,0,1,1,0,1,0,0,1,0,0,0,0,0,0,0,0,0,0,0,0,1,0,0,0,0,14609,6.48,1,0,3.1104,2017,12,6,53,1128
0,0,1,1,0,1,0,0,1,0,0,0,1,0,0,0,0,0,0,0,0,0,0,0,0,0,14609,6.984,1,0.2,2.3571,2017,12,6,53,1128
0,0,1,1,0,0,1,0,1,0,0,1,0,0,0,0,0,0,0,0,0,0,0,0,0,0,33180,47.96,5,0.2,4.1965,2017,12,5,57,383
0,0,1,0,0,0,0,1,1,0,0,0,0,0,0,0,0,0,0,0,0,0,0,1,0,0,98105,199.74,6,0,47.9376,2015,9,6,428,506
0,0,1,0,0,0,0,1,0,0,0,0,0,0,0,0,0,0,1,0,0,0,0,0,0,0,94122,435.26,7,0,95.7572,2015,3,5,510,2001
0,0,1,0,0,0,0,1,0,1,0,0,0,0,0,1,0,0,0,0,0,0,0,0,0,0,94122,1119.984,2,0.2,377.9946,2015,3,5,510,2001
0,1,0,1,0,0,0,1,0,0,0,0,0,0,0,0,0,0,0,0,0,0,0,0,0,1,90036,143.432,1,0.2,3.5858,2014,10,5,747,2001
0,1,0,1,0,0,0,1,0,0,0,0,0,0,1,0,0,0,0,0,0,0,0,0,0,0,90036,122.352,3,0.2,13.7646,2014,10,5,747,2001
0,0,1,0,0,0,1,0,1,0,0,0,0,0,0,0,0,0,0,0,0,0,0,1,0,0,38671,306.2,5,0,0,2014,6,4,7,53
0,0,1,0,0,0,1,0,0,0,0,0,0,0,0,0,0,0,0,0,0,0,0,0,0,1,38671,85.98,1,0,22.3548,2014,6,4,7,53
0,0,1,0,0,0,1,0,0,1,0,0,0,0,0,0,0,0,0,0,0,0,0,0,0,0,38671,223.96,4,0,53.7504,2014,6,4,7,53
0,0,0,0,0,0,0,1,0,0,0,0,0,0,1,0,0,0,0,0,0,0,0,0,0,0,98115,97.568,2,0.2,-6.098,2017,10,3,428,506
0,0,0,0,0,0,0,1,0,0,0,0,0,0,1,0,0,0,0,0,0,0,0,0,0,0,98115,614.272,8,0.2,-23.0352,2017,10,3,428,506
0,0,0,0,0,0,0,1,0,0,0,0,0,1,0,0,0,0,0,0,0,0,0,0,0,0,98115,199.98,2,0,37.9962,2017,10,3,428,506
0,0,0,1,0,1,0,0,1,0,0,0,0,0,0,0,0,0,0,0,0,1,0,0,0,0,6457,48.16,7,0,22.1536,2016,9,2,9,82
0,0,1,0,0,0,0,0,0,1,0,0,0,0,0,0,0,0,0,0,0,0,1,0,0,0,47362,23.92,2,0,6.6976,2015,3,4,2,149
0,0,1,0,0,0,0,0,1,0,1,0,0,0,0,0,0,0,0,0,0,0,0,0,0,0,47362,60.69,7,0,16.3863,2015,3,4,2,149
0,0,0,1,0,0,1,0,1,0,0,0,0,0,0,0,0,0,0,0,0,1,0,0,0,0,37130,14.352,3,0.2,5.2026,2016,5,3,11,183
0,0,1,0,0,0,1,0,1,0,1,0,0,0,0,0,0,0,0,0,0,0,0,0,0,0,24153,35.04,2,0,12.264,2017,11,6,40,224
0,1,0,1,0,1,0,0,1,0,1,0,0,0,0,0,0,0,0,0,0,0,0,0,0,0,43615,17.48,5,0.2,1.311,2017,6,4,32,469
0,0,0,0,0,0,0,1,1,0,0,1,0,0,0,0,0,0,0,0,0,0,0,0,0,0,90032,16.4,5,0,4.756,2017,6,3,747,2001
0,0,0,1,0,0,0,1,0,0,0,0,0,0,0,0,0,0,0,0,0,0,0,0,0,1,98115,892.98,2,0,80.3682,2017,1,3,428,506
0,0,1,1,0,0,1,0,0,1,0,0,0,0,0,0,0,0,0,0,0,0,1,0,0,0,31907,287.97,3,0,77.7519,2015,4,5,222,184
0,0,1,1,0,0,1,0,0,0,0,0,0,0,0,0,0,0,1,0,0,0,0,0,0,0,31907,595.38,6,0,297.69,2015,4,5,222,184
0,0,1,1,0,0,1,0,1,0,0,0,0,0,0,0,0,0,0,0,0,1,0,0,0,0,31907,12.96,2,0,6.2208,2015,4,5,222,184
0,0,1,1,0,1,0,0,0,1,0,0,0,0,0,0,0,0,0,0,0,0,1,0,0,0,10009,4.95,1,0,1.3365,2015,11,5,915,1128
0,0,1,1,0,1,0,0,0,0,0,0,0,0,0,0,0,0,1,0,0,0,0,0,0,0,6457,181.95,3,0,38.2095,2017,12,4,9,82
0,0,1,0,0,1,0,0,1,0,0,0,0,0,0,0,0,0,0,0,0,1,0,0,0,0,10011,13.52,4,0,6.2192,2015,11,4,915,1128
0,0,1,0,0,1,0,0,0,0,0,0,0,0,0,0,0,0,1,0,0,0,0,0,0,0,10011,259.7,5,0,106.477,2015,11,4,915,1128
0,0,1,0,0,1,0,0,0,1,0,0,0,0,0,0,0,0,0,0,0,0,1,0,0,0,10011,42.95,1,0,1.2885,2015,11,4,915,1128
0,0,1,0,0,1,0,0,0,1,0,0,0,0,0,0,0,0,0,0,0,0,0,0,0,0,10011,1399.93,7,0,601.9699,2015,11,4,915,1128
0,0,1,0,0,1,0,0,0,1,0,0,0,0,0,0,0,0,0,0,0,0,1,0,0,0,10011,503.96,4,0,125.99,2015,11,4,915,1128
0,0,1,0,0,0,0,0,1,0,0,0,1,0,0,0,0,0,0,0,0,0,0,0,0,0,48640,12.72,3,0,6.36,2014,11,4,12,255
0,0,1,0,0,0,0,0,1,0,0,0,1,0,0,0,0,0,0,0,0,0,0,0,0,0,48640,11.52,4,0,5.6448,2014,11,4,12,255
0,0,1,1,0,0,1,0,0,1,0,0,0,0,0,0,0,0,0,0,0,0,0,0,0,0,31907,316,4,0,31.6,2016,1,4,222,184
0,1,0,0,1,0,1,0,0,0,0,0,0,0,1,0,0,0,0,0,0,0,0,0,0,0,30076,723.92,4,0,188.2192,2017,9,5,18,184
0,1,0,0,1,0,1,0,1,0,0,0,0,0,0,0,0,0,0,0,0,1,0,0,0,0,30076,106.32,3,0,49.9704,2017,9,5,18,184
0,0,0,1,0,0,0,0,0,0,0,0,0,1,0,0,0,0,0,0,0,0,0,0,0,0,60623,141.372,2,0.3,-14.1372,2016,12,1,314,492
0,0,0,1,0,0,0,0,1,0,0,0,0,0,0,0,0,0,0,0,0,1,0,0,0,0,77041,27.216,3,0.2,9.8658,2015,8,2,377,985
0,0,1,0,0,1,0,0,0,1,0,0,0,0,0,0,0,0,0,0,0,0,0,0,0,0,10009,390.75,5,0,171.93,2017,11,4,915,1128
0,0,0,0,1,0,0,1,0,0,0,0,0,0,1,0,0,0,0,0,0,0,0,0,0,0,85345,280.792,1,0.2,35.099,2017,6,1,23,224
0,0,0,0,1,0,0,1,1,0,0,0,0,0,0,0,0,0,0,0,0,0,0,1,0,0,85345,68.448,4,0.2,7.7004,2017,6,1,23,224
0,0,0,0,1,0,0,1,1,0,0,1,0,0,0,0,0,0,0,0,0,0,0,0,0,0,85345,88.04,5,0.2,6.603,2017,6,1,23,224
0,0,0,0,1,0,0,1,1,0,0,1,0,0,0,0,0,0,0,0,0,0,0,0,0,0,85345,15.872,1,0.2,1.984,2017,6,1,23,224
0,0,0,0,1,0,0,1,1,0,0,0,0,0,0,0,0,0,0,0,0,0,0,1,0,0,85345,215.592,3,0.2,-48.5082,2017,6,1,23,224
0,0,1,1,0,0,0,0,1,0,0,0,0,0,0,0,0,0,0,1,0,0,0,0,0,0,57103,14.62,2,0,6.8714,2017,7,5,9,12
0,0,1,1,0,0,0,0,1,0,1,0,0,0,0,0,0,0,0,0,0,0,0,0,0,0,57103,416.32,2,0,112.4064,2017,7,5,9,12
0,0,1,1,0,0,0,0,1,0,0,0,1,0,0,0,0,0,0,0,0,0,0,0,0,0,57103,43,5,0,20.21,2017,7,5,9,12
0,0,1,1,0,0,0,0,0,0,0,0,0,0,1,0,0,0,0,0,0,0,0,0,0,0,57103,182.94,3,0,27.441,2017,7,5,9,12
0,0,1,1,0,0,0,0,1,0,0,0,1,0,0,0,0,0,0,0,0,0,0,0,0,0,57103,60.83,7,0,30.415,2017,7,5,9,12
0,0,1,1,0,0,0,0,0,1,0,0,0,0,0,0,0,0,0,0,0,0,0,0,0,0,57103,389.97,3,0,132.5898,2017,7,5,9,12
0,0,0,0,0,0,1,0,1,0,1,0,0,0,0,0,0,0,0,0,0,0,0,0,0,0,23223,194.32,4,0,56.3528,2015,12,3,90,224
0,0,1,1,0,0,0,1,0,1,0,0,0,0,0,0,0,0,0,0,0,0,0,0,0,0,98115,265.93,7,0,63.8232,2017,3,4,428,506
0,1,0,1,0,0,1,0,1,0,0,0,1,0,0,0,0,0,0,0,0,0,0,0,0,0,42420,94.74,3,0,44.5278,2015,12,3,51,139
0,1,0,1,0,0,1,0,1,0,0,0,1,0,0,0,0,0,0,0,0,0,0,0,0,0,42420,60.64,4,0,27.8944,2015,12,3,51,139
0,1,0,1,0,0,1,0,1,0,0,0,1,0,0,0,0,0,0,0,0,0,0,0,0,0,42420,76.3,5,0,38.15,2015,12,3,51,139
0,1,0,1,0,0,1,0,1,0,0,0,1,0,0,0,0,0,0,0,0,0,0,0,0,0,42420,364.8,12,0,167.808,2015,12,3,51,139
0,1,0,1,0,1,0,0,1,0,0,0,1,0,0,0,0,0,0,0,0,0,0,0,0,0,10035,79.872,3,0.2,29.952,2015,9,4,915,1128
0,1,0,1,0,1,0,0,0,0,0,0,0,1,0,0,0,0,0,0,0,0,0,0,0,0,10035,46.384,1,0.2,1.1596,2015,9,4,915,1128
0,1,0,1,0,1,0,0,1,0,0,0,0,0,0,0,0,0,0,0,0,1,0,0,0,0,10035,12.96,2,0,6.2208,2015,9,4,915,1128
0,0,0,0,1,0,0,1,1,0,0,0,0,0,0,0,1,0,0,0,0,0,0,0,0,0,80525,14.352,3,0.2,5.2026,2017,9,3,7,182
0,0,1,1,0,1,0,0,0,0,0,0,0,0,0,0,0,0,1,0,0,0,0,0,0,0,19140,547.136,4,0.2,-68.392,2015,12,4,537,587
0,1,0,1,0,0,0,1,1,0,0,0,0,0,0,0,0,0,0,0,0,0,0,1,0,0,90004,41.96,2,0,2.9372,2016,9,2,747,2001
0,1,0,1,0,0,0,1,1,0,0,0,0,0,0,0,0,0,0,0,0,1,0,0,0,0,90004,41.7,5,0,20.85,2016,9,2,747,2001
0,0,1,0,0,0,0,0,1,0,0,0,0,0,0,0,0,0,0,0,0,1,0,0,0,0,47905,277.4,5,0,133.152,2017,3,4,31,149
0,0,1,0,0,0,0,0,1,0,0,0,0,0,0,0,0,0,0,0,0,1,0,0,0,0,47905,5.78,1,0,2.8322,2017,3,4,31,149
0,0,1,0,0,0,1,0,1,0,1,0,0,0,0,0,0,0,0,0,0,0,0,0,0,0,37042,69.216,6,0.2,11.2476,2014,9,4,7,183
1,0,0,0,0,1,0,0,1,0,0,0,0,0,0,0,1,0,0,0,0,0,0,0,0,0,6824,10.86,3,0,5.1042,2017,12,0,45,82
1,0,0,0,0,1,0,0,1,0,1,0,0,0,0,0,0,0,0,0,0,0,0,0,0,0,6824,426.79,7,0,123.7691,2017,12,0,45,82
1,0,0,0,0,1,0,0,1,0,0,0,0,0,0,0,0,0,0,0,0,1,0,0,0,0,10009,25.92,4,0,12.4416,2014,8,0,915,1128
1,0,0,0,0,1,0,0,1,0,0,0,0,0,0,0,0,0,0,0,0,1,0,0,0,0,10009,45.92,4,0,22.5008,2014,8,0,915,1128
0,0,1,0,0,1,0,0,1,0,0,1,0,0,0,0,0,0,0,0,0,0,0,0,0,0,43229,10.72,2,0.2,1.742,2014,8,5,222,469
0,0,1,0,0,0,1,0,1,0,0,1,0,0,0,0,0,0,0,0,0,0,0,0,0,0,31088,41.86,7,0,10.465,2016,11,5,2,184
0,0,0,0,1,1,0,0,0,0,0,0,0,0,0,0,0,0,1,0,0,0,0,0,0,0,2038,63.2,5,0,23.384,2014,12,3,37,135
0,0,0,0,1,1,0,0,0,1,0,0,0,0,0,0,0,0,0,0,0,0,0,0,0,0,2038,113.97,3,0,27.3528,2014,12,3,37,135
0,1,0,0,0,0,0,0,1,0,0,0,0,0,0,0,0,0,0,0,0,0,0,1,0,0,60623,123.552,3,0.2,-29.3436,2014,7,4,314,492
0,0,1,0,1,0,0,0,1,0,1,0,0,0,0,0,0,0,0,0,0,0,0,0,0,0,53209,490.32,9,0,137.2896,2016,2,6,45,110
0,0,1,0,0,0,0,0,1,0,0,0,0,0,0,0,0,0,0,0,0,1,0,0,0,0,78207,70.08,5,0.2,24.528,2016,3,5,59,985
0,0,1,0,0,0,0,0,1,0,0,0,1,0,0,0,0,0,0,0,0,0,0,0,0,0,78207,1.272,2,0.8,-2.1624,2016,3,5,59,985
0,0,1,0,0,0,0,0,0,0,0,0,0,0,0,0,0,0,0,0,0,0,0,0,0,1,78207,557.585,5,0.3,0,2016,3,5,59,985
1,0,0,1,0,0,0,1,1,0,0,0,1,0,0,0,0,0,0,0,0,0,0,0,0,0,90032,9.024,6,0.2,3.1584,2017,12,1,747,2001
1,0,0,1,0,0,0,1,1,0,0,0,1,0,0,0,0,0,0,0,0,0,0,0,0,0,90032,69.456,2,0.2,22.5732,2017,12,1,747,2001
1,0,0,1,0,0,0,1,1,0,0,0,0,0,0,0,0,0,0,0,0,1,0,0,0,0,90032,10.86,2,0,5.3214,2017,12,1,747,2001
1,0,0,1,0,0,0,1,1,0,1,0,0,0,0,0,0,0,0,0,0,0,0,0,0,0,90032,79.47,3,0,22.2516,2017,12,1,747,2001
1,0,0,1,0,0,0,1,1,0,0,1,0,0,0,0,0,0,0,0,0,0,0,0,0,0,90032,10.08,6,0,5.04,2017,12,1,747,2001
0,0,0,1,0,0,0,1,0,0,0,0,0,1,0,0,0,0,0,0,0,0,0,0,0,0,94122,1552.831,7,0.15,200.9546,2015,8,2,510,2001
0,0,0,1,0,0,0,1,1,0,0,0,1,0,0,0,0,0,0,0,0,0,0,0,0,0,94122,137.24,5,0.2,46.3185,2015,8,2,510,2001
0,0,0,1,0,0,0,1,0,1,0,0,0,0,0,0,0,0,0,0,0,0,0,0,0,0,94122,36.51,1,0,15.6993,2015,8,2,510,2001
0,0,0,1,0,0,0,1,0,1,0,0,0,0,0,0,0,0,0,0,1,0,0,0,0,0,94122,239.976,3,0.2,80.9919,2015,8,2,510,2001
0,0,1,1,0,1,0,0,0,0,0,0,0,0,0,0,0,0,0,0,0,0,0,0,0,1,10024,1579.746,7,0.4,-447.5947,2014,3,4,915,1128
0,0,1,1,0,1,0,0,0,0,0,0,0,0,0,0,0,0,0,0,0,0,0,0,0,1,10024,1071.576,4,0.4,-553.6476,2014,3,4,915,1128
0,0,1,1,0,1,0,0,0,0,0,0,0,0,0,0,0,0,0,0,0,0,0,0,0,1,10024,613.908,3,0.4,-122.7816,2014,3,4,915,1128
0,0,1,1,0,1,0,0,1,0,0,0,0,0,0,0,0,0,0,0,0,1,0,0,0,0,10024,34.86,7,0,16.3842,2014,3,4,915,1128
0,0,1,1,0,1,0,0,1,0,0,0,0,0,0,0,0,0,0,0,0,1,0,0,0,0,10024,155.04,4,0,75.9696,2014,3,4,915,1128
0,0,1,0,0,1,0,0,1,0,0,0,1,0,0,0,0,0,0,0,0,0,0,0,0,0,43229,13.71,5,0.7,-10.054,2017,4,4,222,469
0,0,1,0,1,0,1,0,0,0,0,0,0,0,0,0,0,0,1,0,0,0,0,0,0,0,22980,127.88,2,0,40.9216,2016,3,5,10,224
0,0,1,0,1,0,1,0,1,0,1,0,0,0,0,0,0,0,0,0,0,0,0,0,0,0,22980,160.32,2,0,44.8896,2016,3,5,10,224
0,0,1,0,1,0,1,0,1,0,0,0,1,0,0,0,0,0,0,0,0,0,0,0,0,0,22980,46,4,0,20.7,2016,3,5,10,224
0,1,0,0,0,0,0,1,0,0,0,0,0,0,1,0,0,0,0,0,0,0,0,0,0,0,95823,120.712,1,0.2,-18.1068,2014,11,2,13,2001
0,0,0,0,0,1,0,0,1,0,0,0,0,0,0,0,0,0,0,0,0,1,0,0,0,0,20735,23.12,4,0,11.3288,2017,2,3,29,105
0,0,1,1,0,1,0,0,0,0,0,0,0,0,0,0,0,0,1,0,0,0,0,0,0,0,45014,532.704,6,0.2,-26.6352,2016,9,4,45,469
0,0,1,1,0,1,0,0,1,0,0,1,0,0,0,0,0,0,0,0,0,0,0,0,0,0,45014,4.912,2,0.2,0.307,2016,9,4,45,469
0,1,0,1,0,1,0,0,0,1,0,0,0,0,0,0,0,0,0,0,0,0,0,0,0,0,2886,252,4,0,93.24,2017,7,2,5,56
0,1,0,1,0,0,0,0,0,0,0,0,0,0,0,0,0,0,1,0,0,0,0,0,0,0,60505,60.288,8,0.6,-27.1296,2016,7,4,68,492
0,1,0,1,0,0,0,0,1,0,0,0,0,0,0,0,0,1,0,0,0,0,0,0,0,0,60505,2.632,1,0.2,0.8225,2016,7,4,68,492
0,1,0,1,0,0,0,0,1,0,0,0,0,0,0,0,0,0,0,0,0,1,0,0,0,0,60505,23.688,9,0.2,7.6986,2016,7,4,68,492
0,1,0,1,0,0,0,0,0,0,0,0,0,0,1,0,0,0,0,0,0,0,0,0,0,0,60505,253.372,2,0.3,-14.4784,2016,7,4,68,492
0,0,1,0,0,0,1,0,1,0,0,0,0,0,0,0,0,1,0,0,0,0,0,0,0,0,30080,5.67,3,0,0.1134,2017,1,6,24,184
0,1,0,0,0,1,0,0,1,0,0,0,1,0,0,0,0,0,0,0,0,0,0,0,0,0,43229,76.776,4,0.7,-58.8616,2014,8,2,222,469
0,1,0,0,0,1,0,0,1,0,0,0,0,0,0,0,0,0,0,0,0,0,0,0,1,0,43229,9.184,2,0.2,1.148,2014,8,2,222,469
0,0,1,0,1,0,0,1,1,0,0,0,0,0,0,0,0,0,0,0,0,1,0,0,0,0,91360,32.75,5,0,15.065,2015,12,5,5,2001
0,0,1,0,1,1,0,0,1,0,0,0,0,0,0,0,0,1,0,0,0,0,0,0,0,0,44052,7.216,2,0.2,1.7138,2016,5,4,9,469
0,0,1,0,1,1,0,0,1,0,0,0,0,0,0,0,0,0,0,0,0,1,0,0,0,0,44052,49.568,2,0.2,15.49,2016,5,4,9,469
0,0,1,0,1,1,0,0,0,0,0,0,0,0,0,0,0,0,1,0,0,0,0,0,0,0,44052,54.712,7,0.2,11.6263,2016,5,4,9,469
0,0,0,0,0,0,0,1,1,0,1,0,0,0,0,0,0,0,0,0,0,0,0,0,0,0,93727,176.04,4,0,45.7704,2017,3,1,26,2001
0,0,0,0,0,0,0,1,1,0,0,1,0,0,0,0,0,0,0,0,0,0,0,0,0,0,93727,16.02,9,0,4.4856,2017,3,1,26,2001
0,0,0,0,0,0,0,1,1,0,0,0,1,0,0,0,0,0,0,0,0,0,0,0,0,0,93727,185.92,4,0.2,62.748,2017,3,1,26,2001
0,0,0,0,0,0,0,1,0,1,0,0,0,0,0,0,0,0,0,0,0,0,1,0,0,0,93727,211.168,4,0.2,15.8376,2017,3,1,26,2001
0,0,0,0,0,0,0,1,0,1,0,0,0,0,0,1,0,0,0,0,0,0,0,0,0,0,93727,479.984,2,0.2,59.998,2017,3,1,26,2001
0,0,0,0,0,0,0,1,1,0,0,0,0,0,0,0,0,1,0,0,0,0,0,0,0,0,92105,7.86,2,0,3.6156,2015,12,3,170,2001
0,0,0,0,0,0,0,1,1,0,0,0,1,0,0,0,0,0,0,0,0,0,0,0,0,0,92105,24.448,2,0.2,8.8624,2015,12,3,170,2001
0,0,1,0,0,1,0,0,1,0,0,0,0,0,0,0,0,0,0,0,0,1,0,0,0,0,10009,6.48,1,0,3.1104,2015,12,4,915,1128
0,0,1,0,0,1,0,0,1,0,0,0,0,0,0,0,0,0,0,0,0,1,0,0,0,0,10009,41.86,7,0,20.5114,2015,12,4,915,1128
0,0,1,0,0,1,0,0,0,1,0,0,0,0,0,0,0,0,0,0,0,0,0,0,0,0,10009,1619.91,9,0,97.1946,2015,12,4,915,1128
0,0,1,0,0,1,0,0,0,0,0,0,0,0,0,0,0,0,1,0,0,0,0,0,0,0,10009,113.92,4,0,42.1504,2015,12,4,915,1128
0,0,1,0,0,1,0,0,1,0,0,1,0,0,0,0,0,0,0,0,0,0,0,0,0,0,2148,39.68,2,0,10.3168,2016,3,6,3,135
0,0,1,1,0,1,0,0,0,1,0,0,0,0,0,0,0,0,0,0,0,0,0,0,0,0,10035,37.6,2,0,2.256,2015,11,5,915,1128
0,0,1,1,0,1,0,0,0,1,0,0,0,0,0,0,0,0,0,0,0,0,0,0,0,0,10035,59.9,2,0,23.96,2015,11,5,915,1128
0,0,1,1,0,1,0,0,1,0,0,0,0,0,0,0,0,0,0,0,0,1,0,0,0,0,10035,37,5,0,16.65,2015,11,5,915,1128
0,1,0,0,0,0,0,1,1,0,0,0,0,0,0,0,0,0,0,1,0,0,0,0,0,0,94109,5.76,2,0,2.8224,2017,8,2,510,2001
0,1,0,0,0,0,0,1,1,0,0,1,0,0,0,0,0,0,0,0,0,0,0,0,0,0,94109,16.68,6,0,4.3368,2017,8,2,510,2001
0,0,1,1,0,0,1,0,1,0,0,0,0,0,0,0,0,0,0,0,0,0,0,1,0,0,29501,628.81,7,0,12.5762,2017,9,6,21,42
0,0,1,1,0,0,1,0,1,0,0,0,0,0,0,0,0,0,0,0,0,0,0,1,0,0,29501,56.45,5,0,14.677,2017,9,6,21,42
0,1,0,0,0,0,0,0,1,0,0,0,0,0,0,0,0,0,0,0,0,0,0,1,0,0,65807,94.2,6,0,23.55,2017,4,3,163,66
0,1,0,0,0,0,0,0,1,0,0,0,0,0,0,0,1,0,0,0,0,0,0,0,0,0,65807,28.4,5,0,13.348,2017,4,3,163,66
0,0,1,1,0,0,0,0,0,0,0,0,0,1,0,0,0,0,0,0,0,0,0,0,0,0,77340,956.6648,7,0.32,-225.0976,2016,9,6,36,985
0,0,1,0,0,0,0,1,0,1,0,0,0,0,0,0,0,0,0,0,0,0,0,0,0,0,90045,1115.91,9,0,200.8638,2017,10,4,747,2001
0,0,1,0,0,0,0,1,0,1,0,0,0,0,0,0,0,0,0,0,0,0,1,0,0,0,90045,128.744,7,0.2,-28.9674,2017,10,4,747,2001
0,0,1,0,0,0,0,1,0,1,0,0,0,0,0,0,0,0,0,0,0,0,1,0,0,0,90045,79.92,10,0.2,26.973,2017,10,4,747,2001
0,0,1,0,0,0,0,1,1,0,0,1,0,0,0,0,0,0,0,0,0,0,0,0,0,0,94122,24.2,5,0,7.986,2017,1,5,510,2001
0,0,1,0,0,0,0,1,0,1,0,0,0,0,0,0,0,0,0,0,0,0,1,0,0,0,94122,359.976,3,0.2,130.4913,2017,1,5,510,2001
0,0,0,0,1,0,0,1,0,0,0,0,0,0,0,0,0,0,1,0,0,0,0,0,0,0,94122,211.84,8,0,76.2624,2017,3,2,510,2001
0,0,1,0,1,1,0,0,1,0,0,0,0,0,0,0,0,1,0,0,0,0,0,0,0,0,19120,5.68,2,0.2,1.917,2014,8,5,537,587
0,1,0,1,0,0,0,1,1,0,0,0,1,0,0,0,0,0,0,0,0,0,0,0,0,0,90036,7.52,5,0.2,2.632,2015,6,2,747,2001
0,0,1,0,0,0,0,1,1,0,0,0,0,0,0,0,0,0,0,0,0,1,0,0,0,0,90045,11.96,2,0,5.8604,2014,11,4,747,2001
0,0,1,0,0,0,0,1,0,0,0,0,0,0,0,0,0,0,0,0,0,0,0,0,0,1,90045,629.064,3,0.2,31.4532,2014,11,4,747,2001
0,0,1,0,0,0,0,0,0,0,0,0,0,0,1,0,0,0,0,0,0,0,0,0,0,0,53209,754.45,5,0,60.356,2016,12,4,45,110
0,0,1,0,1,1,0,0,0,0,0,0,0,1,0,0,0,0,0,0,0,0,0,0,0,0,1040,301.96,2,0,60.392,2015,7,5,1,135
0,0,1,1,0,0,0,1,0,1,0,0,0,0,0,0,0,0,0,0,0,0,0,0,0,0,87105,595,5,0,95.2,2017,10,6,14,37
0,0,1,1,0,0,0,1,1,0,0,0,1,0,0,0,0,0,0,0,0,0,0,0,0,0,87105,79.872,3,0.2,29.952,2017,10,6,14,37
0,0,1,1,0,0,0,1,0,1,0,0,0,0,0,0,0,0,0,0,1,0,0,0,0,0,89431,2396.4,10,0.2,179.73,2016,5,7,3,39
0,0,1,1,0,0,0,1,1,0,0,0,0,0,0,0,0,0,0,0,0,0,0,1,0,0,92236,63.56,2,0,3.178,2017,11,5,2,2001
0,0,1,1,0,0,0,1,0,1,0,0,0,0,0,0,0,0,0,0,0,0,0,0,0,0,92236,99.99,1,0,43.9956,2017,11,5,2,2001
0,0,1,0,1,0,0,0,1,0,0,0,0,0,0,0,0,0,0,0,0,0,0,1,0,0,60126,230.376,3,0.2,-48.9549,2016,4,5,4,492
0,0,1,0,1,0,0,0,1,0,0,0,0,0,0,0,0,0,0,0,0,1,0,0,0,0,60126,9.664,2,0.2,3.2616,2016,4,5,4,492
0,0,1,0,0,1,0,0,0,1,0,0,0,0,0,0,0,0,0,0,0,0,0,0,0,0,45014,158.928,7,0.2,41.7186,2017,12,5,45,469
0,0,1,0,0,1,0,0,1,0,0,0,1,0,0,0,0,0,0,0,0,0,0,0,0,0,45014,13.023,1,0.7,-10.4184,2017,12,5,45,469
0,0,1,0,0,1,0,0,0,0,0,0,0,0,0,0,0,0,0,0,0,0,0,0,0,1,45014,273.06,2,0.4,-104.673,2017,12,5,45,469
0,0,1,0,0,1,0,0,1,0,0,0,0,0,0,0,0,1,0,0,0,0,0,0,0,0,45014,39.312,13,0.2,12.7764,2017,12,5,45,469
0,0,1,1,0,0,0,0,1,0,0,0,1,0,0,0,0,0,0,0,0,0,0,0,0,0,76017,1.344,4,0.8,-2.1504,2016,6,6,60,985
0,0,1,1,0,0,0,0,1,0,0,0,1,0,0,0,0,0,0,0,0,0,0,0,0,0,76017,8.272,4,0.8,-13.6488,2016,6,6,60,985
0,0,1,1,0,0,0,0,0,0,0,0,0,0,0,0,0,0,1,0,0,0,0,0,0,0,76017,12.544,7,0.6,-9.0944,2016,6,6,60,985
0,0,1,0,1,0,0,1,1,0,0,0,0,0,0,0,0,0,0,1,0,0,0,0,0,0,94110,58.48,8,0,27.4856,2017,5,7,510,2001
0,0,1,1,0,0,0,1,0,0,0,0,0,0,0,0,0,0,1,0,0,0,0,0,0,0,98103,7.4,2,0,3.034,2017,12,5,428,506
0,0,1,0,0,1,0,0,0,0,0,0,0,0,1,0,0,0,0,0,0,0,0,0,0,0,10009,366.786,7,0.1,65.2064,2014,3,7,915,1128
0,0,1,0,0,0,0,0,0,1,0,0,0,0,0,0,0,0,0,0,0,0,1,0,0,0,77070,54.368,4,0.2,4.0776,2017,5,4,377,985
0,0,0,1,0,0,1,0,1,0,0,0,0,0,0,0,1,0,0,0,0,0,0,0,0,0,22153,33.96,2,0,16.98,2015,11,3,163,224
0,0,0,1,0,0,1,0,1,0,1,0,0,0,0,0,0,0,0,0,0,0,0,0,0,0,22153,826.11,3,0,322.1829,2015,11,3,163,224
0,0,1,0,0,0,0,1,0,0,0,0,0,0,0,0,0,0,1,0,0,0,0,0,0,0,87401,545.85,9,0,114.6285,2017,7,7,3,37
0,1,0,0,0,0,0,1,0,0,0,0,0,0,0,0,0,0,0,0,0,0,0,0,0,1,80027,145.98,2,0.5,-99.2664,2014,11,2,57,182
0,1,0,0,0,0,0,1,1,0,0,0,0,0,0,0,0,0,0,0,0,1,0,0,0,0,80027,35.808,4,0.2,12.5328,2014,11,2,57,182
0,0,1,0,0,0,1,0,0,0,0,0,0,0,0,0,0,0,1,0,0,0,0,0,0,0,33614,7.904,2,0.2,2.1736,2017,7,5,36,383
0,0,1,0,0,1,0,0,0,1,0,0,0,0,0,0,0,0,0,0,0,0,1,0,0,0,7055,345,5,0,86.25,2016,5,5,6,130
0,0,1,0,0,1,0,0,0,0,0,0,0,0,0,0,0,0,0,0,0,0,0,0,0,1,7055,174.286,2,0.3,-19.9184,2016,5,5,6,130
0,0,1,0,0,1,0,0,1,0,1,0,0,0,0,0,0,0,0,0,0,0,0,0,0,0,7055,662.84,4,0,172.3384,2016,5,5,6,130
0,0,1,0,0,1,0,0,0,1,0,0,0,0,0,0,0,0,0,0,0,0,0,0,0,0,7055,95.1,5,0,30.432,2016,5,5,6,130
0,0,1,0,0,1,0,0,1,0,0,0,0,0,0,0,1,0,0,0,0,0,0,0,0,0,7055,26.88,6,0,12.9024,2016,5,5,6,130
0,0,1,0,0,1,0,0,0,1,0,0,0,0,0,0,0,0,0,0,0,0,1,0,0,0,7055,257.98,2,0,74.8142,2016,5,5,6,130
0,0,1,0,0,0,0,1,1,0,0,0,0,0,0,0,1,0,0,0,0,0,0,0,0,0,90004,17.48,2,0,8.2156,2015,9,6,747,2001
0,0,1,0,0,1,0,0,0,0,0,0,0,0,1,0,0,0,0,0,0,0,0,0,0,0,19143,492.835,5,0.3,-14.081,2016,10,6,537,587
0,1,0,0,0,0,1,0,1,0,0,0,0,0,0,0,0,0,0,0,0,0,0,1,0,0,29406,269.49,3,0,5.3898,2015,9,3,2,42
0,0,1,0,1,0,0,1,1,0,0,0,1,0,0,0,0,0,0,0,0,0,0,0,0,0,95123,29.12,5,0.2,9.828,2016,11,5,42,2001
0,1,0,0,0,1,0,0,1,0,0,0,0,0,0,0,0,0,0,1,0,0,0,0,0,0,10011,18.75,5,0,9,2017,3,5,915,1128
0,1,0,0,0,1,0,0,0,1,0,0,0,0,0,0,0,0,0,0,0,0,1,0,0,0,10011,119.7,6,0,31.122,2017,3,5,915,1128
0,1,0,0,0,1,0,0,1,0,0,0,1,0,0,0,0,0,0,0,0,0,0,0,0,0,10011,9.144,3,0.2,3.0861,2017,3,5,915,1128
0,1,0,0,0,1,0,0,0,1,0,0,0,0,0,0,0,0,0,0,0,0,0,0,0,0,10011,57.06,3,0,18.2592,2017,3,5,915,1128
0,1,0,0,0,1,0,0,0,1,0,0,0,0,0,0,0,0,0,0,0,0,0,0,0,0,10011,71.6,8,0,13.604,2017,3,5,915,1128
0,1,0,0,0,1,0,0,1,0,0,0,0,0,0,0,0,0,0,0,0,0,0,1,0,0,10011,107.44,8,0,27.9344,2017,3,5,915,1128
0,1,0,0,0,1,0,0,1,0,0,0,0,0,0,0,0,0,0,1,0,0,0,0,0,0,10011,7.31,1,0,3.4357,2017,3,5,915,1128
0,1,0,0,0,1,0,0,1,0,0,1,0,0,0,0,0,0,0,0,0,0,0,0,0,0,10011,59.1,6,0,22.458,2017,3,5,915,1128
0,1,0,0,0,1,0,0,1,0,0,0,0,0,0,0,0,0,0,0,0,0,0,1,0,0,10011,46.53,3,0,12.0978,2017,3,5,915,1128
0,0,1,0,0,1,0,0,1,0,1,0,0,0,0,0,0,0,0,0,0,0,0,0,0,0,7060,97.84,2,0,25.4384,2017,8,6,13,130
0,1,0,0,0,0,0,1,1,0,0,0,0,0,0,0,0,0,0,0,0,1,0,0,0,0,98115,29.97,3,0,13.4865,2015,7,2,428,506
0,1,0,0,0,0,0,1,1,0,0,0,1,0,0,0,0,0,0,0,0,0,0,0,0,0,98115,98.352,3,0.2,34.4232,2015,7,2,428,506
0,0,1,0,0,1,0,0,1,0,0,0,1,0,0,0,0,0,0,0,0,0,0,0,0,0,10009,83.92,5,0.2,29.372,2017,12,6,915,1128
0,0,1,0,0,1,0,0,1,0,0,0,1,0,0,0,0,0,0,0,0,0,0,0,0,0,10009,14.624,2,0.2,5.1184,2017,12,6,915,1128
0,0,1,0,0,1,0,0,0,1,0,0,0,0,0,0,0,0,0,0,0,0,1,0,0,0,10009,136.99,1,0,36.9873,2017,12,6,915,1128
0,0,1,0,0,1,0,0,1,0,0,0,0,0,0,0,0,0,0,1,0,0,0,0,0,0,10009,3.15,1,0,1.512,2017,12,6,915,1128
0,0,1,0,0,0,1,0,1,0,0,0,0,0,0,0,0,0,0,0,0,1,0,0,0,0,23602,9.11,1,0,4.0995,2017,5,4,12,224
0,0,1,0,0,0,1,0,1,0,0,0,0,0,0,0,0,0,0,0,0,0,0,1,0,0,23602,571.44,4,0,165.7176,2017,5,4,12,224
0,0,1,0,0,0,1,0,1,0,0,0,0,0,0,0,0,0,0,0,0,1,0,0,0,0,23602,32.4,5,0,15.552,2017,5,4,12,224
0,0,1,0,0,0,1,0,1,0,0,0,0,0,0,0,0,0,0,0,0,0,0,1,0,0,23602,16.91,1,0,4.5657,2017,5,4,12,224
0,0,1,0,0,0,1,0,0,0,0,0,0,0,0,0,0,0,1,0,0,0,0,0,0,0,28314,14.272,8,0.2,4.2816,2016,1,6,41,249
0,0,1,0,0,0,1,0,0,0,0,0,0,1,0,0,0,0,0,0,0,0,0,0,0,0,28314,451.136,4,0.2,-67.6704,2016,1,6,41,249
0,0,1,0,0,0,1,0,1,0,1,0,0,0,0,0,0,0,0,0,0,0,0,0,0,0,28314,64.864,4,0.2,6.4864,2016,1,6,41,249
0,0,0,0,0,0,0,1,0,0,0,0,0,0,1,0,0,0,0,0,0,0,0,0,0,0,90032,217.584,2,0.2,-29.9178,2016,11,3,747,2001
0,0,0,0,0,0,0,1,0,1,0,0,0,0,0,0,0,0,0,0,0,0,0,0,0,0,90032,82.95,5,0,29.0325,2016,11,3,747,2001
0,0,0,0,0,0,0,1,1,0,0,0,0,0,0,0,0,0,0,1,0,0,0,0,0,0,90032,87.71,7,0,41.2237,2016,11,3,747,2001
0,0,0,0,0,0,0,1,1,0,1,0,0,0,0,0,0,0,0,0,0,0,0,0,0,0,90032,1101.48,4,0,429.5772,2016,11,3,747,2001
0,1,0,1,0,0,0,1,0,0,0,0,0,0,0,0,0,0,0,0,0,0,0,0,0,1,90036,1322.352,3,0.2,-99.1764,2017,9,4,747,2001
0,0,1,0,0,1,0,0,1,0,0,1,0,0,0,0,0,0,0,0,0,0,0,0,0,0,10011,5.46,3,0,1.4742,2014,9,6,915,1128
0,0,1,0,0,0,0,0,1,0,0,0,0,0,0,0,0,0,0,0,0,0,0,0,1,0,75220,11.184,1,0.2,0.8388,2017,6,6,157,985
0,0,1,0,0,0,0,0,1,0,0,0,0,0,0,0,0,0,0,0,0,0,0,1,0,0,75220,153.584,2,0.2,-32.6366,2017,6,6,157,985
0,0,1,0,0,0,0,1,1,0,0,0,0,0,0,0,0,0,0,0,0,0,0,1,0,0,98105,1003.62,6,0,0,2017,12,7,428,506
0,0,1,0,1,0,0,1,0,1,0,0,0,0,0,0,0,0,0,0,0,0,1,0,0,0,98105,35.168,4,0.2,11.4296,2017,8,6,428,506
0,0,1,0,1,0,0,1,0,0,0,0,0,0,0,0,0,0,0,0,0,0,0,0,0,1,98105,1137.75,5,0,250.305,2017,8,6,428,506
0,0,1,0,1,0,0,1,1,0,0,0,1,0,0,0,0,0,0,0,0,0,0,0,0,0,98105,99.68,5,0.2,32.396,2017,8,6,428,506
0,0,1,0,1,0,0,1,1,0,0,1,0,0,0,0,0,0,0,0,0,0,0,0,0,0,98105,5.56,2,0,1.4456,2017,8,6,428,506
0,1,0,1,0,1,0,0,1,0,0,0,0,0,0,0,0,0,0,0,0,0,0,1,0,0,19711,85.52,2,0,22.2352,2015,1,2,95,96
0,1,0,1,0,1,0,0,1,0,0,1,0,0,0,0,0,0,0,0,0,0,0,0,0,0,19711,9.84,3,0,2.6568,2015,1,2,95,96
0,1,0,1,0,1,0,0,1,0,0,0,0,0,0,0,0,0,0,0,0,1,0,0,0,0,19711,20.04,3,0,9.6192,2015,1,2,95,96
0,1,0,0,0,1,0,0,0,1,0,0,0,0,0,0,0,0,0,0,0,0,1,0,0,0,10024,631.96,4,0,303.3408,2015,10,4,915,1128
0,1,0,0,0,1,0,0,1,0,0,0,0,0,0,0,0,0,0,0,0,1,0,0,0,0,10024,23.92,4,0,10.764,2015,10,4,915,1128
0,1,0,0,0,0,0,1,1,0,0,0,0,0,0,0,0,0,0,0,0,1,0,0,0,0,90049,90.24,6,0,41.5104,2014,12,2,747,2001
0,0,1,0,0,1,0,0,0,1,0,0,0,0,0,0,0,0,0,0,0,0,1,0,0,0,14701,4548.81,7,0,1228.1787,2014,11,4,2,1128
0,1,0,0,0,0,0,0,0,0,0,0,0,0,0,0,0,0,0,0,0,0,0,0,0,1,77095,300.93,5,0.3,-34.392,2016,9,4,377,985
0,1,0,0,0,0,0,0,0,1,0,0,0,0,0,0,0,0,0,0,0,0,1,0,0,0,77095,719.96,5,0.2,53.997,2016,9,4,377,985
0,0,1,0,0,0,0,0,0,0,0,0,0,0,1,0,0,0,0,0,0,0,0,0,0,0,46544,647.84,8,0,32.392,2014,6,6,2,149
0,0,1,0,1,0,0,1,1,0,0,0,0,0,0,0,0,0,0,0,0,0,0,1,0,0,92037,64.17,3,0,18.6093,2015,9,5,170,2001
0,0,1,0,1,0,0,1,1,0,0,0,0,0,0,0,1,0,0,0,0,0,0,0,0,0,92037,124.46,2,0,58.4962,2015,9,5,170,2001
0,0,1,1,0,0,0,1,1,0,0,0,1,0,0,0,0,0,0,0,0,0,0,0,0,0,94109,9.584,1,0.2,3.3544,2016,5,5,510,2001
0,0,0,0,0,0,1,0,1,0,0,0,0,0,0,0,1,0,0,0,0,0,0,0,0,0,33178,37.608,3,0.2,12.6927,2017,6,1,57,383
0,0,0,1,0,0,0,0,1,0,0,0,0,0,0,0,0,0,0,0,0,1,0,0,0,0,60076,12.224,2,0.2,4.4312,2017,6,3,11,492
0,0,0,1,0,0,0,0,1,0,0,0,1,0,0,0,0,0,0,0,0,0,0,0,0,0,60076,2.304,4,0.8,-3.5712,2017,6,3,11,492
0,0,0,1,0,0,0,0,1,0,0,0,1,0,0,0,0,0,0,0,0,0,0,0,0,0,60076,9.36,4,0.8,-16.38,2017,6,3,11,492
0,0,1,0,0,0,0,1,1,0,0,0,0,0,0,0,0,0,0,1,0,0,0,0,0,0,94110,7.38,2,0,3.4686,2016,11,5,510,2001
0,1,0,0,0,0,0,1,1,0,0,0,0,0,0,0,0,0,0,0,0,0,0,1,0,0,94122,53.72,4,0,15.0416,2014,7,2,510,2001
0,1,0,0,0,0,0,1,1,0,0,0,0,0,0,0,0,0,0,0,0,0,0,0,1,0,94122,8187.65,5,0,327.506,2014,7,2,510,2001
0,1,0,0,0,0,0,1,0,0,0,0,0,0,0,0,0,0,1,0,0,0,0,0,0,0,94122,77.92,8,0,34.2848,2014,7,2,510,2001
1,0,0,0,0,0,0,0,1,0,1,0,0,0,0,0,0,0,0,0,0,0,0,0,0,0,77070,32.784,4,0.8,-85.2384,2015,7,0,377,985
0,0,1,1,0,0,0,1,0,1,0,0,0,0,0,0,0,0,0,0,0,0,1,0,0,0,90045,196.776,3,0.2,14.7582,2017,3,6,747,2001
0,0,1,1,0,0,0,1,0,1,0,0,0,0,0,0,0,0,0,0,0,0,0,0,0,0,90045,479.94,6,0,52.7934,2017,3,6,747,2001
0,0,1,0,1,0,0,0,1,0,0,0,0,0,0,0,0,0,0,0,0,0,0,1,0,0,73120,1117.92,4,0,55.896,2016,11,5,23,66
0,0,0,0,0,0,1,0,0,1,0,0,0,0,0,0,0,0,0,0,0,0,0,0,0,0,71203,106.5,6,0,41.535,2015,4,1,21,42
0,0,1,0,1,0,1,0,1,0,0,0,1,0,0,0,0,0,0,0,0,0,0,0,0,0,33614,45.66,5,0.7,-33.484,2017,12,4,36,383
0,0,1,1,0,0,0,0,0,1,0,0,0,0,0,0,0,0,0,0,0,0,0,0,0,0,60623,95.968,4,0.2,1.1996,2016,11,6,314,492
0,0,1,1,0,0,0,0,0,0,0,0,0,0,1,0,0,0,0,0,0,0,0,0,0,0,60623,47.992,2,0.3,-2.0568,2016,11,6,314,492
0,0,1,0,0,1,0,0,1,0,0,0,0,0,0,0,0,0,0,0,0,0,0,1,0,0,43402,264.32,2,0.2,19.824,2014,9,5,10,469
0,0,1,0,0,0,0,0,1,0,0,0,0,0,0,0,1,0,0,0,0,0,0,0,0,0,77095,604.656,9,0.2,204.0714,2014,11,7,377,985
0,0,1,1,0,1,0,0,0,0,0,0,0,0,0,0,0,0,1,0,0,0,0,0,0,0,7090,129.93,3,0,12.993,2017,5,5,6,130
0,0,1,0,1,0,0,0,1,0,0,0,0,0,0,0,0,0,0,1,0,0,0,0,0,0,73120,20.16,7,0,9.8784,2016,10,6,23,66
0,0,1,0,1,0,0,0,1,0,0,0,0,0,0,0,0,0,0,1,0,0,0,0,0,0,73120,29.46,6,0,14.4354,2016,10,6,23,66
0,0,1,0,1,0,0,0,1,0,1,0,0,0,0,0,0,0,0,0,0,0,0,0,0,0,73120,868.59,3,0,251.8911,2016,10,6,23,66
0,0,1,0,1,0,0,0,1,0,0,0,0,0,0,0,0,0,0,0,0,1,0,0,0,0,73120,12.96,2,0,6.2208,2016,10,6,23,66
0,0,1,0,1,0,0,0,0,1,0,0,0,0,0,0,0,0,0,0,0,0,1,0,0,0,73120,5.5,1,0,1.375,2016,10,6,23,66
0,0,1,0,1,0,0,0,1,0,0,0,1,0,0,0,0,0,0,0,0,0,0,0,0,0,73120,121.6,4,0,55.936,2016,10,6,23,66
0,0,1,0,0,0,0,0,1,0,0,1,0,0,0,0,0,0,0,0,0,0,0,0,0,0,77041,42.048,9,0.2,5.256,2015,4,4,377,985
0,0,1,0,0,0,0,0,0,1,0,0,0,0,0,0,0,0,0,0,0,0,0,0,0,0,77041,25.488,2,0.2,4.4604,2015,4,4,377,985
0,0,1,0,0,0,0,0,1,0,0,0,1,0,0,0,0,0,0,0,0,0,0,0,0,0,77041,6.9,3,0.8,-12.075,2015,4,4,377,985
0,0,1,0,0,0,0,0,1,0,0,0,1,0,0,0,0,0,0,0,0,0,0,0,0,0,77041,9.648,6,0.8,-16.884,2015,4,4,377,985
0,0,1,0,0,0,0,0,1,0,0,0,0,0,0,0,0,0,0,0,0,1,0,0,0,0,77041,7.968,2,0.2,2.8884,2015,4,4,377,985
0,0,1,0,1,0,1,0,1,0,0,0,0,0,0,0,0,0,0,0,0,1,0,0,0,0,33311,10.368,2,0.2,3.6288,2014,10,5,15,383
0,0,1,1,0,0,1,0,1,0,0,0,0,0,0,0,0,0,0,0,0,1,0,0,0,0,72209,114.2,5,0,52.532,2014,8,4,24,60
0,0,1,1,0,0,1,0,1,0,0,0,1,0,0,0,0,0,0,0,0,0,0,0,0,0,72209,17.96,4,0,8.2616,2014,8,4,24,60
0,0,1,1,0,0,1,0,1,0,0,0,0,0,0,0,0,1,0,0,0,0,0,0,0,0,72209,12.67,7,0,4.5612,2014,8,4,24,60
0,0,1,1,0,0,1,0,0,1,0,0,0,0,0,0,0,0,0,0,0,0,0,0,0,0,72209,339.96,4,0,122.3856,2014,8,4,24,60
0,1,0,1,0,1,0,0,1,0,0,0,0,0,0,0,0,0,0,0,0,0,0,1,0,0,19120,1801.632,6,0.2,-337.806,2017,8,3,537,587
0,0,0,1,0,0,0,1,0,1,0,0,0,0,0,0,0,0,0,0,0,0,0,0,0,0,92253,46.32,4,0,18.0648,2015,9,2,1,2001
0,1,0,0,0,1,0,0,0,0,0,0,0,0,1,0,0,0,0,0,0,0,0,0,0,0,44105,181.986,2,0.3,-54.5958,2015,1,2,42,469
0,1,0,0,0,1,0,0,0,1,0,0,0,0,0,0,0,0,0,0,0,0,1,0,0,0,44105,431.976,4,0.4,-100.7944,2015,1,2,42,469
0,1,0,0,0,1,0,0,0,1,0,0,0,0,0,0,0,0,0,0,0,0,1,0,0,0,44105,155.37,1,0.4,-36.253,2015,1,2,42,469
1,0,0,1,0,0,0,1,0,0,0,0,0,0,1,0,0,0,0,0,0,0,0,0,0,0,94122,1348.704,6,0.2,-219.1644,2015,7,0,510,2001
1,0,0,1,0,0,0,1,0,0,0,0,0,0,1,0,0,0,0,0,0,0,0,0,0,0,94122,700.152,3,0.2,78.7671,2015,7,0,510,2001
0,0,1,1,0,0,0,1,0,0,0,0,0,0,0,0,0,0,1,0,0,0,0,0,0,0,85254,111.888,7,0.2,22.3776,2016,4,4,12,224
0,1,0,1,0,1,0,0,1,0,1,0,0,0,0,0,0,0,0,0,0,0,0,0,0,0,19134,143.952,3,0.2,14.3952,2014,9,5,537,587
0,0,1,0,1,1,0,0,0,0,0,0,0,1,0,0,0,0,0,0,0,0,0,0,0,0,2148,173.94,3,0,13.9152,2016,9,6,3,135
0,0,1,0,1,1,0,0,1,0,0,0,0,0,0,0,0,0,0,1,0,0,0,0,0,0,2148,14.76,4,0,6.9372,2016,9,6,3,135
0,0,1,0,0,0,0,1,1,0,0,0,0,0,0,0,0,0,0,0,0,0,0,1,0,0,95123,205.92,4,0,2.0592,2017,4,4,42,2001
0,0,1,0,0,0,0,1,0,0,0,0,0,1,0,0,0,0,0,0,0,0,0,0,0,0,95123,102.833,1,0.15,-6.049,2017,4,4,42,2001
0,0,1,0,0,0,0,1,1,0,0,1,0,0,0,0,0,0,0,0,0,0,0,0,0,0,85023,2.304,1,0.2,0.2592,2015,8,6,63,224
0,0,1,0,0,0,0,1,0,1,0,0,0,0,0,0,0,0,0,0,0,0,1,0,0,0,85023,1879.96,5,0.2,211.4955,2015,8,6,63,224
0,0,1,0,0,0,0,1,1,0,0,0,0,0,0,0,0,0,0,0,0,1,0,0,0,0,85023,313.024,8,0.2,105.6456,2015,8,6,63,224
0,0,1,0,0,0,0,1,1,0,0,0,0,0,0,0,0,0,0,1,0,0,0,0,0,0,85023,5.04,2,0.2,1.764,2015,8,6,63,224
0,0,1,0,0,0,1,0,0,0,0,0,0,0,0,0,0,0,1,0,0,0,0,0,0,0,42420,821.88,6,0,213.6888,2017,11,4,51,139
0,0,1,0,0,0,1,0,1,0,0,0,1,0,0,0,0,0,0,0,0,0,0,0,0,0,42420,21.96,2,0,10.7604,2017,11,4,51,139
0,0,1,0,1,0,1,0,1,0,0,0,0,0,0,0,0,0,0,0,0,1,0,0,0,0,29203,25.92,4,0,12.4416,2016,9,4,81,42
0,0,1,0,0,0,1,0,0,1,0,0,0,0,0,0,0,0,0,0,0,0,1,0,0,0,32303,705.544,7,0.2,70.5544,2016,8,5,17,383
0,0,1,0,0,1,0,0,0,1,0,0,0,0,0,0,0,0,0,0,0,0,0,0,0,0,10035,50,2,0,12,2015,9,4,915,1128
0,0,1,1,0,0,0,0,0,0,0,0,0,0,0,0,0,0,1,0,0,0,0,0,0,0,77070,51.712,8,0.6,-32.32,2016,10,6,377,985
0,0,1,1,0,0,1,0,1,0,1,0,0,0,0,0,0,0,0,0,0,0,0,0,0,0,33065,6.992,2,0.2,0.5244,2015,3,6,8,383
0,0,1,0,0,0,0,1,0,0,0,0,0,1,0,0,0,0,0,0,0,0,0,0,0,0,84057,1406.86,7,0,140.686,2015,5,4,9,53
0,0,1,0,0,0,0,1,1,0,0,0,0,0,0,0,0,0,0,1,0,0,0,0,0,0,84057,15.75,5,0,7.56,2015,5,4,9,53
0,0,1,0,0,0,0,1,1,0,0,0,0,0,0,0,0,0,0,0,0,0,0,1,0,0,84057,323.1,2,0,61.389,2015,5,4,9,53
0,0,1,0,0,0,1,0,1,0,0,0,0,0,0,0,0,0,0,1,0,0,0,0,0,0,37211,9.216,4,0.2,3.3408,2015,12,6,29,183
0,0,1,0,0,0,1,0,1,0,0,0,0,0,0,0,0,0,0,0,0,1,0,0,0,0,37211,10.368,2,0.2,3.6288,2015,12,6,29,183
0,1,0,1,0,1,0,0,0,1,0,0,0,0,0,0,0,0,0,0,0,0,0,0,0,0,10009,15.02,1,0,2.7036,2015,3,5,915,1128
0,1,0,1,0,1,0,0,1,0,0,0,0,0,0,0,0,0,0,0,0,0,0,1,0,0,10009,33.82,2,0,9.1314,2015,3,5,915,1128
0,0,0,0,0,0,1,0,0,1,0,0,0,0,0,0,0,0,0,0,0,0,0,0,0,0,42104,71,4,0,27.69,2017,12,3,10,139
0,1,0,0,0,0,0,1,1,0,0,0,1,0,0,0,0,0,0,0,0,0,0,0,0,0,98226,25.12,5,0.2,7.85,2017,11,2,3,506
0,1,0,0,0,0,0,1,0,0,0,0,0,0,0,0,0,0,0,0,0,0,0,0,0,1,98226,2665.62,9,0,239.9058,2017,11,2,3,506
0,0,1,1,0,1,0,0,1,0,0,0,0,0,0,0,0,0,0,0,0,0,0,1,0,0,10011,478.08,8,0,133.8624,2017,9,4,915,1128
1,0,0,1,0,1,0,0,0,1,0,0,0,0,0,0,0,0,0,0,0,0,1,0,0,0,43055,164.388,2,0.4,-35.6174,2017,12,0,95,469
1,0,0,1,0,1,0,0,1,0,0,1,0,0,0,0,0,0,0,0,0,0,0,0,0,0,43055,13.248,4,0.2,3.6432,2017,12,0,95,469
0,0,1,0,1,0,0,0,1,0,0,1,0,0,0,0,0,0,0,0,0,0,0,0,0,0,60098,2.912,2,0.2,0.91,2017,7,5,5,492
0,1,0,0,0,0,0,0,0,1,0,0,0,0,0,0,0,0,0,0,0,0,0,0,0,0,75007,1399.944,7,0.2,52.4979,2016,8,3,15,985
0,0,1,0,1,0,0,0,0,0,0,0,0,0,0,0,0,0,1,0,0,0,0,0,0,0,47905,526.45,5,0,31.587,2017,7,5,31,149
0,0,1,1,0,0,1,0,1,0,0,0,0,0,0,0,1,0,0,0,0,0,0,0,0,0,31907,16.23,3,0,7.9527,2014,11,5,222,184
0,0,1,1,0,0,1,0,1,0,0,0,1,0,0,0,0,0,0,0,0,0,0,0,0,0,31907,319.9,5,0,156.751,2014,11,5,222,184
0,0,1,1,0,0,1,0,1,0,0,0,0,0,0,0,1,0,0,0,0,0,0,0,0,0,31907,11.36,2,0,5.3392,2014,11,5,222,184
0,0,1,1,0,0,1,0,1,0,1,0,0,0,0,0,0,0,0,0,0,0,0,0,0,0,31907,675.12,3,0,290.3016,2014,11,5,222,184
0,0,1,0,1,0,1,0,0,0,0,0,0,0,0,0,0,0,1,0,0,0,0,0,0,0,22304,62.82,3,0,30.7818,2014,1,5,16,224
0,0,1,0,1,0,1,0,1,0,0,0,0,0,0,0,0,0,0,0,0,0,0,1,0,0,22304,489.92,8,0,0,2014,1,5,16,224
0,0,1,0,1,0,1,0,1,0,0,0,0,0,0,0,0,0,0,0,0,1,0,0,0,0,22304,19.44,3,0,9.3312,2014,1,5,16,224
0,0,1,0,1,0,1,0,1,0,0,0,0,0,0,0,0,0,0,0,0,1,0,0,0,0,22304,16.68,2,0,8.34,2014,1,5,16,224
0,0,1,0,1,0,1,0,0,1,0,0,0,0,0,0,0,0,0,0,0,0,1,0,0,0,22304,155.35,13,0,0,2014,1,5,16,224
0,0,1,0,1,0,1,0,0,0,0,0,0,0,0,0,0,0,1,0,0,0,0,0,0,0,22304,12.42,3,0,4.4712,2014,1,5,16,224
0,0,1,0,1,0,1,0,0,1,0,0,0,0,0,0,0,0,0,0,0,0,1,0,0,0,22304,187.98,2,0,52.6344,2014,1,5,16,224
0,0,1,1,0,0,0,0,1,0,0,0,0,0,0,0,1,0,0,0,0,0,0,0,0,0,76117,6.608,2,0.2,2.1476,2015,11,7,4,985
0,0,1,0,0,1,0,0,1,0,0,0,0,0,0,0,0,0,0,0,0,0,0,1,0,0,10024,248.57,7,0,67.1139,2017,6,6,915,1128
0,0,1,0,0,1,0,0,0,0,0,0,0,0,0,0,0,0,1,0,0,0,0,0,0,0,10024,22.23,1,0,9.7812,2017,6,6,915,1128
0,0,1,0,1,0,0,1,1,0,0,0,0,0,0,0,0,0,0,0,0,0,0,1,0,0,90004,5.98,1,0,1.0166,2016,5,4,747,2001
0,0,1,0,1,0,0,1,0,1,0,0,0,0,0,0,0,0,0,0,0,0,1,0,0,0,90004,246.168,3,0.2,21.5397,2016,5,4,747,2001
0,0,1,0,0,0,0,0,0,0,0,0,0,0,0,0,0,0,1,0,0,0,0,0,0,0,60090,14.136,2,0.6,-7.7748,2016,9,6,7,492
0,0,1,0,0,0,0,0,0,0,0,0,0,0,0,0,0,0,0,0,0,0,0,0,0,1,60090,601.47,3,0.5,-300.735,2016,9,6,7,492
0,1,0,1,0,0,1,0,0,1,0,0,0,0,0,0,0,0,0,0,0,0,1,0,0,0,29483,79.1,2,0,39.55,2017,11,2,2,42
0,1,0,1,0,0,1,0,1,0,0,0,1,0,0,0,0,0,0,0,0,0,0,0,0,0,29483,327.84,8,0,157.3632,2017,11,2,2,42
0,0,1,1,0,0,0,0,1,0,0,0,0,0,0,0,1,0,0,0,0,0,0,0,0,0,47201,180.96,2,0,81.432,2017,5,4,222,149
0,0,1,1,0,0,0,0,1,0,0,0,1,0,0,0,0,0,0,0,0,0,0,0,0,0,47201,914.97,3,0,411.7365,2017,5,4,222,149
0,0,1,1,0,0,0,0,0,1,0,0,0,0,0,0,0,0,0,0,0,0,1,0,0,0,47201,587.97,3,0,158.7519,2017,5,4,222,149
0,0,1,1,0,0,0,0,1,0,0,0,0,0,0,0,0,0,0,0,0,0,0,1,0,0,47201,530.34,2,0,95.4612,2017,5,4,222,149
0,0,1,1,0,0,0,0,1,0,0,0,0,0,0,0,0,0,0,0,0,1,0,0,0,0,47201,14.94,3,0,7.3206,2017,5,4,222,149
0,0,1,0,0,1,0,0,1,0,1,0,0,0,0,0,0,0,0,0,0,0,0,0,0,0,10024,121.94,2,0,35.3626,2017,4,6,915,1128
0,0,1,0,0,1,0,0,1,0,0,0,0,0,0,0,0,0,0,0,0,0,0,0,1,0,10024,122.71,7,0,36.813,2017,4,6,915,1128
1,0,0,0,0,1,0,0,1,0,0,0,0,0,0,0,0,0,0,0,0,1,0,0,0,0,10035,14.94,3,0,7.0218,2016,6,0,915,1128
1,0,0,0,0,1,0,0,0,1,0,0,0,0,0,0,0,0,0,0,1,0,0,0,0,0,10035,1349.85,3,0,364.4595,2016,6,0,915,1128
1,0,0,0,0,1,0,0,0,0,0,0,0,1,0,0,0,0,0,0,0,0,0,0,0,0,10035,136.784,1,0.2,5.1294,2016,6,0,915,1128
1,0,0,0,0,1,0,0,0,0,0,0,0,0,0,0,0,0,1,0,0,0,0,0,0,0,10035,61.12,4,0,20.7808,2016,6,0,915,1128
0,0,1,1,0,0,1,0,1,0,0,0,1,0,0,0,0,0,0,0,0,0,0,0,0,0,32216,1.167,1,0.7,-0.8558,2014,12,5,125,383
0,0,1,0,1,0,0,1,1,0,0,1,0,0,0,0,0,0,0,0,0,0,0,0,0,0,92024,16.99,1,0,4.9271,2016,3,6,170,2001
0,0,1,1,0,0,0,0,0,1,0,0,0,0,0,0,0,0,0,0,0,0,0,0,0,0,76017,24.672,3,0.2,0,2014,11,5,60,985
0,0,1,1,0,0,0,0,1,0,0,0,0,0,0,0,0,0,0,1,0,0,0,0,0,0,76017,2.52,1,0.2,0.882,2014,11,5,60,985
0,0,1,1,0,0,0,0,0,0,0,0,0,0,0,0,0,0,0,0,0,0,0,0,0,1,76017,1218.735,5,0.3,-121.8735,2014,11,5,60,985
0,0,1,1,0,0,0,0,1,0,0,0,0,0,0,0,0,0,0,1,0,0,0,0,0,0,76017,5.904,2,0.2,1.9926,2014,11,5,60,985
0,0,1,1,0,0,0,0,1,0,0,0,0,0,0,0,0,0,0,0,0,1,0,0,0,0,76017,15.696,3,0.2,5.1012,2014,11,5,60,985
0,0,1,1,0,0,0,0,0,0,0,0,0,0,0,0,0,0,1,0,0,0,0,0,0,0,76017,6.096,3,0.6,-3.9624,2014,11,5,60,985
0,0,1,1,0,0,0,1,0,0,0,0,0,0,1,0,0,0,0,0,0,0,0,0,0,0,90045,41.568,2,0.2,2.598,2016,4,7,747,2001
0,0,1,1,0,0,0,1,0,0,0,0,0,0,1,0,0,0,0,0,0,0,0,0,0,0,90049,230.28,3,0.2,23.028,2014,4,7,747,2001
0,0,1,1,0,0,0,1,1,0,0,0,1,0,0,0,0,0,0,0,0,0,0,0,0,0,90049,18.288,6,0.2,5.715,2014,4,7,747,2001
0,0,1,0,0,0,0,1,1,0,0,0,0,0,0,0,0,0,0,1,0,0,0,0,0,0,94110,5.78,2,0,2.7166,2017,4,4,510,2001
0,0,1,0,0,0,0,1,1,0,0,0,1,0,0,0,0,0,0,0,0,0,0,0,0,0,94110,121.68,13,0.2,38.025,2017,4,4,510,2001
0,0,1,1,0,0,0,1,1,0,0,1,0,0,0,0,0,0,0,0,0,0,0,0,0,0,88220,4.17,3,0,1.0842,2017,12,4,11,37
0,0,1,1,0,0,0,1,0,1,0,0,0,0,0,0,0,0,0,0,0,0,1,0,0,0,88220,67.04,4,0.2,6.704,2017,12,4,11,37
0,0,1,1,0,0,0,1,1,0,0,0,0,0,0,0,0,0,0,0,0,0,0,1,0,0,88220,37.32,3,0,10.4496,2017,12,4,11,37
0,0,1,1,0,0,0,1,1,0,0,0,0,0,0,0,0,0,0,1,0,0,0,0,0,0,88220,18.45,5,0,8.6715,2017,12,4,11,37
0,1,0,1,0,0,0,0,1,0,0,0,0,0,0,0,0,0,0,0,0,1,0,0,0,0,63116,25.92,4,0,12.4416,2014,12,3,5,66
0,0,0,0,1,1,0,0,0,1,0,0,0,0,0,1,0,0,0,0,0,0,0,0,0,0,10024,11199.968,4,0.2,3919.9888,2017,10,2,915,1128
0,0,0,0,1,1,0,0,0,1,0,0,0,0,0,0,0,0,0,0,0,0,1,0,0,0,10024,2399.6,8,0,647.892,2017,10,2,915,1128
0,0,0,0,1,1,0,0,1,0,0,0,0,0,0,0,1,0,0,0,0,0,0,0,0,0,10024,63.9,5,0,28.755,2017,10,2,915,1128
0,0,0,0,1,1,0,0,0,1,0,0,0,0,0,0,0,0,0,0,0,0,1,0,0,0,10024,52.99,1,0,0.5299,2017,10,2,915,1128
0,0,0,1,0,1,0,0,0,1,0,0,0,0,0,0,0,0,0,0,0,0,0,0,0,0,45503,60.864,4,0.2,9.1296,2017,11,2,163,469
0,0,0,1,0,1,0,0,0,1,0,0,0,0,0,0,0,0,0,0,1,0,0,0,0,0,45503,652.995,7,0.7,-935.9595,2017,11,2,163,469
0,0,0,1,0,1,0,0,1,0,0,0,1,0,0,0,0,0,0,0,0,0,0,0,0,0,45503,11.22,10,0.7,-7.48,2017,11,2,163,469
0,0,1,0,0,0,0,0,1,0,0,0,0,0,0,0,0,0,0,0,0,1,0,0,0,0,74133,14.94,3,0,7.0218,2015,9,5,26,66
0,0,1,0,0,0,0,1,0,0,0,0,0,0,0,0,0,0,1,0,0,0,0,0,0,0,98103,39.96,2,0,17.1828,2017,5,5,428,506
0,0,1,0,0,0,0,1,0,0,0,0,0,0,1,0,0,0,0,0,0,0,0,0,0,0,98103,42.624,2,0.2,4.2624,2017,5,5,428,506
0,0,1,0,0,0,0,1,0,0,0,0,0,0,1,0,0,0,0,0,0,0,0,0,0,0,98103,220.96,1,0.2,24.858,2017,5,5,428,506
0,1,0,1,0,0,1,0,0,0,0,0,0,0,0,0,0,0,1,0,0,0,0,0,0,0,28314,4.928,2,0.2,0.7392,2015,7,5,41,249
0,1,0,1,0,0,1,0,1,0,0,0,1,0,0,0,0,0,0,0,0,0,0,0,0,0,28314,7.23,5,0.7,-5.784,2015,7,5,41,249
0,0,1,1,0,0,0,1,1,0,0,0,0,0,0,0,0,0,0,0,0,0,0,1,0,0,90045,323.1,2,0,61.389,2015,8,4,747,2001
0,0,1,0,0,1,0,0,1,0,0,0,0,0,0,0,0,0,0,0,0,1,0,0,0,0,10035,19.04,4,0,9.3296,2017,6,6,915,1128
0,0,1,0,0,1,0,0,1,0,0,0,1,0,0,0,0,0,0,0,0,0,0,0,0,0,10035,13.128,3,0.2,4.2666,2017,6,6,915,1128
0,0,1,0,0,1,0,0,1,0,0,1,0,0,0,0,0,0,0,0,0,0,0,0,0,0,10035,64.14,3,0,16.6764,2017,6,6,915,1128
0,0,1,0,0,1,0,0,0,0,0,0,0,0,1,0,0,0,0,0,0,0,0,0,0,0,10035,858.24,4,0.1,143.04,2017,6,6,915,1128
0,0,1,0,0,0,1,0,0,1,0,0,0,0,0,0,0,0,0,0,0,0,0,0,0,0,71901,29.99,1,0,2.999,2015,2,5,4,60
0,0,0,0,0,0,0,0,1,0,0,0,0,0,0,0,0,0,0,0,0,1,0,0,0,0,60505,186.048,6,0.2,67.4424,2016,12,1,68,492
0,1,0,0,1,0,1,0,0,1,0,0,0,0,0,0,0,0,0,0,0,0,1,0,0,0,27604,36.792,1,0.2,4.1391,2016,4,4,22,249
0,1,0,0,1,0,1,0,0,0,0,0,0,0,0,0,0,0,1,0,0,0,0,0,0,0,27604,18.624,8,0.2,6.2856,2016,4,4,22,249
0,1,0,0,0,0,0,0,0,0,0,0,0,0,0,0,0,0,1,0,0,0,0,0,0,0,74133,57.69,3,0,23.6529,2014,9,5,26,66
0,1,0,0,0,0,0,0,1,0,0,0,1,0,0,0,0,0,0,0,0,0,0,0,0,0,74133,42.81,3,0,20.1207,2014,9,5,26,66
0,1,0,0,0,0,0,0,1,0,0,0,0,0,0,0,0,0,0,0,0,1,0,0,0,0,74133,12.96,2,0,6.2208,2014,9,5,26,66
0,1,0,0,0,0,0,0,0,0,0,0,0,0,0,0,0,0,1,0,0,0,0,0,0,0,74133,821.88,6,0,213.6888,2014,9,5,26,66
0,1,0,0,0,0,0,0,0,1,0,0,0,0,0,0,0,0,0,0,0,0,1,0,0,0,74133,104.85,3,0,28.3095,2014,9,5,26,66
0,0,1,1,0,0,0,1,0,0,0,0,0,1,0,0,0,0,0,0,0,0,0,0,0,0,92345,424.9575,5,0.15,19.998,2016,9,5,4,2001
0,1,0,1,0,0,0,1,1,0,0,0,1,0,0,0,0,0,0,0,0,0,0,0,0,0,84604,10.776,3,0.2,3.5022,2017,9,4,10,53
0,1,0,1,0,0,0,1,1,0,0,0,1,0,0,0,0,0,0,0,0,0,0,0,0,0,84604,11.784,3,0.2,4.2717,2017,9,4,10,53
0,1,0,1,0,0,0,1,1,0,0,0,0,0,0,0,0,0,0,0,0,1,0,0,0,0,84604,164.88,3,0,80.7912,2017,9,4,10,53
0,1,0,1,0,0,0,1,0,0,0,0,0,1,0,0,0,0,0,0,0,0,0,0,0,0,84604,1292.94,3,0,77.5764,2017,9,4,10,53
0,1,0,1,0,0,0,1,1,0,0,0,1,0,0,0,0,0,0,0,0,0,0,0,0,0,84604,25.584,2,0.2,8.9544,2017,9,4,10,53
0,1,0,1,0,0,0,1,1,0,0,0,0,0,0,0,0,0,0,0,0,0,0,1,0,0,84604,261.74,2,0,65.435,2017,9,4,10,53
0,1,0,1,0,0,0,1,1,0,0,0,0,0,0,0,0,0,0,1,0,0,0,0,0,0,84604,14.4,5,0,7.056,2017,9,4,10,53
0,0,1,0,0,0,0,1,1,0,0,0,0,0,0,0,1,0,0,0,0,0,0,0,0,0,94110,10.86,3,0,5.1042,2016,8,4,510,2001
0,0,1,1,0,0,0,1,0,0,0,0,0,0,1,0,0,0,0,0,0,0,0,0,0,0,85234,883.84,4,0.2,99.432,2015,12,4,15,224
0,0,1,1,0,1,0,0,0,1,0,0,0,0,0,0,0,0,0,0,0,0,1,0,0,0,10035,1979.89,11,0,494.9725,2017,11,4,915,1128
0,0,1,1,0,1,0,0,1,0,0,0,0,0,0,0,1,0,0,0,0,0,0,0,0,0,10035,79.96,2,0,35.982,2017,11,4,915,1128
0,0,0,0,1,0,0,0,1,0,0,0,1,0,0,0,0,0,0,0,0,0,0,0,0,0,65807,8.76,2,0,4.2048,2017,4,1,163,66
0,0,0,0,0,0,1,0,1,0,0,0,0,0,0,0,0,0,0,1,0,0,0,0,0,0,38109,3.984,1,0.2,1.2948,2016,5,3,30,183
0,0,0,0,0,0,1,0,0,0,0,0,0,0,0,0,0,0,0,0,0,0,0,0,0,1,38109,370.62,3,0.4,-142.071,2016,5,3,30,183
0,0,0,0,0,0,1,0,1,0,0,0,1,0,0,0,0,0,0,0,0,0,0,0,0,0,38109,2.742,2,0.7,-2.0108,2016,5,3,30,183
1,0,0,0,0,0,0,0,0,1,0,0,0,0,0,0,0,0,0,0,0,0,0,0,0,0,79109,79.512,3,0.2,20.8719,2016,10,0,10,985
1,0,0,0,0,0,0,0,1,0,0,0,0,0,0,0,0,0,0,0,0,1,0,0,0,0,79109,28.352,1,0.2,9.5688,2016,10,0,10,985
0,0,1,0,1,0,0,1,0,0,0,0,0,0,1,0,0,0,0,0,0,0,0,0,0,0,90045,40.784,1,0.2,4.5882,2015,8,5,747,2001
0,0,1,0,1,0,0,1,1,0,1,0,0,0,0,0,0,0,0,0,0,0,0,0,0,0,90045,105.96,4,0,29.6688,2015,8,5,747,2001
0,1,0,1,0,1,0,0,1,0,0,0,0,0,0,0,0,0,0,0,0,1,0,0,0,0,1852,166.44,3,0,79.8912,2014,9,3,16,135
0,1,0,1,0,1,0,0,0,0,0,0,0,0,1,0,0,0,0,0,0,0,0,0,0,0,1852,785.88,6,0,212.1876,2014,9,3,16,135
0,1,0,1,0,1,0,0,1,0,0,0,0,0,0,0,0,0,0,0,0,1,0,0,0,0,1852,26.2,2,0,12.838,2014,9,3,16,135
0,1,0,1,0,1,0,0,1,0,0,0,0,0,0,0,0,0,0,0,0,0,0,1,0,0,1852,1325.85,5,0,238.653,2014,9,3,16,135
1,0,0,0,0,0,0,1,1,0,0,0,0,0,0,0,0,0,0,0,0,1,0,0,0,0,92024,166.44,3,0,79.8912,2017,12,0,170,2001
0,0,1,0,0,0,1,0,1,0,0,1,0,0,0,0,0,0,0,0,0,0,0,0,0,0,28806,8.76,5,0.2,0.7665,2017,11,5,7,249
0,0,1,0,0,0,1,0,1,0,1,0,0,0,0,0,0,0,0,0,0,0,0,0,0,0,28806,43.584,1,0.2,4.3584,2017,11,5,7,249
1,0,0,0,0,0,0,1,1,0,0,0,1,0,0,0,0,0,0,0,0,0,0,0,0,0,81001,11.088,7,0.7,-8.1312,2014,6,0,8,182
1,0,0,0,0,0,0,1,1,0,0,0,1,0,0,0,0,0,0,0,0,0,0,0,0,0,81001,25.164,2,0.7,-16.776,2014,6,0,8,182
0,0,1,0,1,0,0,0,1,0,0,0,1,0,0,0,0,0,0,0,0,0,0,0,0,0,49201,14.4,5,0,7.056,2017,1,6,82,255
0,0,1,0,1,0,0,0,0,1,0,0,0,0,0,0,0,0,0,0,0,0,0,0,0,0,49201,619.95,5,0,111.591,2017,1,6,82,255
0,0,1,0,1,0,0,0,1,0,0,0,1,0,0,0,0,0,0,0,0,0,0,0,0,0,49201,89.52,4,0,42.0744,2017,1,6,82,255
0,0,1,0,1,0,0,0,0,1,0,0,0,0,0,0,0,0,0,0,1,0,0,0,0,0,49201,350.973,3,0.1,152.0883,2017,1,6,82,255
0,0,1,0,1,0,0,0,0,1,0,0,0,0,0,0,0,0,0,0,0,0,1,0,0,0,49201,164.99,1,0,49.497,2017,1,6,82,255
0,0,1,0,0,0,0,1,1,0,0,0,1,0,0,0,0,0,0,0,0,0,0,0,0,0,90004,312.552,9,0.2,101.5794,2017,6,7,747,2001
0,0,1,0,0,0,1,0,1,0,0,0,0,0,0,0,1,0,0,0,0,0,0,0,0,0,27360,95.952,3,0.2,29.985,2016,9,5,3,249
0,0,1,0,0,0,1,0,1,0,0,0,1,0,0,0,0,0,0,0,0,0,0,0,0,0,27360,3.204,2,0.7,-2.4564,2016,9,5,3,249
0,0,0,0,0,0,0,0,1,0,0,0,1,0,0,0,0,0,0,0,0,0,0,0,0,0,61604,3.98,5,0.8,-6.567,2016,8,1,23,492
0,0,0,1,0,0,0,1,1,0,0,0,0,0,0,0,0,0,0,0,0,1,0,0,0,0,90032,15.7,5,0,7.065,2015,11,2,747,2001
0,0,0,0,0,0,0,0,1,0,0,1,0,0,0,0,0,0,0,0,0,0,0,0,0,0,60653,5.248,4,0.2,1.64,2014,6,2,314,492
0,0,1,0,0,1,0,0,1,0,0,0,1,0,0,0,0,0,0,0,0,0,0,0,0,0,19134,5.346,3,0.7,-4.455,2017,12,4,537,587
0,0,1,0,0,0,0,1,1,0,0,0,0,0,0,0,0,0,0,0,0,1,0,0,0,0,80112,15.48,3,0.2,5.6115,2016,8,5,2,182
0,0,1,0,0,0,0,1,0,1,0,0,0,0,0,0,0,0,0,0,0,0,1,0,0,0,80112,108.576,3,0.2,8.1432,2016,8,5,2,182
0,0,1,1,0,0,0,1,0,0,0,0,0,0,0,0,0,0,1,0,0,0,0,0,0,0,98115,109.9,5,0,37.366,2016,1,6,428,506
0,0,1,0,0,0,1,0,0,0,0,0,0,0,0,0,0,0,1,0,0,0,0,0,0,0,33012,15.384,1,0.2,4.0383,2014,10,5,18,383
0,0,0,0,0,1,0,0,1,0,0,0,0,0,0,0,0,0,0,0,0,1,0,0,0,0,43130,30.352,2,0.2,10.6232,2016,2,2,46,469
0,0,1,0,1,0,1,0,0,1,0,0,0,0,0,0,0,0,0,0,1,0,0,0,0,0,32216,821.3,4,0.5,-16.426,2014,3,5,125,383
0,0,1,0,1,0,1,0,0,1,0,0,0,0,0,0,0,0,0,0,1,0,0,0,0,0,32216,22638.48,6,0.5,-1811.0784,2014,3,5,125,383
0,0,1,0,1,0,1,0,1,0,0,0,0,0,0,0,0,0,0,0,0,1,0,0,0,0,32216,21.376,4,0.2,7.4816,2014,3,5,125,383
0,0,1,0,1,0,1,0,1,0,0,1,0,0,0,0,0,0,0,0,0,0,0,0,0,0,32216,8.016,3,0.2,1.002,2014,3,5,125,383
0,0,1,0,1,0,1,0,0,0,0,0,0,0,0,0,0,0,1,0,0,0,0,0,0,0,32216,30.768,2,0.2,8.0766,2014,3,5,125,383
0,0,1,0,1,0,1,0,1,0,0,0,0,0,0,0,0,1,0,0,0,0,0,0,0,0,32216,18.936,3,0.2,5.9175,2014,3,5,125,383
0,0,1,0,1,0,1,0,0,0,0,0,0,0,0,0,0,0,1,0,0,0,0,0,0,0,32216,122.352,3,0.2,15.294,2014,3,5,125,383
0,0,1,0,0,1,0,0,1,0,0,0,0,0,0,0,0,0,0,0,0,1,0,0,0,0,21215,116.28,3,0,56.9772,2014,5,6,43,105
0,1,0,0,0,1,0,0,0,1,0,0,0,0,0,0,0,0,0,0,0,0,0,0,0,0,10009,132.6,6,0,17.238,2017,7,2,915,1128
0,0,1,0,1,0,0,1,1,0,0,0,0,0,0,0,0,0,0,0,0,0,0,0,1,0,88220,16.68,2,0,4.3368,2017,6,5,11,37
0,0,1,0,1,0,0,1,1,0,0,0,0,0,0,0,0,0,0,0,0,1,0,0,0,0,88220,19.44,3,0,9.3312,2017,6,5,11,37
0,0,1,0,1,0,0,1,1,0,0,0,0,0,0,0,0,0,0,0,0,1,0,0,0,0,88220,192.16,4,0,92.2368,2017,6,5,11,37
0,0,1,0,0,0,0,1,0,0,0,0,0,0,0,0,0,0,1,0,0,0,0,0,0,0,90049,227.36,7,0,81.8496,2015,1,7,747,2001
0,0,1,0,0,0,0,1,0,1,0,0,0,0,0,0,0,0,0,0,1,0,0,0,0,0,90049,1919.976,3,0.2,215.9973,2015,1,7,747,2001
0,0,1,0,0,0,1,0,1,0,0,0,1,0,0,0,0,0,0,0,0,0,0,0,0,0,32216,12.828,2,0.7,-8.9796,2015,12,4,125,383
0,0,0,1,0,1,0,0,0,0,0,0,0,0,0,0,0,0,1,0,0,0,0,0,0,0,44107,45.888,4,0.2,9.1776,2017,10,2,49,469
0,1,0,0,0,1,0,0,1,0,0,1,0,0,0,0,0,0,0,0,0,0,0,0,0,0,12180,60.12,9,0,22.2444,2017,7,3,29,1128
0,0,1,0,0,0,1,0,0,1,0,0,0,0,0,0,0,0,0,0,0,0,1,0,0,0,28403,302.376,3,0.2,37.797,2014,4,4,36,249
0,0,1,0,1,0,0,1,1,0,0,1,0,0,0,0,0,0,0,0,0,0,0,0,0,0,98105,13.9,5,0,5.56,2015,12,5,428,506
0,0,1,1,0,1,0,0,0,1,0,0,0,0,0,0,0,0,0,0,0,0,1,0,0,0,10024,129.98,2,0,62.3904,2014,12,4,915,1128
0,0,1,0,1,0,1,0,0,1,0,0,0,0,0,0,0,0,0,0,0,0,0,0,0,0,31907,71.98,2,0,15.1158,2017,8,6,222,184
0,0,1,0,0,1,0,0,0,1,0,0,0,0,0,0,0,0,0,0,0,0,1,0,0,0,10024,377.97,3,0,109.6113,2014,9,6,915,1128
0,0,1,0,0,0,0,1,1,0,0,0,0,0,0,0,0,0,0,0,0,0,0,1,0,0,92627,124.36,2,0,33.5772,2017,12,6,11,2001
0,1,0,0,0,0,0,0,0,0,0,0,0,0,0,0,0,0,1,0,0,0,0,0,0,0,77095,23.976,3,0.6,-14.3856,2014,12,2,377,985
0,1,0,1,0,0,1,0,1,0,0,0,0,0,0,0,0,1,0,0,0,0,0,0,0,0,27511,8.376,3,0.2,2.7222,2014,11,4,6,249
0,1,0,1,0,0,1,0,1,0,1,0,0,0,0,0,0,0,0,0,0,0,0,0,0,0,27511,58.24,5,0.2,5.096,2014,11,4,6,249
0,1,0,0,0,0,1,0,1,0,0,0,0,0,0,0,0,0,0,0,0,0,0,1,0,0,22304,81.2,5,0,12.18,2016,4,5,16,224
0,0,1,0,0,0,0,1,1,0,0,0,0,0,0,0,0,0,0,1,0,0,0,0,0,0,94591,14.45,5,0,6.7915,2014,10,4,6,2001
0,0,1,0,0,0,0,1,1,0,0,0,1,0,0,0,0,0,0,0,0,0,0,0,0,0,94591,95.648,2,0.2,31.0856,2014,10,4,6,2001
0,0,1,0,0,1,0,0,0,1,0,0,0,0,0,0,0,0,0,0,0,0,1,0,0,0,19120,359.97,5,0.4,-71.994,2017,11,6,537,587
0,0,1,0,0,1,0,0,0,0,0,0,0,0,0,0,0,0,0,0,0,0,0,0,0,1,19120,350.352,4,0.4,-140.1408,2017,11,6,537,587
0,0,0,0,0,1,0,0,1,0,0,0,1,0,0,0,0,0,0,0,0,0,0,0,0,0,43615,1.641,1,0.7,-1.3128,2017,12,2,32,469
0,0,0,0,0,1,0,0,0,1,0,0,0,0,0,0,0,0,0,0,0,0,1,0,0,0,43615,629.958,7,0.4,94.4937,2017,12,2,32,469
0,0,1,0,0,0,0,1,1,0,0,1,0,0,0,0,0,0,0,0,0,0,0,0,0,0,98105,6.63,3,0,1.7901,2017,2,6,428,506
0,0,1,0,0,0,0,1,0,1,0,0,0,0,0,0,0,0,0,0,0,0,0,0,0,0,98105,799.96,4,0,343.9828,2017,2,6,428,506
0,0,1,0,0,0,0,1,0,0,0,0,0,0,0,0,0,0,1,0,0,0,0,0,0,0,98105,107.53,1,0,21.506,2017,2,6,428,506
0,0,1,0,0,1,0,0,0,1,0,0,0,0,0,0,0,0,0,0,0,0,1,0,0,0,7060,73.98,2,0,19.9746,2014,7,4,13,130
0,0,1,0,0,1,0,0,1,0,0,1,0,0,0,0,0,0,0,0,0,0,0,0,0,0,7060,5.58,1,0,2.1762,2014,7,4,13,130
0,1,0,0,0,0,0,1,1,0,0,0,0,0,0,0,0,0,0,0,0,1,0,0,0,0,88001,49.12,4,0,23.0864,2015,2,2,3,37
0,0,1,0,0,1,0,0,0,1,0,0,0,0,0,0,0,0,0,0,0,0,1,0,0,0,19711,377.97,3,0,94.4925,2015,11,6,95,96
0,0,1,0,0,1,0,0,1,0,0,0,0,0,0,0,0,0,0,0,0,1,0,0,0,0,19711,42.28,7,0,19.8716,2015,11,6,95,96
0,0,1,0,0,1,0,0,0,0,0,0,0,1,0,0,0,0,0,0,0,0,0,0,0,0,19711,299.97,3,0,56.9943,2015,11,6,95,96
0,0,1,0,0,1,0,0,0,1,0,0,0,0,0,0,0,0,0,0,0,0,1,0,0,0,19711,89.98,2,0,43.1904,2015,11,6,95,96
0,0,0,1,0,0,1,0,1,0,0,0,0,0,0,0,0,0,0,0,0,0,0,0,1,0,35244,477.24,4,0,9.5448,2017,4,2,4,61
0,0,0,1,0,0,1,0,0,1,0,0,0,0,0,0,0,0,0,0,0,0,0,0,0,0,35244,25.98,2,0,1.5588,2017,4,2,4,61
0,1,0,0,0,1,0,0,1,0,0,0,0,0,0,0,1,0,0,0,0,0,0,0,0,0,43055,46.72,5,0.2,17.52,2016,2,2,95,469
0,0,1,0,0,0,0,1,0,0,0,0,0,0,0,0,0,0,1,0,0,0,0,0,0,0,92037,35.34,2,0,13.4292,2014,11,4,170,2001
0,1,0,1,0,0,0,1,0,0,0,0,0,0,0,0,0,0,1,0,0,0,0,0,0,0,94122,257.64,6,0,100.4796,2015,6,5,510,2001
0,1,0,1,0,0,0,1,0,1,0,0,0,0,0,0,0,0,0,0,0,0,1,0,0,0,94122,125.976,3,0.2,47.241,2015,6,5,510,2001
0,1,0,0,0,0,1,0,0,1,0,0,0,0,0,0,0,0,0,0,0,0,0,0,0,0,28540,79.992,1,0.2,21.9978,2017,8,4,125,249
0,0,1,0,0,1,0,0,0,0,0,0,0,0,0,0,0,0,0,0,0,0,0,0,0,1,2038,700.056,3,0.3,-130.0104,2014,5,5,37,135
0,0,1,0,1,0,0,0,0,1,0,0,0,0,0,0,0,0,0,0,0,0,0,0,0,0,75034,27.168,4,0.2,-1.3584,2015,11,4,2,985
0,0,1,0,0,0,1,0,1,0,0,0,1,0,0,0,0,0,0,0,0,0,0,0,0,0,32303,8.226,3,0.7,-6.0324,2015,12,4,17,383
0,0,1,0,0,0,0,1,0,0,0,0,0,0,1,0,0,0,0,0,0,0,0,0,0,0,98115,585.552,3,0.2,73.194,2014,6,6,428,506
0,1,0,0,0,0,0,1,1,0,0,0,0,0,0,0,0,0,0,0,0,0,0,1,0,0,95687,423.28,11,0,110.0528,2014,8,3,1,2001
0,0,1,0,0,0,0,1,0,0,0,0,0,0,1,0,0,0,0,0,0,0,0,0,0,0,90008,225.296,2,0.2,22.5296,2014,5,4,747,2001
0,0,1,0,0,0,0,1,1,0,0,1,0,0,0,0,0,0,0,0,0,0,0,0,0,0,94122,5.56,2,0,2.224,2015,4,4,510,2001
0,0,1,0,0,0,0,1,0,1,0,0,0,0,0,0,0,0,0,0,0,0,0,0,0,0,94122,323.37,3,0,129.348,2015,4,4,510,2001
0,0,1,0,0,0,0,1,0,1,0,0,0,0,0,0,0,0,0,0,0,0,1,0,0,0,94122,783.96,5,0.2,68.5965,2015,4,4,510,2001
0,0,1,0,0,0,0,1,1,0,1,0,0,0,0,0,0,0,0,0,0,0,0,0,0,0,94122,1447.65,5,0,419.8185,2015,4,4,510,2001
0,0,1,0,0,0,0,1,1,0,0,0,0,0,0,0,0,0,0,0,0,1,0,0,0,0,94122,11.96,2,0,5.8604,2015,4,4,510,2001
0,1,0,0,0,1,0,0,0,1,0,0,0,0,0,0,0,0,0,0,0,0,0,0,0,0,10035,239.97,3,0,71.991,2016,6,2,915,1128
0,0,1,0,1,0,1,0,0,0,0,0,0,0,0,0,0,0,1,0,0,0,0,0,0,0,31907,76.92,4,0,31.5372,2016,3,4,222,184
0,0,1,0,1,0,1,0,1,0,0,0,0,0,0,0,0,0,0,0,0,0,0,1,0,0,31907,481.32,4,0,125.1432,2016,3,4,222,184
0,0,0,0,1,0,0,1,1,0,0,0,0,0,0,0,0,0,0,0,0,1,0,0,0,0,84107,48.4,5,0,23.232,2014,5,3,5,53
0,0,0,0,1,0,0,1,0,1,0,0,0,0,0,0,0,0,0,0,0,0,0,0,0,0,94110,0.99,1,0,0.4356,2017,10,2,510,2001
0,0,0,0,1,0,0,1,1,0,0,0,1,0,0,0,0,0,0,0,0,0,0,0,0,0,94110,101.84,5,0.2,36.917,2017,10,2,510,2001
0,0,1,0,1,1,0,0,1,0,0,0,1,0,0,0,0,0,0,0,0,0,0,0,0,0,19140,10.332,3,0.7,-7.5768,2017,6,6,537,587
0,0,1,0,1,1,0,0,1,0,0,0,1,0,0,0,0,0,0,0,0,0,0,0,0,0,19140,31.155,5,0.7,-23.8855,2017,6,6,537,587
0,0,1,0,1,1,0,0,1,0,0,0,0,0,0,0,0,0,0,0,0,0,0,1,0,0,19140,8.928,2,0.2,0.6696,2017,6,6,537,587
0,0,0,0,0,1,0,0,1,0,1,0,0,0,0,0,0,0,0,0,0,0,0,0,0,0,19134,34.384,1,0.2,3.8682,2017,1,3,537,587
0,0,0,0,0,1,0,0,1,0,1,0,0,0,0,0,0,0,0,0,0,0,0,0,0,0,19134,1924.16,8,0.2,312.676,2017,1,3,537,587
0,0,1,0,0,0,0,0,1,0,1,0,0,0,0,0,0,0,0,0,0,0,0,0,0,0,75220,32.192,2,0.8,-80.48,2015,4,5,157,985
0,0,1,0,0,0,0,0,0,1,0,0,0,0,0,0,0,0,0,0,0,0,0,0,0,0,75220,50.12,7,0.2,-0.6265,2015,4,5,157,985
0,0,1,0,0,0,0,0,0,1,0,0,0,0,0,0,0,0,0,0,0,0,0,0,0,0,75220,47.976,3,0.2,1.7991,2015,4,5,157,985
0,0,1,0,0,0,0,0,1,0,0,0,0,0,0,0,0,0,0,0,0,0,0,1,0,0,53186,54.5,5,0,14.17,2016,9,7,1,110
0,0,0,0,0,0,1,0,0,0,0,0,0,0,0,0,0,0,1,0,0,0,0,0,0,0,33311,19.104,3,0.2,5.7312,2017,12,2,15,383
0,0,1,0,0,0,0,0,1,0,0,0,1,0,0,0,0,0,0,0,0,0,0,0,0,0,48205,49.44,3,0,24.2256,2016,11,4,115,255
0,0,1,0,1,1,0,0,1,0,0,0,0,0,0,0,0,0,0,0,0,1,0,0,0,0,45503,10.368,2,0.2,3.6288,2017,11,7,163,469
0,0,1,0,0,0,0,1,1,0,0,0,0,0,0,0,0,0,0,0,0,0,0,1,0,0,92037,154.44,3,0,1.5444,2016,10,4,170,2001
0,0,1,1,0,0,0,1,1,0,1,0,0,0,0,0,0,0,0,0,0,0,0,0,0,0,80906,60.984,7,0.2,4.5738,2015,12,4,25,182
0,1,0,0,0,0,0,1,0,0,0,0,0,1,0,0,0,0,0,0,0,0,0,0,0,0,93309,195.466,2,0.15,-13.7976,2015,7,2,16,2001
0,0,1,1,0,0,1,0,0,0,0,0,0,0,0,0,0,0,1,0,0,0,0,0,0,0,33068,23.68,8,0.2,6.216,2017,4,5,3,383
0,0,1,1,0,0,1,0,0,1,0,0,0,0,0,0,0,0,0,0,0,0,0,0,0,0,33068,2.376,3,0.2,0.7425,2017,4,5,3,383
0,0,0,0,0,1,0,0,1,0,0,0,0,0,0,0,0,0,0,1,0,0,0,0,0,0,10035,59.2,4,0,29.6,2017,5,2,915,1128
0,0,1,0,0,0,0,0,1,0,0,1,0,0,0,0,0,0,0,0,0,0,0,0,0,0,55044,22,10,0,9.68,2017,11,7,15,89
0,0,1,0,0,0,0,0,0,1,0,0,0,0,0,0,0,0,0,0,0,0,1,0,0,0,48234,257.98,2,0,74.8142,2016,11,5,115,255
0,0,1,1,0,1,0,0,0,1,0,0,0,0,0,0,0,0,0,0,0,0,1,0,0,0,19134,23.988,2,0.4,-15.992,2016,11,5,537,587
0,0,1,1,0,1,0,0,0,1,0,0,0,0,0,0,0,0,0,0,0,0,1,0,0,0,45373,23.976,4,0.4,-15.5844,2016,10,6,29,469
0,0,0,0,1,0,0,1,0,0,0,0,0,0,1,0,0,0,0,0,0,0,0,0,0,0,90036,601.536,4,0.2,0,2015,9,2,747,2001
0,0,0,0,1,0,0,1,1,0,0,0,0,0,0,0,0,1,0,0,0,0,0,0,0,0,90036,7.9,2,0,2.528,2015,9,2,747,2001
0,0,1,1,0,0,0,0,0,0,0,0,0,0,0,0,0,0,1,0,0,0,0,0,0,0,78415,58.36,5,0.6,-24.803,2014,12,4,8,985
0,0,1,1,0,0,0,0,1,0,0,1,0,0,0,0,0,0,0,0,0,0,0,0,0,0,78415,16.464,7,0.2,1.4406,2014,12,4,8,985
0,0,1,1,0,0,0,0,0,0,0,0,0,0,0,0,0,0,1,0,0,0,0,0,0,0,78415,39.96,5,0.6,-23.976,2014,12,4,8,985
0,0,0,1,0,0,0,0,1,0,1,0,0,0,0,0,0,0,0,0,0,0,0,0,0,0,68104,25.96,2,0,7.5284,2014,9,1,28,38
0,0,0,1,0,0,0,0,1,0,1,0,0,0,0,0,0,0,0,0,0,0,0,0,0,0,68104,36.27,3,0,10.881,2014,9,1,28,38
0,0,0,1,0,0,0,0,1,0,0,0,0,0,0,0,0,0,0,0,0,1,0,0,0,0,68104,6.48,1,0,3.1104,2014,9,1,28,38
0,0,1,1,0,0,0,1,0,1,0,0,0,0,0,0,0,0,0,0,0,0,1,0,0,0,90278,1075.088,14,0.2,94.0702,2014,4,5,8,2001
0,0,1,1,0,0,0,1,0,1,0,0,0,0,0,0,0,0,0,0,0,0,1,0,0,0,90278,438.368,4,0.2,38.3572,2014,4,5,8,2001
0,0,1,1,0,0,0,1,1,0,0,0,1,0,0,0,0,0,0,0,0,0,0,0,0,0,90278,18.088,7,0.2,6.5569,2014,4,5,8,2001
0,0,1,1,0,0,0,1,0,0,0,0,0,1,0,0,0,0,0,0,0,0,0,0,0,0,90278,308.499,3,0.15,-18.147,2014,4,5,8,2001
0,0,1,0,0,0,1,0,1,0,0,1,0,0,0,0,0,0,0,0,0,0,0,0,0,0,72209,13.36,4,0,4.1416,2017,10,7,24,60
0,0,1,0,0,0,1,0,1,0,0,0,0,0,0,0,0,0,0,0,0,1,0,0,0,0,72209,39.96,2,0,18.7812,2017,10,7,24,60
0,0,1,0,0,0,1,0,1,0,0,0,1,0,0,0,0,0,0,0,0,0,0,0,0,0,72209,145.85,5,0,70.008,2017,10,7,24,60
0,0,0,1,0,0,1,0,0,1,0,0,0,0,0,0,0,0,0,0,0,0,1,0,0,0,33180,783.96,5,0.2,78.396,2016,10,3,57,383
0,0,0,0,0,0,0,1,1,0,0,1,0,0,0,0,0,0,0,0,0,0,0,0,0,0,97301,7.88,1,0.2,1.773,2015,11,3,40,124
0,0,1,0,0,0,0,1,0,0,0,0,0,0,0,0,0,0,1,0,0,0,0,0,0,0,88001,41.37,3,0,17.3754,2017,11,5,3,37
0,0,1,0,0,0,0,1,1,0,0,0,0,0,0,0,0,0,0,0,0,1,0,0,0,0,94122,12.84,3,0,5.778,2015,5,4,510,2001
0,0,1,0,0,0,0,1,1,0,0,0,0,0,0,0,0,0,0,0,0,1,0,0,0,0,94122,25.68,6,0,11.556,2015,5,4,510,2001
0,0,1,0,0,0,0,0,0,0,0,0,0,0,1,0,0,0,0,0,0,0,0,0,0,0,79907,47.516,2,0.3,-2.0364,2015,9,4,19,985
0,1,0,0,0,0,0,1,1,0,0,0,0,0,0,0,0,1,0,0,0,0,0,0,0,0,98115,9.42,2,0,0.471,2015,7,2,428,506
0,1,0,0,0,0,0,1,1,0,0,0,0,0,0,0,0,0,0,0,0,1,0,0,0,0,98115,12.96,2,0,6.2208,2015,7,2,428,506
0,1,0,0,0,0,0,1,0,0,0,0,0,1,0,0,0,0,0,0,0,0,0,0,0,0,98115,704.9,5,0,56.392,2015,7,2,428,506
0,1,0,0,0,0,0,1,0,0,0,0,0,0,1,0,0,0,0,0,0,0,0,0,0,0,98115,561.568,2,0.2,28.0784,2015,7,2,428,506
0,1,0,0,1,0,0,0,1,0,0,0,0,0,0,0,0,0,0,0,0,1,0,0,0,0,53209,179.82,9,0,84.5154,2015,11,2,45,110
0,1,0,0,1,0,0,0,0,0,0,0,0,0,0,0,0,0,1,0,0,0,0,0,0,0,53209,185.58,6,0,76.0878,2015,11,2,45,110
0,1,0,0,1,0,0,0,0,0,0,0,0,0,0,0,0,0,0,0,0,0,0,0,0,1,53209,214.11,3,0,36.3987,2015,11,2,45,110
0,1,0,0,1,0,0,0,0,1,0,0,0,0,0,0,0,0,0,0,0,0,0,0,0,0,53209,999.96,4,0,229.9908,2015,11,2,45,110
0,1,0,0,1,0,0,0,0,0,0,0,0,0,0,0,0,0,0,0,0,0,0,0,0,1,53209,653.55,3,0,111.1035,2015,11,2,45,110
0,0,1,0,1,1,0,0,1,0,0,0,1,0,0,0,0,0,0,0,0,0,0,0,0,0,2038,114.6,5,0,51.57,2015,9,7,37,135
0,0,1,0,1,1,0,0,0,0,0,0,0,0,1,0,0,0,0,0,0,0,0,0,0,0,2038,60.74,1,0,15.185,2015,9,7,37,135
0,0,1,0,1,1,0,0,0,0,0,0,0,0,0,0,0,0,1,0,0,0,0,0,0,0,2038,124.36,2,0,27.3592,2015,9,7,37,135
0,0,1,0,1,1,0,0,1,0,0,0,0,0,0,0,0,0,0,0,0,0,0,1,0,0,2038,1088.76,6,0,315.7404,2015,9,7,37,135
0,0,0,0,0,0,0,1,1,0,0,0,1,0,0,0,0,0,0,0,0,0,0,0,0,0,92024,6.72,5,0.2,2.352,2016,5,3,5,2001
0,0,0,0,0,0,0,1,0,0,0,0,0,0,0,0,0,0,0,0,0,0,0,0,0,1,92024,298.776,3,0.2,7.4694,2016,5,3,5,2001
0,0,1,0,0,0,0,1,0,1,0,0,0,0,0,0,0,0,0,0,0,0,1,0,0,0,92804,302.376,3,0.2,22.6782,2016,12,5,27,2001
0,0,0,0,0,0,0,0,1,0,0,1,0,0,0,0,0,0,0,0,0,0,0,0,0,0,76017,8.928,2,0.2,0.558,2017,9,2,60,985
0,0,0,0,0,0,0,0,1,0,0,0,0,0,0,0,0,0,0,0,0,0,0,1,0,0,76017,47.584,2,0.2,-2.974,2017,9,2,60,985
0,0,1,0,1,0,0,0,1,0,0,0,0,0,0,0,0,0,0,0,0,1,0,0,0,0,77041,33.792,8,0.2,10.56,2014,9,5,377,985
0,0,1,0,1,0,0,0,0,0,0,0,0,1,0,0,0,0,0,0,0,0,0,0,0,0,77041,300.5328,2,0.32,-97.2312,2014,9,5,377,985
0,0,1,0,1,0,0,0,1,0,0,0,1,0,0,0,0,0,0,0,0,0,0,0,0,0,77041,2.724,2,0.8,-4.3584,2014,9,5,377,985
0,0,1,0,1,0,0,0,1,0,0,0,0,0,0,0,1,0,0,0,0,0,0,0,0,0,77041,3.264,2,0.2,1.1016,2014,9,5,377,985
0,0,0,0,0,1,0,0,1,0,0,0,0,0,0,0,0,0,0,0,0,1,0,0,0,0,43130,108.336,6,0.2,37.9176,2016,4,3,46,469
0,0,0,0,0,1,0,0,1,0,0,0,0,0,0,0,0,0,0,0,0,0,0,1,0,0,43130,55.92,5,0.2,6.291,2016,4,3,46,469
0,0,0,0,0,1,0,0,1,0,0,0,0,0,0,0,0,0,0,0,0,1,0,0,0,0,43130,78.304,2,0.2,29.364,2016,4,3,46,469
0,0,1,0,0,0,0,1,1,0,0,0,0,0,0,0,0,0,0,0,0,0,0,1,0,0,97206,443.92,5,0.2,-94.333,2014,11,4,24,124
0,0,1,0,0,0,0,1,0,1,0,0,0,0,0,0,0,0,0,0,0,0,1,0,0,0,97206,155.976,3,0.2,54.5916,2014,11,4,24,124
0,1,0,1,0,0,1,0,1,0,0,1,0,0,0,0,0,0,0,0,0,0,0,0,0,0,35244,15.47,7,0,4.1769,2017,1,5,4,61
0,1,0,1,0,0,1,0,1,0,0,0,1,0,0,0,0,0,0,0,0,0,0,0,0,0,35244,7.16,2,0,3.4368,2017,1,5,4,61
0,0,1,0,0,0,0,1,1,0,1,0,0,0,0,0,0,0,0,0,0,0,0,0,0,0,90036,10.89,1,0,2.8314,2017,11,5,747,2001
0,0,1,0,0,0,0,1,1,0,0,0,0,0,0,0,0,0,0,0,0,1,0,0,0,0,90036,19.44,3,0,9.3312,2017,11,5,747,2001
0,0,1,0,0,0,0,1,1,0,0,0,1,0,0,0,0,0,0,0,0,0,0,0,0,0,90036,121.6,5,0.2,39.52,2017,11,5,747,2001
0,0,0,0,0,0,1,0,0,1,0,0,0,0,0,0,0,0,0,0,1,0,0,0,0,0,32303,695.7,2,0.5,-27.828,2016,6,3,17,383
0,1,0,1,0,1,0,0,1,0,0,0,0,0,0,0,0,0,0,0,0,0,0,1,0,0,10009,120.33,1,0,31.2858,2015,9,5,915,1128
0,0,1,0,1,0,1,0,0,0,0,0,0,0,1,0,0,0,0,0,0,0,0,0,0,0,23320,1139.92,4,0,284.98,2014,3,5,18,224
0,1,0,0,0,0,1,0,1,0,0,0,0,0,0,0,0,0,0,0,0,1,0,0,0,0,28314,229.544,7,0.2,83.2097,2017,8,4,41,249
0,0,1,0,0,0,0,0,1,0,0,0,0,0,0,0,0,0,0,0,0,0,0,1,0,0,77340,143.728,2,0.2,-32.3388,2017,3,4,36,985
0,0,1,0,0,1,0,0,0,1,0,0,0,0,0,0,0,0,0,0,0,0,0,0,0,0,19140,36.048,3,0.2,-0.9012,2017,5,4,537,587
0,0,1,1,0,0,0,0,0,0,0,0,0,0,1,0,0,0,0,0,0,0,0,0,0,0,60098,845.488,8,0.3,-12.0784,2016,12,4,5,492
0,0,0,0,0,1,0,0,1,0,0,1,0,0,0,0,0,0,0,0,0,0,0,0,0,0,2149,50.94,3,0,14.2632,2017,11,3,22,135
0,0,1,0,1,0,0,0,1,0,0,0,1,0,0,0,0,0,0,0,0,0,0,0,0,0,60653,762.594,3,0.8,-1143.891,2017,9,5,314,492
0,0,1,1,0,0,1,0,0,0,0,0,0,0,0,0,0,0,1,0,0,0,0,0,0,0,30076,56.28,6,0,15.7584,2017,4,7,18,184
0,0,1,1,0,0,1,0,1,0,0,0,1,0,0,0,0,0,0,0,0,0,0,0,0,0,30076,2690.97,3,0,1264.7559,2017,4,7,18,184
0,0,1,1,0,0,1,0,1,0,0,0,1,0,0,0,0,0,0,0,0,0,0,0,0,0,32137,7.434,6,0.7,-5.6994,2016,11,5,5,383
0,0,0,1,0,1,0,0,1,0,0,0,0,0,0,0,0,0,0,0,0,0,0,1,0,0,19120,64.784,1,0.2,-12.9568,2016,6,3,537,587
0,0,1,0,1,0,0,0,1,0,0,0,0,0,0,0,0,0,0,0,0,1,0,0,0,0,47201,28.16,4,0,13.2352,2017,12,5,222,149
0,1,0,0,0,1,0,0,0,0,0,0,0,0,0,0,0,0,1,0,0,0,0,0,0,0,11572,14.98,1,0,6.8908,2016,3,2,30,1128
0,1,0,0,0,1,0,0,0,0,0,0,0,0,0,0,0,0,1,0,0,0,0,0,0,0,11572,20.32,4,0,6.9088,2016,3,2,30,1128
1,0,0,1,0,1,0,0,1,0,0,0,0,0,0,0,0,0,0,0,0,0,0,1,0,0,2038,40.29,3,0,10.4754,2017,8,0,37,135
0,0,1,0,0,0,0,0,1,0,0,0,0,0,0,0,0,0,0,1,0,0,0,0,0,0,57103,20.23,7,0,9.5081,2017,7,6,9,12
0,0,0,1,0,0,0,1,0,0,0,0,0,0,1,0,0,0,0,0,0,0,0,0,0,0,92037,1603.136,4,0.2,100.196,2016,8,3,170,2001
0,1,0,0,0,0,1,0,0,0,0,0,0,0,1,0,0,0,0,0,0,0,0,0,0,0,28314,225.296,2,0.2,22.5296,2016,8,2,41,249
0,0,1,0,0,0,1,0,0,1,0,0,0,0,0,0,0,0,0,0,0,0,0,0,0,0,30318,67.8,4,0,4.068,2017,5,4,39,184
0,0,1,0,0,0,1,0,0,1,0,0,0,0,0,0,0,0,0,0,0,0,1,0,0,0,30318,377.97,3,0,98.2722,2017,5,4,39,184
0,0,1,0,0,0,1,0,0,0,0,0,0,1,0,0,0,0,0,0,0,0,0,0,0,0,30318,1628.82,9,0,374.6286,2017,5,4,39,184
0,0,1,0,0,0,1,0,1,0,0,0,0,0,0,0,0,0,0,0,0,1,0,0,0,0,30318,286.93,7,0,140.5957,2017,5,4,39,184
0,0,1,0,0,0,1,0,1,0,0,0,0,0,0,0,0,0,0,0,0,1,0,0,0,0,32839,20.736,4,0.2,7.2576,2017,8,5,11,383
1,0,0,0,0,0,0,1,1,0,0,0,0,0,0,0,0,0,0,0,0,0,0,1,0,0,94122,31.44,3,0,8.4888,2017,8,0,510,2001
1,0,0,0,0,0,0,1,1,0,1,0,0,0,0,0,0,0,0,0,0,0,0,0,0,0,94122,83.79,7,0,22.6233,2017,8,0,510,2001
1,0,0,0,0,0,0,1,1,0,0,1,0,0,0,0,0,0,0,0,0,0,0,0,0,0,94122,59.52,3,0,15.4752,2017,8,0,510,2001
1,0,0,0,0,0,0,1,1,0,0,0,0,0,0,0,0,0,0,0,0,0,0,0,1,0,94122,31.92,4,0,9.2568,2017,8,0,510,2001
0,1,0,0,0,1,0,0,1,0,0,0,0,0,0,0,0,0,0,0,0,0,0,0,1,0,43615,14.72,5,0.2,-3.312,2016,11,2,32,469
0,1,0,0,0,1,0,0,1,0,0,0,0,0,0,0,0,0,0,0,0,0,0,1,0,0,43615,38.976,3,0.2,-2.436,2016,11,2,32,469
0,0,1,0,0,0,1,0,0,0,0,0,0,0,0,0,0,0,1,0,0,0,0,0,0,0,33710,17.088,2,0.2,1.068,2017,6,7,14,383
0,0,1,1,0,0,0,1,1,0,0,0,0,0,0,0,0,0,0,0,0,1,0,0,0,0,85705,74.352,3,0.2,23.235,2014,3,4,32,224
0,0,1,1,0,0,0,1,0,0,0,0,0,0,1,0,0,0,0,0,0,0,0,0,0,0,85705,314.352,3,0.2,-35.3646,2014,3,4,32,224
0,0,1,0,0,0,0,1,1,0,0,1,0,0,0,0,0,0,0,0,0,0,0,0,0,0,90036,4.26,1,0,1.7466,2017,6,5,747,2001
0,0,1,0,0,0,0,1,1,0,0,0,0,0,0,0,0,0,0,0,0,0,0,1,0,0,92105,811.28,8,0,24.3384,2017,11,6,170,2001
0,0,0,0,0,1,0,0,1,0,0,0,0,0,0,0,0,1,0,0,0,0,0,0,0,0,10035,6.03,3,0,2.9547,2017,12,2,915,1128
0,1,0,0,0,0,0,1,0,0,0,0,0,0,1,0,0,0,0,0,0,0,0,0,0,0,92037,153.568,2,0.2,-5.7588,2016,1,2,170,2001
0,1,0,0,0,0,0,1,0,0,0,0,0,0,1,0,0,0,0,0,0,0,0,0,0,0,92037,1013.488,7,0.2,76.0116,2016,1,2,170,2001
0,0,1,0,1,1,0,0,1,0,0,0,0,0,0,0,1,0,0,0,0,0,0,0,0,0,7090,52.34,2,0,24.5998,2016,1,4,6,130
0,0,1,0,1,1,0,0,1,0,0,1,0,0,0,0,0,0,0,0,0,0,0,0,0,0,7090,4.66,2,0,1.3514,2016,1,4,6,130
0,0,1,0,1,1,0,0,0,1,0,0,0,0,0,0,0,0,0,0,0,0,0,0,0,0,7090,254.97,3,0,91.7892,2016,1,4,6,130
0,1,0,0,1,1,0,0,1,0,0,0,1,0,0,0,0,0,0,0,0,0,0,0,0,0,7050,25.44,6,0,12.72,2016,9,4,6,130
0,1,0,0,1,1,0,0,1,0,0,0,0,0,0,0,0,0,0,0,0,0,0,0,1,0,7050,27.93,3,0,8.0997,2016,9,4,6,130
0,0,1,0,0,0,0,0,1,0,0,0,1,0,0,0,0,0,0,0,0,0,0,0,0,0,60098,8.85,5,0.8,-13.7175,2014,2,4,5,492
0,1,0,0,0,0,0,1,0,0,0,0,0,0,0,0,0,0,1,0,0,0,0,0,0,0,94110,6.96,4,0,2.2272,2016,11,5,510,2001
0,0,1,0,0,0,0,1,1,0,0,0,1,0,0,0,0,0,0,0,0,0,0,0,0,0,94122,17.456,2,0.2,5.8914,2016,1,4,510,2001
0,0,1,0,0,0,0,1,0,0,0,0,0,0,1,0,0,0,0,0,0,0,0,0,0,0,85281,307.92,5,0.2,-34.641,2016,10,4,13,224
0,0,0,0,0,0,0,1,1,0,0,1,0,0,0,0,0,0,0,0,0,0,0,0,0,0,90008,6.63,3,0,1.7901,2017,12,1,747,2001
0,0,0,0,0,0,0,1,1,0,0,0,0,0,0,0,0,0,0,0,0,1,0,0,0,0,90008,12.96,2,0,6.2208,2017,12,1,747,2001
0,0,0,0,0,0,0,1,1,0,0,0,0,0,0,0,0,0,0,0,0,1,0,0,0,0,90008,32.4,5,0,15.552,2017,12,1,747,2001
0,0,1,1,0,0,0,1,1,0,0,0,0,0,0,0,0,0,0,0,0,1,0,0,0,0,98105,23.85,5,0,10.7325,2017,11,4,428,506
0,1,0,0,0,0,1,0,0,0,0,0,0,0,1,0,0,0,0,0,0,0,0,0,0,0,70601,51.96,2,0,12.99,2014,4,2,3,42
0,1,0,0,0,0,1,0,1,0,0,0,1,0,0,0,0,0,0,0,0,0,0,0,0,0,70601,17.94,3,0,8.6112,2014,4,2,3,42
0,0,1,1,0,1,0,0,1,0,0,0,0,0,0,0,0,0,0,0,0,1,0,0,0,0,14609,11.56,2,0,5.6644,2017,10,6,53,1128
0,0,1,1,0,1,0,0,1,0,0,0,0,0,0,0,0,0,0,0,0,1,0,0,0,0,14609,26.4,5,0,11.88,2017,10,6,53,1128
0,0,1,1,0,1,0,0,0,0,0,0,0,0,0,0,0,0,1,0,0,0,0,0,0,0,14609,69.08,11,0,29.0136,2017,10,6,53,1128
0,0,1,1,0,1,0,0,0,1,0,0,0,0,0,0,0,0,0,0,0,0,1,0,0,0,14609,35.88,3,0,10.0464,2017,10,6,53,1128
0,0,1,0,0,1,0,0,1,0,0,1,0,0,0,0,0,0,0,0,0,0,0,0,0,0,11561,49.65,5,0,20.853,2014,3,4,61,1128
0,0,1,1,0,0,1,0,0,1,0,0,0,0,0,1,0,0,0,0,0,0,0,0,0,0,28205,959.968,4,0.2,119.996,2016,1,5,52,249
0,0,1,0,0,0,0,0,0,0,0,0,0,0,1,0,0,0,0,0,0,0,0,0,0,0,77036,408.422,2,0.3,-5.8346,2015,4,4,377,985
0,0,1,0,0,1,0,0,0,1,0,0,0,0,0,1,0,0,0,0,0,0,0,0,0,0,10035,479.984,2,0.2,59.998,2015,9,5,915,1128
0,0,1,0,0,1,0,0,1,0,0,0,0,0,0,0,0,0,0,1,0,0,0,0,0,0,10035,12.6,4,0,6.048,2015,9,5,915,1128
0,0,1,0,1,0,1,0,1,0,0,0,0,0,0,0,0,0,0,0,0,1,0,0,0,0,31907,184.66,7,0,84.9436,2017,9,4,222,184
0,0,1,0,0,0,0,0,1,0,0,0,0,0,0,0,0,0,0,0,0,1,0,0,0,0,60610,23.12,5,0.2,8.381,2016,6,5,314,492
0,0,1,1,0,0,0,0,1,0,0,0,0,0,0,0,0,0,0,0,0,1,0,0,0,0,60035,37.464,7,0.2,12.1758,2016,6,4,7,492
0,0,1,1,0,0,0,0,0,0,0,0,0,0,1,0,0,0,0,0,0,0,0,0,0,0,60035,539.658,3,0.3,-7.7094,2016,6,4,7,492
0,0,1,0,1,0,0,1,1,0,0,0,0,0,0,0,0,0,0,0,0,0,0,1,0,0,98115,310.12,2,0,80.6312,2014,9,4,428,506
0,0,1,0,0,0,0,0,1,0,0,0,0,0,0,0,0,0,0,0,0,1,0,0,0,0,55122,8.56,2,0,3.852,2017,11,6,8,89
0,0,1,0,0,0,0,0,1,0,0,0,0,0,0,0,0,0,0,0,0,0,0,1,0,0,55122,52.4,5,0,14.148,2017,11,6,8,89
0,0,1,0,0,0,0,0,1,0,0,0,0,0,0,0,0,0,0,1,0,0,0,0,0,0,55122,14.94,3,0,6.8724,2017,11,6,8,89
0,0,1,0,0,0,0,1,1,0,0,0,0,0,0,0,0,1,0,0,0,0,0,0,0,0,98103,11.22,3,0,0.2244,2017,2,4,428,506
0,0,1,0,0,0,1,0,1,0,1,0,0,0,0,0,0,0,0,0,0,0,0,0,0,0,33065,387.136,4,0.2,24.196,2015,11,4,8,383
0,0,1,0,0,1,0,0,1,0,0,0,0,0,0,0,1,0,0,0,0,0,0,0,0,0,11550,41.4,5,0,19.458,2014,6,5,11,1128
0,0,1,0,0,1,0,0,1,0,0,1,0,0,0,0,0,0,0,0,0,0,0,0,0,0,11550,35,4,0,10.5,2014,6,5,11,1128
0,0,1,0,0,1,0,0,1,0,0,0,1,0,0,0,0,0,0,0,0,0,0,0,0,0,11550,39.552,3,0.2,14.3376,2014,6,5,11,1128
0,1,0,0,0,0,0,0,0,1,0,0,0,0,0,0,0,0,0,0,0,0,1,0,0,0,46060,135.72,3,0,35.2872,2015,10,5,4,149
0,1,0,0,0,0,0,0,1,0,0,0,1,0,0,0,0,0,0,0,0,0,0,0,0,0,46060,12.56,2,0,5.652,2015,10,5,4,149
0,1,0,0,0,0,0,0,0,1,0,0,0,0,0,0,0,0,0,0,0,0,1,0,0,0,46060,263.96,4,0,71.2692,2015,10,5,4,149
0,0,0,0,0,0,0,0,1,0,0,1,0,0,0,0,0,0,0,0,0,0,0,0,0,0,75220,5.952,1,0.2,0.372,2017,8,3,157,985
1,0,0,1,0,1,0,0,1,0,0,0,0,0,0,0,0,1,0,0,0,0,0,0,0,0,19140,15.8,5,0.2,2.37,2016,11,0,537,587
1,0,0,1,0,1,0,0,0,0,0,0,0,0,0,0,0,0,1,0,0,0,0,0,0,0,19140,14.368,2,0.2,3.9512,2016,11,0,537,587
1,0,0,1,0,1,0,0,0,0,0,0,0,0,0,0,0,0,1,0,0,0,0,0,0,0,19140,70.448,7,0.2,12.3284,2016,11,0,537,587
1,0,0,0,0,0,0,1,1,0,0,0,0,0,0,0,0,0,0,0,0,0,0,1,0,0,94109,129.3,2,0,6.465,2017,1,0,510,2001
0,1,0,0,1,0,0,0,1,0,0,0,1,0,0,0,0,0,0,0,0,0,0,0,0,0,78745,3.882,3,0.8,-5.823,2015,11,3,39,985
0,0,1,1,0,0,0,0,1,0,0,0,0,0,0,0,0,1,0,0,0,0,0,0,0,0,48234,6.08,1,0,3.04,2014,6,6,115,255
0,0,0,0,0,1,0,0,1,0,1,0,0,0,0,0,0,0,0,0,0,0,0,0,0,0,13601,19.9,1,0,8.955,2014,9,3,10,1128
0,0,0,0,0,1,0,0,0,0,0,0,0,0,0,0,0,0,1,0,0,0,0,0,0,0,13601,70.71,1,0,4.9497,2014,9,3,10,1128
0,1,0,0,0,0,1,0,0,0,0,0,0,0,0,0,0,0,1,0,0,0,0,0,0,0,31907,18.84,3,0,7.9128,2017,7,4,222,184
0,0,1,0,0,0,0,0,1,0,0,1,0,0,0,0,0,0,0,0,0,0,0,0,0,0,55124,8.64,3,0,2.5056,2017,6,6,9,89
0,0,1,0,1,0,1,0,1,0,0,0,1,0,0,0,0,0,0,0,0,0,0,0,0,0,27217,1633.188,4,0.7,-1306.5504,2017,10,7,25,249
0,0,1,0,1,0,0,0,0,0,0,0,0,0,0,0,0,0,1,0,0,0,0,0,0,0,48601,19.76,4,0,8.2992,2017,11,6,6,255
1,0,0,0,0,0,0,1,1,0,0,0,1,0,0,0,0,0,0,0,0,0,0,0,0,0,94109,6.608,2,0.2,2.2302,2015,8,0,510,2001
1,0,0,0,0,0,0,1,1,0,0,0,1,0,0,0,0,0,0,0,0,0,0,0,0,0,94109,7.28,2,0.2,2.73,2015,8,0,510,2001
1,0,0,0,0,0,0,1,0,0,0,0,0,0,1,0,0,0,0,0,0,0,0,0,0,0,94109,144.784,1,0.2,10.8588,2015,8,0,510,2001
0,0,1,0,0,0,0,1,0,1,0,0,0,0,0,0,0,0,0,0,0,0,1,0,0,0,98105,156.792,1,0.2,13.7193,2016,12,6,428,506
0,0,1,0,0,0,0,1,0,1,0,0,0,0,0,0,0,0,0,0,0,0,1,0,0,0,98105,431.976,3,0.2,26.9985,2016,12,6,428,506
0,0,1,0,0,0,0,1,1,0,0,0,0,0,0,0,1,0,0,0,0,0,0,0,0,0,98105,35.89,1,0,16.1505,2016,12,6,428,506
0,0,1,0,0,0,0,1,1,0,0,0,1,0,0,0,0,0,0,0,0,0,0,0,0,0,98105,47.208,7,0.2,15.3426,2016,12,6,428,506
0,0,1,0,0,0,0,1,1,0,0,0,0,0,0,0,0,0,0,0,0,1,0,0,0,0,98105,248.08,7,0,116.5976,2016,12,6,428,506
0,0,1,0,0,0,0,1,1,0,0,0,0,0,0,0,0,0,0,0,0,1,0,0,0,0,98105,189.7,5,0,89.159,2016,12,6,428,506
0,0,1,0,0,0,0,1,1,0,0,0,1,0,0,0,0,0,0,0,0,0,0,0,0,0,98105,59.808,3,0.2,19.4376,2016,12,6,428,506
0,0,1,1,0,0,0,0,0,0,0,0,0,0,1,0,0,0,0,0,0,0,0,0,0,0,53209,90.99,1,0,14.5584,2017,3,6,45,110
0,0,1,1,0,0,0,0,0,0,0,0,0,0,1,0,0,0,0,0,0,0,0,0,0,0,53209,1526.56,7,0,427.4368,2017,3,6,45,110
0,0,1,1,0,0,0,0,0,0,0,0,0,0,1,0,0,0,0,0,0,0,0,0,0,0,53209,368.97,3,0,40.5867,2017,3,6,45,110
0,0,1,0,0,0,0,1,1,0,0,0,0,0,0,0,0,0,0,0,0,0,0,1,0,0,90049,305.01,9,0,76.2525,2017,11,5,747,2001
0,0,1,0,0,0,0,1,0,0,0,0,0,0,0,0,0,0,1,0,0,0,0,0,0,0,90049,18.7,1,0,7.106,2017,11,5,747,2001
0,0,0,0,0,0,0,1,0,0,0,0,0,0,0,0,0,0,1,0,0,0,0,0,0,0,94122,38.29,7,0,16.4647,2016,11,1,510,2001
0,0,1,0,1,0,0,1,0,0,0,0,0,0,0,0,0,0,1,0,0,0,0,0,0,0,92024,26.25,3,0,11.025,2017,12,4,170,2001
0,0,1,0,1,0,0,1,1,0,0,0,1,0,0,0,0,0,0,0,0,0,0,0,0,0,92024,64.96,14,0.2,22.736,2017,12,4,170,2001
0,0,1,0,1,0,0,1,1,0,0,0,0,0,0,0,1,0,0,0,0,0,0,0,0,0,92024,43.7,5,0,20.539,2017,12,4,170,2001
1,0,0,0,1,0,0,1,0,1,0,0,0,0,0,0,0,0,0,0,0,0,0,0,0,0,85301,41.6,4,0.2,13,2017,11,0,23,224
1,0,0,0,1,0,0,1,1,0,0,0,0,0,0,0,0,0,0,0,0,1,0,0,0,0,85301,23.12,5,0.2,8.381,2017,11,0,23,224
1,0,0,0,1,0,0,1,0,0,0,0,0,0,1,0,0,0,0,0,0,0,0,0,0,0,85301,113.888,2,0.2,9.9652,2017,11,0,23,224
1,0,0,0,1,0,0,1,0,0,0,0,0,0,0,0,0,0,1,0,0,0,0,0,0,0,85301,113.568,2,0.2,-5.6784,2017,11,0,23,224
1,0,0,0,1,0,0,1,0,1,0,0,0,0,0,0,0,0,0,0,0,0,1,0,0,0,85301,7.92,2,0.2,0.693,2017,11,0,23,224
1,0,0,0,1,0,0,1,0,1,0,0,0,0,0,0,0,0,0,0,0,0,1,0,0,0,85301,671.984,2,0.2,50.3988,2017,11,0,23,224
0,0,1,1,0,1,0,0,0,1,0,0,0,0,0,0,0,0,0,0,0,0,1,0,0,0,10035,39.99,1,0,11.5971,2016,8,6,915,1128
0,0,1,0,1,1,0,0,0,0,0,0,0,0,1,0,0,0,0,0,0,0,0,0,0,0,13601,191.646,3,0.1,31.941,2017,6,7,10,1128
0,0,1,0,0,1,0,0,1,0,0,0,1,0,0,0,0,0,0,0,0,0,0,0,0,0,45503,2.313,1,0.7,-1.9275,2017,5,5,163,469
0,0,1,0,0,0,0,1,1,0,0,0,1,0,0,0,0,0,0,0,0,0,0,0,0,0,90032,19.936,4,0.2,7.2268,2015,12,5,747,2001
0,0,1,0,0,0,0,1,1,0,0,0,0,0,0,0,0,1,0,0,0,0,0,0,0,0,90032,45.92,4,0,21.5824,2015,12,5,747,2001
0,0,1,0,1,0,0,1,1,0,0,0,0,0,0,0,0,0,0,0,0,1,0,0,0,0,98115,20.34,3,0,9.3564,2017,4,5,428,506
0,0,1,0,1,0,0,1,1,0,0,0,0,0,0,0,0,0,0,1,0,0,0,0,0,0,98115,39.28,8,0,19.2472,2017,4,5,428,506
0,1,0,1,0,0,0,1,0,0,0,0,0,0,1,0,0,0,0,0,0,0,0,0,0,0,92054,81.568,2,0.2,9.1764,2017,12,5,30,2001
0,1,0,1,0,0,0,1,0,0,0,0,0,0,1,0,0,0,0,0,0,0,0,0,0,0,92054,97.184,2,0.2,6.074,2017,12,5,30,2001
0,1,0,1,0,0,0,1,1,0,0,0,1,0,0,0,0,0,0,0,0,0,0,0,0,0,92054,24.32,5,0.2,8.208,2017,12,5,30,2001
0,1,0,1,0,0,0,1,0,0,0,0,0,0,0,0,0,0,1,0,0,0,0,0,0,0,92054,18.96,2,0,7.584,2017,12,5,30,2001
0,0,1,0,0,0,0,0,0,0,0,0,0,0,0,0,0,0,1,0,0,0,0,0,0,0,60076,32.952,6,0.6,-19.7712,2014,12,4,11,492
0,0,1,0,0,0,0,0,1,0,0,0,0,0,0,0,0,0,0,0,0,0,0,1,0,0,60076,30.016,4,0.2,3.0016,2014,12,4,11,492
0,1,0,0,0,0,1,0,1,0,1,0,0,0,0,0,0,0,0,0,0,0,0,0,0,0,28314,499.584,3,0.2,43.7136,2017,11,3,41,249
0,1,0,0,0,0,1,0,1,0,0,0,0,0,0,0,0,0,0,0,0,1,0,0,0,0,28314,31.104,6,0.2,10.8864,2017,11,3,41,249
0,1,0,0,0,0,1,0,1,0,0,0,1,0,0,0,0,0,0,0,0,0,0,0,0,0,28314,13.272,8,0.7,-10.6176,2017,11,3,41,249
0,1,0,0,0,0,1,0,0,0,0,0,0,0,0,0,0,0,1,0,0,0,0,0,0,0,28314,28.272,2,0.2,6.3612,2017,11,3,41,249
0,1,0,0,0,0,1,0,1,0,0,0,0,0,0,0,0,0,0,0,0,0,0,1,0,0,28314,259.136,4,0.2,-51.8272,2017,11,3,41,249
0,0,1,0,0,0,0,0,1,0,0,0,1,0,0,0,0,0,0,0,0,0,0,0,0,0,74133,10.8,5,0,5.184,2017,12,4,26,66
0,0,1,0,0,0,0,0,0,0,0,0,0,0,0,0,0,0,0,0,0,0,0,0,0,1,75002,244.006,2,0.3,-31.3722,2015,5,5,4,985
0,0,1,0,0,0,0,0,1,0,0,0,0,0,0,0,0,0,0,0,0,1,0,0,0,0,75002,15.936,4,0.2,5.3784,2015,5,5,4,985
1,0,0,1,0,1,0,0,0,0,0,0,0,0,1,0,0,0,0,0,0,0,0,0,0,0,19143,188.552,7,0.3,-2.6936,2017,12,0,537,587
0,1,0,0,0,1,0,0,1,0,0,0,0,0,0,0,0,0,0,0,0,0,0,1,0,0,14609,22.58,2,0,5.8708,2017,10,5,53,1128
0,1,0,0,0,0,1,0,0,0,0,0,0,0,1,0,0,0,0,0,0,0,0,0,0,0,29464,545.94,6,0,87.3504,2014,1,3,2,42
0,0,1,0,0,1,0,0,1,0,0,0,0,0,0,0,0,0,0,0,0,1,0,0,0,0,19134,20.736,4,0.2,7.2576,2015,6,5,537,587
0,0,1,0,0,1,0,0,0,0,0,0,0,0,0,0,0,0,1,0,0,0,0,0,0,0,19134,43.296,2,0.2,4.3296,2015,6,5,537,587
0,0,1,0,0,0,0,1,0,0,0,0,0,0,1,0,0,0,0,0,0,0,0,0,0,0,98115,123.136,4,0.2,13.8528,2014,7,6,428,506
0,0,1,0,0,0,0,1,1,0,0,0,1,0,0,0,0,0,0,0,0,0,0,0,0,0,98115,11.264,4,0.2,3.8016,2014,7,6,428,506
0,1,0,0,0,0,0,1,1,0,0,0,0,0,0,0,0,0,0,0,0,0,0,1,0,0,97477,53.424,3,0.2,4.6746,2014,12,5,163,124
0,1,0,0,0,0,0,1,0,0,0,0,0,0,0,0,0,0,0,0,0,0,0,0,0,1,97477,275.49,1,0.5,-170.8038,2014,12,5,163,124
0,0,1,0,1,0,1,0,0,0,0,0,0,0,0,0,0,0,1,0,0,0,0,0,0,0,31907,24.96,4,0,6.24,2016,5,5,222,184
0,0,1,0,1,0,1,0,1,0,0,0,0,0,0,0,0,0,0,0,0,1,0,0,0,0,31907,19.36,2,0,9.2928,2016,5,5,222,184
0,0,1,0,1,0,1,0,1,0,0,0,0,0,0,0,0,0,0,0,0,0,0,1,0,0,31907,1267.65,9,0,152.118,2016,5,5,222,184
0,1,0,1,0,0,0,1,0,1,0,0,0,0,0,0,0,0,0,0,0,0,0,0,0,0,90032,12.99,1,0,0.7794,2016,2,5,747,2001
0,1,0,1,0,0,0,1,1,0,0,0,1,0,0,0,0,0,0,0,0,0,0,0,0,0,90032,18.56,4,0.2,6.496,2016,2,5,747,2001
0,1,0,1,0,0,0,1,1,0,0,0,0,0,0,0,0,0,0,0,0,0,0,1,0,0,90032,449.15,5,0,8.983,2016,2,5,747,2001
0,1,0,1,0,0,0,1,1,0,0,0,1,0,0,0,0,0,0,0,0,0,0,0,0,0,90032,31.248,7,0.2,10.9368,2016,2,5,747,2001
0,0,1,1,0,1,0,0,1,0,1,0,0,0,0,0,0,0,0,0,0,0,0,0,0,0,10024,61.44,3,0,16.5888,2016,10,4,915,1128
0,0,1,0,0,0,0,0,1,0,0,0,1,0,0,0,0,0,0,0,0,0,0,0,0,0,48227,895.92,4,0,421.0824,2017,3,6,115,255
0,1,0,0,0,0,0,1,1,0,0,0,1,0,0,0,0,0,0,0,0,0,0,0,0,0,95207,55.36,4,0.2,18.684,2016,9,4,6,2001
0,0,1,0,0,0,0,1,1,0,0,0,0,0,0,0,0,0,0,0,0,0,0,1,0,0,85023,55.92,5,0.2,6.291,2014,7,7,63,224
0,0,1,0,0,1,0,0,1,0,0,0,0,0,0,0,1,0,0,0,0,0,0,0,0,0,19120,24.896,4,0.2,8.4024,2014,6,4,537,587
0,0,1,0,0,1,0,0,0,0,0,0,0,0,0,0,0,0,1,0,0,0,0,0,0,0,19120,3.984,1,0.2,0.6474,2014,6,4,537,587
0,0,1,0,0,1,0,0,0,1,0,0,0,0,0,0,0,0,0,0,0,0,0,0,0,0,19120,95.968,4,0.2,28.7904,2014,6,4,537,587
0,0,1,0,0,1,0,0,0,1,0,0,0,0,0,0,0,0,0,0,1,0,0,0,0,0,19120,206.991,3,0.7,-172.4925,2014,6,4,537,587
0,0,1,0,0,1,0,0,1,0,1,0,0,0,0,0,0,0,0,0,0,0,0,0,0,0,19120,44.416,2,0.2,3.8864,2014,6,4,537,587
0,0,1,0,0,1,0,0,1,0,0,0,1,0,0,0,0,0,0,0,0,0,0,0,0,0,19120,9.006,2,0.7,-7.2048,2014,6,4,537,587
0,0,1,0,1,0,0,0,1,0,0,0,1,0,0,0,0,0,0,0,0,0,0,0,0,0,48310,19,5,0,8.93,2015,7,5,3,255
0,0,1,0,1,1,0,0,1,0,0,0,1,0,0,0,0,0,0,0,0,0,0,0,0,0,14609,33.376,4,0.2,10.43,2017,12,7,53,1128
0,0,0,0,1,1,0,0,1,0,1,0,0,0,0,0,0,0,0,0,0,0,0,0,0,0,10011,207.48,1,0,62.244,2016,9,2,915,1128
0,0,1,0,1,0,0,0,1,0,0,0,1,0,0,0,0,0,0,0,0,0,0,0,0,0,54703,91.68,3,0,45.84,2014,5,4,6,110
0,0,0,0,0,1,0,0,1,0,1,0,0,0,0,0,0,0,0,0,0,0,0,0,0,0,10009,904.9,5,0,253.372,2017,10,2,915,1128
0,0,1,0,0,0,0,1,1,0,0,0,1,0,0,0,0,0,0,0,0,0,0,0,0,0,91730,34.272,3,0.2,11.1384,2014,10,5,4,2001
0,0,0,0,0,0,1,0,0,0,0,0,0,0,0,0,0,0,1,0,0,0,0,0,0,0,42071,191.82,3,0,74.8098,2016,12,1,5,139
0,0,1,1,0,1,0,0,1,0,1,0,0,0,0,0,0,0,0,0,0,0,0,0,0,0,43615,243.88,5,0.2,27.4365,2016,7,4,32,469
0,0,1,0,1,0,0,1,1,0,0,0,1,0,0,0,0,0,0,0,0,0,0,0,0,0,80027,12.03,5,0.7,-9.223,2017,4,6,57,182
0,0,1,0,1,0,0,1,0,1,0,0,0,0,0,0,0,0,0,0,1,0,0,0,0,0,80027,2549.985,5,0.7,-3399.98,2017,4,6,57,182
0,0,1,0,1,0,0,1,1,0,0,0,1,0,0,0,0,0,0,0,0,0,0,0,0,0,80027,21.594,2,0.7,-15.8356,2017,4,6,57,182
0,0,1,0,1,0,0,1,1,0,0,0,1,0,0,0,0,0,0,0,0,0,0,0,0,0,80027,8.964,6,0.7,-6.5736,2017,4,6,57,182
0,0,1,0,1,0,0,1,1,0,0,0,0,0,0,0,0,0,0,0,0,1,0,0,0,0,80027,20.736,4,0.2,7.2576,2017,4,6,57,182
0,0,1,0,1,1,0,0,0,0,0,0,0,0,0,0,0,0,0,0,0,0,0,0,0,1,10035,344.22,2,0.4,-103.266,2015,9,4,915,1128
0,0,1,0,1,0,0,0,1,0,0,0,0,0,0,0,0,0,0,0,0,0,0,1,0,0,78577,727.296,8,0.2,-172.7328,2016,8,7,4,985
0,0,1,0,1,0,0,0,0,0,0,0,0,0,0,0,0,0,1,0,0,0,0,0,0,0,78577,22.608,3,0.6,-10.1736,2016,8,7,4,985
0,0,1,0,1,0,0,0,0,1,0,0,0,0,0,0,0,0,0,0,0,0,0,0,0,0,78577,666.4,7,0.2,-33.32,2016,8,7,4,985
0,0,1,0,0,0,0,1,1,0,0,0,0,0,0,0,0,1,0,0,0,0,0,0,0,0,84084,5.04,3,0,0.2016,2015,11,6,5,53
0,0,1,0,0,0,0,1,1,0,0,0,0,0,0,0,0,0,0,0,0,1,0,0,0,0,84084,92.94,3,0,41.823,2015,11,6,5,53
0,0,1,0,0,0,0,1,0,0,0,0,0,0,0,0,0,0,1,0,0,0,0,0,0,0,84084,66.69,3,0,22.0077,2015,11,6,5,53
0,0,1,0,0,0,0,1,1,0,0,0,1,0,0,0,0,0,0,0,0,0,0,0,0,0,84084,91.68,5,0.2,28.65,2015,11,6,5,53
0,0,1,0,0,0,0,0,0,0,0,0,0,1,0,0,0,0,0,0,0,0,0,0,0,0,78521,327.7328,2,0.32,-14.4588,2017,11,6,7,985
0,0,1,0,0,1,0,0,1,0,0,0,1,0,0,0,0,0,0,0,0,0,0,0,0,0,10011,52.272,11,0.2,17.6418,2015,11,5,915,1128
0,0,1,0,0,1,0,0,1,0,0,0,0,0,0,0,0,0,0,0,0,1,0,0,0,0,10011,17.94,3,0,8.073,2015,11,5,915,1128
0,0,1,0,1,1,0,0,0,0,0,0,0,0,0,0,0,0,1,0,0,0,0,0,0,0,19140,254.352,3,0.2,0,2017,4,4,537,587
1,0,0,1,0,0,0,1,1,0,0,0,1,0,0,0,0,0,0,0,0,0,0,0,0,0,59102,8.288,2,0.2,2.6936,2014,8,0,1,15
0,0,1,0,0,0,1,0,0,0,0,0,0,0,1,0,0,0,0,0,0,0,0,0,0,0,23320,504.9,5,0,80.784,2017,12,4,18,224
0,0,1,1,0,0,0,1,0,1,0,0,0,0,0,0,0,0,0,0,0,0,1,0,0,0,97030,403.168,4,0.2,25.198,2016,3,4,5,124
0,0,1,1,0,0,0,0,0,0,0,0,0,1,0,0,0,0,0,0,0,0,0,0,0,0,48146,194.32,4,0,31.0912,2015,9,6,3,255
0,0,1,1,0,0,0,0,1,0,0,1,0,0,0,0,0,0,0,0,0,0,0,0,0,0,48146,25.99,1,0,7.5371,2015,9,6,3,255
0,0,1,0,0,0,0,1,0,0,0,0,0,0,1,0,0,0,0,0,0,0,0,0,0,0,97030,195.136,4,0.2,-12.196,2016,11,5,5,124
0,0,1,0,1,1,0,0,1,0,0,0,0,0,0,0,0,0,0,0,0,1,0,0,0,0,19143,20.736,4,0.2,7.2576,2017,9,5,537,587
0,0,1,0,0,0,1,0,0,1,0,0,0,0,0,0,0,0,0,0,0,0,0,0,0,0,71203,53.7,6,0,10.203,2015,6,5,21,42
0,0,1,0,0,0,1,0,1,0,0,0,1,0,0,0,0,0,0,0,0,0,0,0,0,0,71203,36.26,7,0,16.6796,2015,6,5,21,42
0,0,1,0,0,0,1,0,1,0,0,1,0,0,0,0,0,0,0,0,0,0,0,0,0,0,71203,56.3,2,0,15.764,2015,6,5,21,42
0,0,1,0,0,0,1,0,1,0,0,0,0,0,0,0,0,0,0,0,0,1,0,0,0,0,71203,32.4,5,0,15.552,2015,6,5,21,42
0,0,1,0,0,0,1,0,0,0,0,0,0,0,0,0,0,0,1,0,0,0,0,0,0,0,71203,29.16,2,0,10.7892,2015,6,5,21,42
0,0,1,1,0,0,0,1,0,0,0,0,0,0,0,0,0,0,0,0,0,0,0,0,0,1,91104,171.288,3,0.2,-6.4233,2017,10,5,42,2001
0,0,1,0,0,0,1,0,0,0,0,0,0,0,0,0,0,0,1,0,0,0,0,0,0,0,37421,16.72,5,0.2,3.344,2016,5,4,10,183
1,0,0,0,1,0,0,1,1,0,0,0,0,0,0,0,0,0,0,0,0,1,0,0,0,0,90805,12.96,2,0,6.2208,2017,9,1,61,2001
1,0,0,0,1,0,0,1,1,0,0,0,0,0,0,0,1,0,0,0,0,0,0,0,0,0,90805,22.18,2,0,10.8682,2017,9,1,61,2001
1,0,0,0,1,0,0,1,0,0,0,0,0,0,1,0,0,0,0,0,0,0,0,0,0,0,90805,2054.272,8,0.2,256.784,2017,9,1,61,2001
0,1,0,0,0,1,0,0,0,1,0,0,0,0,0,0,0,0,0,0,0,0,1,0,0,0,45373,1022.97,5,0.4,-255.7425,2015,4,2,29,469
0,1,0,0,1,0,0,0,1,0,0,1,0,0,0,0,0,0,0,0,0,0,0,0,0,0,55407,13.9,5,0,3.614,2017,11,4,23,89
0,1,0,0,1,0,0,0,1,0,0,0,0,0,0,0,0,0,0,0,0,1,0,0,0,0,55407,26.38,1,0,12.1348,2017,11,4,23,89
0,0,1,0,0,0,0,1,1,0,0,0,1,0,0,0,0,0,0,0,0,0,0,0,0,0,98105,43.176,7,0.2,13.4925,2014,9,4,428,506
0,0,0,0,1,0,1,0,0,0,0,0,0,0,0,0,0,0,0,0,0,0,0,0,0,1,31907,411.8,2,0,70.006,2017,4,2,222,184
0,0,0,0,1,0,1,0,0,1,0,0,0,0,0,0,0,0,0,0,0,0,0,0,0,0,31907,360,4,0,129.6,2017,4,2,222,184
0,0,1,0,1,0,0,1,0,0,0,0,0,0,0,0,0,0,1,0,0,0,0,0,0,0,83642,41.96,2,0,2.9372,2017,10,5,4,21
0,0,1,0,1,0,0,1,1,0,1,0,0,0,0,0,0,0,0,0,0,0,0,0,0,0,83642,227.84,4,0,66.0736,2017,10,5,4,21
0,0,1,0,1,0,0,1,1,0,0,0,0,0,0,0,0,0,0,0,0,1,0,0,0,0,83642,37.94,2,0,18.2112,2017,10,5,4,21
0,1,0,0,1,0,0,0,0,1,0,0,0,0,0,0,0,0,0,0,0,0,1,0,0,0,48227,517.9,2,0,134.654,2016,4,5,115,255
0,1,0,0,1,0,0,0,1,0,0,0,1,0,0,0,0,0,0,0,0,0,0,0,0,0,48227,5.28,2,0,2.4288,2016,4,5,115,255
0,0,1,1,0,0,0,0,0,1,0,0,0,0,0,1,0,0,0,0,0,0,0,0,0,0,60623,2799.96,5,0.2,874.9875,2015,8,4,314,492
0,1,0,1,0,0,0,1,1,0,0,0,0,0,0,0,1,0,0,0,0,0,0,0,0,0,94110,8.96,2,0,4.3008,2017,10,5,510,2001
0,1,0,1,0,0,0,1,1,0,0,0,0,0,0,0,0,0,0,1,0,0,0,0,0,0,94110,31.5,10,0,15.12,2017,10,5,510,2001
0,1,0,1,0,0,0,1,0,0,0,0,0,0,0,0,0,0,1,0,0,0,0,0,0,0,94110,30.56,2,0,10.3904,2017,10,5,510,2001
0,1,0,1,0,0,0,1,0,0,0,0,0,0,0,0,0,0,0,0,0,0,0,0,0,1,94110,24.368,2,0.2,-3.3506,2017,10,5,510,2001
0,0,1,1,0,1,0,0,0,1,0,0,0,0,0,0,0,0,0,0,0,0,0,0,0,0,43055,119.976,3,0.2,22.4955,2016,11,5,95,469
0,0,1,0,0,0,0,0,1,0,0,0,0,0,0,0,0,0,0,0,0,1,0,0,0,0,75081,26.88,8,0.2,9.744,2017,3,4,157,985
0,0,0,1,0,1,0,0,0,1,0,0,0,0,0,0,0,0,0,0,0,0,1,0,0,0,19711,83.97,3,0,23.5116,2015,11,2,95,96
0,0,0,1,0,1,0,0,0,1,0,0,0,0,0,0,0,0,0,0,0,0,0,0,0,0,19711,104.97,3,0,7.3479,2015,11,2,95,96
0,1,0,0,1,0,0,1,1,0,0,0,0,0,0,0,0,0,0,0,0,0,0,1,0,0,87105,90.8,8,0,25.424,2017,3,5,14,37
0,1,0,0,1,0,0,1,0,1,0,0,0,0,0,0,0,0,0,0,0,0,1,0,0,0,87105,140.736,8,0.2,49.2576,2017,3,5,14,37
0,1,0,0,1,0,0,1,0,1,0,0,0,0,0,0,0,0,0,0,0,0,0,0,0,0,87105,214.95,5,0,88.1295,2017,3,5,14,37
0,1,0,0,1,0,0,1,1,0,0,0,0,0,0,0,0,0,0,0,0,1,0,0,0,0,87105,45.36,7,0,21.7728,2017,3,5,14,37
0,1,0,0,1,0,0,1,1,0,0,0,0,0,0,0,0,0,0,0,0,1,0,0,0,0,87105,288.24,6,0,138.3552,2017,3,5,14,37
1,0,0,0,1,1,0,0,1,0,1,0,0,0,0,0,0,0,0,0,0,0,0,0,0,0,43615,663.936,4,0.2,82.992,2017,11,0,32,469
0,0,1,1,0,1,0,0,1,0,0,0,0,0,0,0,0,0,0,0,0,0,0,1,0,0,19711,2934.33,7,0,792.2691,2014,11,5,95,96
0,0,1,1,0,1,0,0,0,0,0,0,0,0,0,0,0,0,1,0,0,0,0,0,0,0,19711,124.41,3,0,14.9292,2014,11,5,95,96
0,0,1,1,0,1,0,0,1,0,0,1,0,0,0,0,0,0,0,0,0,0,0,0,0,0,19711,57.75,5,0,26.565,2014,11,5,95,96
0,0,0,0,0,0,0,1,1,0,0,0,0,0,0,0,0,0,0,0,0,0,0,1,0,0,90045,114.46,2,0,28.615,2016,1,2,747,2001
0,0,1,0,0,0,0,1,0,0,0,0,0,1,0,0,0,0,0,0,0,0,0,0,0,0,90032,120.666,2,0.15,18.4548,2015,10,5,747,2001
0,0,1,0,1,0,0,0,1,0,0,0,0,0,0,0,0,0,0,0,0,0,0,1,0,0,75217,342.864,3,0.2,38.5722,2014,7,4,157,985
0,0,1,0,1,0,0,0,0,0,0,0,0,0,0,0,0,0,1,0,0,0,0,0,0,0,75217,16.74,5,0.6,-14.229,2014,7,4,157,985
0,0,1,0,1,0,0,0,0,0,0,0,0,0,1,0,0,0,0,0,0,0,0,0,0,0,75217,981.372,2,0.3,-140.196,2014,7,4,157,985
0,0,1,0,1,0,0,1,1,0,0,1,0,0,0,0,0,0,0,0,0,0,0,0,0,0,92037,31.84,8,0,10.5072,2014,5,4,170,2001
0,0,0,0,1,0,0,1,1,0,0,0,0,0,0,0,0,0,0,0,0,1,0,0,0,0,92307,12.96,2,0,6.2208,2017,9,1,9,2001
0,0,0,0,1,0,0,1,0,1,0,0,0,0,0,0,0,0,0,0,0,0,1,0,0,0,92307,43.176,3,0.2,15.1116,2017,9,1,9,2001
0,0,1,0,1,0,1,0,1,0,0,0,1,0,0,0,0,0,0,0,0,0,0,0,0,0,40214,58.34,2,0,28.0032,2017,5,6,57,139
0,0,1,0,1,0,1,0,0,1,0,0,0,0,0,0,0,0,0,0,0,0,1,0,0,0,40214,539.97,3,0,134.9925,2017,5,6,57,139
0,0,1,0,0,1,0,0,1,0,0,0,1,0,0,0,0,0,0,0,0,0,0,0,0,0,10024,3.928,1,0.2,1.3257,2014,1,6,915,1128
0,0,1,0,0,0,0,0,1,0,0,0,1,0,0,0,0,0,0,0,0,0,0,0,0,0,77070,252.784,4,0.8,-417.0936,2017,2,5,377,985
0,0,1,0,0,0,0,0,0,1,0,0,0,0,0,0,0,0,0,0,0,0,0,0,0,0,77070,127.984,2,0.2,15.998,2017,2,5,377,985
0,0,1,0,0,0,0,0,0,0,0,0,0,0,0,0,0,0,1,0,0,0,0,0,0,0,77070,3.984,2,0.6,-2.6892,2017,2,5,377,985
0,0,1,0,0,0,0,0,1,0,1,0,0,0,0,0,0,0,0,0,0,0,0,0,0,0,77070,12.992,2,0.8,-32.48,2017,2,5,377,985
0,1,0,0,1,0,1,0,0,0,0,0,0,0,0,0,0,0,1,0,0,0,0,0,0,0,42420,61,5,0,25.62,2017,3,2,51,139
0,1,0,0,1,0,1,0,0,1,0,0,0,0,0,0,0,0,0,0,0,0,1,0,0,0,42420,671.93,7,0,188.1404,2017,3,2,51,139
0,0,1,0,0,1,0,0,1,0,0,0,1,0,0,0,0,0,0,0,0,0,0,0,0,0,19711,447.86,7,0,219.4514,2016,3,5,95,96
0,0,1,0,0,1,0,0,0,1,0,0,0,0,0,0,0,0,0,0,0,0,1,0,0,0,19711,479.95,5,0,129.5865,2016,3,5,95,96
0,0,1,0,0,1,0,0,1,0,0,0,0,0,0,0,0,0,0,0,0,1,0,0,0,0,19711,166.44,3,0,79.8912,2016,3,5,95,96
1,0,0,0,0,0,0,0,1,0,0,0,0,0,0,0,0,0,0,0,0,0,0,0,1,0,60440,31.68,4,0.2,2.772,2015,8,0,6,492
1,0,0,0,0,0,0,0,1,0,0,0,0,0,0,0,0,0,0,0,0,1,0,0,0,0,60440,10.368,2,0.2,3.6288,2015,8,0,6,492
1,0,0,0,0,0,0,0,1,0,0,0,0,0,0,0,0,1,0,0,0,0,0,0,0,0,60440,12.032,8,0.2,2.256,2015,8,0,6,492
1,0,0,0,0,0,0,0,1,0,1,0,0,0,0,0,0,0,0,0,0,0,0,0,0,0,60440,5.768,2,0.8,-13.5548,2015,8,0,6,492
0,0,1,1,0,0,0,0,1,0,0,0,0,0,0,0,0,0,0,1,0,0,0,0,0,0,76106,33.12,4,0.2,11.592,2017,4,4,27,985
0,0,1,1,0,0,0,0,0,0,0,0,0,1,0,0,0,0,0,0,0,0,0,0,0,0,76106,220.2656,4,0.32,-42.1096,2017,4,4,27,985
0,0,1,0,0,1,0,0,1,0,0,0,1,0,0,0,0,0,0,0,0,0,0,0,0,0,10024,10.776,3,0.2,3.5022,2017,4,5,915,1128
0,0,1,0,0,1,0,0,0,0,0,0,0,1,0,0,0,0,0,0,0,0,0,0,0,0,10024,242.352,3,0.2,9.0882,2017,4,5,915,1128
0,1,0,1,0,1,0,0,1,0,0,0,0,0,0,0,0,0,0,0,0,0,0,0,1,0,2908,695.16,6,0,34.758,2017,12,5,31,56
0,1,0,1,0,1,0,0,0,0,0,0,0,1,0,0,0,0,0,0,0,0,0,0,0,0,2908,220.98,1,0,50.8254,2017,12,5,31,56
0,0,1,0,1,1,0,0,1,0,0,0,1,0,0,0,0,0,0,0,0,0,0,0,0,0,43229,12.957,7,0.7,-9.5018,2016,12,4,222,469
0,0,1,0,0,1,0,0,1,0,0,0,0,0,0,0,0,0,0,0,0,1,0,0,0,0,10024,25.68,6,0,11.556,2017,3,6,915,1128
0,0,1,1,0,0,0,0,1,0,0,0,0,0,0,0,0,0,0,1,0,0,0,0,0,0,77070,15.712,4,0.2,5.6956,2016,7,4,377,985
0,0,1,0,1,0,0,0,1,0,0,0,0,0,0,0,0,0,0,0,0,0,0,1,0,0,60505,298.464,6,0.2,26.1156,2017,7,4,68,492
0,0,1,0,0,0,0,0,1,0,0,0,0,0,0,0,0,0,0,0,0,1,0,0,0,0,65807,21.93,3,0,10.0878,2016,7,5,163,66
0,0,1,0,0,0,0,0,1,0,0,0,0,0,0,0,0,0,0,0,0,0,0,1,0,0,65807,242.94,3,0,4.8588,2016,7,5,163,66
0,0,1,0,0,0,0,0,1,0,0,0,0,0,0,0,0,0,0,0,0,1,0,0,0,0,65807,7.64,1,0,3.7436,2016,7,5,163,66
0,0,1,0,0,0,0,0,1,0,0,0,0,0,0,0,0,0,0,0,0,1,0,0,0,0,65807,51.84,8,0,25.4016,2016,7,5,163,66
0,0,1,0,0,0,0,0,1,0,0,0,0,0,0,0,0,0,0,0,0,0,0,1,0,0,65807,265.17,1,0,47.7306,2016,7,5,163,66
0,0,1,0,0,0,0,1,0,1,0,0,0,0,0,0,0,0,0,0,1,0,0,0,0,0,98105,837.6,3,0.2,62.82,2016,8,7,428,506
0,0,1,0,0,0,0,1,1,0,0,0,0,0,0,0,1,0,0,0,0,0,0,0,0,0,98105,135.9,5,0,63.873,2016,8,7,428,506
0,0,1,0,0,0,0,1,1,0,0,0,0,0,0,0,0,0,0,0,0,1,0,0,0,0,98105,34.68,6,0,16.9932,2016,8,7,428,506
0,0,1,0,0,0,0,1,0,0,0,0,0,0,1,0,0,0,0,0,0,0,0,0,0,0,98105,532.704,6,0.2,-39.9528,2016,8,7,428,506
0,0,1,0,0,0,0,1,1,0,1,0,0,0,0,0,0,0,0,0,0,0,0,0,0,0,98105,43.1,5,0,11.206,2016,8,7,428,506
0,0,1,0,0,0,0,1,1,0,0,0,0,0,0,0,0,0,0,0,0,0,0,0,1,0,98105,15.88,4,0,0.1588,2016,8,7,428,506
0,0,0,1,0,0,1,0,0,0,0,0,0,0,1,0,0,0,0,0,0,0,0,0,0,0,33801,1123.92,5,0.2,-182.637,2015,6,1,22,383
0,0,0,1,0,0,1,0,0,1,0,0,0,0,0,0,0,0,0,0,0,0,1,0,0,0,33801,249.584,2,0.2,31.198,2015,6,1,22,383
0,0,0,1,0,0,1,0,0,0,0,0,0,0,0,0,0,0,1,0,0,0,0,0,0,0,33801,48.672,3,0.2,7.3008,2015,6,1,22,383
0,0,0,1,0,0,1,0,1,0,0,1,0,0,0,0,0,0,0,0,0,0,0,0,0,0,33801,60.768,2,0.2,7.596,2015,6,1,22,383
0,0,0,1,0,0,1,0,1,0,0,0,1,0,0,0,0,0,0,0,0,0,0,0,0,0,33801,78.6,5,0.7,-62.88,2015,6,1,22,383
0,0,0,1,0,0,1,0,1,0,0,0,1,0,0,0,0,0,0,0,0,0,0,0,0,0,33801,3.768,2,0.7,-3.14,2015,6,1,22,383
0,0,0,1,0,0,1,0,1,0,0,0,0,0,0,0,0,0,0,0,0,0,0,1,0,0,33801,1036.624,2,0.2,51.8312,2015,6,1,22,383
0,0,0,1,0,0,1,0,1,0,0,0,0,0,0,0,0,0,0,0,0,0,0,1,0,0,33801,563.808,4,0.2,21.1428,2015,6,1,22,383
0,0,1,0,0,1,0,0,0,1,0,0,0,0,0,0,0,0,0,0,0,0,1,0,0,0,19134,258.528,2,0.4,-47.3968,2017,9,4,537,587
0,0,1,0,0,1,0,0,1,0,0,0,0,0,0,0,0,0,0,0,0,1,0,0,0,0,10011,49.12,4,0,23.0864,2017,10,4,915,1128
0,0,0,0,1,0,0,1,0,0,0,0,0,0,0,0,0,0,1,0,0,0,0,0,0,0,90049,44.46,2,0,14.6718,2014,12,1,747,2001
0,0,0,0,1,0,0,1,0,0,0,0,0,0,1,0,0,0,0,0,0,0,0,0,0,0,90049,241.568,2,0.2,18.1176,2014,12,1,747,2001
0,0,0,0,1,0,0,1,0,1,0,0,0,0,0,0,0,0,0,0,0,0,0,0,0,0,90049,395,5,0,39.5,2014,12,1,747,2001
0,0,0,0,1,0,0,1,0,1,0,0,0,0,0,0,0,0,0,0,0,0,1,0,0,0,90049,627.168,4,0.2,70.5564,2014,12,1,747,2001
0,0,0,1,0,1,0,0,0,0,0,0,0,0,0,0,0,0,1,0,0,0,0,0,0,0,11572,13.28,2,0,6.3744,2014,8,2,30,1128
0,0,0,1,0,1,0,0,1,0,0,0,1,0,0,0,0,0,0,0,0,0,0,0,0,0,11572,12.672,3,0.2,4.4352,2014,8,2,30,1128
0,0,1,0,1,0,0,0,1,0,0,0,1,0,0,0,0,0,0,0,0,0,0,0,0,0,75081,30.56,5,0.8,-45.84,2017,11,6,157,985
0,0,1,0,1,0,0,0,1,0,0,0,0,0,0,0,0,0,0,0,0,0,0,1,0,0,75081,77.952,3,0.2,-15.5904,2017,11,6,157,985
0,0,1,0,1,0,0,0,0,1,0,0,0,0,0,0,0,0,0,0,0,0,1,0,0,0,75081,67.992,1,0.2,8.499,2017,11,6,157,985
0,0,1,0,1,0,0,0,1,0,0,0,0,0,0,0,1,0,0,0,0,0,0,0,0,0,75081,12.224,2,0.2,4.4312,2017,11,6,157,985
0,0,1,0,1,0,0,0,0,1,0,0,0,0,0,0,0,0,0,0,0,0,0,0,0,0,75081,44.784,2,0.2,-0.5598,2017,11,6,157,985
0,0,1,0,1,0,0,0,0,0,0,0,0,0,0,0,0,0,1,0,0,0,0,0,0,0,75081,22.848,3,0.6,-17.7072,2017,11,6,157,985
0,0,0,0,0,1,0,0,1,0,1,0,0,0,0,0,0,0,0,0,0,0,0,0,0,0,10035,206.43,3,0,90.8292,2015,4,3,915,1128
1,0,0,1,0,0,0,0,1,0,0,0,1,0,0,0,0,0,0,0,0,0,0,0,0,0,78207,210.392,2,0.8,-336.6272,2014,12,0,59,985
0,1,0,0,0,1,0,0,0,1,0,0,0,0,0,0,0,0,0,0,0,0,0,0,0,0,45231,119.96,5,0.2,35.988,2017,9,2,17,469
0,1,0,0,0,1,0,0,1,0,0,1,0,0,0,0,0,0,0,0,0,0,0,0,0,0,45231,10.608,6,0.2,0.9282,2017,9,2,17,469
0,0,1,1,0,0,0,0,0,0,0,0,0,0,1,0,0,0,0,0,0,0,0,0,0,0,78745,347.802,7,0.3,-24.843,2016,9,6,39,985
0,1,0,1,0,0,0,1,0,0,0,0,0,0,1,0,0,0,0,0,0,0,0,0,0,0,98105,963.136,4,0.2,108.3528,2017,2,2,428,506
0,1,0,1,0,0,0,1,0,1,0,0,0,0,0,0,0,0,0,0,0,0,1,0,0,0,98105,88.776,3,0.2,7.7679,2017,2,2,428,506
0,1,0,1,0,0,0,1,1,0,0,1,0,0,0,0,0,0,0,0,0,0,0,0,0,0,90004,32.4,5,0,10.368,2014,6,3,747,2001
0,0,0,0,1,1,0,0,1,0,0,0,0,0,0,0,0,0,0,0,0,1,0,0,0,0,10035,32.4,5,0,15.552,2016,6,3,915,1128
0,0,1,0,0,0,0,1,1,0,0,0,0,0,0,0,0,0,0,1,0,0,0,0,0,0,98103,31.05,3,0,14.904,2014,12,5,428,506
0,0,0,0,0,1,0,0,0,1,0,0,0,0,0,0,0,0,0,0,0,0,0,0,0,0,43055,2025.36,6,0.2,607.608,2015,12,3,95,469
0,0,0,0,0,1,0,0,0,1,0,0,0,0,0,0,0,0,0,0,1,0,0,0,0,0,43055,1799.994,2,0.7,-2639.9912,2015,12,3,95,469
0,0,0,0,0,1,0,0,0,1,0,0,0,0,0,0,0,0,0,0,0,0,1,0,0,0,43055,101.988,2,0.4,-16.998,2015,12,3,95,469
0,0,0,0,0,1,0,0,0,0,0,0,0,0,0,0,0,0,1,0,0,0,0,0,0,0,43055,262.864,7,0.2,69.0018,2015,12,3,95,469
0,0,1,1,0,0,0,0,1,0,0,0,1,0,0,0,0,0,0,0,0,0,0,0,0,0,55369,735.98,2,0,331.191,2017,7,4,4,89
0,1,0,0,1,0,0,1,1,0,0,0,0,0,0,0,0,0,0,0,0,1,0,0,0,0,85301,93.024,3,0.2,33.7212,2014,8,2,23,224
0,0,1,1,0,1,0,0,0,0,0,0,0,0,0,0,0,0,0,0,0,0,0,0,0,1,10009,284.364,2,0.4,-75.8304,2015,8,4,915,1128
0,0,1,1,0,1,0,0,0,1,0,0,0,0,0,0,0,0,0,0,0,0,0,0,0,0,10009,26,2,0,11.7,2015,8,4,915,1128
0,0,0,0,0,0,1,0,1,0,0,0,0,0,0,0,0,0,0,0,0,0,0,1,0,0,28540,67.64,5,0.2,5.9185,2016,3,1,125,249
0,0,0,0,0,0,1,0,0,1,0,0,0,0,0,0,0,0,0,0,0,0,0,0,0,0,28540,119.976,3,0.2,-17.9964,2016,3,1,125,249
0,1,0,0,0,0,0,0,1,0,0,0,1,0,0,0,0,0,0,0,0,0,0,0,0,0,77070,5.18,5,0.8,-8.029,2014,9,4,377,985
0,0,1,0,0,0,0,1,1,0,0,0,0,0,0,0,1,0,0,0,0,0,0,0,0,0,94109,15.56,2,0,7.3132,2014,9,4,510,2001
0,0,1,0,0,0,0,1,1,0,0,0,0,0,0,0,1,0,0,0,0,0,0,0,0,0,94109,78.35,5,0,36.8245,2014,9,4,510,2001
0,0,1,0,0,0,0,1,1,0,0,1,0,0,0,0,0,0,0,0,0,0,0,0,0,0,94109,59.52,3,0,15.4752,2014,9,4,510,2001
0,0,1,0,0,0,0,1,1,0,0,0,0,0,0,0,0,0,0,0,0,1,0,0,0,0,94109,38.52,9,0,17.334,2014,9,4,510,2001
0,0,1,0,0,0,0,1,0,1,0,0,0,0,0,0,0,0,0,0,0,0,1,0,0,0,94109,239.984,2,0.2,23.9984,2014,9,4,510,2001
0,0,1,0,0,0,0,1,1,0,0,0,0,0,0,0,0,0,0,0,0,1,0,0,0,0,94109,19.35,3,0,9.4815,2014,9,4,510,2001
0,0,0,0,0,0,0,0,0,0,0,0,0,0,0,0,0,0,1,0,0,0,0,0,0,0,48911,67,5,0,32.16,2016,10,2,8,255
0,0,1,1,0,0,1,0,0,0,0,0,0,0,1,0,0,0,0,0,0,0,0,0,0,0,32303,390.272,8,0.2,-24.392,2016,5,6,17,383
0,0,1,1,0,0,1,0,1,0,0,0,0,0,0,0,0,0,0,0,0,1,0,0,0,0,32303,62.192,13,0.2,19.435,2016,5,6,17,383
0,1,0,0,0,0,1,0,1,0,0,0,1,0,0,0,0,0,0,0,0,0,0,0,0,0,29203,23.88,6,0,11.2236,2017,12,5,81,42
0,0,1,0,0,0,0,0,1,0,0,0,1,0,0,0,0,0,0,0,0,0,0,0,0,0,60623,3.168,2,0.8,-4.752,2016,3,7,314,492
0,0,1,0,0,0,0,0,0,0,0,0,0,0,1,0,0,0,0,0,0,0,0,0,0,0,60623,528.43,5,0.3,0,2016,3,7,314,492
0,0,1,0,0,0,0,0,1,0,0,1,0,0,0,0,0,0,0,0,0,0,0,0,0,0,60623,13.392,3,0.2,1.5066,2016,3,7,314,492
0,0,1,0,0,0,0,0,1,0,0,1,0,0,0,0,0,0,0,0,0,0,0,0,0,0,48227,181.86,7,0,50.9208,2017,11,7,115,255
0,0,1,0,0,0,0,1,0,0,0,0,0,1,0,0,0,0,0,0,0,0,0,0,0,0,80525,180.588,2,0.7,-240.784,2017,9,6,7,182
0,0,1,0,0,0,0,1,0,1,0,0,0,0,0,0,0,0,0,0,0,0,0,0,0,0,80525,47.984,2,0.2,0.5998,2017,9,6,7,182
1,0,0,0,0,1,0,0,1,0,0,0,0,0,0,0,0,0,0,0,0,1,0,0,0,0,10024,18.76,2,0,9.0048,2017,9,0,915,1128
0,0,1,1,0,1,0,0,0,0,0,0,0,0,0,0,0,0,1,0,0,0,0,0,0,0,10011,20.94,3,0,6.0726,2017,12,6,915,1128
0,0,1,1,0,1,0,0,0,0,0,0,0,0,0,0,0,0,1,0,0,0,0,0,0,0,10011,58.68,2,0,18.1908,2017,12,6,915,1128
0,0,1,1,0,1,0,0,1,0,1,0,0,0,0,0,0,0,0,0,0,0,0,0,0,0,10011,254.9,5,0,68.823,2017,12,6,915,1128
0,1,0,1,0,1,0,0,1,0,0,0,1,0,0,0,0,0,0,0,0,0,0,0,0,0,21044,9.64,2,0,4.4344,2017,11,3,81,105
0,1,0,1,0,1,0,0,0,1,0,0,0,0,0,0,0,0,0,0,0,0,0,0,0,0,21044,826.62,3,0,355.4466,2017,11,3,81,105
0,1,0,1,0,1,0,0,1,0,0,0,0,0,0,0,0,0,0,0,0,0,0,1,0,0,21044,1633.14,9,0,473.6106,2017,11,3,81,105
0,1,0,1,0,1,0,0,1,0,0,0,0,0,0,0,0,0,0,0,0,0,0,1,0,0,21044,544.38,3,0,157.8702,2017,11,3,81,105
0,0,0,1,0,0,0,0,1,0,0,0,1,0,0,0,0,0,0,0,0,0,0,0,0,0,77041,26.046,3,0.8,-44.2782,2014,11,2,377,985
0,0,0,1,0,0,0,0,1,0,0,0,0,0,0,0,1,0,0,0,0,0,0,0,0,0,77041,74.352,3,0.2,26.9526,2014,11,2,377,985
0,0,1,1,0,1,0,0,0,1,0,0,0,0,0,0,0,0,0,0,0,0,1,0,0,0,1852,69.93,7,0,32.1678,2017,3,5,16,135
0,1,0,1,0,0,0,1,1,0,0,0,0,0,0,0,0,0,0,1,0,0,0,0,0,0,95695,3.75,1,0,1.8,2017,10,2,3,2001
0,1,0,1,0,0,0,1,1,0,0,0,1,0,0,0,0,0,0,0,0,0,0,0,0,0,95695,20.928,4,0.2,7.5864,2017,10,2,3,2001
0,0,1,0,1,0,0,0,1,0,0,0,0,0,0,0,0,0,0,0,0,0,0,1,0,0,60610,12.672,3,0.2,-3.168,2015,12,5,314,492
0,0,1,1,0,1,0,0,0,1,0,0,0,0,0,0,0,0,0,0,0,0,1,0,0,0,10035,65.99,1,0,17.1574,2017,10,6,915,1128
0,0,1,1,0,0,0,0,1,0,0,0,1,0,0,0,0,0,0,0,0,0,0,0,0,0,77489,6.37,7,0.8,-9.555,2017,6,4,1,985
0,0,0,0,0,0,0,0,1,0,0,0,1,0,0,0,0,0,0,0,0,0,0,0,0,0,77036,3.648,3,0.8,-6.0192,2014,9,3,377,985
0,0,0,0,0,0,0,0,1,0,0,0,0,0,0,0,0,0,0,0,0,1,0,0,0,0,77036,31.104,6,0.2,10.8864,2014,9,3,377,985
0,0,1,0,1,0,1,0,1,0,0,0,0,0,0,0,0,1,0,0,0,0,0,0,0,0,39212,23.34,3,0,0.2334,2016,8,5,82,53
0,0,1,1,0,1,0,0,0,1,0,0,0,0,0,0,0,0,0,0,0,0,1,0,0,0,10009,29.97,3,0,14.0859,2017,7,6,915,1128
1,0,0,0,0,0,0,1,1,0,0,0,1,0,0,0,0,0,0,0,0,0,0,0,0,0,85281,3.366,3,0.7,-2.244,2015,7,0,13,224
0,0,1,0,0,0,1,0,0,1,0,0,0,0,0,0,0,0,0,0,0,0,1,0,0,0,28540,95.968,4,0.2,9.5968,2014,12,6,125,249
0,0,1,1,0,1,0,0,1,0,0,1,0,0,0,0,0,0,0,0,0,0,0,0,0,0,19134,18.704,7,0.2,2.338,2017,12,4,537,587
0,1,0,0,0,1,0,0,0,0,0,0,0,0,0,0,0,0,1,0,0,0,0,0,0,0,44312,149.232,3,0.2,3.7308,2014,5,2,21,469
0,1,0,0,0,1,0,0,1,0,0,0,0,0,0,0,0,0,0,0,0,1,0,0,0,0,44312,15.936,4,0.2,5.7768,2014,5,2,21,469
0,0,1,0,0,0,0,1,0,1,0,0,0,0,0,0,0,0,0,0,0,0,1,0,0,0,92037,601.536,8,0.2,60.1536,2014,11,6,170,2001
0,0,1,0,0,0,0,1,0,1,0,0,0,0,0,0,0,0,0,0,0,0,0,0,0,0,92037,10.99,1,0,4.2861,2014,11,6,170,2001
0,0,1,0,0,0,0,1,0,0,0,0,0,0,0,0,0,0,1,0,0,0,0,0,0,0,92037,39.88,2,0,11.1664,2014,11,6,170,2001
0,0,1,0,0,0,0,1,1,0,0,0,0,0,0,0,0,0,0,0,0,1,0,0,0,0,92037,62.24,8,0,28.008,2014,11,6,170,2001
0,0,1,0,0,0,0,1,0,0,0,0,0,0,0,0,0,0,1,0,0,0,0,0,0,0,92037,53.2,5,0,14.896,2014,11,6,170,2001
0,0,1,0,0,0,0,1,1,0,0,0,0,0,0,0,0,0,0,1,0,0,0,0,0,0,92037,39.84,8,0,18.3264,2014,11,6,170,2001
0,0,1,1,0,0,0,1,0,1,0,0,0,0,0,0,0,0,0,0,0,0,0,0,0,0,93727,349.95,5,0,118.983,2016,1,6,26,2001
0,0,1,1,0,0,0,1,0,1,0,0,0,0,0,0,0,0,0,0,0,0,1,0,0,0,93727,377.928,9,0.2,141.723,2016,1,6,26,2001
0,0,1,1,0,0,0,0,1,0,0,0,0,0,0,0,1,0,0,0,0,0,0,0,0,0,77581,13.392,3,0.2,5.022,2017,9,5,3,985
0,0,1,1,0,0,0,0,1,0,0,0,1,0,0,0,0,0,0,0,0,0,0,0,0,0,77581,11.228,7,0.8,-18.5262,2017,9,5,3,985
0,0,1,0,0,0,0,0,1,0,1,0,0,0,0,0,0,0,0,0,0,0,0,0,0,0,47374,207.24,11,0,58.0272,2014,12,5,90,149
0,0,1,1,0,1,0,0,1,0,0,1,0,0,0,0,0,0,0,0,0,0,0,0,0,0,19134,1.504,1,0.2,0.1692,2016,5,6,537,587
0,0,1,1,0,1,0,0,1,0,1,0,0,0,0,0,0,0,0,0,0,0,0,0,0,0,19134,34.848,2,0.2,6.534,2016,5,6,537,587
0,0,0,0,0,0,0,1,1,0,0,0,0,0,0,0,0,0,0,1,0,0,0,0,0,0,94403,75.18,6,0,35.3346,2017,7,2,1,2001
0,0,1,0,0,0,0,1,0,1,0,0,0,0,0,0,0,0,0,0,0,0,0,0,0,0,94601,149.97,3,0,52.4895,2014,5,4,26,2001
0,0,1,1,0,1,0,0,1,0,0,0,1,0,0,0,0,0,0,0,0,0,0,0,0,0,10024,931.176,3,0.2,314.2719,2017,11,6,915,1128
0,0,1,1,0,1,0,0,0,1,0,0,0,0,0,0,0,0,0,0,0,0,1,0,0,0,10024,430.88,2,0,124.9552,2017,11,6,915,1128
0,0,1,1,0,1,0,0,1,0,0,0,0,0,0,0,0,0,0,0,0,1,0,0,0,0,8701,94.85,5,0,45.528,2015,10,6,49,130
0,0,1,1,0,1,0,0,1,0,0,0,0,0,0,0,1,0,0,0,0,0,0,0,0,0,8701,51.12,4,0,23.004,2015,10,6,49,130
0,0,1,1,0,1,0,0,0,1,0,0,0,0,0,0,0,0,0,0,0,0,0,0,0,0,8701,90,1,0,32.4,2015,10,6,49,130
0,0,0,1,0,0,0,1,1,0,0,0,0,0,0,0,0,0,0,0,0,1,0,0,0,0,85281,9.408,2,0.2,3.4104,2014,10,3,13,224
0,0,0,1,0,0,0,1,1,0,0,0,0,0,0,0,0,1,0,0,0,0,0,0,0,0,85281,4.672,2,0.2,1.46,2014,10,3,13,224
0,0,0,1,0,0,0,1,0,1,0,0,0,0,0,0,0,0,0,0,0,0,1,0,0,0,85281,318.4,2,0.2,107.46,2014,10,3,13,224
0,0,0,1,0,0,0,1,1,0,0,0,0,0,0,0,1,0,0,0,0,0,0,0,0,0,85281,12.768,6,0.2,4.6284,2014,10,3,13,224
0,0,0,1,0,0,0,1,1,0,0,0,0,0,0,0,0,0,0,0,0,0,0,0,1,0,85281,15.36,2,0.2,-3.264,2014,10,3,13,224
0,0,0,1,0,0,0,1,0,1,0,0,0,0,0,0,0,0,0,0,0,0,1,0,0,0,85281,230.376,3,0.2,20.1579,2014,10,3,13,224
0,0,0,1,0,0,0,1,0,1,0,0,0,0,0,0,0,0,0,0,0,0,0,0,0,0,85281,7.16,1,0.2,-0.0895,2014,10,3,13,224
0,0,1,0,0,1,0,0,1,0,0,0,0,0,0,0,0,0,0,0,0,0,0,1,0,0,10035,375.34,1,0,18.767,2014,8,5,915,1128
0,1,0,0,0,1,0,0,0,0,0,0,0,0,0,0,0,0,1,0,0,0,0,0,0,0,10009,114.9,5,0,39.066,2017,9,4,915,1128
0,0,1,0,0,0,0,0,1,0,0,0,1,0,0,0,0,0,0,0,0,0,0,0,0,0,77095,26.046,3,0.8,-44.2782,2017,4,6,377,985
0,0,1,0,0,0,0,0,1,0,0,0,1,0,0,0,0,0,0,0,0,0,0,0,0,0,77095,2.896,1,0.8,-4.7784,2017,4,6,377,985
0,0,1,0,0,0,0,0,1,0,0,0,0,0,0,0,0,0,0,0,0,0,0,1,0,0,77095,32.544,2,0.2,-7.7292,2017,4,6,377,985
0,0,0,0,0,0,0,1,1,0,0,0,1,0,0,0,0,0,0,0,0,0,0,0,0,0,92503,3.984,1,0.2,1.3944,2016,4,3,14,2001
1,0,0,0,0,1,0,0,0,0,0,0,0,0,0,0,0,0,0,0,0,0,0,0,0,1,6824,181.797,1,0.3,-15.5826,2016,1,0,45,82
1,0,0,0,0,1,0,0,1,0,0,0,0,0,0,0,0,0,0,0,0,0,0,1,0,0,10024,44.94,3,0,12.5832,2016,5,0,915,1128
1,0,0,0,0,1,0,0,1,0,0,0,1,0,0,0,0,0,0,0,0,0,0,0,0,0,10024,45.576,3,0.2,15.9516,2016,5,0,915,1128
0,0,1,1,0,0,0,0,0,0,0,0,0,0,1,0,0,0,0,0,0,0,0,0,0,0,77095,318.43,5,0.3,-77.333,2016,11,7,377,985
0,0,1,1,0,0,0,0,0,1,0,0,0,0,0,0,0,0,0,0,0,0,1,0,0,0,77095,122.92,7,0.2,46.095,2016,11,7,377,985
0,0,1,1,0,0,0,0,0,0,0,0,0,0,0,0,0,0,1,0,0,0,0,0,0,0,77095,7.068,3,0.6,-2.8272,2016,11,7,377,985
0,0,0,1,0,0,1,0,1,0,0,0,0,0,0,0,0,0,0,0,0,0,0,1,0,0,22204,56.45,5,0,14.677,2016,2,2,60,224
0,1,0,0,0,0,0,0,1,0,0,0,1,0,0,0,0,0,0,0,0,0,0,0,0,0,60623,13.468,13,0.8,-22.8956,2017,3,5,314,492
0,0,1,0,0,0,0,0,0,1,0,0,0,0,0,0,0,0,0,0,0,0,1,0,0,0,75051,219.8,5,0.2,24.7275,2017,12,4,13,985
0,0,1,0,0,0,0,0,0,0,0,0,0,0,1,0,0,0,0,0,0,0,0,0,0,0,75051,317.058,3,0.3,-18.1176,2017,12,4,13,985
0,1,0,1,0,0,0,1,0,1,0,0,0,0,0,0,0,0,0,0,0,0,0,0,0,0,98103,49.08,3,0,4.908,2017,12,2,428,506
0,1,0,1,0,0,0,1,1,0,0,0,0,0,0,0,0,0,0,0,0,0,0,1,0,0,98103,324.9,5,0,38.988,2017,12,2,428,506
0,1,0,1,0,0,0,1,1,0,0,1,0,0,0,0,0,0,0,0,0,0,0,0,0,0,98103,18.24,3,0,5.2896,2017,12,2,428,506
0,0,1,0,1,0,0,1,0,0,0,0,0,0,1,0,0,0,0,0,0,0,0,0,0,0,98103,113.888,2,0.2,9.9652,2016,9,4,428,506
0,0,1,0,1,0,0,1,0,1,0,0,0,0,0,0,0,0,0,0,0,0,1,0,0,0,98103,105.584,2,0.2,7.9188,2016,9,4,428,506
0,0,1,1,0,0,0,0,1,0,0,0,0,0,0,0,0,1,0,0,0,0,0,0,0,0,49505,24.85,7,0,11.6795,2016,12,6,7,255
0,0,0,0,0,1,0,0,0,0,0,0,0,0,0,0,0,0,1,0,0,0,0,0,0,0,19120,60.312,3,0.2,5.2773,2017,4,2,537,587
0,1,0,0,1,0,0,0,1,0,0,1,0,0,0,0,0,0,0,0,0,0,0,0,0,0,60610,7.056,3,0.2,2.205,2017,10,3,314,492
0,1,0,0,1,0,0,0,0,1,0,0,0,0,0,0,0,0,0,0,0,0,1,0,0,0,60610,27.184,2,0.2,2.0388,2017,10,3,314,492
0,0,1,0,0,0,0,1,0,1,0,0,0,0,0,0,0,0,0,0,0,0,1,0,0,0,98105,107.984,1,0.2,9.4486,2016,7,6,428,506
0,0,1,0,0,0,0,1,1,0,0,0,1,0,0,0,0,0,0,0,0,0,0,0,0,0,98105,19.296,3,0.2,6.03,2016,7,6,428,506
0,0,1,1,0,0,1,0,1,0,0,0,0,0,0,0,0,0,0,1,0,0,0,0,0,0,32216,4.608,2,0.2,1.6704,2015,8,5,125,383
0,1,0,1,0,0,1,0,0,0,0,0,0,0,0,0,0,0,0,0,0,0,0,0,0,1,37064,79.974,3,0.4,-29.3238,2016,12,5,37,183
0,1,0,1,0,0,1,0,1,0,0,0,1,0,0,0,0,0,0,0,0,0,0,0,0,0,37064,2.946,2,0.7,-2.0622,2016,12,5,37,183
0,0,1,0,1,0,0,0,1,0,0,0,1,0,0,0,0,0,0,0,0,0,0,0,0,0,60035,3.136,2,0.8,-4.704,2016,11,4,7,492
0,0,0,1,0,0,0,0,1,0,0,0,0,0,0,0,0,0,0,0,0,1,0,0,0,0,77506,20.736,4,0.2,7.2576,2014,11,1,42,985
0,0,0,1,0,0,0,1,0,1,0,0,0,0,0,0,0,0,0,0,0,0,0,0,0,0,94109,99.98,2,0,7.9984,2014,11,2,510,2001
0,0,0,1,0,0,0,1,1,0,0,0,0,0,0,0,0,0,0,0,0,1,0,0,0,0,94109,733.95,7,0,352.296,2014,11,2,510,2001
0,0,0,1,0,0,0,1,1,0,1,0,0,0,0,0,0,0,0,0,0,0,0,0,0,0,94109,241.44,3,0,72.432,2014,11,2,510,2001
0,1,0,1,0,0,1,0,1,0,0,0,0,0,0,0,0,0,0,1,0,0,0,0,0,0,33180,10.08,4,0.2,3.528,2016,3,4,57,383
0,0,1,0,0,1,0,0,1,0,0,0,0,0,0,0,0,0,0,0,0,0,0,1,0,0,19120,281.904,2,0.2,10.5714,2014,10,4,537,587
0,0,1,0,0,1,0,0,1,0,0,0,0,0,0,0,1,0,0,0,0,0,0,0,0,0,19120,201.432,3,0.2,67.9833,2014,10,4,537,587
0,0,1,0,0,0,1,0,0,1,0,0,0,0,0,0,0,0,0,0,0,0,1,0,0,0,35601,135.98,2,0,33.995,2014,5,7,35,61
0,0,1,0,0,0,1,0,0,1,0,0,0,0,0,0,0,0,0,0,0,0,1,0,0,0,35601,44.95,1,0,12.586,2014,5,7,35,61
0,0,1,1,0,0,0,0,0,1,0,0,0,0,0,0,0,0,0,0,0,0,0,0,0,0,57103,2.97,3,0,1.3068,2014,7,4,9,12
0,0,1,1,0,0,0,0,1,0,0,0,0,0,0,0,0,1,0,0,0,0,0,0,0,0,57103,6.54,3,0,2.6814,2014,7,4,9,12
0,1,0,1,0,0,0,1,0,1,0,0,0,0,0,0,0,0,0,0,0,0,0,0,0,0,93277,7.92,8,0,3.4848,2015,12,2,4,2001
0,0,1,0,0,0,0,1,0,0,0,0,0,0,1,0,0,0,0,0,0,0,0,0,0,0,90049,203.92,5,0.2,22.941,2015,2,7,747,2001
0,0,1,0,1,0,0,1,0,1,0,0,0,0,0,1,0,0,0,0,0,0,0,0,0,0,90032,3359.952,6,0.2,1049.985,2017,5,4,747,2001
0,0,1,1,0,0,0,0,1,0,0,0,0,0,0,0,0,1,0,0,0,0,0,0,0,0,66212,18.24,3,0,9.12,2017,11,4,6,24
0,0,1,1,0,0,0,0,1,0,0,1,0,0,0,0,0,0,0,0,0,0,0,0,0,0,66212,27.78,6,0,9.1674,2017,11,4,6,24
0,1,0,1,0,0,1,0,1,0,0,1,0,0,0,0,0,0,0,0,0,0,0,0,0,0,22304,22.96,7,0,7.5768,2014,4,4,16,224
0,1,0,1,0,0,1,0,0,1,0,0,0,0,0,0,0,0,0,0,0,0,1,0,0,0,22304,28.99,1,0,8.4071,2014,4,4,16,224
0,1,0,1,0,0,1,0,1,0,0,0,0,0,0,0,0,0,0,0,0,1,0,0,0,0,22304,12.96,2,0,6.3504,2014,4,4,16,224
0,1,0,1,0,0,1,0,1,0,0,1,0,0,0,0,0,0,0,0,0,0,0,0,0,0,22304,22.96,7,0,6.6584,2014,4,4,16,224
0,1,0,1,0,0,1,0,1,0,0,0,0,0,0,0,0,0,0,0,0,0,0,0,1,0,22304,4164.05,5,0,83.281,2014,4,4,16,224
0,0,1,0,0,0,1,0,0,1,0,0,0,0,0,0,0,0,0,0,0,0,0,0,0,0,27604,47.984,2,0.2,13.1956,2014,9,7,22,249
0,0,1,0,0,0,1,0,1,0,0,0,0,0,0,0,0,0,0,0,0,1,0,0,0,0,27604,4.624,1,0.2,1.6762,2014,9,7,22,249
0,0,1,1,0,1,0,0,0,0,0,0,0,0,0,0,0,0,1,0,0,0,0,0,0,0,10035,15.24,3,0,5.1816,2014,9,6,915,1128
0,0,1,0,0,1,0,0,1,0,0,0,1,0,0,0,0,0,0,0,0,0,0,0,0,0,45014,63.924,7,0.7,-46.8776,2014,9,5,45,469
0,0,1,0,1,0,0,0,1,0,0,1,0,0,0,0,0,0,0,0,0,0,0,0,0,0,74403,6.56,2,0,1.9024,2017,2,5,4,66
0,0,1,0,1,0,0,0,1,0,1,0,0,0,0,0,0,0,0,0,0,0,0,0,0,0,74403,13.11,3,0,3.4086,2017,2,5,4,66
0,0,0,0,0,0,0,1,0,1,0,0,0,0,0,0,0,0,0,0,0,0,1,0,0,0,92592,494.376,3,0.2,49.4376,2015,12,2,4,2001
0,0,0,0,0,0,0,1,1,0,0,0,1,0,0,0,0,0,0,0,0,0,0,0,0,0,92592,29.2,5,0.2,9.855,2015,12,2,4,2001
0,0,0,0,0,0,0,1,0,1,0,0,0,0,0,0,0,0,0,0,0,0,0,0,0,0,92592,248.85,5,0,27.3735,2015,12,2,4,2001
0,0,0,0,0,0,0,1,0,1,0,0,0,0,0,0,0,0,0,0,0,0,0,0,0,0,92592,36.24,1,0,15.2208,2015,12,2,4,2001
0,0,1,0,0,0,0,0,1,0,0,1,0,0,0,0,0,0,0,0,0,0,0,0,0,0,48310,11.68,2,0,3.504,2016,10,5,3,255
0,0,1,0,0,0,0,1,1,0,0,0,0,0,0,0,0,0,0,0,0,0,0,0,1,0,92024,11.91,3,0,0.1191,2014,12,4,170,2001
0,0,1,0,0,0,0,1,0,0,0,0,0,0,0,0,0,0,1,0,0,0,0,0,0,0,92024,3.48,2,0,1.1136,2014,12,4,170,2001
0,0,0,0,0,0,0,0,1,0,0,0,1,0,0,0,0,0,0,0,0,0,0,0,0,0,75081,30.96,8,0.8,-52.632,2014,8,3,157,985
0,0,0,0,1,1,0,0,0,1,0,0,0,0,0,0,0,0,0,0,1,0,0,0,0,0,10035,1704.89,11,0,767.2005,2017,10,2,915,1128
0,0,1,0,0,0,0,1,1,0,0,0,1,0,0,0,0,0,0,0,0,0,0,0,0,0,85023,19.194,7,0.7,-12.796,2015,5,7,63,224
0,0,1,0,0,0,0,1,1,0,1,0,0,0,0,0,0,0,0,0,0,0,0,0,0,0,85023,121.792,4,0.2,13.7016,2015,5,7,63,224
1,0,0,1,0,0,0,1,0,1,0,0,0,0,0,0,0,0,0,0,1,0,0,0,0,0,94122,1919.976,3,0.2,215.9973,2017,11,0,510,2001
0,0,1,0,0,1,0,0,1,0,0,0,1,0,0,0,0,0,0,0,0,0,0,0,0,0,19140,50.997,1,0.7,-40.7976,2014,11,4,537,587
0,0,1,0,0,1,0,0,1,0,0,0,0,0,0,0,0,0,0,0,0,0,0,1,0,0,19140,76.792,1,0.2,-16.3183,2014,11,4,537,587
0,0,1,0,0,1,0,0,0,1,0,0,0,0,0,0,0,0,0,0,0,0,1,0,0,0,19140,539.964,6,0.4,-107.9928,2014,11,4,537,587
0,0,1,0,0,1,0,0,0,0,0,0,0,0,0,0,0,0,1,0,0,0,0,0,0,0,19140,60.312,3,0.2,5.2773,2014,11,4,537,587
0,0,1,0,0,1,0,0,1,0,0,0,1,0,0,0,0,0,0,0,0,0,0,0,0,0,19140,1.944,3,0.7,-1.4256,2014,11,4,537,587
0,1,0,1,0,0,0,0,1,0,0,0,0,0,0,0,1,0,0,0,0,0,0,0,0,0,78041,12.984,3,0.2,4.7067,2014,12,2,13,985
0,1,0,1,0,0,0,0,0,1,0,0,0,0,0,0,0,0,0,0,0,0,1,0,0,0,78041,217.584,2,0.2,19.0386,2014,12,2,13,985
0,1,0,1,0,0,0,0,0,1,0,0,0,0,0,0,0,0,0,0,0,0,1,0,0,0,78041,328.776,3,0.2,28.7679,2014,12,2,13,985
0,1,0,1,0,0,0,0,1,0,0,0,1,0,0,0,0,0,0,0,0,0,0,0,0,0,78041,2.286,3,0.8,-3.6576,2014,12,2,13,985
0,1,0,1,0,0,0,0,0,1,0,0,0,0,0,0,0,0,0,0,0,0,0,0,0,0,78041,47.984,2,0.2,14.3952,2014,12,2,13,985
0,0,1,1,0,1,0,0,1,0,0,0,1,0,0,0,0,0,0,0,0,0,0,0,0,0,10009,25.344,6,0.2,8.8704,2015,11,6,915,1128
0,0,1,0,0,1,0,0,1,0,0,0,1,0,0,0,0,0,0,0,0,0,0,0,0,0,10035,232.4,5,0.2,78.435,2016,9,5,915,1128
0,1,0,1,0,0,1,0,0,0,0,0,0,0,0,0,0,0,1,0,0,0,0,0,0,0,39503,86.45,7,0,38.038,2016,3,5,3,53
0,0,1,0,0,0,0,1,0,0,0,0,0,0,1,0,0,0,0,0,0,0,0,0,0,0,92037,603.92,5,0.2,45.294,2014,9,4,170,2001
0,0,1,0,0,0,0,1,1,0,0,0,0,0,0,0,0,0,0,0,0,1,0,0,0,0,92037,81.98,2,0,40.1702,2014,9,4,170,2001
0,0,1,0,0,1,0,0,0,0,0,0,0,0,1,0,0,0,0,0,0,0,0,0,0,0,11572,271.764,2,0.1,48.3136,2017,12,4,30,1128
0,0,1,0,0,1,0,0,1,0,0,0,1,0,0,0,0,0,0,0,0,0,0,0,0,0,11572,14.376,3,0.2,4.8519,2017,12,4,30,1128
0,1,0,1,0,0,0,0,0,0,0,0,0,0,0,0,0,0,1,0,0,0,0,0,0,0,78664,341.96,5,0.6,-427.45,2017,11,5,7,985
0,0,1,0,0,0,0,1,1,0,0,1,0,0,0,0,0,0,0,0,0,0,0,0,0,0,92374,181.35,9,0,48.9645,2015,9,4,16,2001
0,0,1,0,0,0,0,1,1,0,0,0,0,0,0,0,0,0,0,1,0,0,0,0,0,0,92374,8.64,3,0,4.2336,2015,9,4,16,2001
0,0,1,0,0,0,1,0,1,0,1,0,0,0,0,0,0,0,0,0,0,0,0,0,0,0,38401,43.512,7,0.2,3.8073,2014,12,5,81,183
0,0,1,0,0,0,1,0,0,0,0,0,0,0,1,0,0,0,0,0,0,0,0,0,0,0,38401,662.88,3,0.2,74.574,2014,12,5,81,183
0,0,1,0,0,0,1,0,1,0,0,0,0,0,0,0,0,0,0,0,0,1,0,0,0,0,38401,25.92,5,0.2,9.072,2014,12,5,81,183
0,0,1,0,1,1,0,0,1,0,1,0,0,0,0,0,0,0,0,0,0,0,0,0,0,0,10009,68.94,3,0,20.682,2015,7,4,915,1128
0,0,1,0,1,1,0,0,0,0,0,0,0,0,0,0,0,0,1,0,0,0,0,0,0,0,10009,128.82,3,0,50.2398,2015,7,4,915,1128
0,0,1,0,0,0,0,0,1,0,0,0,1,0,0,0,0,0,0,0,0,0,0,0,0,0,77095,896.99,5,0.8,-1480.0335,2014,11,4,377,985
0,0,1,0,0,0,0,0,1,0,0,0,1,0,0,0,0,0,0,0,0,0,0,0,0,0,77095,1.234,1,0.8,-1.9744,2014,11,4,377,985
0,0,1,0,0,0,0,0,1,0,0,1,0,0,0,0,0,0,0,0,0,0,0,0,0,0,77095,67.56,3,0.2,6.756,2014,11,4,377,985
0,0,1,0,0,0,0,0,1,0,0,0,0,0,0,0,0,0,0,0,0,1,0,0,0,0,77095,21.72,5,0.2,7.8735,2014,11,4,377,985
0,0,1,0,0,0,0,0,1,0,0,0,0,0,0,0,0,0,0,0,0,1,0,0,0,0,77095,262.336,8,0.2,95.0968,2014,11,4,377,985
0,0,1,0,0,0,0,0,0,1,0,0,0,0,0,0,0,0,0,0,0,0,1,0,0,0,77095,148.48,2,0.2,16.704,2014,11,4,377,985
0,0,1,0,0,0,0,0,0,1,0,0,0,0,0,0,0,0,0,0,0,0,1,0,0,0,77095,241.176,3,0.2,15.0735,2014,11,4,377,985
0,0,1,0,1,0,0,0,0,1,0,0,0,0,0,0,0,0,0,0,0,0,0,0,0,0,60653,227.976,3,0.2,28.497,2017,12,6,314,492
0,0,1,0,1,0,0,0,0,1,0,0,0,0,0,0,0,0,0,0,0,0,1,0,0,0,60653,52.68,3,0.2,19.755,2017,12,6,314,492
0,0,1,0,1,0,0,0,0,0,0,0,0,0,0,0,0,0,1,0,0,0,0,0,0,0,60653,2.032,1,0.6,-1.3208,2017,12,6,314,492
0,0,0,0,0,0,0,1,1,0,0,1,0,0,0,0,0,0,0,0,0,0,0,0,0,0,94601,17.12,4,0,4.9648,2017,8,1,26,2001
0,0,0,0,0,0,0,1,0,1,0,0,0,0,0,0,0,0,0,0,0,0,1,0,0,0,94601,431.968,4,0.2,37.7972,2017,8,1,26,2001
0,0,0,0,0,0,0,1,0,0,0,0,0,0,0,0,0,0,1,0,0,0,0,0,0,0,94601,129.92,4,0,10.3936,2017,8,1,26,2001
0,0,0,0,0,0,0,1,0,0,0,0,0,0,0,0,0,0,0,0,0,0,0,0,0,1,94601,568.728,3,0.2,28.4364,2017,8,1,26,2001
0,0,0,0,0,0,0,1,1,0,0,0,1,0,0,0,0,0,0,0,0,0,0,0,0,0,94601,117.144,9,0.2,42.4647,2017,8,1,26,2001
0,0,0,0,0,0,0,1,1,0,1,0,0,0,0,0,0,0,0,0,0,0,0,0,0,0,94601,203.52,3,0,54.9504,2017,8,1,26,2001
0,0,0,0,0,0,0,1,1,0,0,0,0,0,0,0,0,0,0,1,0,0,0,0,0,0,94601,51.75,5,0,24.84,2017,8,1,26,2001
0,1,0,0,0,1,0,0,1,0,0,0,0,0,0,0,0,0,0,0,0,1,0,0,0,0,2169,122.97,3,0,60.2553,2016,8,5,20,135
0,1,0,0,0,1,0,0,0,0,0,0,0,0,0,0,0,0,0,0,0,0,0,0,0,1,2169,244.615,1,0.3,20.967,2016,8,5,20,135
0,1,0,0,0,1,0,0,0,1,0,0,0,0,0,0,0,0,0,0,0,0,1,0,0,0,2169,59.97,3,0,28.7856,2016,8,5,20,135
0,1,0,0,0,1,0,0,1,0,0,0,0,0,0,0,0,0,0,0,0,1,0,0,0,0,2169,81.54,9,0,36.693,2016,8,5,20,135
0,1,0,0,0,1,0,0,1,0,0,0,0,0,0,0,0,1,0,0,0,0,0,0,0,0,2169,11.68,4,0,5.256,2016,8,5,20,135
0,1,0,0,0,1,0,0,1,0,0,0,1,0,0,0,0,0,0,0,0,0,0,0,0,0,2169,29,5,0,13.92,2016,8,5,20,135
0,0,1,1,0,0,0,1,1,0,0,1,0,0,0,0,0,0,0,0,0,0,0,0,0,0,92399,50.8,5,0,13.208,2015,8,7,1,2001
0,0,0,1,0,0,0,0,1,0,0,0,1,0,0,0,0,0,0,0,0,0,0,0,0,0,60623,16.03,5,0.8,-25.648,2017,11,2,314,492
0,0,1,0,0,0,0,1,1,0,0,0,1,0,0,0,0,0,0,0,0,0,0,0,0,0,98105,15.712,4,0.2,5.6956,2016,8,4,428,506
0,0,1,0,0,1,0,0,0,1,0,0,0,0,0,0,0,0,0,0,0,0,0,0,0,0,10024,89.97,3,0,18.8937,2016,12,5,915,1128
0,0,1,1,0,0,0,1,0,0,0,0,0,1,0,0,0,0,0,0,0,0,0,0,0,0,92037,435.999,3,0.15,20.5176,2014,9,5,170,2001
0,0,1,1,0,0,0,1,0,1,0,0,0,0,0,0,0,0,0,0,0,0,1,0,0,0,92037,83.984,2,0.2,31.494,2014,9,5,170,2001
0,0,1,1,0,1,0,0,0,1,0,0,0,0,0,0,0,0,0,0,0,0,1,0,0,0,6010,359.98,2,0,93.5948,2014,7,5,13,82
0,0,1,1,0,1,0,0,0,0,0,0,0,0,0,0,0,0,0,0,0,0,0,0,0,1,6010,70.56,1,0.3,-4.032,2014,7,5,13,82
0,0,1,1,0,1,0,0,1,0,0,0,1,0,0,0,0,0,0,0,0,0,0,0,0,0,6010,20.88,2,0,9.6048,2014,7,5,13,82
0,0,1,1,0,1,0,0,1,0,0,0,1,0,0,0,0,0,0,0,0,0,0,0,0,0,6010,3.81,1,0,1.8288,2014,7,5,13,82
0,0,1,0,1,0,0,0,1,0,0,0,0,0,0,0,0,0,0,0,0,1,0,0,0,0,60610,73.008,9,0.2,26.4654,2017,9,6,314,492
0,0,1,0,0,0,0,0,1,0,0,0,1,0,0,0,0,0,0,0,0,0,0,0,0,0,60610,3.208,2,0.8,-5.2932,2016,5,4,314,492
0,0,1,0,0,0,0,0,0,1,0,0,0,0,0,0,0,0,0,0,0,0,0,0,0,0,60610,26.176,2,0.2,-3.272,2016,5,4,314,492
0,1,0,0,1,1,0,0,1,0,0,0,0,0,0,0,0,0,0,0,0,1,0,0,0,0,10024,30.44,4,0,14.3068,2015,6,4,915,1128
0,1,0,0,1,1,0,0,0,0,0,0,0,0,0,0,0,0,1,0,0,0,0,0,0,0,10024,35.28,3,0,11.9952,2015,6,4,915,1128
0,0,1,0,1,1,0,0,1,0,0,0,0,0,0,0,0,0,0,0,0,1,0,0,0,0,2151,19.44,3,0,9.3312,2015,12,7,7,135
0,0,1,0,1,1,0,0,1,0,0,0,1,0,0,0,0,0,0,0,0,0,0,0,0,0,2151,37.88,2,0,18.94,2015,12,7,7,135
0,1,0,1,0,0,0,0,0,0,0,0,0,0,0,0,0,0,1,0,0,0,0,0,0,0,77036,9.552,3,0.6,-3.8208,2016,7,2,377,985
0,0,0,0,0,0,0,1,0,0,0,0,0,1,0,0,0,0,0,0,0,0,0,0,0,0,92691,290.666,2,0.15,3.4196,2014,1,2,5,2001
0,0,1,1,0,0,0,0,1,0,0,0,0,0,0,0,0,0,0,0,0,1,0,0,0,0,75217,10.368,2,0.2,3.6288,2014,7,6,157,985
0,0,1,1,0,0,0,0,1,0,0,0,0,0,0,0,0,0,0,0,0,1,0,0,0,0,75217,14.352,3,0.2,4.485,2014,7,6,157,985
0,0,1,0,0,0,0,1,0,0,0,0,0,1,0,0,0,0,0,0,0,0,0,0,0,0,89115,141.96,2,0,41.1684,2015,11,4,13,39
0,0,1,0,0,0,0,1,1,0,0,0,1,0,0,0,0,0,0,0,0,0,0,0,0,0,89115,66.048,4,0.2,23.1168,2015,11,4,13,39
1,0,0,0,0,0,0,0,0,1,0,0,0,0,0,0,0,0,0,0,0,0,0,0,0,0,73071,1287.45,5,0,244.6155,2016,3,0,2,66
0,0,1,0,0,0,0,1,1,0,0,0,1,0,0,0,0,0,0,0,0,0,0,0,0,0,94122,25.824,6,0.2,9.0384,2017,9,7,510,2001
0,0,1,0,0,0,0,1,1,0,1,0,0,0,0,0,0,0,0,0,0,0,0,0,0,0,94122,160.96,2,0,48.288,2017,9,7,510,2001
0,0,1,0,0,1,0,0,0,0,0,0,0,0,0,0,0,0,1,0,0,0,0,0,0,0,11550,28.44,3,0,11.376,2015,12,6,11,1128
0,0,1,0,0,1,0,0,0,0,0,0,0,0,1,0,0,0,0,0,0,0,0,0,0,0,11550,364.41,5,0.1,8.098,2015,12,6,11,1128
0,0,1,0,0,1,0,0,0,1,0,0,0,0,0,0,0,0,0,0,0,0,1,0,0,0,11550,39.96,4,0,10.3896,2015,12,6,11,1128
0,0,1,0,0,1,0,0,0,0,0,0,0,0,1,0,0,0,0,0,0,0,0,0,0,0,11550,361.764,2,0.1,68.3332,2015,12,6,11,1128
0,0,0,1,0,0,0,0,1,0,0,0,0,0,0,0,0,0,0,0,0,0,0,1,0,0,77301,111.672,9,0.2,6.9795,2016,11,3,1,985
0,0,1,0,1,0,0,0,1,0,0,0,1,0,0,0,0,0,0,0,0,0,0,0,0,0,77095,13.776,6,0.8,-22.0416,2017,3,4,377,985
0,0,1,0,1,0,0,0,1,0,0,0,0,0,0,0,0,0,0,0,0,1,0,0,0,0,77095,10.272,3,0.2,3.21,2017,3,4,377,985
0,0,0,0,0,1,0,0,0,0,0,0,0,0,0,0,0,0,1,0,0,0,0,0,0,0,19120,24.048,9,0.2,7.2144,2017,11,1,537,587
0,0,0,1,0,0,1,0,1,0,0,0,0,0,0,0,1,0,0,0,0,0,0,0,0,0,33614,2.896,1,0.2,0.9774,2017,8,3,36,383
0,1,0,0,0,1,0,0,1,0,0,0,0,0,0,0,1,0,0,0,0,0,0,0,0,0,10035,17.94,3,0,8.7906,2015,12,5,915,1128
0,1,0,0,0,1,0,0,0,0,0,0,0,0,1,0,0,0,0,0,0,0,0,0,0,0,10035,384.174,7,0.1,29.8802,2015,12,5,915,1128
0,1,0,0,0,1,0,0,0,1,0,0,0,0,0,0,0,0,0,0,0,0,1,0,0,0,10035,1799.75,5,0,539.925,2015,12,5,915,1128
0,0,1,0,1,0,1,0,1,0,0,0,0,0,0,0,0,0,0,0,0,0,0,1,0,0,28205,580.672,4,0.2,65.3256,2017,10,4,52,249
0,0,1,0,1,0,1,0,1,0,0,0,0,0,0,0,0,1,0,0,0,0,0,0,0,0,28205,18.936,3,0.2,5.9175,2017,10,4,52,249
0,0,1,0,1,0,1,0,0,1,0,0,0,0,0,0,0,0,0,0,0,0,1,0,0,0,28205,222.384,2,0.2,16.6788,2017,10,4,52,249
0,0,1,0,1,0,1,0,1,0,0,0,1,0,0,0,0,0,0,0,0,0,0,0,0,0,28205,50.454,6,0.7,-33.636,2017,10,4,52,249
0,0,1,0,1,0,1,0,0,0,0,0,0,0,0,0,0,0,0,0,0,0,0,0,0,1,28205,154.764,3,0.4,-36.1116,2017,10,4,52,249
0,1,0,0,0,0,0,0,1,0,0,0,0,0,0,0,0,0,0,0,0,1,0,0,0,0,75081,6.848,2,0.2,2.14,2017,3,5,157,985
0,0,1,0,1,0,0,1,0,1,0,0,0,0,0,0,0,0,0,0,0,0,1,0,0,0,98103,1091.168,4,0.2,68.198,2014,8,4,428,506
0,0,1,0,1,0,0,1,0,1,0,0,0,0,0,0,0,0,0,0,0,0,1,0,0,0,98103,219.168,2,0.2,-43.8336,2014,8,4,428,506
0,0,0,0,0,0,0,0,1,0,0,0,1,0,0,0,0,0,0,0,0,0,0,0,0,0,77506,6.928,1,0.8,-11.0848,2014,11,3,42,985
1,0,0,0,0,1,0,0,1,0,0,0,0,0,0,0,0,0,0,0,0,1,0,0,0,0,19143,40.032,6,0.2,15.012,2017,6,0,537,587
0,0,1,0,1,0,0,0,1,0,0,0,0,0,0,0,0,0,0,0,0,0,0,1,0,0,46203,443.92,4,0,13.3176,2017,7,7,23,149
0,0,1,0,1,0,0,0,1,0,0,0,1,0,0,0,0,0,0,0,0,0,0,0,0,0,46203,169.99,1,0,78.1954,2017,7,7,23,149
0,0,1,0,1,0,0,0,1,0,0,0,0,0,0,0,0,0,0,0,0,1,0,0,0,0,46203,25.92,4,0,12.4416,2017,7,7,23,149
0,0,1,1,0,0,1,0,0,1,0,0,0,0,0,0,0,0,0,0,0,0,1,0,0,0,40475,36.99,1,0,9.9873,2014,11,5,90,139
0,0,1,1,0,0,1,0,1,0,0,0,0,0,0,0,0,0,0,0,0,1,0,0,0,0,40475,629.1,6,0,301.968,2014,11,5,90,139
0,0,1,1,0,0,1,0,1,0,0,0,0,0,0,0,0,0,0,0,0,0,0,1,0,0,40475,193.95,3,0,9.6975,2014,11,5,90,139
0,0,1,1,0,0,1,0,1,0,0,1,0,0,0,0,0,0,0,0,0,0,0,0,0,0,40475,5.46,3,0,1.4742,2014,11,5,90,139
0,0,0,1,0,0,0,0,0,0,0,0,0,0,0,0,0,0,1,0,0,0,0,0,0,0,60477,22.288,7,0.6,-8.9152,2015,5,1,1,492
0,0,1,0,0,0,0,0,0,0,0,0,0,0,0,0,0,0,1,0,0,0,0,0,0,0,77095,65.424,4,0.6,-52.3392,2017,5,7,377,985
1,0,0,0,0,0,0,1,1,0,0,0,0,0,0,0,0,0,0,0,0,0,0,1,0,0,90004,77.88,2,0,3.894,2015,10,0,747,2001
0,0,1,0,1,1,0,0,0,0,0,0,0,0,1,0,0,0,0,0,0,0,0,0,0,0,43229,281.372,2,0.3,-12.0588,2014,4,4,222,469
0,0,1,0,1,1,0,0,0,0,0,0,0,0,1,0,0,0,0,0,0,0,0,0,0,0,43229,281.372,2,0.3,-12.0588,2014,4,4,222,469
0,0,1,0,1,1,0,0,1,0,0,0,1,0,0,0,0,0,0,0,0,0,0,0,0,0,43229,7.488,8,0.7,-5.2416,2014,4,4,222,469
0,0,1,0,1,1,0,0,0,0,0,0,0,0,0,0,0,0,1,0,0,0,0,0,0,0,43229,22.336,4,0.2,7.8176,2014,4,4,222,469
0,0,1,0,0,1,0,0,1,0,0,0,0,0,0,0,0,0,0,0,0,1,0,0,0,0,43229,10.368,2,0.2,3.6288,2017,4,6,222,469
0,0,1,1,0,0,0,1,1,0,0,0,0,0,0,0,0,0,0,0,0,1,0,0,0,0,94122,65.79,9,0,30.2634,2016,9,4,510,2001
0,0,1,1,0,0,0,1,1,0,0,0,1,0,0,0,0,0,0,0,0,0,0,0,0,0,94122,271.984,2,0.2,88.3948,2016,9,4,510,2001
0,0,1,1,0,0,0,1,1,0,0,1,0,0,0,0,0,0,0,0,0,0,0,0,0,0,94122,11.76,4,0,3.1752,2016,9,4,510,2001
0,0,1,1,0,0,0,1,1,0,0,0,0,0,0,0,0,0,0,0,0,1,0,0,0,0,94122,77.52,2,0,37.9848,2016,9,4,510,2001
0,0,1,1,0,0,0,1,1,0,0,0,1,0,0,0,0,0,0,0,0,0,0,0,0,0,94122,48.64,2,0.2,15.808,2016,9,4,510,2001
1,0,0,0,0,0,0,0,1,0,0,0,0,0,0,0,0,1,0,0,0,0,0,0,0,0,53711,1.81,1,0,0.6516,2016,9,0,10,110
1,0,0,0,0,0,0,0,1,0,0,0,1,0,0,0,0,0,0,0,0,0,0,0,0,0,53711,8.26,2,0,3.8822,2016,9,0,10,110
0,0,1,0,1,0,0,1,1,0,1,0,0,0,0,0,0,0,0,0,0,0,0,0,0,0,80013,43.56,5,0.2,3.267,2015,4,5,68,182
0,0,1,0,1,0,0,1,1,0,0,0,0,0,0,0,0,0,0,0,0,0,0,0,1,0,80013,5.84,2,0.2,0.73,2015,4,5,68,182
0,0,1,0,1,1,0,0,0,0,0,0,0,0,1,0,0,0,0,0,0,0,0,0,0,0,10024,271.764,2,0.1,60.392,2015,9,7,915,1128
0,0,1,0,0,0,0,1,1,0,1,0,0,0,0,0,0,0,0,0,0,0,0,0,0,0,90004,262.24,2,0,78.672,2016,5,6,747,2001
0,0,1,0,0,0,0,1,1,0,0,0,0,0,0,0,0,0,0,0,0,1,0,0,0,0,90004,182.72,8,0,84.0512,2016,5,6,747,2001
0,0,1,0,0,0,0,1,0,1,0,0,0,0,0,0,0,0,0,0,0,0,0,0,0,0,90004,131.6,7,0,7.896,2016,5,6,747,2001
0,0,1,0,0,0,0,1,1,0,0,0,1,0,0,0,0,0,0,0,0,0,0,0,0,0,90004,22.72,4,0.2,7.384,2016,5,6,747,2001
0,0,1,0,0,0,0,1,0,1,0,0,0,0,0,0,0,0,0,0,1,0,0,0,0,0,90004,558.4,2,0.2,41.88,2016,5,6,747,2001
0,0,1,0,1,0,0,0,1,0,0,0,1,0,0,0,0,0,0,0,0,0,0,0,0,0,52001,15.24,4,0,6.858,2015,9,4,3,30
0,0,1,0,1,0,0,0,0,0,0,0,0,0,1,0,0,0,0,0,0,0,0,0,0,0,52001,1408.1,10,0,394.268,2015,9,4,3,30
0,1,0,0,1,1,0,0,1,0,0,0,0,0,0,0,0,0,0,0,0,1,0,0,0,0,43130,32.896,4,0.2,11.1024,2017,7,3,46,469
0,1,0,0,1,1,0,0,0,0,0,0,0,0,0,0,0,0,0,0,0,0,0,0,0,1,43130,215.148,2,0.4,-103.9882,2017,7,3,46,469
0,1,0,0,1,1,0,0,1,0,0,0,0,0,0,0,0,0,0,0,0,1,0,0,0,0,43130,30.96,6,0.2,11.223,2017,7,3,46,469
0,0,0,0,0,0,0,1,1,0,0,0,0,0,0,0,0,0,0,0,0,0,0,1,0,0,90301,29.79,3,0,8.6391,2017,12,1,16,2001
0,0,0,0,0,0,0,1,0,0,0,0,0,0,0,0,0,0,1,0,0,0,0,0,0,0,90301,128.9,2,0,15.468,2017,12,1,16,2001
0,0,0,0,0,0,0,1,1,0,0,0,0,0,0,0,0,0,0,0,0,1,0,0,0,0,90301,60.12,9,0,28.8576,2017,12,1,16,2001
0,0,1,0,0,0,0,1,1,0,0,0,1,0,0,0,0,0,0,0,0,0,0,0,0,0,98006,24.816,3,0.2,8.3754,2017,12,4,6,506
0,0,1,0,0,0,0,1,1,0,0,0,1,0,0,0,0,0,0,0,0,0,0,0,0,0,98006,14.976,6,0.2,5.4288,2017,12,4,6,506
0,0,0,0,0,0,0,0,1,0,0,0,1,0,0,0,0,0,0,0,0,0,0,0,0,0,60610,15.08,2,0.8,-22.62,2015,9,2,314,492
0,0,0,0,0,0,0,0,0,0,0,0,0,0,0,0,0,0,1,0,0,0,0,0,0,0,60610,24.288,3,0.6,-12.7512,2015,9,2,314,492
1,0,0,0,0,0,0,0,0,0,0,0,0,0,0,0,0,0,1,0,0,0,0,0,0,0,75217,16.192,2,0.6,-8.5008,2017,10,0,157,985
1,0,0,0,0,0,0,0,0,0,0,0,0,0,0,0,0,0,0,0,0,0,0,0,0,1,75217,251.006,2,0.3,-68.1302,2017,10,0,157,985
1,0,0,0,0,0,0,0,1,0,0,0,0,0,0,0,0,0,0,0,0,0,0,1,0,0,75217,54.192,6,0.2,4.0644,2017,10,0,157,985
1,0,0,0,1,0,0,1,1,0,0,0,1,0,0,0,0,0,0,0,0,0,0,0,0,0,94122,4.304,1,0.2,1.5602,2015,11,1,510,2001
0,1,0,0,0,1,0,0,1,0,0,0,0,0,0,0,0,0,0,0,0,1,0,0,0,0,10024,108.92,14,0,49.014,2014,3,3,915,1128
0,0,1,1,0,1,0,0,1,0,0,0,0,0,0,0,1,0,0,0,0,0,0,0,0,0,10011,16.74,3,0,8.37,2017,11,4,915,1128
0,0,1,1,0,1,0,0,1,0,1,0,0,0,0,0,0,0,0,0,0,0,0,0,0,0,10011,2504.74,7,0,626.185,2017,11,4,915,1128
0,0,1,1,0,1,0,0,1,0,0,0,0,0,0,0,0,0,0,0,0,0,0,1,0,0,19140,84.784,2,0.2,-16.9568,2016,7,4,537,587
0,0,1,0,0,1,0,0,1,0,0,0,0,0,0,0,0,0,0,0,0,0,0,1,0,0,19711,29.9,5,0,5.083,2015,6,5,95,96
0,0,0,1,0,1,0,0,1,0,0,0,0,0,0,0,0,0,0,0,0,1,0,0,0,0,10024,70.88,2,0,33.3136,2016,8,1,915,1128
0,0,1,0,1,0,1,0,1,0,0,1,0,0,0,0,0,0,0,0,0,0,0,0,0,0,36830,3.76,2,0,1.0904,2017,6,4,24,61
0,0,1,0,0,0,0,1,1,0,0,0,1,0,0,0,0,0,0,0,0,0,0,0,0,0,90049,27.264,2,0.2,8.8608,2016,10,6,747,2001
0,0,1,0,1,0,0,1,1,0,1,0,0,0,0,0,0,0,0,0,0,0,0,0,0,0,94110,56.65,5,0,24.3595,2014,9,6,510,2001
0,0,1,0,1,0,0,1,1,0,0,0,0,0,0,0,0,0,0,0,0,0,0,1,0,0,94110,14.97,1,0,4.1916,2014,9,6,510,2001
0,0,1,0,1,0,0,1,1,0,0,0,0,0,0,0,0,1,0,0,0,0,0,0,0,0,94110,4.02,2,0,1.9698,2014,9,6,510,2001
0,1,0,0,1,0,1,0,0,1,0,0,0,0,0,0,0,0,0,0,0,0,1,0,0,0,27604,471.92,2,0.2,29.495,2014,3,5,22,249
0,1,0,0,0,0,1,0,1,0,0,0,1,0,0,0,0,0,0,0,0,0,0,0,0,0,31204,58.72,4,0,27.0112,2015,3,1,6,184
0,0,1,0,0,0,1,0,1,0,0,1,0,0,0,0,0,0,0,0,0,0,0,0,0,0,37211,5.16,3,0.2,0.8385,2015,7,5,29,183
0,0,1,0,0,0,1,0,1,0,0,0,0,0,0,0,0,0,0,0,0,1,0,0,0,0,37211,16.496,2,0.2,5.5674,2016,2,7,29,183
0,0,0,0,0,1,0,0,0,1,0,0,0,0,0,0,0,0,0,0,0,0,0,0,0,0,19143,71.976,3,0.2,19.7934,2017,9,2,537,587
0,0,0,0,0,1,0,0,0,0,0,0,0,0,0,0,0,0,1,0,0,0,0,0,0,0,19143,22.512,3,0.2,2.2512,2017,9,2,537,587
0,0,0,0,0,1,0,0,1,0,0,0,1,0,0,0,0,0,0,0,0,0,0,0,0,0,19143,3.444,2,0.7,-2.7552,2017,9,2,537,587
0,0,0,0,0,1,0,0,1,0,0,0,1,0,0,0,0,0,0,0,0,0,0,0,0,0,19143,538.194,2,0.7,-412.6154,2017,9,2,537,587
0,0,0,0,0,1,0,0,0,1,0,0,0,0,0,0,0,0,0,0,0,0,0,0,0,0,19143,47.984,2,0.2,14.3952,2017,9,2,537,587
0,1,0,1,0,0,0,0,0,1,0,0,0,0,0,0,0,0,0,0,0,0,1,0,0,0,75081,492.768,4,0.2,55.4364,2017,11,5,157,985
0,1,0,0,0,1,0,0,1,0,0,1,0,0,0,0,0,0,0,0,0,0,0,0,0,0,8861,286.79,7,0,74.5654,2015,2,3,8,130
0,0,1,0,1,0,1,0,1,0,0,0,0,0,0,0,0,0,0,0,0,1,0,0,0,0,32216,5.08,1,0.2,1.651,2016,11,5,125,383
0,1,0,0,0,0,1,0,0,1,0,0,0,0,0,0,0,0,0,0,0,0,0,0,0,0,32216,47.992,1,0.2,7.1988,2017,12,2,125,383
0,0,1,1,0,1,0,0,1,0,1,0,0,0,0,0,0,0,0,0,0,0,0,0,0,0,2151,61.96,2,0,16.1096,2015,9,4,7,135
0,0,1,1,0,1,0,0,0,0,0,0,0,1,0,0,0,0,0,0,0,0,0,0,0,0,2151,361.96,2,0,83.2508,2015,9,4,7,135
0,0,1,1,0,1,0,0,1,0,0,0,0,0,0,0,0,0,0,0,0,1,0,0,0,0,2151,278.82,9,0,125.469,2015,9,4,7,135
0,0,1,0,0,0,1,0,0,0,0,0,0,0,0,0,0,0,1,0,0,0,0,0,0,0,39212,133.38,6,0,58.6872,2016,12,5,82,53
0,0,1,0,0,0,1,0,1,0,0,0,0,0,0,0,0,0,0,0,0,1,0,0,0,0,28540,47.952,3,0.2,16.1838,2015,4,4,125,249
0,0,1,0,0,0,0,1,0,0,0,0,0,0,0,0,0,0,1,0,0,0,0,0,0,0,94122,16.74,2,0,4.3524,2016,12,4,510,2001
0,0,1,1,0,1,0,0,1,0,0,0,0,0,0,0,0,0,0,0,0,1,0,0,0,0,43229,10.848,2,0.2,3.5256,2017,11,5,222,469
0,0,1,1,0,1,0,0,0,1,0,0,0,0,0,0,0,0,0,0,0,0,0,0,0,0,43229,18.544,2,0.2,3.0134,2017,11,5,222,469
0,0,1,0,0,0,0,0,0,0,0,0,0,0,1,0,0,0,0,0,0,0,0,0,0,0,48127,180.98,1,0,47.0548,2017,3,7,6,255
0,0,1,0,0,0,0,0,0,1,0,0,0,0,0,0,0,0,0,0,0,0,0,0,0,0,48127,99.98,2,0,42.9914,2017,3,7,6,255
0,0,0,1,0,0,0,0,0,1,0,0,0,0,0,0,0,0,0,0,0,0,0,0,0,0,66212,34.95,5,0,15.378,2016,11,3,6,24
0,0,0,1,0,0,0,0,1,0,0,0,1,0,0,0,0,0,0,0,0,0,0,0,0,0,66212,152,5,0,69.92,2016,11,3,6,24
0,0,1,0,0,0,0,1,0,1,0,0,0,0,0,0,0,0,0,0,0,0,0,0,0,0,87505,92.52,9,0,18.504,2014,8,5,2,37
0,0,1,1,0,0,0,1,1,0,0,1,0,0,0,0,0,0,0,0,0,0,0,0,0,0,94110,8.56,2,0,2.4824,2016,12,6,510,2001
0,0,1,1,0,0,0,1,1,0,0,0,0,0,0,0,0,0,0,0,0,1,0,0,0,0,94110,45.36,7,0,21.7728,2016,12,6,510,2001
0,0,1,1,0,0,0,1,0,0,0,0,0,0,0,0,0,0,0,0,0,0,0,0,0,1,94110,1421.664,6,0.2,-195.4788,2016,12,6,510,2001
0,0,0,0,0,0,1,0,0,0,0,0,0,0,0,0,0,0,1,0,0,0,0,0,0,0,36608,8.96,2,0,2.7776,2014,4,3,11,61
0,0,0,1,0,0,1,0,0,1,0,0,0,0,0,0,0,0,0,0,0,0,1,0,0,0,22153,579.95,5,0,168.1855,2014,8,2,163,224
0,0,0,1,0,0,1,0,0,0,0,0,0,0,0,0,0,0,1,0,0,0,0,0,0,0,22153,29.12,4,0,12.5216,2014,8,2,163,224
0,0,0,1,0,0,1,0,0,0,0,0,0,0,0,0,0,0,0,0,0,0,0,0,0,1,22153,1202.94,3,0,300.735,2014,8,2,163,224
0,0,1,1,0,1,0,0,1,0,0,0,1,0,0,0,0,0,0,0,0,0,0,0,0,0,19711,7.92,4,0,3.564,2016,10,5,95,96
1,0,0,0,0,0,1,0,0,1,0,0,0,0,0,0,0,0,0,0,0,0,1,0,0,0,28601,36.192,1,0.2,2.7144,2016,11,0,2,249
0,0,1,0,1,0,1,0,1,0,0,0,0,0,0,0,0,0,0,0,0,0,0,1,0,0,33311,147.184,2,0.2,-29.4368,2017,9,6,15,383
0,0,1,0,0,0,0,0,0,0,0,0,0,0,1,0,0,0,0,0,0,0,0,0,0,0,60188,408.422,2,0.3,-5.8346,2015,7,4,5,492
0,0,1,0,0,0,0,0,0,0,0,0,0,0,1,0,0,0,0,0,0,0,0,0,0,0,60188,382.116,6,0.3,-92.7996,2015,7,4,5,492
0,0,1,0,0,0,0,0,1,0,0,0,0,0,0,0,0,0,0,0,0,0,0,1,0,0,60188,68.6,5,0.2,6.0025,2015,7,4,5,492
0,0,1,0,0,0,0,0,1,0,0,0,0,0,0,0,0,0,0,0,0,0,0,1,0,0,60188,435.504,3,0.2,48.9942,2015,7,4,5,492
0,0,1,0,0,0,0,0,1,0,0,0,0,0,0,0,0,0,0,0,0,1,0,0,0,0,60188,11.168,2,0.2,3.7692,2015,7,4,5,492
0,0,1,1,0,0,0,0,0,1,0,0,0,0,0,0,0,0,0,0,0,0,0,0,0,0,56301,72,4,0,12.96,2017,9,4,3,89
0,0,1,1,0,0,0,0,0,1,0,0,0,0,0,0,0,0,0,0,0,0,0,0,0,0,56301,655.9,5,0,275.478,2017,9,4,3,89
0,0,1,1,0,0,0,0,0,0,0,0,0,0,1,0,0,0,0,0,0,0,0,0,0,0,56301,603.92,4,0,181.176,2017,9,4,3,89
0,0,1,0,1,0,0,1,0,0,0,0,0,0,0,0,0,0,0,0,0,0,0,0,0,1,90036,513.024,2,0.2,12.8256,2016,8,7,747,2001
0,0,1,0,1,0,0,1,1,0,1,0,0,0,0,0,0,0,0,0,0,0,0,0,0,0,90036,487.92,6,0,136.6176,2016,8,7,747,2001
0,0,1,0,1,0,0,1,1,0,0,0,1,0,0,0,0,0,0,0,0,0,0,0,0,0,90036,15.24,5,0.2,5.334,2016,8,7,747,2001
0,0,1,0,0,0,1,0,0,1,0,0,0,0,0,0,0,0,0,0,0,0,0,0,0,0,36608,209.97,3,0,71.3898,2016,9,4,11,61
0,0,1,0,0,0,1,0,1,0,0,0,1,0,0,0,0,0,0,0,0,0,0,0,0,0,36608,62.94,3,0,30.2112,2016,9,4,11,61
0,0,1,0,0,0,1,0,1,0,0,1,0,0,0,0,0,0,0,0,0,0,0,0,0,0,36608,25.92,9,0,7.776,2016,9,4,11,61
1,0,0,0,0,0,0,0,1,0,0,0,0,0,0,0,0,0,0,0,0,1,0,0,0,0,78745,10.368,2,0.2,3.6288,2017,4,0,39,985
1,0,0,0,0,0,0,0,0,1,0,0,0,0,0,0,0,0,0,0,0,0,0,0,0,0,78745,95.736,3,0.2,20.3439,2017,4,0,39,985
0,1,0,0,1,1,0,0,1,0,0,0,0,0,0,0,0,0,0,0,0,0,0,1,0,0,10009,900.08,4,0,117.0104,2016,12,2,915,1128
0,0,1,0,0,0,0,0,0,1,0,0,0,0,0,0,0,0,0,0,0,0,1,0,0,0,75023,201.584,2,0.2,20.1584,2014,6,4,15,985
0,0,1,0,0,0,0,0,1,0,0,0,1,0,0,0,0,0,0,0,0,0,0,0,0,0,75023,3.392,4,0.8,-5.088,2014,6,4,15,985
0,0,1,0,0,0,0,0,0,0,0,0,0,1,0,0,0,0,0,0,0,0,0,0,0,0,75023,193.0656,4,0.32,-19.8744,2014,6,4,15,985
0,0,1,0,0,0,0,0,1,0,0,0,0,0,0,0,0,0,0,0,0,1,0,0,0,0,75023,15.552,3,0.2,5.4432,2014,6,4,15,985
0,0,1,0,0,0,0,0,1,0,0,0,0,0,0,0,0,0,0,0,0,1,0,0,0,0,75023,11.648,2,0.2,4.0768,2014,6,4,15,985
0,0,1,0,0,0,0,0,0,1,0,0,0,0,0,0,0,0,0,0,1,0,0,0,0,0,75023,418.8,2,0.4,-97.72,2014,6,4,15,985
0,0,1,0,0,0,0,0,1,0,0,0,0,0,0,0,0,0,0,0,0,0,0,1,0,0,75023,509.488,7,0.2,-127.372,2014,6,4,15,985
0,0,0,1,0,0,0,0,0,0,0,0,0,1,0,0,0,0,0,0,0,0,0,0,0,0,60653,825.174,9,0.3,-117.882,2017,9,2,314,492
0,0,0,1,0,0,0,0,1,0,0,0,0,0,0,0,0,0,0,0,0,1,0,0,0,0,60653,17.76,3,0.2,5.55,2017,9,2,314,492
0,0,0,1,0,0,0,0,1,0,0,1,0,0,0,0,0,0,0,0,0,0,0,0,0,0,60653,6.912,3,0.2,0.864,2017,9,2,314,492
0,0,1,0,0,0,1,0,0,1,0,0,0,0,0,0,0,0,0,0,0,0,0,0,0,0,39212,66.3,3,0,8.619,2016,12,4,82,53
0,0,0,0,0,0,1,0,1,0,0,0,0,0,0,0,0,0,0,0,0,1,0,0,0,0,28314,30.816,9,0.2,9.63,2016,8,3,41,249
0,0,0,0,0,0,1,0,0,1,0,0,0,0,0,0,0,0,0,0,0,0,1,0,0,0,28314,44.784,2,0.2,4.4784,2016,8,3,41,249
0,0,0,0,0,0,1,0,1,0,1,0,0,0,0,0,0,0,0,0,0,0,0,0,0,0,28314,569.536,4,0.2,64.0728,2016,8,3,41,249
0,0,0,0,1,0,0,0,0,0,0,0,0,0,0,0,0,0,0,0,0,0,0,0,0,1,60505,796.425,7,0.5,-525.6405,2015,6,3,68,492
0,0,1,1,0,0,0,1,1,0,0,0,1,0,0,0,0,0,0,0,0,0,0,0,0,0,95823,12.832,2,0.2,4.3308,2015,4,5,13,2001
0,1,0,1,0,0,0,0,1,0,0,0,0,0,0,0,0,0,0,0,0,1,0,0,0,0,50315,40.46,7,0,19.8254,2016,11,4,19,30
0,1,0,1,0,0,0,0,0,1,0,0,0,0,0,0,0,0,0,0,0,0,1,0,0,0,50315,404.94,3,0,109.3338,2016,11,4,19,30
0,0,1,1,0,0,0,1,0,1,0,0,0,0,0,0,0,0,0,0,0,0,0,0,0,0,92105,116,8,0,29,2016,9,5,170,2001
0,0,1,0,0,0,0,0,0,1,0,0,0,0,0,0,0,0,0,0,0,0,1,0,0,0,75081,657.552,6,0.2,49.3164,2016,11,4,157,985
0,1,0,0,1,0,1,0,0,1,0,0,0,0,0,0,0,0,0,0,0,0,0,0,0,0,39212,599.97,3,0,257.9871,2017,12,5,82,53
0,1,0,0,1,0,1,0,0,1,0,0,0,0,0,0,0,0,0,0,0,0,1,0,0,0,39212,38.97,3,0,0.7794,2017,12,5,82,53
0,1,0,0,1,0,1,0,1,0,0,0,1,0,0,0,0,0,0,0,0,0,0,0,0,0,39212,45.84,8,0,22.0032,2017,12,5,82,53
0,0,1,0,0,0,0,1,0,1,0,0,0,0,0,0,0,0,0,0,0,0,1,0,0,0,92024,38.24,4,0.2,-9.56,2016,6,5,170,2001
0,0,1,0,0,0,1,0,0,1,0,0,0,0,0,0,0,0,0,0,0,0,0,0,0,0,32839,87.168,3,0.2,10.896,2015,9,6,11,383
0,0,1,1,0,0,0,0,1,0,0,1,0,0,0,0,0,0,0,0,0,0,0,0,0,0,47905,21.4,5,0,6.206,2016,5,4,31,149
1,0,0,1,0,1,0,0,1,0,0,0,0,0,0,0,0,0,0,0,0,0,0,0,1,0,10035,54.9,5,0,15.372,2016,5,0,915,1128
0,0,1,0,0,0,0,1,0,1,0,0,0,0,0,0,0,0,0,0,1,0,0,0,0,0,90049,287.968,4,0.2,97.1892,2014,4,5,747,2001
0,0,1,0,0,0,0,1,1,0,0,1,0,0,0,0,0,0,0,0,0,0,0,0,0,0,90049,13.12,4,0,3.8048,2014,4,5,747,2001
0,0,1,0,0,0,0,1,1,0,0,1,0,0,0,0,0,0,0,0,0,0,0,0,0,0,90049,10.75,5,0,3.5475,2014,4,5,747,2001
0,0,1,0,0,0,0,1,1,0,0,0,0,0,0,0,0,1,0,0,0,0,0,0,0,0,90049,11.62,2,0,3.6022,2014,4,5,747,2001
0,1,0,0,0,1,0,0,1,0,0,0,0,0,0,0,0,0,0,0,0,0,0,1,0,0,10024,40.74,3,0,0.4074,2016,6,3,915,1128
1,0,0,1,0,0,1,0,1,0,0,0,0,0,0,0,0,0,0,0,0,0,0,1,0,0,42420,83.25,3,0,14.985,2014,5,0,51,139
1,0,0,1,0,0,1,0,1,0,0,0,0,0,0,0,0,0,0,1,0,0,0,0,0,0,42420,9.45,3,0,4.536,2014,5,0,51,139
1,0,0,1,0,0,1,0,1,0,0,0,0,0,0,0,0,0,0,1,0,0,0,0,0,0,42420,20.65,5,0,9.499,2014,5,0,51,139
1,0,0,1,0,0,1,0,1,0,0,0,0,0,0,0,0,0,0,0,0,1,0,0,0,0,42420,45.36,7,0,21.7728,2014,5,0,51,139
0,0,0,0,0,1,0,0,0,0,0,0,0,0,0,0,0,0,1,0,0,0,0,0,0,0,43229,5.352,3,0.2,1.6056,2016,9,2,222,469
0,0,0,0,0,1,0,0,0,0,0,0,0,0,1,0,0,0,0,0,0,0,0,0,0,0,43229,99.372,2,0.3,-7.098,2016,9,2,222,469
0,0,0,0,0,1,0,0,1,0,0,1,0,0,0,0,0,0,0,0,0,0,0,0,0,0,43229,2.672,1,0.2,0.3674,2016,9,2,222,469
0,1,0,0,0,0,0,0,1,0,0,0,0,0,0,0,0,0,0,0,0,1,0,0,0,0,77840,28.672,8,0.2,10.3936,2017,12,2,3,985
0,1,0,0,0,0,0,0,1,0,1,0,0,0,0,0,0,0,0,0,0,0,0,0,0,0,77840,29.312,8,0.8,-74.7456,2017,12,2,3,985
0,0,0,0,1,0,1,0,1,0,0,0,0,0,0,0,0,0,0,0,0,0,0,1,0,0,40475,105.98,7,0,4.2392,2017,10,2,90,139
0,0,0,0,1,0,1,0,1,0,0,0,0,0,0,0,0,0,0,0,0,0,0,0,1,0,40475,35.06,2,0,10.518,2017,10,2,90,139
0,0,0,0,1,0,1,0,0,0,0,0,0,0,1,0,0,0,0,0,0,0,0,0,0,0,40475,33.94,1,0,9.1638,2017,10,2,90,139
0,0,0,0,1,0,1,0,1,0,0,0,0,0,0,0,0,0,0,1,0,0,0,0,0,0,40475,30,8,0,14.4,2017,10,2,90,139
0,1,0,0,1,0,0,0,1,0,0,0,0,0,0,0,0,0,0,0,0,1,0,0,0,0,60653,45.528,3,0.2,15.9348,2016,3,4,314,492
0,1,0,0,1,0,0,0,0,0,0,0,0,0,1,0,0,0,0,0,0,0,0,0,0,0,60653,844.116,6,0.3,-36.1764,2016,3,4,314,492
0,1,0,0,1,0,0,0,0,1,0,0,0,0,0,0,0,0,0,0,0,0,1,0,0,0,60653,812.736,8,0.2,60.9552,2016,3,4,314,492
0,1,0,1,0,1,0,0,1,0,0,0,1,0,0,0,0,0,0,0,0,0,0,0,0,0,19120,7.476,1,0.7,-5.9808,2017,11,3,537,587
0,1,0,0,0,0,0,1,1,0,0,0,0,0,0,0,0,0,0,0,0,0,0,1,0,0,90036,330.4,2,0,85.904,2014,3,3,747,2001
0,1,0,0,0,0,0,1,0,1,0,0,0,0,0,0,0,0,0,0,0,0,1,0,0,0,90036,604.752,6,0.2,37.797,2014,3,3,747,2001
0,0,1,0,0,0,0,1,1,0,0,0,0,0,0,0,0,0,0,0,0,1,0,0,0,0,90008,45.36,7,0,21.7728,2017,12,4,747,2001
0,0,1,0,0,0,0,1,1,0,0,0,1,0,0,0,0,0,0,0,0,0,0,0,0,0,90008,10.128,2,0.2,3.6714,2017,12,4,747,2001
0,0,1,0,0,0,0,1,1,0,0,0,1,0,0,0,0,0,0,0,0,0,0,0,0,0,94122,21.792,4,0.2,7.6272,2017,11,5,510,2001
0,0,1,0,0,0,0,1,0,1,0,0,0,0,0,0,0,0,0,0,0,0,0,0,0,0,94122,439.8,4,0,145.134,2017,11,5,510,2001
0,1,0,0,0,1,0,0,1,0,0,1,0,0,0,0,0,0,0,0,0,0,0,0,0,0,44312,8.256,4,0.2,0.6192,2017,9,5,21,469
0,1,0,0,0,1,0,0,1,0,0,0,1,0,0,0,0,0,0,0,0,0,0,0,0,0,44312,25.56,5,0.7,-20.448,2017,9,5,21,469
0,1,0,0,0,1,0,0,1,0,0,0,1,0,0,0,0,0,0,0,0,0,0,0,0,0,44312,4.368,2,0.7,-3.0576,2017,9,5,21,469
0,1,0,0,0,1,0,0,1,0,0,0,0,0,0,0,0,0,0,0,0,1,0,0,0,0,44312,11.52,4,0.2,3.744,2017,9,5,21,469
0,0,0,0,0,0,0,1,1,0,0,0,0,0,0,0,0,0,0,0,0,1,0,0,0,0,90049,12.96,2,0,6.2208,2016,7,3,747,2001
0,0,0,0,0,0,0,1,1,0,0,0,0,0,0,0,0,1,0,0,0,0,0,0,0,0,90049,3.96,2,0,0.0792,2016,7,3,747,2001
0,0,1,0,1,0,0,0,1,0,0,0,1,0,0,0,0,0,0,0,0,0,0,0,0,0,64055,1577.94,3,0,757.4112,2017,9,7,2,66
0,1,0,0,1,0,0,0,0,0,0,0,0,0,0,0,0,0,1,0,0,0,0,0,0,0,75220,15.008,4,0.6,-12.0064,2016,9,5,157,985
1,0,0,0,1,0,0,1,0,1,0,0,0,0,0,0,0,0,0,0,0,0,0,0,0,0,98105,59.98,2,0,26.3912,2017,7,0,428,506
1,0,0,0,1,0,0,1,0,1,0,0,0,0,0,0,0,0,0,0,1,0,0,0,0,0,98105,2395.2,6,0.2,209.58,2017,7,0,428,506
1,0,0,0,1,0,0,1,0,1,0,0,0,0,0,0,0,0,0,0,0,0,0,0,0,0,98105,1687.8,4,0,742.632,2017,7,0,428,506
1,0,0,0,1,0,0,1,0,1,0,0,0,0,0,0,0,0,0,0,0,0,1,0,0,0,98105,7.992,1,0.2,2.6973,2017,7,0,428,506
0,0,1,1,0,0,0,0,1,0,0,0,0,0,0,0,0,0,0,0,0,1,0,0,0,0,75150,5.184,1,0.2,1.8144,2017,6,5,5,985
0,0,1,0,0,1,0,0,1,0,0,1,0,0,0,0,0,0,0,0,0,0,0,0,0,0,11561,11.68,2,0,5.4896,2017,8,5,61,1128
0,0,1,0,0,1,0,0,1,0,0,1,0,0,0,0,0,0,0,0,0,0,0,0,0,0,11561,104.8,10,0,26.2,2017,8,5,61,1128
0,0,1,0,0,0,1,0,1,0,0,0,0,0,0,0,0,0,0,0,0,1,0,0,0,0,33161,14.496,3,0.2,4.8924,2015,3,5,2,383
0,0,1,0,1,0,0,1,1,0,0,0,1,0,0,0,0,0,0,0,0,0,0,0,0,0,93309,4.784,1,0.2,1.5548,2016,6,4,16,2001
0,0,1,0,1,0,0,1,1,0,0,0,0,0,0,0,0,0,0,0,0,1,0,0,0,0,93309,4.73,1,0,2.3177,2016,6,4,16,2001
0,0,1,0,0,0,1,0,1,0,0,0,0,0,0,0,0,0,0,0,0,0,0,1,0,0,39212,7.89,1,0,0.3156,2016,7,4,82,53
0,0,1,0,0,0,1,0,1,0,0,0,0,0,0,0,0,0,0,0,0,1,0,0,0,0,39212,65.5,5,0,32.095,2016,7,4,82,53
0,0,1,0,0,0,1,0,0,0,0,0,0,0,0,0,0,0,0,0,0,0,0,0,0,1,39212,2430.08,8,0,388.8128,2016,7,4,82,53
0,0,1,0,0,0,0,0,1,0,0,0,0,0,0,0,0,0,0,0,0,1,0,0,0,0,68025,104.85,1,0,50.328,2017,10,6,8,38
0,0,1,1,0,0,0,0,1,0,0,1,0,0,0,0,0,0,0,0,0,0,0,0,0,0,49201,3.9,2,0,1.521,2015,12,6,82,255
0,0,1,1,0,0,0,0,0,0,0,0,0,0,0,0,0,0,0,0,0,0,0,0,0,1,49201,801.96,2,0,200.49,2015,12,6,82,255
0,0,1,1,0,0,0,0,0,0,0,0,0,0,1,0,0,0,0,0,0,0,0,0,0,0,49201,191.96,2,0,32.6332,2015,12,6,82,255
0,0,1,1,0,0,0,0,1,0,0,0,0,0,0,0,0,0,0,1,0,0,0,0,0,0,49201,2.61,1,0,1.2006,2015,12,6,82,255
0,0,1,1,0,0,0,1,1,0,0,1,0,0,0,0,0,0,0,0,0,0,0,0,0,0,94122,5.96,2,0,1.6688,2017,9,5,510,2001
0,0,1,0,1,1,0,0,0,1,0,0,0,0,0,0,0,0,0,0,0,0,1,0,0,0,43130,1169.694,3,0.4,-253.4337,2017,9,4,46,469
0,0,0,0,0,0,1,0,1,0,0,0,0,0,0,0,0,0,0,0,0,0,0,0,1,0,70506,1665.62,2,0,33.3124,2017,12,2,31,42
0,0,1,0,1,0,1,0,1,0,0,0,1,0,0,0,0,0,0,0,0,0,0,0,0,0,40475,2.88,1,0,1.4112,2017,11,6,90,139
0,0,1,0,1,0,1,0,1,0,0,0,0,0,0,0,0,0,0,0,0,0,0,1,0,0,40475,1443.96,12,0,375.4296,2017,11,6,90,139
0,1,0,0,0,0,0,0,1,0,0,0,0,0,0,0,0,0,0,0,0,0,0,0,1,0,77070,2.92,1,0.2,0.365,2014,12,2,377,985
0,1,0,0,0,1,0,0,1,0,0,0,0,0,0,0,0,0,0,0,0,0,0,1,0,0,10024,465.18,3,0,120.9468,2016,12,2,915,1128
0,0,1,0,1,1,0,0,1,0,0,0,1,0,0,0,0,0,0,0,0,0,0,0,0,0,43615,22.428,3,0.7,-17.9424,2016,9,6,32,469
0,0,1,0,1,1,0,0,1,0,0,0,0,0,0,0,0,0,0,0,0,0,0,1,0,0,43615,37.52,5,0.2,3.752,2016,9,6,32,469
0,0,1,1,0,1,0,0,1,0,0,1,0,0,0,0,0,0,0,0,0,0,0,0,0,0,19143,2.624,1,0.2,0.4264,2017,12,6,537,587
0,1,0,0,0,1,0,0,1,0,0,0,0,0,0,0,0,0,0,0,0,1,0,0,0,0,19140,15.552,3,0.2,5.4432,2014,9,5,537,587
0,1,0,0,0,1,0,0,0,1,0,0,0,0,0,0,0,0,0,0,0,0,0,0,0,0,19140,64.704,6,0.2,-4.8528,2014,9,5,537,587
0,1,0,0,0,1,0,0,0,0,0,0,0,0,0,0,0,0,1,0,0,0,0,0,0,0,19140,17.472,3,0.2,5.0232,2014,9,5,537,587
0,1,0,0,0,1,0,0,0,1,0,0,0,0,0,0,0,0,0,0,0,0,1,0,0,0,19140,135.516,1,0.4,-31.6204,2014,9,5,537,587
0,0,1,0,0,0,0,1,0,1,0,0,0,0,0,0,0,0,0,0,0,0,0,0,0,0,80219,431.928,9,0.2,64.7892,2017,6,4,44,182
0,0,1,0,0,1,0,0,1,0,0,0,0,0,0,0,0,0,0,0,0,1,0,0,0,0,19143,12.448,2,0.2,3.89,2014,11,7,537,587
0,0,1,0,0,1,0,0,0,0,0,0,0,0,1,0,0,0,0,0,0,0,0,0,0,0,19143,657.93,5,0.3,-93.99,2014,11,7,537,587
0,0,1,0,1,1,0,0,1,0,0,0,0,0,0,0,0,0,0,0,0,1,0,0,0,0,21044,277.4,5,0,133.152,2017,8,6,81,105
0,0,1,0,1,1,0,0,0,0,0,0,0,0,0,0,0,0,1,0,0,0,0,0,0,0,21044,25.16,2,0,8.5544,2017,8,6,81,105
0,0,1,0,1,1,0,0,0,0,0,0,0,0,0,0,0,0,1,0,0,0,0,0,0,0,21044,91.92,4,0,31.2528,2017,8,6,81,105
0,1,0,0,0,1,0,0,1,0,0,0,0,0,0,0,1,0,0,0,0,0,0,0,0,0,10024,29.34,3,0,13.4964,2016,3,4,915,1128
0,1,0,0,0,1,0,0,1,0,0,0,1,0,0,0,0,0,0,0,0,0,0,0,0,0,10035,139.44,3,0.2,47.061,2014,9,5,915,1128
0,0,1,1,0,1,0,0,1,0,0,0,0,0,0,0,0,0,0,1,0,0,0,0,0,0,43055,6.912,3,0.2,2.5056,2014,4,5,95,469
0,0,1,1,0,1,0,0,1,0,0,0,0,0,0,0,0,0,0,0,0,0,0,1,0,0,43055,27.096,3,0.2,2.0322,2014,4,5,95,469
0,0,1,1,0,1,0,0,1,0,0,0,0,0,0,0,0,0,0,0,0,0,0,1,0,0,43055,177.568,2,0.2,-37.7332,2014,4,5,95,469
0,1,0,1,0,0,0,0,0,1,0,0,0,0,0,0,0,0,0,0,0,0,0,0,0,0,75217,58.416,2,0.2,16.7946,2016,11,2,157,985
0,0,1,0,1,1,0,0,1,0,0,0,0,0,0,0,0,0,0,0,0,1,0,0,0,0,19134,16.448,2,0.2,5.5512,2015,12,5,537,587
0,0,1,0,1,1,0,0,0,1,0,0,0,0,0,0,0,0,0,0,0,0,0,0,0,0,19134,36.784,2,0.2,10.5754,2015,12,5,537,587
0,0,0,1,0,0,0,0,0,0,0,0,0,0,0,0,0,0,0,0,0,0,0,0,0,1,78207,718.116,6,0.3,-71.8116,2017,11,2,59,985
0,0,0,1,0,0,0,0,1,0,0,1,0,0,0,0,0,0,0,0,0,0,0,0,0,0,78207,31.776,4,0.2,8.7384,2017,11,2,59,985
0,0,1,0,0,1,0,0,1,0,0,0,1,0,0,0,0,0,0,0,0,0,0,0,0,0,19120,9.555,5,0.7,-7.3255,2016,9,4,537,587
0,0,1,0,0,0,0,1,1,0,0,0,1,0,0,0,0,0,0,0,0,0,0,0,0,0,90004,487.984,2,0.2,152.495,2017,9,4,747,2001
0,0,1,0,0,0,0,1,0,1,0,0,0,0,0,0,0,0,0,0,0,0,1,0,0,0,90004,5.56,1,0.2,1.7375,2017,9,4,747,2001
0,0,1,0,0,0,0,1,1,0,0,0,0,0,0,0,0,0,0,0,0,0,0,1,0,0,90004,217.85,5,0,65.355,2017,9,4,747,2001
0,0,1,1,0,0,1,0,1,0,0,1,0,0,0,0,0,0,0,0,0,0,0,0,0,0,37167,40.776,3,0.2,4.5873,2016,9,7,24,183
0,0,1,1,0,0,1,0,0,1,0,0,0,0,0,0,0,0,0,0,0,0,1,0,0,0,37167,63.936,8,0.2,5.5944,2016,9,7,24,183
0,0,1,0,0,0,1,0,0,0,0,0,0,0,0,0,0,0,1,0,0,0,0,0,0,0,31204,142.4,5,0,52.688,2014,9,5,6,184
0,0,1,0,0,0,1,0,1,0,0,0,1,0,0,0,0,0,0,0,0,0,0,0,0,0,31204,7.16,2,0,3.4368,2014,9,5,6,184
0,1,0,0,1,0,0,1,0,0,0,0,0,0,1,0,0,0,0,0,0,0,0,0,0,0,94109,681.408,12,0.2,42.588,2017,5,2,510,2001
0,1,0,0,1,0,0,1,1,0,0,1,0,0,0,0,0,0,0,0,0,0,0,0,0,0,94109,3.52,2,0,1.0208,2017,5,2,510,2001
0,1,0,0,1,0,0,1,1,0,0,1,0,0,0,0,0,0,0,0,0,0,0,0,0,0,94109,5.58,1,0,1.395,2017,5,2,510,2001
0,1,0,0,1,0,0,1,0,1,0,0,0,0,0,0,0,0,0,0,0,0,0,0,0,0,94109,36.32,1,0,10.896,2017,5,2,510,2001
0,0,1,0,0,0,0,1,1,0,0,0,1,0,0,0,0,0,0,0,0,0,0,0,0,0,98103,2060.744,7,0.2,643.9825,2014,8,4,428,506
0,0,1,1,0,1,0,0,1,0,1,0,0,0,0,0,0,0,0,0,0,0,0,0,0,0,43229,52.272,3,0.2,9.801,2017,11,4,222,469
0,0,1,1,0,1,0,0,1,0,1,0,0,0,0,0,0,0,0,0,0,0,0,0,0,0,43229,213.136,7,0.2,23.9778,2017,11,4,222,469
0,1,0,1,0,0,0,1,1,0,0,0,0,0,0,0,0,0,0,0,0,0,0,1,0,0,90004,69.52,2,0,19.4656,2017,5,5,747,2001
0,1,0,1,0,0,0,1,1,0,0,0,0,0,0,0,0,0,0,0,0,0,0,1,0,0,90004,763.44,8,0,45.8064,2017,5,5,747,2001
0,0,1,0,1,1,0,0,1,0,0,0,0,0,0,0,0,0,0,1,0,0,0,0,0,0,45503,9.216,4,0.2,3.3408,2016,11,4,163,469
0,0,1,0,1,1,0,0,0,1,0,0,0,0,0,0,0,0,0,0,0,0,1,0,0,0,45503,41.958,7,0.4,-9.7902,2016,11,4,163,469
0,0,1,0,1,1,0,0,1,0,0,0,0,0,0,0,0,0,0,0,0,1,0,0,0,0,45503,89.568,2,0.2,32.4684,2016,11,4,163,469
0,0,1,0,1,1,0,0,1,0,0,0,0,0,0,0,0,0,0,0,0,1,0,0,0,0,45503,22.248,3,0.2,7.5087,2016,11,4,163,469
0,0,1,0,1,1,0,0,1,0,1,0,0,0,0,0,0,0,0,0,0,0,0,0,0,0,45503,334.88,4,0.2,29.302,2016,11,4,163,469
0,0,1,0,1,1,0,0,0,0,0,0,0,0,0,0,0,0,1,0,0,0,0,0,0,0,45503,148.288,7,0.2,29.6576,2016,11,4,163,469
0,0,1,0,1,1,0,0,1,0,0,0,0,0,0,0,0,0,0,0,0,1,0,0,0,0,45503,4.624,1,0.2,1.6762,2016,11,4,163,469
0,0,1,0,1,1,0,0,0,1,0,0,0,0,0,0,0,0,0,0,0,0,0,0,0,0,45503,178.92,7,0.2,-29.0745,2016,11,4,163,469
0,0,1,0,1,1,0,0,1,0,0,0,1,0,0,0,0,0,0,0,0,0,0,0,0,0,45503,69.888,7,0.7,-46.592,2016,11,4,163,469
0,1,0,0,0,0,0,1,1,0,0,0,1,0,0,0,0,0,0,0,0,0,0,0,0,0,90008,487.984,2,0.2,152.495,2014,12,3,747,2001
0,1,0,0,0,0,0,1,1,0,0,1,0,0,0,0,0,0,0,0,0,0,0,0,0,0,90008,47.3,2,0,12.298,2014,12,3,747,2001
0,1,0,0,0,0,0,1,1,0,0,1,0,0,0,0,0,0,0,0,0,0,0,0,0,0,90008,4.13,1,0,1.1564,2014,12,3,747,2001
0,1,0,0,0,0,0,1,1,0,0,0,1,0,0,0,0,0,0,0,0,0,0,0,0,0,90008,155.12,5,0.2,50.414,2014,12,3,747,2001
0,1,0,0,1,0,0,1,1,0,0,0,0,0,0,0,0,0,0,0,0,1,0,0,0,0,90045,6.48,1,0,3.1752,2014,7,2,747,2001
0,1,0,0,1,0,0,1,1,0,0,0,0,0,0,0,0,0,0,0,0,0,0,0,1,0,90045,15.52,4,0,4.5008,2014,7,2,747,2001
0,0,1,0,0,0,1,0,1,0,0,0,1,0,0,0,0,0,0,0,0,0,0,0,0,0,38109,2.946,2,0.7,-2.0622,2015,11,5,30,183
0,0,1,0,0,0,1,0,1,0,0,0,0,0,0,0,0,1,0,0,0,0,0,0,0,0,38109,55.104,6,0.2,18.5976,2015,11,5,30,183
0,1,0,0,0,0,0,0,0,1,0,0,0,0,0,0,0,0,0,0,0,0,0,0,0,0,48234,104.88,6,0,41.952,2017,12,2,115,255
0,1,0,0,0,0,0,0,1,0,0,1,0,0,0,0,0,0,0,0,0,0,0,0,0,0,48234,34.7,5,0,12.492,2017,12,2,115,255
0,1,0,0,0,0,0,0,1,0,0,0,1,0,0,0,0,0,0,0,0,0,0,0,0,0,48234,33.72,4,0,15.5112,2017,12,2,115,255
0,1,0,0,0,0,0,0,1,0,0,0,0,0,0,0,0,0,0,0,0,1,0,0,0,0,48234,14.94,3,0,7.0218,2017,12,2,115,255
0,0,1,0,0,0,0,0,1,0,1,0,0,0,0,0,0,0,0,0,0,0,0,0,0,0,46226,638.73,9,0,166.0698,2017,8,5,44,149
0,0,1,1,0,0,1,0,1,0,0,0,0,0,0,0,0,0,0,0,0,0,0,1,0,0,32216,113.568,2,0.2,-21.294,2017,4,6,125,383
0,0,1,1,0,1,0,0,0,1,0,0,0,0,0,0,0,0,0,0,0,0,0,0,0,0,43017,9.096,1,0.2,1.7055,2017,9,6,14,469
0,0,1,1,0,0,1,0,1,0,0,0,0,0,0,0,1,0,0,0,0,0,0,0,0,0,33317,8.688,3,0.2,2.9322,2015,3,5,11,383
0,0,1,1,0,0,1,0,0,0,0,0,0,0,0,0,0,0,1,0,0,0,0,0,0,0,33317,30.88,4,0.2,3.86,2015,3,5,11,383
0,0,1,1,0,0,1,0,0,0,0,0,0,0,0,0,0,0,1,0,0,0,0,0,0,0,33317,6.408,3,0.2,1.4418,2015,3,5,11,383
0,0,1,1,0,0,0,1,1,0,0,0,0,0,0,0,0,0,0,0,0,0,0,0,1,0,85301,33.8,5,0.2,4.225,2016,7,5,23,224
0,1,0,0,1,0,0,0,0,1,0,0,0,0,0,0,0,0,0,0,0,0,1,0,0,0,49201,377.97,3,0,94.4925,2016,6,2,82,255
0,0,1,0,1,1,0,0,0,1,0,0,0,0,0,0,0,0,0,0,0,0,0,0,0,0,2169,258.9,10,0,93.204,2017,7,6,20,135
0,0,1,0,1,1,0,0,1,0,0,0,0,0,0,0,0,0,0,0,0,1,0,0,0,0,2169,24.56,2,0,11.5432,2017,7,6,20,135
0,0,1,0,0,0,0,1,1,0,0,0,0,0,0,0,0,0,0,1,0,0,0,0,0,0,97301,27.888,7,0.2,9.0636,2014,12,5,40,124
0,0,1,0,0,0,0,1,1,0,0,0,1,0,0,0,0,0,0,0,0,0,0,0,0,0,97301,6.456,4,0.7,-4.5192,2014,12,5,40,124
0,0,1,0,0,0,0,1,0,1,0,0,0,0,0,0,0,0,0,0,0,0,1,0,0,0,97301,52.68,3,0.2,19.755,2014,12,5,40,124
0,0,1,0,0,0,0,1,1,0,0,0,0,0,0,0,0,0,0,0,0,0,0,0,1,0,97301,13.88,5,0.2,-2.6025,2014,12,5,40,124
0,0,1,0,0,0,0,1,0,1,0,0,0,0,0,0,0,0,0,0,0,0,0,0,0,0,97301,103.92,10,0.2,-18.186,2014,12,5,40,124
0,0,1,0,0,0,0,1,1,0,0,0,0,0,0,0,0,0,0,1,0,0,0,0,0,0,97301,11.52,5,0.2,3.744,2014,12,5,40,124
0,0,1,0,0,0,0,1,1,0,0,0,0,0,0,0,0,0,0,0,0,1,0,0,0,0,97301,10.368,2,0.2,3.6288,2014,12,5,40,124
0,0,1,0,0,0,0,1,1,0,0,0,0,0,0,0,0,0,0,0,0,0,0,1,0,0,97301,39.072,3,0.2,2.9304,2014,12,5,40,124
0,0,1,0,1,1,0,0,1,0,0,0,0,0,0,0,1,0,0,0,0,0,0,0,0,0,45373,8.872,1,0.2,3.2161,2016,4,6,29,469
0,0,1,0,1,1,0,0,1,0,0,0,1,0,0,0,0,0,0,0,0,0,0,0,0,0,45373,121.104,6,0.7,-100.92,2016,4,6,29,469
0,0,1,0,0,1,0,0,0,0,0,0,0,0,1,0,0,0,0,0,0,0,0,0,0,0,19143,127.372,2,0.3,-30.9332,2017,11,5,537,587
0,0,1,0,0,1,0,0,1,0,0,0,0,0,0,0,0,0,0,0,0,1,0,0,0,0,19143,47.952,3,0.2,16.1838,2017,11,5,537,587
0,0,1,1,0,0,0,1,0,0,0,0,0,0,0,0,0,0,1,0,0,0,0,0,0,0,92105,44.46,2,0,14.6718,2015,12,4,170,2001
0,0,1,0,0,1,0,0,1,0,0,0,0,0,0,0,0,1,0,0,0,0,0,0,0,0,20735,15.8,4,0,5.056,2015,7,5,29,105
0,0,1,0,0,1,0,0,0,1,0,0,0,0,0,0,0,0,0,0,1,0,0,0,0,0,20735,464.97,3,0,209.2365,2015,7,5,29,105
0,0,1,0,0,1,0,0,0,0,0,0,0,0,0,0,0,0,1,0,0,0,0,0,0,0,20735,181.96,2,0,20.0156,2015,7,5,29,105
0,0,1,0,0,1,0,0,1,0,0,0,0,0,0,0,0,0,0,1,0,0,0,0,0,0,20735,12.39,3,0,5.6994,2015,7,5,29,105
0,0,1,0,0,1,0,0,1,0,0,0,1,0,0,0,0,0,0,0,0,0,0,0,0,0,20735,84.09,3,0,42.045,2015,7,5,29,105
0,0,1,0,0,1,0,0,1,0,0,1,0,0,0,0,0,0,0,0,0,0,0,0,0,0,20735,79.36,4,0,32.5376,2015,7,5,29,105
0,0,1,0,0,1,0,0,1,0,0,0,1,0,0,0,0,0,0,0,0,0,0,0,0,0,20735,153.36,9,0,70.5456,2015,7,5,29,105
0,0,1,0,0,1,0,0,1,0,0,0,1,0,0,0,0,0,0,0,0,0,0,0,0,0,20735,43.68,6,0,21.4032,2015,7,5,29,105
0,0,1,0,0,1,0,0,1,0,0,0,0,0,0,0,0,0,0,0,0,0,0,1,0,0,20735,98.21,7,0,28.4809,2015,7,5,29,105
0,0,1,0,0,0,0,1,1,0,0,1,0,0,0,0,0,0,0,0,0,0,0,0,0,0,92503,9.84,3,0,3.2472,2016,12,6,14,2001
0,0,1,0,0,0,1,0,1,0,0,0,1,0,0,0,0,0,0,0,0,0,0,0,0,0,34952,2.694,2,0.7,-2.245,2016,5,4,3,383
0,1,0,0,0,0,0,1,1,0,0,0,0,0,0,0,0,0,0,0,0,1,0,0,0,0,85204,25.344,6,0.2,7.92,2017,6,3,28,224
0,1,0,0,0,0,0,1,1,0,0,0,0,0,0,0,1,0,0,0,0,0,0,0,0,0,85204,43.92,5,0.2,15.921,2017,6,3,28,224
0,1,0,1,0,0,0,1,0,1,0,0,0,0,0,0,0,0,0,0,1,0,0,0,0,0,80219,59.994,2,0.7,-45.9954,2015,10,3,44,182
0,1,0,1,0,0,0,1,0,1,0,0,0,0,0,1,0,0,0,0,0,0,0,0,0,0,80219,439.992,1,0.2,164.997,2015,10,3,44,182
0,1,0,1,0,0,0,1,0,1,0,0,0,0,0,0,0,0,0,0,0,0,1,0,0,0,80219,87.96,5,0.2,30.786,2015,10,3,44,182
0,1,0,1,0,0,0,1,0,0,0,0,0,0,0,0,0,0,1,0,0,0,0,0,0,0,80219,15.488,4,0.2,3.6784,2015,10,3,44,182
0,0,1,1,0,0,1,0,1,0,0,0,1,0,0,0,0,0,0,0,0,0,0,0,0,0,22153,232.96,7,0,116.48,2016,10,5,163,224
0,0,1,1,0,0,1,0,1,0,0,0,0,0,0,0,1,0,0,0,0,0,0,0,0,0,22153,66.54,6,0,32.6046,2016,10,5,163,224
0,0,1,1,0,0,1,0,1,0,1,0,0,0,0,0,0,0,0,0,0,0,0,0,0,0,22153,43.26,3,0,14.2758,2016,10,5,163,224
0,1,0,0,1,0,0,1,0,0,0,0,0,0,0,0,0,0,1,0,0,0,0,0,0,0,98115,141.96,2,0,22.7136,2015,11,2,428,506
0,0,1,1,0,0,0,1,1,0,0,0,0,0,0,0,0,0,0,0,0,0,0,1,0,0,85281,79.4,5,0.2,5.955,2014,9,4,13,224
0,1,0,0,1,1,0,0,0,1,0,0,0,0,0,0,0,0,0,0,0,0,0,0,0,0,10701,163.96,4,0,70.5028,2017,11,5,15,1128
0,0,1,1,0,1,0,0,0,0,0,0,0,0,0,0,0,0,1,0,0,0,0,0,0,0,14609,37.93,1,0,6.8274,2017,12,5,53,1128
0,1,0,1,0,1,0,0,0,0,0,0,0,0,0,0,0,0,1,0,0,0,0,0,0,0,43615,15.168,2,0.2,3.792,2016,1,4,32,469
0,0,1,1,0,0,1,0,1,0,0,1,0,0,0,0,0,0,0,0,0,0,0,0,0,0,35601,24.78,6,0,6.9384,2015,6,6,35,61
0,0,1,1,0,0,1,0,1,0,0,0,1,0,0,0,0,0,0,0,0,0,0,0,0,0,35601,19.14,3,0,8.8044,2015,6,6,35,61
0,0,1,1,0,0,1,0,0,1,0,0,0,0,0,1,0,0,0,0,0,0,0,0,0,0,35601,899.97,3,0,314.9895,2015,6,6,35,61
0,0,1,1,0,0,1,0,1,0,0,0,0,0,0,0,0,0,0,0,0,1,0,0,0,0,35601,32.4,5,0,15.552,2015,6,6,35,61
0,0,1,0,0,0,0,0,1,0,0,1,0,0,0,0,0,0,0,0,0,0,0,0,0,0,75220,23.832,3,0.2,6.5538,2017,3,4,157,985
0,0,1,1,0,0,0,0,0,0,0,0,0,0,0,0,0,0,1,0,0,0,0,0,0,0,75150,6.368,2,0.6,-2.5472,2014,11,4,5,985
0,0,1,1,0,0,0,0,1,0,1,0,0,0,0,0,0,0,0,0,0,0,0,0,0,0,75150,34.176,3,0.8,-87.1488,2014,11,4,5,985
0,0,1,1,0,0,0,0,0,1,0,0,0,0,0,0,0,0,0,0,0,0,0,0,0,0,75150,5.544,7,0.2,1.6632,2014,11,4,5,985
0,0,0,1,0,0,0,1,0,0,0,0,0,0,0,0,0,0,0,0,0,0,0,0,0,1,90045,510.24,3,0.2,6.378,2017,10,2,747,2001
0,0,0,1,0,0,0,1,1,0,0,0,0,0,0,0,0,0,0,0,0,1,0,0,0,0,90045,204.95,5,0,100.4255,2017,10,2,747,2001
0,0,0,0,0,0,0,1,0,1,0,0,0,0,0,0,0,0,0,0,0,0,0,0,0,0,98103,11.54,1,0,3.462,2017,4,3,428,506
0,0,0,0,0,0,0,1,0,0,0,0,0,0,0,0,0,0,1,0,0,0,0,0,0,0,98103,162.6,3,0,34.146,2017,4,3,428,506
0,1,0,0,0,0,0,1,1,0,0,0,0,0,0,0,0,0,0,0,0,1,0,0,0,0,98502,45.68,2,0,21.0128,2014,12,2,5,506
0,1,0,0,0,0,0,1,0,0,0,0,0,0,1,0,0,0,0,0,0,0,0,0,0,0,98502,603.92,5,0.2,45.294,2014,12,2,5,506
0,0,1,0,1,0,0,0,1,0,0,0,0,0,0,0,0,1,0,0,0,0,0,0,0,0,68104,23.55,5,0,1.1775,2017,5,4,28,38
0,0,1,0,0,0,1,0,1,0,0,0,0,0,0,0,0,0,0,0,0,0,0,0,1,0,31907,5.04,2,0,0.1512,2016,9,4,222,184
0,0,1,0,0,0,1,0,0,1,0,0,0,0,0,0,0,0,0,0,0,0,0,0,0,0,31907,249.95,5,0,107.4785,2016,9,4,222,184
0,0,1,1,0,0,0,0,1,0,0,1,0,0,0,0,0,0,0,0,0,0,0,0,0,0,47201,33.4,5,0,12.358,2016,9,6,222,149
0,0,1,0,1,0,1,0,0,0,0,0,0,0,0,0,0,0,1,0,0,0,0,0,0,0,39212,18.92,4,0,7.3788,2016,12,4,82,53
0,0,1,0,1,0,1,0,1,0,0,0,1,0,0,0,0,0,0,0,0,0,0,0,0,0,39212,15.42,2,0,6.939,2016,12,4,82,53
0,0,1,0,0,0,0,0,1,0,0,1,0,0,0,0,0,0,0,0,0,0,0,0,0,0,77070,35.712,8,0.2,2.232,2017,11,4,377,985
0,0,1,1,0,0,0,1,1,0,0,0,1,0,0,0,0,0,0,0,0,0,0,0,0,0,85023,551.985,5,0.7,-459.9875,2014,12,5,63,224
0,0,0,0,0,0,0,0,1,0,0,1,0,0,0,0,0,0,0,0,0,0,0,0,0,0,60653,7.056,3,0.2,2.205,2017,4,2,314,492
0,0,1,1,0,0,0,1,1,0,1,0,0,0,0,0,0,0,0,0,0,0,0,0,0,0,80219,18.72,2,0.2,3.51,2016,12,7,44,182
0,0,1,0,0,1,0,0,1,0,0,0,0,0,0,0,0,0,0,0,0,0,0,1,0,0,19711,360.38,2,0,93.6988,2016,6,6,95,96
0,0,1,0,0,1,0,0,1,0,0,1,0,0,0,0,0,0,0,0,0,0,0,0,0,0,19711,11.16,2,0,2.79,2016,6,6,95,96
0,0,1,0,0,1,0,0,1,0,0,0,0,0,0,0,0,0,0,1,0,0,0,0,0,0,19711,14.94,3,0,6.8724,2016,6,6,95,96
0,0,1,1,0,1,0,0,1,0,0,0,0,0,0,0,0,0,0,0,0,0,0,1,0,0,20735,41.96,2,0,7.9724,2015,9,5,29,105
0,0,1,1,0,1,0,0,1,0,0,0,0,0,0,0,0,0,0,0,0,0,0,1,0,0,20735,636.86,7,0,0,2015,9,5,29,105
0,0,1,1,0,1,0,0,0,1,0,0,0,0,0,0,0,0,0,0,0,0,1,0,0,0,20735,499.99,1,0,129.9974,2015,9,5,29,105
0,0,1,1,0,1,0,0,0,1,0,0,0,0,0,0,0,0,0,0,0,0,1,0,0,0,20735,1259.93,7,0,327.5818,2015,9,5,29,105
0,0,1,1,0,1,0,0,1,0,0,0,1,0,0,0,0,0,0,0,0,0,0,0,0,0,20735,65.08,4,0,31.8892,2015,9,5,29,105
0,1,0,0,0,1,0,0,1,0,0,0,0,0,0,0,0,0,0,0,0,1,0,0,0,0,10011,26.38,1,0,12.1348,2017,3,5,915,1128
0,1,0,0,0,1,0,0,0,0,0,0,0,0,0,0,0,0,1,0,0,0,0,0,0,0,10011,71.97,3,0,16.5531,2017,3,5,915,1128
1,0,0,0,0,1,0,0,0,1,0,0,0,0,0,0,0,0,0,0,0,0,1,0,0,0,19711,129.98,2,0,62.3904,2016,3,0,95,96
1,0,0,0,0,1,0,0,1,0,0,0,1,0,0,0,0,0,0,0,0,0,0,0,0,0,19711,32.54,2,0,15.9446,2016,3,0,95,96
0,0,1,0,0,0,0,0,0,1,0,0,0,0,0,0,0,0,0,0,0,0,1,0,0,0,49201,10.9,1,0,3.052,2016,12,4,82,255
0,0,1,0,0,0,0,0,0,1,0,0,0,0,0,0,0,0,0,0,0,0,0,0,0,0,49201,59.98,2,0,25.1916,2016,12,4,82,255
0,0,1,0,0,0,0,0,1,0,1,0,0,0,0,0,0,0,0,0,0,0,0,0,0,0,49201,61.929,1,0.1,23.3954,2016,12,4,82,255
0,0,1,0,0,1,0,0,1,0,0,0,0,0,0,0,1,0,0,0,0,0,0,0,0,0,10011,16.52,4,0,7.5992,2016,1,6,915,1128
0,0,1,0,0,1,0,0,1,0,0,0,0,0,0,0,0,0,0,0,0,1,0,0,0,0,10011,60.12,9,0,28.8576,2016,1,6,915,1128
0,0,1,0,0,1,0,0,1,0,0,0,1,0,0,0,0,0,0,0,0,0,0,0,0,0,10011,49.536,3,0.2,17.3376,2016,1,6,915,1128
1,0,0,0,0,0,1,0,1,0,0,0,0,0,0,0,0,1,0,0,0,0,0,0,0,0,29730,11.85,3,0,3.792,2014,10,0,1,42
0,1,0,0,0,0,1,0,1,0,0,0,0,0,0,0,0,0,0,0,0,0,0,1,0,0,31907,118.25,5,0,34.2925,2016,9,5,222,184
0,1,0,0,0,0,1,0,0,0,0,0,0,0,1,0,0,0,0,0,0,0,0,0,0,0,31907,368.97,3,0,81.1734,2016,9,5,222,184
0,1,0,1,0,0,0,1,0,0,0,0,0,0,0,0,0,0,1,0,0,0,0,0,0,0,90301,198.46,2,0,99.23,2017,8,2,16,2001
0,1,0,1,0,0,0,1,1,0,1,0,0,0,0,0,0,0,0,0,0,0,0,0,0,0,90301,321.92,4,0,96.576,2017,8,2,16,2001
0,1,0,1,0,0,0,1,0,1,0,0,0,0,0,1,0,0,0,0,0,0,0,0,0,0,90301,879.984,2,0.2,329.994,2017,8,2,16,2001
0,1,0,1,0,0,0,1,1,0,0,0,0,0,0,0,0,0,0,0,0,0,0,0,1,0,90301,28.4,5,0,8.236,2017,8,2,16,2001
0,1,0,1,0,0,0,1,0,0,0,0,0,0,1,0,0,0,0,0,0,0,0,0,0,0,90301,230.28,3,0.2,23.028,2017,8,2,16,2001
0,1,0,1,0,0,0,1,1,0,0,0,0,0,0,0,0,0,0,0,0,1,0,0,0,0,90301,116.28,3,0,56.9772,2017,8,2,16,2001
0,1,0,1,0,0,0,1,1,0,0,0,1,0,0,0,0,0,0,0,0,0,0,0,0,0,90301,841.568,2,0.2,294.5488,2017,8,2,16,2001
0,1,0,1,0,0,0,1,1,0,0,0,0,0,0,0,0,0,0,0,0,0,0,1,0,0,90301,354.9,5,0,17.745,2017,8,2,16,2001
0,0,0,1,0,0,0,0,1,0,0,0,0,0,0,0,0,0,0,0,0,1,0,0,0,0,79762,42.784,7,0.2,15.5092,2016,3,3,5,985
0,0,0,1,0,0,0,0,0,0,0,0,0,0,1,0,0,0,0,0,0,0,0,0,0,0,79762,563.43,5,0.3,-56.343,2016,3,3,5,985
0,0,1,0,0,1,0,0,1,0,0,1,0,0,0,0,0,0,0,0,0,0,0,0,0,0,43055,111.104,7,0.2,8.3328,2016,2,4,95,469
0,0,1,1,0,0,0,1,1,0,0,1,0,0,0,0,0,0,0,0,0,0,0,0,0,0,90049,11.68,2,0,5.4896,2015,9,5,747,2001
0,0,1,1,0,0,0,1,1,0,0,0,0,0,0,0,0,0,0,0,0,0,0,0,1,0,90049,16.9,2,0,5.07,2015,9,5,747,2001
0,0,1,1,0,0,0,1,0,0,0,0,0,0,0,0,0,0,1,0,0,0,0,0,0,0,90049,24.4,2,0,10.248,2015,9,5,747,2001
0,0,1,0,0,1,0,0,1,0,0,0,0,0,0,0,0,0,0,0,0,1,0,0,0,0,2149,87.6,5,0,42.048,2017,5,5,22,135
0,1,0,1,0,0,0,0,0,0,0,0,0,1,0,0,0,0,0,0,0,0,0,0,0,0,53214,241.96,2,0,24.196,2016,8,5,2,110
0,1,0,1,0,0,0,0,1,0,0,0,1,0,0,0,0,0,0,0,0,0,0,0,0,0,53214,8.52,3,0,4.1748,2016,8,5,2,110
0,0,1,0,0,0,0,0,1,0,0,0,1,0,0,0,0,0,0,0,0,0,0,0,0,0,60623,1.788,3,0.8,-3.0396,2017,2,5,314,492
0,0,1,1,0,0,0,0,0,0,0,0,0,0,0,0,0,0,0,0,0,0,0,0,0,1,77036,99.372,2,0.3,-1.4196,2016,3,4,377,985
0,0,1,1,0,0,0,0,1,0,0,1,0,0,0,0,0,0,0,0,0,0,0,0,0,0,77036,1.344,1,0.2,0.504,2016,3,4,377,985
0,1,0,0,1,0,0,0,0,1,0,0,0,0,0,0,0,0,0,0,0,0,1,0,0,0,77036,119.96,5,0.2,11.996,2015,12,2,377,985
0,1,0,1,0,0,1,0,0,0,0,0,0,0,1,0,0,0,0,0,0,0,0,0,0,0,33012,1013.832,9,0.2,101.3832,2014,12,4,18,383
0,1,0,1,0,0,1,0,1,0,0,0,0,0,0,0,0,1,0,0,0,0,0,0,0,0,33012,1.984,2,0.2,0.6696,2014,12,4,18,383
0,0,1,0,0,0,0,1,0,0,0,0,0,0,0,0,0,0,0,0,0,0,0,0,0,1,94122,2003.52,6,0.2,-325.572,2016,12,4,510,2001
0,0,1,1,0,1,0,0,1,0,0,0,0,0,0,0,0,0,0,0,0,0,0,1,0,0,19140,82.368,2,0.2,-19.5624,2016,5,5,537,587
0,1,0,0,0,0,1,0,0,1,0,0,0,0,0,0,0,0,0,0,0,0,0,0,0,0,29203,62.91,3,0,22.6476,2014,8,5,81,42
0,1,0,0,0,0,1,0,1,0,0,0,0,0,0,0,0,1,0,0,0,0,0,0,0,0,33180,6.912,3,0.2,2.3328,2014,4,2,57,383
0,1,0,0,0,0,1,0,0,1,0,0,0,0,0,0,0,0,0,0,0,0,0,0,0,0,33180,383.976,3,0.2,81.5949,2014,4,2,57,383
0,1,0,0,0,0,1,0,1,0,0,0,0,0,0,0,0,0,0,0,0,1,0,0,0,0,33180,10.368,2,0.2,3.6288,2014,4,2,57,383
0,1,0,0,0,0,1,0,0,1,0,0,0,0,0,0,0,0,0,0,0,0,0,0,0,0,33180,335.944,7,0.2,41.993,2014,4,2,57,383
0,0,1,0,1,0,0,1,0,0,0,0,0,0,0,0,0,0,1,0,0,0,0,0,0,0,91911,665.88,6,0,106.5408,2015,5,5,3,2001
0,1,0,0,1,0,1,0,0,1,0,0,0,0,0,0,0,0,0,0,0,0,1,0,0,0,33180,71.976,3,0.2,8.997,2017,11,2,57,383
0,0,1,0,0,1,0,0,1,0,0,0,0,0,0,0,0,0,0,0,0,1,0,0,0,0,10035,37.94,2,0,18.2112,2017,2,4,915,1128
0,0,1,0,1,0,0,0,0,1,0,0,0,0,0,0,0,0,0,0,0,0,1,0,0,0,66502,273.96,2,0,10.9584,2014,11,4,1,24
0,1,0,0,0,1,0,0,0,1,0,0,0,0,0,0,0,0,0,0,0,0,1,0,0,0,19120,269.982,3,0.4,40.4973,2015,7,5,537,587
0,1,0,0,0,0,1,0,1,0,0,0,0,0,0,0,0,0,0,0,0,1,0,0,0,0,38109,8.904,3,0.2,3.339,2017,11,3,30,183
0,1,0,0,0,0,1,0,1,0,0,0,0,0,0,0,0,0,0,0,0,0,0,1,0,0,38109,720.064,4,0.2,-63.0056,2017,11,3,30,183
0,0,1,0,1,0,1,0,0,1,0,0,0,0,0,0,0,0,0,0,0,0,0,0,0,0,33311,41.424,2,0.2,8.2848,2017,7,4,15,383
0,0,1,0,1,1,0,0,1,0,0,0,1,0,0,0,0,0,0,0,0,0,0,0,0,0,43229,3.132,2,0.7,-2.61,2017,12,4,222,469
0,0,1,1,0,0,0,1,1,0,0,0,0,0,0,0,0,0,0,0,0,0,0,1,0,0,90045,1085.42,7,0,282.2092,2016,10,4,747,2001
0,0,1,0,0,0,0,0,1,0,0,1,0,0,0,0,0,0,0,0,0,0,0,0,0,0,77041,3.912,1,0.2,1.0269,2016,9,5,377,985
0,0,1,0,0,0,0,0,1,0,0,1,0,0,0,0,0,0,0,0,0,0,0,0,0,0,77041,62.376,3,0.2,7.0173,2016,9,5,377,985
0,0,1,0,1,0,0,0,1,0,0,0,0,0,0,0,0,1,0,0,0,0,0,0,0,0,68104,29.05,5,0,9.0055,2016,4,4,28,38
0,0,1,0,1,0,0,1,1,0,0,0,1,0,0,0,0,0,0,0,0,0,0,0,0,0,90004,180.96,6,0.2,67.86,2014,7,6,747,2001
0,0,0,1,0,1,0,0,1,0,0,0,1,0,0,0,0,0,0,0,0,0,0,0,0,0,16602,4.419,3,0.7,-3.3879,2015,2,1,2,587
0,0,0,1,0,1,0,0,1,0,0,1,0,0,0,0,0,0,0,0,0,0,0,0,0,0,16602,16.032,6,0.2,2.2044,2015,2,1,2,587
0,0,1,0,0,1,0,0,1,0,0,1,0,0,0,0,0,0,0,0,0,0,0,0,0,0,10024,29.79,3,0,12.5118,2015,11,4,915,1128
0,0,1,0,0,0,0,1,1,0,0,0,0,0,0,0,0,0,0,0,0,0,0,1,0,0,92037,57.23,1,0,14.3075,2014,1,6,170,2001
0,0,1,0,0,0,0,1,0,0,0,0,0,0,0,0,0,0,0,0,0,0,0,0,0,1,92037,333,3,0.2,-16.65,2014,1,6,170,2001
0,0,1,0,0,0,0,1,1,0,0,1,0,0,0,0,0,0,0,0,0,0,0,0,0,0,92037,36.44,4,0,12.0252,2014,1,6,170,2001
0,0,0,0,0,0,1,0,1,0,0,0,0,0,0,0,0,0,0,0,0,1,0,0,0,0,33178,251.64,3,0.2,88.074,2017,9,3,57,383
0,0,0,1,0,0,1,0,0,0,0,0,0,0,0,0,0,0,0,0,0,0,0,0,0,1,27405,523.764,3,0.4,-192.0468,2017,11,1,13,249
0,0,0,1,0,0,1,0,0,1,0,0,0,0,0,0,0,0,0,0,0,0,1,0,0,0,27405,1359.96,5,0.2,118.9965,2017,11,1,13,249
0,0,1,0,0,0,1,0,0,0,0,0,0,0,1,0,0,0,0,0,0,0,0,0,0,0,28540,102.592,1,0.2,10.2592,2016,10,6,125,249
0,0,1,0,0,0,1,0,0,1,0,0,0,0,0,0,0,0,0,0,0,0,0,0,0,0,28540,22.704,1,0.2,5.9598,2016,10,6,125,249
0,0,1,0,0,0,1,0,1,0,0,0,0,0,0,0,0,0,0,0,0,1,0,0,0,0,28540,93.024,3,0.2,33.7212,2016,10,6,125,249
0,0,1,0,0,0,1,0,1,0,0,0,0,0,0,0,0,0,0,0,0,0,0,0,1,0,28540,12.768,2,0.2,1.4364,2016,10,6,125,249
0,0,1,0,0,0,1,0,1,0,0,0,0,0,0,0,1,0,0,0,0,0,0,0,0,0,28540,35.008,4,0.2,13.128,2016,10,6,125,249
0,0,1,0,0,0,1,0,1,0,0,0,0,0,0,0,0,0,0,0,0,1,0,0,0,0,28540,39.152,1,0.2,14.682,2016,10,6,125,249
0,0,1,1,0,0,1,0,1,0,0,1,0,0,0,0,0,0,0,0,0,0,0,0,0,0,33317,11.76,5,0.2,1.323,2015,11,7,11,383
0,0,1,1,0,0,1,0,1,0,0,0,1,0,0,0,0,0,0,0,0,0,0,0,0,0,33317,5.238,2,0.7,-4.0158,2015,11,7,11,383
0,0,1,1,0,0,1,0,1,0,0,0,1,0,0,0,0,0,0,0,0,0,0,0,0,0,33317,4.662,3,0.7,-3.7296,2015,11,7,11,383
0,0,1,1,0,0,1,0,0,0,0,0,0,0,1,0,0,0,0,0,0,0,0,0,0,0,33317,523.92,5,0.2,-72.039,2015,11,7,11,383
0,0,1,1,0,0,1,0,0,1,0,0,0,0,0,0,0,0,0,0,0,0,1,0,0,0,33317,100.792,1,0.2,10.0792,2015,11,7,11,383
0,0,1,1,0,0,1,0,0,0,0,0,0,0,1,0,0,0,0,0,0,0,0,0,0,0,33317,146.136,3,0.2,16.4403,2015,11,7,11,383
1,0,0,0,0,0,0,0,1,0,0,0,0,0,0,0,0,0,0,1,0,0,0,0,0,0,53209,25.06,2,0,11.7782,2017,3,0,45,110
0,0,1,0,0,0,0,0,1,0,0,0,0,0,0,0,0,0,0,1,0,0,0,0,0,0,62301,19.824,6,0.2,6.4428,2015,11,4,20,492
1,0,0,0,0,0,1,0,0,1,0,0,0,0,0,0,0,0,0,0,0,0,1,0,0,0,32216,823.96,5,0.2,51.4975,2016,7,0,125,383
1,0,0,0,0,0,1,0,1,0,0,0,0,0,0,0,0,0,0,0,0,1,0,0,0,0,32216,15.984,2,0.2,4.995,2016,7,0,125,383
0,0,1,0,0,0,1,0,0,0,0,0,0,0,0,0,0,0,0,0,0,0,0,0,0,1,36608,801.96,2,0,200.49,2015,9,4,11,61
0,0,1,0,0,0,1,0,0,1,0,0,0,0,0,0,0,0,0,0,0,0,1,0,0,0,36608,59.97,3,0,0,2015,9,4,11,61
0,0,1,0,0,0,1,0,0,0,0,0,0,0,1,0,0,0,0,0,0,0,0,0,0,0,36608,1056.86,7,0,306.4894,2015,9,4,11,61
0,0,1,0,0,1,0,0,1,0,0,0,1,0,0,0,0,0,0,0,0,0,0,0,0,0,10024,12.816,3,0.2,4.3254,2017,10,5,915,1128
0,0,1,0,0,1,0,0,0,0,0,0,0,1,0,0,0,0,0,0,0,0,0,0,0,0,10024,314.352,3,0.2,-15.7176,2017,10,5,915,1128
0,0,1,0,0,1,0,0,1,0,0,0,0,0,0,0,0,0,0,0,0,1,0,0,0,0,10024,18.98,2,0,8.9206,2017,10,5,915,1128
0,0,1,0,0,1,0,0,1,0,0,0,1,0,0,0,0,0,0,0,0,0,0,0,0,0,10024,18.24,6,0.2,6.156,2017,10,5,915,1128
0,0,1,0,0,1,0,0,1,0,0,0,0,0,0,0,0,0,0,0,0,0,0,1,0,0,10011,991.2,6,0,257.712,2015,9,4,915,1128
0,0,1,0,0,1,0,0,0,1,0,0,0,0,0,1,0,0,0,0,0,0,0,0,0,0,10011,879.984,2,0.2,329.994,2015,9,4,915,1128
0,0,1,0,0,1,0,0,1,0,0,0,1,0,0,0,0,0,0,0,0,0,0,0,0,0,10011,12.96,9,0.2,4.536,2015,9,4,915,1128
0,0,1,1,0,0,0,0,1,0,0,0,0,0,0,0,0,0,0,0,0,0,0,1,0,0,75217,107.44,10,0.2,10.744,2014,10,5,157,985
0,0,1,1,0,0,0,0,0,0,0,0,0,0,1,0,0,0,0,0,0,0,0,0,0,0,48234,1458.65,5,0,423.0085,2017,5,4,115,255
0,0,1,1,0,0,0,0,0,0,0,0,0,0,1,0,0,0,0,0,0,0,0,0,0,0,48234,26.64,1,0,7.4592,2017,5,4,115,255
0,0,1,1,0,0,0,0,0,0,0,0,0,0,1,0,0,0,0,0,0,0,0,0,0,0,48234,476.8,2,0,119.2,2017,5,4,115,255
0,0,1,1,0,0,0,0,1,0,1,0,0,0,0,0,0,0,0,0,0,0,0,0,0,0,48234,87.444,2,0.1,18.4604,2017,5,4,115,255
0,0,1,0,0,1,0,0,0,0,0,0,0,0,0,0,0,0,1,0,0,0,0,0,0,0,19901,76.14,3,0,26.649,2015,11,5,19,96
0,0,1,0,0,1,0,0,1,0,0,0,1,0,0,0,0,0,0,0,0,0,0,0,0,0,19901,19.96,2,0,9.3812,2015,11,5,19,96
1,0,0,1,0,1,0,0,0,1,0,0,0,0,0,0,0,0,0,0,0,0,1,0,0,0,43229,1049.97,5,0.4,-209.994,2014,11,0,222,469
1,0,0,1,0,1,0,0,0,0,0,0,0,0,1,0,0,0,0,0,0,0,0,0,0,0,43229,611.058,3,0.3,-34.9176,2014,11,0,222,469
0,0,1,1,0,0,0,1,1,0,0,0,0,0,0,0,0,1,0,0,0,0,0,0,0,0,85301,2.368,2,0.2,0.8288,2014,4,7,23,224
0,0,1,1,0,0,0,1,1,0,0,0,0,0,0,0,0,0,0,0,0,1,0,0,0,0,85301,19.008,3,0.2,6.8904,2014,4,7,23,224
0,0,1,0,0,0,0,1,0,1,0,0,0,0,0,0,0,0,0,0,0,0,1,0,0,0,89031,911.984,2,0.2,113.998,2014,7,7,16,39
0,0,1,0,0,0,0,1,0,0,0,0,0,0,1,0,0,0,0,0,0,0,0,0,0,0,89031,674.352,3,0.2,-109.5822,2014,7,7,16,39
0,0,1,0,0,0,0,1,0,0,0,0,0,0,0,0,0,0,1,0,0,0,0,0,0,0,89031,134.01,9,0,36.1827,2014,7,7,16,39
0,0,1,0,0,0,0,1,0,1,0,0,0,0,0,0,0,0,0,0,0,0,0,0,0,0,89031,170.97,3,0,70.0977,2014,7,7,16,39
0,0,1,1,0,0,1,0,0,0,0,0,0,0,1,0,0,0,0,0,0,0,0,0,0,0,37620,170.352,3,0.2,10.647,2014,6,4,13,183
0,0,0,1,0,0,0,1,1,0,0,0,1,0,0,0,0,0,0,0,0,0,0,0,0,0,90049,7.184,2,0.2,2.245,2014,10,3,747,2001
0,0,0,1,0,0,0,1,1,0,0,0,0,0,0,0,0,0,0,0,0,0,0,0,1,0,90049,6.28,2,0,0.0628,2014,10,3,747,2001
0,0,0,1,0,0,0,1,1,0,0,0,0,0,0,0,0,0,0,0,0,0,0,0,1,0,90049,480.74,2,0,14.4222,2014,10,3,747,2001
0,0,0,1,0,0,0,1,0,0,0,0,0,1,0,0,0,0,0,0,0,0,0,0,0,0,90049,616.998,6,0.15,-36.294,2014,10,3,747,2001
0,0,0,1,0,0,0,1,1,0,0,0,0,0,0,0,0,0,0,0,0,0,0,1,0,0,90049,141.4,5,0,38.178,2014,10,3,747,2001
0,1,0,0,1,0,0,0,1,0,0,0,0,0,0,0,0,0,0,0,0,0,0,1,0,0,48187,501.81,3,0,0,2017,11,2,3,255
0,0,0,0,0,0,1,0,1,0,0,0,1,0,0,0,0,0,0,0,0,0,0,0,0,0,72701,691.96,4,0,318.3016,2017,9,1,41,60
0,0,0,0,0,0,1,0,0,1,0,0,0,0,0,0,0,0,0,0,0,0,0,0,0,0,72701,34.95,5,0,15.378,2017,9,1,41,60
0,0,1,1,0,0,0,0,1,0,0,0,0,0,0,0,0,0,0,0,0,1,0,0,0,0,65807,85.96,7,0,40.4012,2015,12,5,163,66
1,0,0,0,1,1,0,0,0,0,0,0,0,0,0,0,0,0,1,0,0,0,0,0,0,0,2169,85.3,2,0,14.501,2015,9,0,20,135
0,0,0,0,0,0,0,0,1,0,0,0,1,0,0,0,0,0,0,0,0,0,0,0,0,0,61107,33.568,8,0.8,-53.7088,2017,11,3,11,492
0,0,1,0,1,0,0,1,0,0,0,0,0,0,0,0,0,0,1,0,0,0,0,0,0,0,94122,4.95,1,0,2.178,2017,6,4,510,2001
0,0,1,0,1,0,0,1,1,0,0,0,0,0,0,0,0,0,0,0,0,0,0,1,0,0,94122,26.4,5,0,0,2017,6,4,510,2001
0,1,0,0,0,0,0,0,1,0,0,0,1,0,0,0,0,0,0,0,0,0,0,0,0,0,78207,3.564,3,0.8,-6.237,2017,10,5,59,985
0,1,0,0,0,0,0,0,0,1,0,0,0,0,0,0,0,0,0,0,0,0,1,0,0,0,78207,823.96,5,0.2,51.4975,2017,10,5,59,985
0,1,0,0,0,0,0,0,1,0,0,1,0,0,0,0,0,0,0,0,0,0,0,0,0,0,78207,10.272,3,0.2,0.8988,2017,10,5,59,985
1,0,0,0,0,0,0,1,0,1,0,0,0,0,0,0,0,0,0,0,0,0,0,0,0,0,80229,447.944,7,0.2,89.5888,2014,12,0,10,182
0,0,1,0,1,0,0,0,0,0,0,0,0,0,0,0,0,0,0,0,0,0,0,0,0,1,60653,480.96,3,0.5,-269.3376,2017,2,5,314,492
0,0,1,0,1,0,0,0,0,1,0,0,0,0,0,0,0,0,0,0,0,0,1,0,0,0,60653,124.792,1,0.2,10.9193,2017,2,5,314,492
0,0,1,0,0,1,0,0,1,0,0,0,1,0,0,0,0,0,0,0,0,0,0,0,0,0,10701,40.176,3,0.2,14.5638,2014,5,7,15,1128
0,0,1,0,0,1,0,0,1,0,0,0,1,0,0,0,0,0,0,0,0,0,0,0,0,0,10701,10.896,3,0.2,3.9498,2014,5,7,15,1128
0,1,0,0,0,0,0,1,1,0,0,1,0,0,0,0,0,0,0,0,0,0,0,0,0,0,92037,10.64,4,0,2.7664,2017,10,2,170,2001
0,0,1,0,0,0,0,0,0,0,0,0,0,0,0,0,0,0,1,0,0,0,0,0,0,0,61821,151.96,5,0.6,-182.352,2015,11,5,1,492
0,1,0,0,0,0,0,1,0,1,0,0,0,0,0,0,0,0,0,0,0,0,0,0,0,0,94122,238,2,0,38.08,2014,7,2,510,2001
0,1,0,0,0,0,0,0,0,1,0,0,0,0,0,0,0,0,0,0,0,0,0,0,0,0,46226,155.34,6,0,55.9224,2017,4,2,44,149
0,1,0,0,0,0,0,1,0,1,0,0,0,0,0,0,0,0,0,0,0,0,0,0,0,0,92105,148.32,9,0,63.7776,2015,10,4,170,2001
0,1,0,0,0,0,0,1,0,0,0,0,0,0,1,0,0,0,0,0,0,0,0,0,0,0,92105,240.784,1,0.2,27.0882,2015,10,4,170,2001
0,1,0,0,0,0,0,1,0,0,0,0,0,0,1,0,0,0,0,0,0,0,0,0,0,0,92105,191.968,7,0.2,16.7972,2015,10,4,170,2001
0,1,0,0,0,0,0,1,1,0,0,0,0,0,0,0,0,0,0,0,0,1,0,0,0,0,92105,11.56,2,0,5.6644,2015,10,4,170,2001
0,1,0,0,0,0,0,1,1,0,0,0,0,0,0,0,1,0,0,0,0,0,0,0,0,0,92105,11.8,4,0,5.664,2015,10,4,170,2001
0,1,0,0,0,0,0,1,0,0,0,0,0,0,1,0,0,0,0,0,0,0,0,0,0,0,92105,842.352,3,0.2,42.1176,2015,10,4,170,2001
0,1,0,0,0,0,1,0,1,0,0,0,0,0,0,0,1,0,0,0,0,0,0,0,0,0,37604,23.472,3,0.2,7.6284,2016,9,2,12,183
0,1,0,0,0,0,1,0,1,0,0,0,1,0,0,0,0,0,0,0,0,0,0,0,0,0,37604,86.058,7,0.7,-63.1092,2016,9,2,12,183
0,1,0,0,0,0,1,0,0,1,0,0,0,0,0,0,0,0,0,0,0,0,1,0,0,0,37604,108.784,2,0.2,6.799,2016,9,2,12,183
0,1,0,0,0,0,1,0,1,0,0,0,0,0,0,0,0,0,0,0,0,1,0,0,0,0,37604,10.272,3,0.2,3.21,2016,9,2,12,183
0,0,1,0,0,0,1,0,1,0,0,0,1,0,0,0,0,0,0,0,0,0,0,0,0,0,33614,38.19,5,0.7,-26.733,2016,10,5,36,383
0,0,0,1,0,0,0,0,1,0,0,0,0,0,0,0,0,0,0,0,0,0,0,1,0,0,62521,49.632,4,0.2,3.7224,2014,4,2,35,492
0,0,0,1,0,0,0,0,1,0,0,0,0,0,0,0,0,0,0,0,0,0,0,1,0,0,62521,52.096,4,0.2,3.9072,2014,4,2,35,492
0,0,1,0,0,0,0,1,1,0,0,0,0,0,0,0,0,0,0,0,0,1,0,0,0,0,85234,9.568,2,0.2,2.99,2015,6,5,15,224
0,0,1,0,0,0,0,1,1,0,0,0,0,0,0,0,0,0,0,0,0,0,0,1,0,0,85234,82.368,2,0.2,-19.5624,2015,6,5,15,224
0,0,1,0,0,0,0,1,0,0,0,0,0,0,0,0,0,0,1,0,0,0,0,0,0,0,85234,364.704,6,0.2,-36.4704,2015,6,5,15,224
0,0,1,0,0,0,0,1,0,0,0,0,0,0,0,0,0,0,1,0,0,0,0,0,0,0,85234,40.256,4,0.2,11.0704,2015,6,5,15,224
0,0,1,1,0,0,1,0,1,0,0,1,0,0,0,0,0,0,0,0,0,0,0,0,0,0,37918,4.368,3,0.2,0.3822,2014,7,7,24,183
0,0,1,0,0,0,0,0,1,0,0,0,1,0,0,0,0,0,0,0,0,0,0,0,0,0,60653,12.128,4,0.8,-20.6176,2017,1,4,314,492
0,1,0,0,0,0,0,0,0,1,0,0,0,0,0,0,0,0,0,0,0,0,1,0,0,0,47401,134.85,3,0,37.758,2016,3,5,15,149
0,0,1,0,0,0,1,0,1,0,0,1,0,0,0,0,0,0,0,0,0,0,0,0,0,0,30076,8.56,2,0,2.6536,2014,6,4,18,184
0,0,1,0,0,0,1,0,0,1,0,0,0,0,0,0,0,0,0,0,0,0,1,0,0,0,30076,239.97,3,0,67.1916,2014,6,4,18,184
0,0,1,0,0,0,1,0,1,0,0,0,0,0,0,0,0,0,0,0,0,0,0,1,0,0,30076,356.94,2,0,107.082,2014,6,4,18,184
0,0,1,1,0,0,0,1,0,1,0,0,0,0,0,0,0,0,0,0,0,0,0,0,0,0,90036,659.9,2,0,217.767,2016,11,6,747,2001
0,0,1,1,0,0,0,1,0,0,0,0,0,0,1,0,0,0,0,0,0,0,0,0,0,0,90036,1684.752,6,0.2,210.594,2016,11,6,747,2001
0,0,1,1,0,0,0,1,0,1,0,0,0,0,0,0,0,0,0,0,0,0,0,0,0,0,90036,559.92,8,0,190.3728,2016,11,6,747,2001
0,0,1,0,0,0,0,0,0,1,0,0,0,0,0,0,0,0,0,0,0,0,0,0,0,0,77036,279.944,7,0.2,48.9902,2016,11,4,377,985
0,0,1,0,1,0,0,0,1,0,0,0,1,0,0,0,0,0,0,0,0,0,0,0,0,0,60440,9.98,5,0.8,-16.467,2014,11,6,6,492
0,0,1,0,1,0,1,0,0,1,0,0,0,0,0,0,0,0,0,0,0,0,0,0,0,0,71854,48.9,5,0,18.093,2017,5,4,2,60
0,0,1,1,0,0,0,0,1,0,0,0,0,0,0,0,0,1,0,0,0,0,0,0,0,0,78207,3.552,3,0.2,1.2432,2017,12,5,59,985
0,0,1,1,0,0,0,0,1,0,0,0,0,0,0,0,0,0,0,0,0,1,0,0,0,0,78207,15.552,3,0.2,5.4432,2017,12,5,59,985
0,0,1,0,0,0,0,0,1,0,0,0,0,0,0,0,0,1,0,0,0,0,0,0,0,0,78539,2.368,2,0.2,0.8288,2017,11,4,3,985
0,0,0,0,0,1,0,0,0,1,0,0,0,0,0,0,0,0,0,0,0,0,0,0,0,0,43615,127.984,2,0.2,25.5968,2017,12,2,32,469
0,0,1,1,0,0,0,0,1,0,0,0,0,0,0,0,0,0,0,0,0,1,0,0,0,0,77520,10.368,2,0.2,3.6288,2015,1,5,1,985
0,0,1,0,1,1,0,0,0,1,0,0,0,0,0,0,0,0,0,0,0,0,0,0,0,0,19143,47.984,2,0.2,-1.1996,2015,11,6,537,587
0,1,0,0,1,0,0,1,1,0,0,0,0,0,0,0,0,0,0,0,0,0,0,1,0,0,90045,270.34,14,0,75.6952,2015,10,5,747,2001
0,0,1,0,1,1,0,0,1,0,1,0,0,0,0,0,0,0,0,0,0,0,0,0,0,0,19143,98.112,7,0.2,18.396,2015,4,5,537,587
0,0,1,0,1,1,0,0,1,0,0,0,0,0,0,0,0,0,0,0,0,0,0,1,0,0,19143,563.808,4,0.2,21.1428,2015,4,5,537,587
0,0,1,0,1,1,0,0,1,0,0,0,1,0,0,0,0,0,0,0,0,0,0,0,0,0,19143,10.428,4,0.7,-6.952,2015,4,5,537,587
0,0,1,0,1,1,0,0,0,0,0,0,0,0,0,0,0,0,1,0,0,0,0,0,0,0,19143,547.136,4,0.2,-68.392,2015,4,5,537,587
0,0,1,0,1,1,0,0,0,1,0,0,0,0,0,0,0,0,0,0,0,0,1,0,0,0,19143,14.85,5,0.4,-3.2175,2015,4,5,537,587
0,0,1,0,1,1,0,0,0,1,0,0,0,0,0,0,0,0,0,0,0,0,1,0,0,0,19143,41.988,2,0.4,-9.7972,2015,4,5,537,587
0,0,1,0,1,1,0,0,0,0,0,0,0,0,0,0,0,0,1,0,0,0,0,0,0,0,19143,7.584,1,0.2,2.37,2015,4,5,537,587
0,0,1,0,1,1,0,0,0,0,0,0,0,1,0,0,0,0,0,0,0,0,0,0,0,0,19143,352.45,5,0.5,-211.47,2015,4,5,537,587
0,0,0,0,0,0,0,0,0,1,0,0,0,0,0,0,0,0,0,0,0,0,1,0,0,0,77581,470.376,3,0.2,52.9173,2017,6,1,3,985
0,0,1,1,0,1,0,0,1,0,0,0,0,0,0,0,0,0,0,0,0,1,0,0,0,0,10035,19.44,3,0,9.3312,2017,9,7,915,1128
0,0,1,1,0,1,0,0,0,0,0,0,0,0,0,0,0,0,1,0,0,0,0,0,0,0,10035,9.82,2,0,3.2406,2017,9,7,915,1128
0,0,1,0,0,0,0,1,0,0,0,0,0,0,0,0,0,0,0,0,0,0,0,0,0,1,85023,801.6,5,0.5,-448.896,2017,7,5,63,224
0,0,1,0,0,0,0,1,0,0,0,0,0,0,1,0,0,0,0,0,0,0,0,0,0,0,85023,161.568,2,0.2,10.098,2017,7,5,63,224
0,0,1,0,0,0,0,1,1,0,0,0,0,0,0,0,0,0,0,0,0,1,0,0,0,0,85023,16.096,2,0.2,5.2312,2017,7,5,63,224
0,0,1,0,0,0,0,1,1,0,0,0,1,0,0,0,0,0,0,0,0,0,0,0,0,0,85023,7.656,4,0.7,-6.1248,2017,7,5,63,224
0,0,1,0,0,0,0,1,0,0,0,0,0,0,1,0,0,0,0,0,0,0,0,0,0,0,85023,311.976,3,0.2,-42.8967,2017,7,5,63,224
0,0,1,1,0,0,1,0,1,0,0,0,0,0,0,0,0,0,0,0,0,0,0,1,0,0,23320,61.68,4,0,16.6536,2015,12,6,18,224
0,0,1,1,0,0,1,0,1,0,0,0,1,0,0,0,0,0,0,0,0,0,0,0,0,0,23320,63.96,4,0,30.7008,2015,12,6,18,224
0,1,0,0,0,0,0,0,0,1,0,0,0,0,0,0,0,0,0,0,0,0,1,0,0,0,60610,359.976,3,0.2,35.9976,2016,6,4,314,492
0,0,1,0,0,0,0,0,1,0,0,0,0,0,0,0,0,0,0,0,0,1,0,0,0,0,60623,25.344,6,0.2,7.92,2017,8,4,314,492
0,0,1,0,0,0,0,0,1,0,0,0,0,0,0,0,0,0,0,0,0,1,0,0,0,0,60623,26.72,5,0.2,9.352,2017,8,4,314,492
0,0,1,0,0,0,0,1,1,0,0,0,0,0,0,0,0,0,0,0,0,0,0,1,0,0,98103,30.28,2,0,1.2112,2014,9,4,428,506
0,0,1,0,0,0,0,1,1,0,0,0,0,0,0,0,0,0,0,0,0,0,0,1,0,0,98103,57.93,3,0,16.2204,2014,9,4,428,506
0,0,1,0,0,0,0,1,0,0,0,0,0,0,0,0,0,0,1,0,0,0,0,0,0,0,98103,35.34,2,0,13.4292,2014,9,4,428,506
0,0,1,0,0,0,0,1,1,0,0,0,1,0,0,0,0,0,0,0,0,0,0,0,0,0,98103,137.24,5,0.2,46.3185,2014,9,4,428,506
0,0,0,0,0,0,0,0,0,0,0,0,0,1,0,0,0,0,0,0,0,0,0,0,0,0,78550,241.332,5,0.32,-14.196,2016,3,3,5,985
0,0,0,0,0,0,0,0,1,0,0,0,0,0,0,0,0,0,0,0,0,1,0,0,0,0,78550,5.184,1,0.2,1.8792,2016,3,3,5,985
0,0,0,0,0,0,0,0,1,0,0,1,0,0,0,0,0,0,0,0,0,0,0,0,0,0,78550,145.544,7,0.2,16.3737,2016,3,3,5,985
0,0,1,1,0,1,0,0,1,0,0,1,0,0,0,0,0,0,0,0,0,0,0,0,0,0,19140,5.472,3,0.2,1.6416,2016,8,7,537,587
0,0,1,1,0,1,0,0,0,1,0,0,0,0,0,0,0,0,0,0,0,0,0,0,0,0,19140,47.984,2,0.2,13.1956,2016,8,7,537,587
0,0,1,0,0,0,0,1,1,0,0,1,0,0,0,0,0,0,0,0,0,0,0,0,0,0,93309,9.4,5,0,2.726,2017,9,6,16,2001
0,0,1,0,0,0,0,1,1,0,0,0,0,0,0,0,0,0,0,1,0,0,0,0,0,0,93309,74,5,0,37,2017,9,6,16,2001
0,0,1,0,0,0,0,1,0,1,0,0,0,0,0,0,0,0,0,0,0,0,1,0,0,0,93309,201.584,2,0.2,12.599,2017,9,6,16,2001
0,0,1,0,0,0,0,0,1,0,0,0,0,0,0,0,1,0,0,0,0,0,0,0,0,0,75051,28.752,3,0.2,9.3444,2015,6,4,13,985
0,0,1,0,0,0,0,0,1,0,0,0,0,0,0,0,0,0,0,0,0,1,0,0,0,0,75051,27.216,3,0.2,9.8658,2015,6,4,13,985
0,0,1,0,0,0,0,0,0,0,0,0,0,0,1,0,0,0,0,0,0,0,0,0,0,0,75051,197.372,2,0.3,-25.3764,2015,6,4,13,985
1,0,0,0,0,0,0,0,0,0,0,0,0,0,1,0,0,0,0,0,0,0,0,0,0,0,46142,1424.9,5,0,356.225,2016,12,0,4,149
0,0,1,0,0,1,0,0,0,0,0,0,0,0,0,0,0,0,1,0,0,0,0,0,0,0,10024,14.56,2,0,6.2608,2017,5,5,915,1128
0,0,1,0,0,1,0,0,1,0,0,0,1,0,0,0,0,0,0,0,0,0,0,0,0,0,10024,3.048,1,0.2,1.0287,2017,5,5,915,1128
0,1,0,0,0,0,1,0,1,0,0,0,0,0,0,0,0,0,0,0,0,1,0,0,0,0,38109,25.92,5,0.2,9.072,2017,5,2,30,183
0,0,1,0,0,1,0,0,1,0,0,0,0,0,0,0,0,0,0,0,0,0,0,0,1,0,14215,835.17,7,0,16.7034,2016,6,7,10,1128
0,1,0,0,0,0,0,1,1,0,0,0,0,0,0,0,0,0,0,0,0,1,0,0,0,0,90036,17.34,3,0,8.4966,2016,5,5,747,2001
0,0,1,0,0,0,1,0,1,0,0,0,0,0,0,0,0,0,0,0,0,1,0,0,0,0,33030,44.384,1,0.2,15.5344,2017,11,5,3,383
0,0,1,0,0,0,1,0,1,0,0,0,0,0,0,0,0,0,0,0,0,0,0,0,1,0,33030,2.944,1,0.2,-0.6624,2017,11,5,3,383
0,0,1,0,1,0,0,0,1,0,0,1,0,0,0,0,0,0,0,0,0,0,0,0,0,0,77506,6.368,2,0.2,1.0348,2016,11,4,42,985
0,0,1,0,1,0,0,0,1,0,0,0,0,0,0,0,0,0,0,1,0,0,0,0,0,0,77506,48.848,2,0.2,15.8756,2016,11,4,42,985
0,0,1,0,1,0,0,0,1,0,0,0,0,0,0,0,0,0,0,0,0,1,0,0,0,0,77506,19.648,2,0.2,6.6312,2016,11,4,42,985
0,0,1,0,1,0,0,0,0,0,0,0,0,0,1,0,0,0,0,0,0,0,0,0,0,0,77506,255.108,6,0.3,-18.222,2016,11,4,42,985
0,1,0,0,0,1,0,0,1,0,0,0,1,0,0,0,0,0,0,0,0,0,0,0,0,0,11520,17.248,2,0.2,6.0368,2014,11,2,10,1128
0,0,1,1,0,0,0,1,0,1,0,0,0,0,0,0,0,0,0,0,0,0,1,0,0,0,80219,159.984,2,0.2,13.9986,2016,3,7,44,182
0,0,1,0,0,1,0,0,1,0,0,0,0,0,0,0,0,0,0,0,0,1,0,0,0,0,2169,12.7,2,0,5.842,2017,1,4,20,135
0,0,1,0,0,0,0,0,0,0,0,0,0,0,0,0,0,0,1,0,0,0,0,0,0,0,48205,5.47,1,0,2.3521,2014,4,5,115,255
0,0,1,0,0,0,0,0,1,0,0,1,0,0,0,0,0,0,0,0,0,0,0,0,0,0,48205,79.36,4,0,23.808,2014,4,5,115,255
0,0,1,0,0,0,0,1,0,0,0,0,0,0,0,0,0,0,1,0,0,0,0,0,0,0,94109,22.14,3,0,6.4206,2016,6,7,510,2001
0,0,1,0,0,0,1,0,1,0,0,0,1,0,0,0,0,0,0,0,0,0,0,0,0,0,37211,11.277,3,0.7,-8.6457,2016,5,4,29,183
0,0,1,0,0,0,1,0,1,0,0,1,0,0,0,0,0,0,0,0,0,0,0,0,0,0,37211,4.448,2,0.2,0.3336,2016,5,4,29,183
0,0,1,0,0,0,1,0,0,0,0,0,0,0,0,0,0,0,1,0,0,0,0,0,0,0,37211,44.76,3,0.2,14.547,2016,5,4,29,183
0,0,1,1,0,0,0,0,1,0,0,0,1,0,0,0,0,0,0,0,0,0,0,0,0,0,48227,38.28,6,0,17.6088,2015,10,5,115,255
0,0,1,1,0,0,0,0,0,1,0,0,0,0,0,0,0,0,0,0,0,0,1,0,0,0,48227,149.95,5,0,44.985,2015,10,5,115,255
0,0,0,0,1,0,0,1,1,0,0,1,0,0,0,0,0,0,0,0,0,0,0,0,0,0,90045,12.84,3,0,3.4668,2017,2,1,747,2001
0,0,0,0,1,0,0,1,0,0,0,0,0,0,0,0,0,0,1,0,0,0,0,0,0,0,90045,44.67,3,0,12.0609,2017,2,1,747,2001
0,0,1,0,0,1,0,0,1,0,0,1,0,0,0,0,0,0,0,0,0,0,0,0,0,0,19140,7.872,3,0.2,0.8856,2016,9,6,537,587
0,1,0,1,0,0,1,0,1,0,0,1,0,0,0,0,0,0,0,0,0,0,0,0,0,0,28806,7.872,3,0.2,0.8856,2014,11,5,7,249
0,0,1,0,0,1,0,0,1,0,0,1,0,0,0,0,0,0,0,0,0,0,0,0,0,0,10024,88.04,4,0,22.8904,2016,4,5,915,1128
0,0,0,0,1,0,0,1,1,0,0,0,1,0,0,0,0,0,0,0,0,0,0,0,0,0,80906,40.635,7,0.7,-32.508,2016,5,3,25,182
0,0,1,1,0,0,0,0,1,0,0,0,1,0,0,0,0,0,0,0,0,0,0,0,0,0,78207,5.728,8,0.8,-9.1648,2015,6,4,59,985
0,0,1,1,0,0,0,0,1,0,0,0,0,0,0,0,0,0,0,0,0,1,0,0,0,0,78207,42.24,10,0.2,13.2,2015,6,4,59,985
0,0,1,0,0,0,0,1,1,0,0,0,0,0,0,0,0,0,0,0,0,1,0,0,0,0,90036,53.82,9,0,24.219,2014,11,4,747,2001
0,1,0,0,1,0,0,0,1,0,0,1,0,0,0,0,0,0,0,0,0,0,0,0,0,0,48310,79.36,4,0,20.6336,2015,2,2,3,255
0,0,1,0,0,1,0,0,1,0,0,0,0,0,0,0,0,0,0,0,0,1,0,0,0,0,10009,13.48,2,0,6.74,2016,3,4,915,1128
0,0,1,0,0,1,0,0,1,0,0,0,1,0,0,0,0,0,0,0,0,0,0,0,0,0,10009,29.8,5,0.2,9.3125,2016,3,4,915,1128
0,0,1,0,0,1,0,0,0,0,0,0,0,0,0,0,0,0,1,0,0,0,0,0,0,0,10009,414,8,0,124.2,2016,3,4,915,1128
0,0,1,0,0,1,0,0,1,0,0,0,1,0,0,0,0,0,0,0,0,0,0,0,0,0,10009,41.328,7,0.2,14.9814,2016,3,4,915,1128
0,0,0,0,0,0,1,0,0,0,0,0,0,0,0,0,0,0,1,0,0,0,0,0,0,0,23223,39.92,4,0,11.1776,2016,10,2,90,224
0,0,1,0,1,0,0,1,1,0,0,0,0,0,0,0,0,1,0,0,0,0,0,0,0,0,98105,8.94,3,0,4.1124,2017,10,5,428,506
0,0,1,0,1,0,0,1,0,1,0,0,0,0,0,0,0,0,0,0,0,0,1,0,0,0,98105,84.784,2,0.2,-20.1362,2017,10,5,428,506
0,0,1,1,0,1,0,0,0,0,0,0,0,0,0,0,0,0,0,0,0,0,0,0,0,1,10024,53.316,2,0.4,-19.5492,2014,12,4,915,1128
0,0,1,1,0,1,0,0,1,0,1,0,0,0,0,0,0,0,0,0,0,0,0,0,0,0,10024,56.52,3,0,15.8256,2014,12,4,915,1128
0,0,1,0,1,0,0,1,0,0,0,0,0,0,0,0,0,0,1,0,0,0,0,0,0,0,98115,22.77,3,0,9.7911,2017,12,5,428,506
0,1,0,0,0,0,0,1,0,0,0,0,0,0,1,0,0,0,0,0,0,0,0,0,0,0,90045,287.968,4,0.2,-3.5996,2016,7,2,747,2001
0,1,0,0,0,0,0,1,0,1,0,0,0,0,0,1,0,0,0,0,0,0,0,0,0,0,90045,2799.96,5,0.2,944.9865,2016,7,2,747,2001
0,1,0,0,0,0,0,1,1,0,0,0,0,0,0,0,0,0,0,0,0,1,0,0,0,0,90045,48.94,1,0,24.47,2016,7,2,747,2001
0,0,1,0,0,0,0,1,0,0,0,0,0,1,0,0,0,0,0,0,0,0,0,0,0,0,90712,257.499,3,0.15,24.2352,2016,4,4,49,2001
0,0,1,0,1,1,0,0,1,0,0,0,0,0,0,0,0,0,0,0,0,0,0,1,0,0,7060,2591.56,4,0,621.9744,2017,4,6,13,130
0,0,1,0,1,1,0,0,1,0,1,0,0,0,0,0,0,0,0,0,0,0,0,0,0,0,7060,41.95,5,0,10.4875,2017,4,6,13,130
0,0,1,1,0,0,1,0,0,0,0,0,0,0,0,0,0,0,1,0,0,0,0,0,0,0,38401,79.12,5,0.2,13.846,2016,4,5,81,183
0,1,0,0,0,1,0,0,0,0,0,0,0,0,0,0,0,0,1,0,0,0,0,0,0,0,2895,52.96,2,0,20.1248,2014,11,2,4,56
0,0,1,0,0,1,0,0,1,0,0,0,0,0,0,0,0,0,0,0,0,0,0,0,1,0,17602,286.344,3,0.2,-64.4274,2014,11,5,46,587
0,0,1,1,0,0,1,0,0,0,0,0,0,0,0,0,0,0,1,0,0,0,0,0,0,0,33614,63.552,3,0.2,14.2992,2015,5,4,36,383
0,0,1,1,0,0,1,0,1,0,0,0,0,0,0,0,0,0,0,0,0,0,0,0,1,0,33614,41.376,3,0.2,4.6548,2015,5,4,36,383
0,0,1,1,0,0,1,0,1,0,0,1,0,0,0,0,0,0,0,0,0,0,0,0,0,0,33614,172.704,6,0.2,10.794,2015,5,4,36,383
0,0,1,0,0,0,0,0,0,0,0,0,0,1,0,0,0,0,0,0,0,0,0,0,0,0,53142,512.94,3,0,97.4586,2015,3,4,9,110
0,0,1,0,0,0,0,0,0,0,0,0,0,0,1,0,0,0,0,0,0,0,0,0,0,0,53142,860.93,7,0,189.4046,2015,3,4,9,110
0,0,1,0,0,0,0,0,0,1,0,0,0,0,0,0,0,0,0,0,0,0,1,0,0,0,53142,769.95,5,0,223.2855,2015,3,4,9,110
0,0,1,0,0,0,0,0,1,0,0,1,0,0,0,0,0,0,0,0,0,0,0,0,0,0,53142,14.98,1,0,4.494,2015,3,4,9,110
0,0,1,0,0,0,0,0,0,0,0,0,0,0,0,0,0,0,1,0,0,0,0,0,0,0,53142,373.08,6,0,82.0776,2015,3,4,9,110
0,1,0,1,0,0,1,0,0,0,0,0,0,1,0,0,0,0,0,0,0,0,0,0,0,0,34952,231.92,5,0.2,5.798,2015,7,3,3,383
0,0,1,0,1,0,0,1,0,0,0,0,0,0,0,0,0,0,1,0,0,0,0,0,0,0,98115,63.47,11,0,19.041,2014,10,5,428,506
0,0,1,0,1,0,0,1,0,1,0,0,0,0,0,0,0,0,0,0,0,0,0,0,0,0,98115,345,5,0,58.65,2014,10,5,428,506
0,0,1,0,0,0,0,0,0,0,0,0,0,0,0,0,0,0,0,0,0,0,0,0,0,1,78207,637.896,3,0.3,-127.5792,2016,3,5,59,985
0,0,1,0,0,0,0,0,0,1,0,0,0,0,0,0,0,0,0,0,1,0,0,0,0,0,78207,287.91,3,0.4,33.5895,2016,3,5,59,985
0,0,1,0,0,0,0,0,1,0,0,0,0,0,0,0,1,0,0,0,0,0,0,0,0,0,78207,36.6,3,0.2,11.895,2016,3,5,59,985
0,0,1,0,0,0,1,0,1,0,0,1,0,0,0,0,0,0,0,0,0,0,0,0,0,0,30076,1.78,1,0,0.4984,2015,12,6,18,184
0,0,1,0,0,0,1,0,1,0,0,0,0,0,0,0,0,0,0,0,0,1,0,0,0,0,30076,25.92,4,0,12.4416,2015,12,6,18,184
0,0,1,0,0,0,1,0,0,1,0,0,0,0,0,0,0,0,0,0,0,0,0,0,0,0,30076,101.94,6,0,21.4074,2015,12,6,18,184
0,0,1,1,0,0,0,1,1,0,0,1,0,0,0,0,0,0,0,0,0,0,0,0,0,0,80027,6.848,2,0.2,0.5992,2015,12,4,57,182
0,0,1,0,0,0,0,1,0,0,0,0,0,0,0,0,0,0,1,0,0,0,0,0,0,0,90036,474.43,11,0,199.2606,2017,1,4,747,2001
0,0,0,0,0,1,0,0,1,0,0,0,0,0,0,0,0,0,0,0,0,1,0,0,0,0,19143,8.448,2,0.2,2.64,2017,11,3,537,587
0,0,0,0,0,1,0,0,1,0,0,0,0,0,0,0,0,0,0,0,0,0,0,1,0,0,19143,39.296,4,0.2,3.9296,2017,11,3,537,587
0,0,1,0,1,0,0,0,1,0,0,1,0,0,0,0,0,0,0,0,0,0,0,0,0,0,54880,17.12,4,0,4.9648,2015,12,5,9,110
0,0,1,0,0,0,1,0,1,0,1,0,0,0,0,0,0,0,0,0,0,0,0,0,0,0,30318,542.94,3,0,152.0232,2015,8,5,39,184
0,0,1,0,0,0,1,0,1,0,0,0,0,0,0,0,0,0,0,1,0,0,0,0,0,0,30318,8.64,3,0,4.2336,2015,8,5,39,184
0,0,1,0,0,0,1,0,1,0,0,0,0,0,0,0,0,0,0,0,0,1,0,0,0,0,30318,193.8,5,0,94.962,2015,8,5,39,184
0,0,1,0,0,0,1,0,1,0,0,0,0,0,0,0,0,0,0,0,0,1,0,0,0,0,30318,21.4,5,0,9.63,2015,8,5,39,184
0,0,1,0,0,0,1,0,1,0,0,0,0,0,0,0,0,0,0,0,0,1,0,0,0,0,30318,97.88,2,0,48.94,2015,8,5,39,184
0,0,1,0,0,0,1,0,0,1,0,0,0,0,0,0,0,0,0,0,0,0,0,0,0,0,30318,251.91,9,0,47.8629,2015,8,5,39,184
0,0,1,0,0,0,1,0,1,0,1,0,0,0,0,0,0,0,0,0,0,0,0,0,0,0,30318,25.86,3,0,6.7236,2015,8,5,39,184
0,0,1,0,0,1,0,0,0,0,0,0,0,0,1,0,0,0,0,0,0,0,0,0,0,0,19013,170.058,3,0.3,-4.8588,2014,6,5,16,587
0,0,1,0,0,1,0,0,0,1,0,0,0,0,0,0,0,0,0,0,0,0,1,0,0,0,19013,82.782,3,0.4,-15.1767,2014,6,5,16,587
0,0,1,0,0,1,0,0,0,0,0,0,0,0,1,0,0,0,0,0,0,0,0,0,0,0,19013,853.93,5,0.3,0,2014,6,5,16,587
0,0,0,1,0,0,0,1,0,0,0,0,0,1,0,0,0,0,0,0,0,0,0,0,0,0,94110,556.665,5,0.15,6.549,2017,10,1,510,2001
0,0,0,1,0,0,0,1,0,1,0,0,0,0,0,0,0,0,0,0,0,0,1,0,0,0,94110,95.84,4,0.2,34.742,2017,10,1,510,2001
0,0,0,1,0,0,0,0,1,0,0,0,0,0,0,0,0,0,0,0,0,1,0,0,0,0,76021,29.664,4,0.2,10.0116,2017,8,2,5,985
0,0,0,1,0,0,0,0,1,0,0,1,0,0,0,0,0,0,0,0,0,0,0,0,0,0,76021,9.184,7,0.2,2.87,2017,8,2,5,985
0,0,0,1,0,0,0,0,0,1,0,0,0,0,0,0,0,0,0,0,0,0,1,0,0,0,76021,153.584,2,0.2,13.4386,2017,8,2,5,985
0,0,0,1,0,0,0,0,1,0,0,0,1,0,0,0,0,0,0,0,0,0,0,0,0,0,76021,12.864,8,0.8,-22.512,2017,8,2,5,985
0,0,1,0,0,0,1,0,0,1,0,0,0,0,0,0,0,0,0,0,1,0,0,0,0,0,70506,479.97,3,0,239.985,2017,12,4,31,42
0,0,1,0,0,0,1,0,0,0,0,0,0,0,1,0,0,0,0,0,0,0,0,0,0,0,70506,232.88,4,0,60.5488,2017,12,4,31,42
0,0,1,0,1,0,0,1,1,0,1,0,0,0,0,0,0,0,0,0,0,0,0,0,0,0,98042,236.88,6,0,66.3264,2016,9,4,4,506
0,0,1,0,1,0,0,1,1,0,0,0,0,0,0,0,0,0,0,0,0,1,0,0,0,0,98042,29.9,5,0,14.651,2016,9,4,4,506
0,0,1,0,1,0,0,1,0,1,0,0,0,0,0,0,0,0,0,0,0,0,0,0,0,0,98042,100,4,0,21,2016,9,4,4,506
1,0,0,1,0,1,0,0,1,0,0,0,1,0,0,0,0,0,0,0,0,0,0,0,0,0,44052,18.693,3,0.7,-14.3313,2016,12,0,9,469
1,0,0,1,0,1,0,0,0,1,0,0,0,0,0,0,0,0,0,0,0,0,0,0,0,0,44052,383.952,6,0.2,76.7904,2016,12,0,9,469
0,0,1,0,0,0,0,0,1,0,0,0,0,0,0,0,0,0,0,0,0,0,0,1,0,0,60623,24.816,2,0.2,1.551,2015,12,4,314,492
0,0,1,1,0,0,0,1,0,0,0,0,0,0,0,0,0,0,1,0,0,0,0,0,0,0,94110,24.9,5,0,8.217,2014,12,4,510,2001
0,0,1,1,0,0,0,1,1,0,0,0,0,0,0,0,0,0,0,0,0,1,0,0,0,0,94110,21.12,4,0,9.504,2014,12,4,510,2001
0,0,1,1,0,0,0,1,0,1,0,0,0,0,0,0,0,0,0,0,1,0,0,0,0,0,94110,767.952,6,0.2,287.982,2014,12,4,510,2001
0,0,1,1,0,0,0,1,1,0,0,0,1,0,0,0,0,0,0,0,0,0,0,0,0,0,94110,14.352,3,0.2,4.6644,2014,12,4,510,2001
0,0,1,1,0,0,0,1,0,1,0,0,0,0,0,0,0,0,0,0,0,0,1,0,0,0,94110,191.976,3,0.2,19.1976,2014,12,4,510,2001
0,0,1,1,0,0,0,1,1,0,0,0,0,0,0,0,0,0,0,1,0,0,0,0,0,0,94110,274.77,9,0,126.3942,2014,12,4,510,2001
0,0,1,1,0,0,0,1,0,0,0,0,0,0,0,0,0,0,1,0,0,0,0,0,0,0,94110,70.56,6,0,23.9904,2014,12,4,510,2001
0,0,1,0,0,0,0,1,0,0,0,0,0,0,0,0,0,0,1,0,0,0,0,0,0,0,94110,204.85,5,0,57.358,2015,6,5,510,2001
0,0,1,1,0,0,0,0,1,0,0,0,1,0,0,0,0,0,0,0,0,0,0,0,0,0,77070,9.156,3,0.8,-13.734,2015,4,5,377,985
0,0,1,0,0,0,0,0,1,0,1,0,0,0,0,0,0,0,0,0,0,0,0,0,0,0,60653,23.992,2,0.8,-62.3792,2017,10,4,314,492
0,0,0,1,0,1,0,0,1,0,0,0,0,0,0,0,0,0,0,0,0,1,0,0,0,0,10035,80.88,3,0,39.6312,2015,7,3,915,1128
0,0,0,1,0,1,0,0,0,1,0,0,0,0,0,0,0,0,0,0,0,0,0,0,0,0,10035,599.9,10,0,191.968,2015,7,3,915,1128
0,1,0,0,0,1,0,0,0,0,0,0,0,0,0,0,0,0,1,0,0,0,0,0,0,0,10011,276.69,3,0,49.8042,2017,6,2,915,1128
0,1,0,0,0,1,0,0,0,0,0,0,0,0,1,0,0,0,0,0,0,0,0,0,0,0,10011,172.764,2,0.1,32.6332,2017,6,2,915,1128
0,0,1,1,0,1,0,0,1,0,0,1,0,0,0,0,0,0,0,0,0,0,0,0,0,0,19134,4.224,3,0.2,1.4784,2014,9,4,537,587
0,0,1,1,0,1,0,0,0,0,0,0,0,0,0,0,0,0,0,0,0,0,0,0,0,1,19134,409.272,2,0.4,-81.8544,2014,9,4,537,587
0,0,1,1,0,1,0,0,1,0,0,0,0,0,0,0,0,0,0,1,0,0,0,0,0,0,19134,55.44,11,0.2,18.018,2014,9,4,537,587
0,0,1,1,0,1,0,0,1,0,0,0,0,0,0,0,0,0,0,0,0,1,0,0,0,0,19134,20.928,4,0.2,6.8016,2014,9,4,537,587
0,0,1,1,0,1,0,0,1,0,0,0,0,0,0,0,0,0,0,0,0,0,0,1,0,0,19134,1801.632,6,0.2,-337.806,2014,9,4,537,587
0,0,1,1,0,1,0,0,0,0,0,0,0,0,0,0,0,0,0,0,0,0,0,0,0,1,19134,67.176,1,0.4,-20.1528,2014,9,4,537,587
0,0,1,0,0,0,0,0,1,0,0,0,0,0,0,0,0,0,0,0,0,0,0,1,0,0,60610,646.2,5,0.2,-8.0775,2014,11,4,314,492
0,0,1,0,0,0,0,1,0,1,0,0,0,0,0,0,0,0,0,0,0,0,1,0,0,0,94601,72.744,7,0.2,-15.4581,2015,11,4,26,2001
0,0,1,0,0,0,0,1,0,0,0,0,0,0,1,0,0,0,0,0,0,0,0,0,0,0,94601,572.16,3,0.2,35.76,2015,11,4,26,2001
0,0,1,0,0,0,0,0,0,1,0,0,0,0,0,0,0,0,0,0,0,0,0,0,0,0,60610,68.112,3,0.2,17.8794,2016,11,6,314,492
0,0,0,1,0,0,0,1,1,0,0,0,1,0,0,0,0,0,0,0,0,0,0,0,0,0,98105,25.032,3,0.2,7.8225,2015,9,3,428,506
0,0,1,0,0,1,0,0,0,1,0,0,0,0,0,0,0,0,0,0,0,0,0,0,0,0,19143,39.992,1,0.2,7.4985,2016,3,4,537,587
0,0,0,0,0,0,1,0,1,0,0,1,0,0,0,0,0,0,0,0,0,0,0,0,0,0,28027,20.016,9,0.2,1.7514,2014,6,3,31,249
0,0,0,0,0,0,1,0,1,0,0,0,0,0,0,0,0,0,0,0,0,0,0,0,1,0,28027,3.104,1,0.2,0.3492,2014,6,3,31,249
0,0,1,1,0,0,1,0,1,0,0,0,0,0,0,0,0,1,0,0,0,0,0,0,0,0,28205,7.52,5,0.2,1.41,2014,11,4,52,249
0,0,1,1,0,0,1,0,1,0,0,1,0,0,0,0,0,0,0,0,0,0,0,0,0,0,28205,10.272,3,0.2,0.8988,2014,11,4,52,249
0,0,1,1,0,0,1,0,1,0,0,0,0,0,0,0,0,0,0,1,0,0,0,0,0,0,28205,47.808,12,0.2,15.5376,2014,11,4,52,249
0,0,1,1,0,0,1,0,0,1,0,0,0,0,0,0,0,0,0,0,0,0,1,0,0,0,28205,978.84,9,0.2,110.1195,2014,11,4,52,249
0,0,0,0,0,0,0,0,1,0,0,0,1,0,0,0,0,0,0,0,0,0,0,0,0,0,75081,13.14,9,0.8,-21.681,2016,8,3,157,985
0,0,0,0,0,0,0,0,1,0,0,0,1,0,0,0,0,0,0,0,0,0,0,0,0,0,75081,10.024,4,0.8,-16.5396,2016,8,3,157,985
0,0,0,0,0,0,0,0,0,0,0,0,0,1,0,0,0,0,0,0,0,0,0,0,0,0,75081,156.3728,2,0.32,-52.8908,2016,8,3,157,985
0,1,0,0,1,0,0,0,0,1,0,0,0,0,0,1,0,0,0,0,0,0,0,0,0,0,46203,999.98,2,0,449.991,2015,12,2,23,149
0,0,0,0,1,0,0,0,0,1,0,0,0,0,0,0,0,0,0,0,0,0,1,0,0,0,74012,821.94,6,0,213.7044,2015,9,3,5,66
0,0,1,0,0,0,1,0,0,0,0,0,0,0,0,0,0,0,1,0,0,0,0,0,0,0,33023,220.064,4,0.2,55.016,2017,11,5,8,383
0,0,1,0,0,0,1,0,0,0,0,0,0,0,0,0,0,0,1,0,0,0,0,0,0,0,33023,339.136,4,0.2,0,2017,11,5,8,383
0,1,0,1,0,0,0,0,1,0,0,0,1,0,0,0,0,0,0,0,0,0,0,0,0,0,68104,7.04,2,0,3.3088,2015,12,2,28,38
0,1,0,1,0,0,0,0,1,0,0,0,0,0,0,0,0,1,0,0,0,0,0,0,0,0,68104,5.04,4,0,0.2016,2015,12,2,28,38
0,1,0,1,0,0,0,0,1,0,0,0,0,0,0,0,0,0,0,0,0,1,0,0,0,0,68104,116.28,3,0,56.9772,2015,12,2,28,38
0,0,0,0,0,0,1,0,0,1,0,0,0,0,0,0,0,0,0,0,0,0,1,0,0,0,28540,47.976,3,0.2,4.7976,2015,12,3,125,249
0,0,1,1,0,0,0,1,1,0,0,0,0,0,0,0,0,0,0,0,0,1,0,0,0,0,97224,60.048,9,0.2,22.518,2016,9,4,8,124
0,0,1,1,0,0,0,1,1,0,0,0,1,0,0,0,0,0,0,0,0,0,0,0,0,0,97224,5.022,1,0.7,-3.5154,2016,9,4,8,124
0,0,1,1,0,0,0,0,1,0,0,0,1,0,0,0,0,0,0,0,0,0,0,0,0,0,62521,182.994,3,0.8,-320.2395,2017,6,6,35,492
0,0,1,1,0,0,0,0,1,0,0,0,0,0,0,0,0,0,0,0,0,1,0,0,0,0,62521,10.272,3,0.2,3.21,2017,6,6,35,492
0,0,0,0,1,0,0,1,1,0,0,0,1,0,0,0,0,0,0,0,0,0,0,0,0,0,85023,7.857,3,0.7,-6.0237,2017,9,2,63,224
0,1,0,1,0,0,0,1,0,1,0,0,0,0,0,0,0,0,0,0,0,0,1,0,0,0,95823,302.384,2,0.2,30.2384,2016,8,2,13,2001
0,1,0,1,0,0,0,1,1,0,0,0,1,0,0,0,0,0,0,0,0,0,0,0,0,0,95823,20.952,3,0.2,7.0713,2016,8,2,13,2001
0,1,0,1,0,0,0,1,1,0,0,0,1,0,0,0,0,0,0,0,0,0,0,0,0,0,95823,11.784,3,0.2,3.9771,2016,8,2,13,2001
0,0,1,0,0,0,1,0,0,0,0,0,0,1,0,0,0,0,0,0,0,0,0,0,0,0,72401,638.82,9,0,172.4814,2014,8,7,11,60
0,0,1,1,0,1,0,0,1,0,0,0,0,0,0,0,0,0,0,1,0,0,0,0,0,0,10035,20.7,2,0,9.936,2016,4,4,915,1128
0,0,1,1,0,1,0,0,1,0,0,0,0,0,0,0,0,0,0,0,0,0,0,0,1,0,10035,10.95,3,0,3.285,2016,4,4,915,1128
0,0,1,1,0,1,0,0,1,0,0,0,1,0,0,0,0,0,0,0,0,0,0,0,0,0,10035,14.352,3,0.2,4.6644,2016,4,4,915,1128
0,0,0,0,0,1,0,0,1,0,0,0,0,0,0,0,0,0,0,0,0,0,0,1,0,0,44312,221.024,2,0.2,-55.256,2017,5,2,21,469
0,0,1,0,0,0,1,0,0,1,0,0,0,0,0,0,0,0,0,0,1,0,0,0,0,0,41042,3080,7,0,1416.8,2015,8,4,21,139
0,0,1,0,0,0,1,0,0,1,0,0,0,0,0,0,0,0,0,0,0,0,0,0,0,0,41042,79.96,4,0,18.3908,2015,8,4,21,139
0,0,1,0,0,0,1,0,0,1,0,0,0,0,0,0,0,0,0,0,0,0,1,0,0,0,41042,587.97,3,0,170.5113,2015,8,4,21,139
0,0,1,0,0,0,0,0,1,0,0,0,0,0,0,0,0,0,0,0,0,1,0,0,0,0,55407,32.4,5,0,15.552,2014,9,5,23,89
0,0,1,0,0,0,0,0,1,0,0,0,0,0,0,0,0,0,0,0,0,0,0,1,0,0,55407,404.9,5,0,16.196,2014,9,5,23,89
0,0,1,0,0,0,0,0,1,0,0,0,1,0,0,0,0,0,0,0,0,0,0,0,0,0,55407,9449.95,5,0,4630.4755,2014,9,5,23,89
0,0,1,0,0,0,0,0,1,0,0,0,1,0,0,0,0,0,0,0,0,0,0,0,0,0,55407,12.94,2,0,6.47,2014,9,5,23,89
0,0,1,0,0,0,0,0,1,0,1,0,0,0,0,0,0,0,0,0,0,0,0,0,0,0,77095,2.264,1,0.8,-5.2072,2017,6,4,377,985
0,0,1,0,0,0,0,0,1,0,1,0,0,0,0,0,0,0,0,0,0,0,0,0,0,0,77095,0.444,1,0.8,-1.11,2017,6,4,377,985
0,0,1,0,0,0,0,0,1,0,0,0,0,0,0,0,0,0,0,0,0,1,0,0,0,0,77095,146.176,8,0.2,47.5072,2017,6,4,377,985
1,0,0,0,1,0,0,0,0,0,0,0,0,0,0,0,0,0,1,0,0,0,0,0,0,0,68025,15.92,2,0,7.0048,2017,12,0,8,38
0,0,1,0,0,0,0,1,0,1,0,0,0,0,0,0,0,0,0,0,0,0,1,0,0,0,92105,159.96,5,0.2,17.9955,2017,8,6,170,2001
0,0,1,0,0,0,0,1,1,0,0,0,1,0,0,0,0,0,0,0,0,0,0,0,0,0,92105,13.76,2,0.2,4.644,2017,8,6,170,2001
0,0,1,0,0,0,0,0,1,0,0,0,1,0,0,0,0,0,0,0,0,0,0,0,0,0,77041,4.312,2,0.8,-6.8992,2016,8,4,377,985
1,0,0,0,0,1,0,0,1,0,0,0,0,0,0,0,0,0,0,0,0,0,0,1,0,0,10011,13.96,2,0,0.2792,2015,9,0,915,1128
1,0,0,0,0,1,0,0,0,0,0,0,0,0,0,0,0,0,0,0,0,0,0,0,0,1,10011,27.414,3,0.4,-14.1639,2015,9,0,915,1128
0,0,1,1,0,0,0,0,0,1,0,0,0,0,0,0,0,0,0,0,0,0,1,0,0,0,48227,73.98,2,0,19.9746,2015,12,7,115,255
0,0,1,1,0,0,0,0,0,0,0,0,0,1,0,0,0,0,0,0,0,0,0,0,0,0,48227,160.98,1,0,20.9274,2015,12,7,115,255
0,0,1,1,0,0,0,0,1,0,0,0,0,0,0,0,0,0,0,0,0,1,0,0,0,0,48227,17.34,3,0,8.4966,2015,12,7,115,255
0,0,1,1,0,0,0,0,1,0,0,1,0,0,0,0,0,0,0,0,0,0,0,0,0,0,48227,3.28,1,0,0.9512,2015,12,7,115,255
0,0,1,1,0,0,0,0,1,0,0,0,0,0,0,0,0,0,0,1,0,0,0,0,0,0,77095,8.856,3,0.2,2.9889,2015,5,5,377,985
0,0,1,1,0,0,0,0,0,1,0,0,0,0,0,0,0,0,0,0,0,0,1,0,0,0,77095,158.376,3,0.2,13.8579,2015,5,5,377,985
0,0,0,0,0,0,0,1,1,0,0,0,1,0,0,0,0,0,0,0,0,0,0,0,0,0,98105,1219.96,5,0.2,381.2375,2016,11,3,428,506
0,0,1,0,0,0,0,1,1,0,0,0,1,0,0,0,0,0,0,0,0,0,0,0,0,0,90036,3.168,2,0.2,0.99,2015,11,5,747,2001
0,0,1,0,0,0,0,1,1,0,0,0,0,0,0,0,0,0,0,0,0,1,0,0,0,0,90036,19.44,3,0,9.3312,2015,11,5,747,2001
0,0,1,0,0,0,0,1,1,0,0,0,0,0,0,0,0,0,0,0,0,0,0,1,0,0,90036,454.86,7,0,54.5832,2015,11,5,747,2001
0,0,1,0,0,0,0,1,1,0,0,0,1,0,0,0,0,0,0,0,0,0,0,0,0,0,90036,91.392,8,0.2,29.7024,2015,11,5,747,2001
0,0,1,0,0,1,0,0,0,1,0,0,0,0,0,0,0,0,0,0,0,0,0,0,0,0,19120,19.04,4,0.2,-1.428,2017,9,6,537,587
1,0,0,0,0,0,0,1,1,0,0,0,0,0,0,0,0,0,0,0,0,1,0,0,0,0,98103,37.44,6,0,16.848,2017,5,1,428,506
1,0,0,0,0,0,0,1,1,0,0,0,0,0,0,0,0,0,0,1,0,0,0,0,0,0,98103,37.59,3,0,17.6673,2017,5,1,428,506
1,0,0,0,0,0,0,1,1,0,0,0,1,0,0,0,0,0,0,0,0,0,0,0,0,0,98103,26.032,2,0.2,9.4366,2017,5,1,428,506
0,0,1,1,0,1,0,0,1,0,1,0,0,0,0,0,0,0,0,0,0,0,0,0,0,0,13601,35.91,3,0,9.6957,2014,5,7,10,1128
0,1,0,0,0,0,1,0,0,0,0,0,0,0,0,0,0,0,1,0,0,0,0,0,0,0,32216,91.032,3,0.2,-2.2758,2017,7,4,125,383
0,0,0,0,0,0,1,0,1,0,0,1,0,0,0,0,0,0,0,0,0,0,0,0,0,0,22204,54.66,6,0,18.0378,2017,5,3,60,224
0,0,1,0,0,0,1,0,1,0,0,0,0,0,0,0,0,0,0,0,0,0,0,1,0,0,28205,67.344,6,0.2,7.5762,2014,9,5,52,249
0,0,1,0,0,0,1,0,0,1,0,0,0,0,0,0,0,0,0,0,1,0,0,0,0,0,28205,2624.985,3,0.5,-944.9946,2014,9,5,52,249
0,0,1,0,0,0,0,1,1,0,1,0,0,0,0,0,0,0,0,0,0,0,0,0,0,0,98103,73.28,4,0,21.2512,2015,3,6,428,506
0,0,1,1,0,0,0,0,1,0,0,0,1,0,0,0,0,0,0,0,0,0,0,0,0,0,60623,14.48,5,0.8,-23.892,2014,11,7,314,492
0,0,1,0,0,0,1,0,1,0,0,0,0,0,0,0,0,0,0,0,0,1,0,0,0,0,33021,11.952,3,0.2,4.0338,2015,7,7,11,383
0,0,1,0,0,0,1,0,1,0,0,0,0,0,0,0,0,0,0,0,0,1,0,0,0,0,33021,15.552,3,0.2,5.6376,2015,7,7,11,383
0,0,1,0,0,0,1,0,1,0,0,0,0,0,0,0,0,1,0,0,0,0,0,0,0,0,23320,45,9,0,21.6,2014,9,5,18,224
0,0,1,0,0,0,1,0,0,1,0,0,0,0,0,0,0,0,0,0,1,0,0,0,0,0,23320,209.97,3,0,90.2871,2014,9,5,18,224
0,0,1,0,1,0,0,1,1,0,0,0,1,0,0,0,0,0,0,0,0,0,0,0,0,0,90036,112.12,5,0.2,42.045,2017,10,6,747,2001
0,0,1,0,1,0,0,1,1,0,0,0,0,0,0,0,0,0,0,0,0,0,0,1,0,0,90036,1575.14,7,0,204.7682,2017,10,6,747,2001
0,0,1,0,0,0,1,0,1,0,0,0,0,0,0,0,0,1,0,0,0,0,0,0,0,0,22304,25.06,7,0,12.53,2017,11,4,16,224
0,0,0,1,0,0,0,0,1,0,0,0,1,0,0,0,0,0,0,0,0,0,0,0,0,0,77536,6.924,6,0.8,-10.386,2016,12,2,1,985
0,0,0,0,0,1,0,0,1,0,0,0,0,0,0,0,0,0,0,0,0,0,0,1,0,0,19120,37.392,3,0.2,2.337,2017,12,3,537,587
0,0,0,0,0,1,0,0,0,0,0,0,0,0,0,0,0,0,1,0,0,0,0,0,0,0,19120,79.12,5,0.2,13.846,2017,12,3,537,587
0,0,1,0,0,0,0,0,1,0,0,0,0,0,0,0,0,0,0,1,0,0,0,0,0,0,67212,18.9,3,0,8.694,2016,6,4,7,24
0,0,1,0,0,0,0,0,1,0,0,0,1,0,0,0,0,0,0,0,0,0,0,0,0,0,48640,57.42,9,0,26.4132,2014,5,4,12,255
0,0,1,0,1,0,0,1,1,0,0,1,0,0,0,0,0,0,0,0,0,0,0,0,0,0,94110,12.74,7,0,5.733,2017,1,7,510,2001
0,0,1,0,1,0,0,1,1,0,0,1,0,0,0,0,0,0,0,0,0,0,0,0,0,0,94110,8.82,3,0,2.3814,2017,1,7,510,2001
0,0,1,0,1,0,0,1,0,0,0,0,0,0,1,0,0,0,0,0,0,0,0,0,0,0,94110,120.784,1,0.2,-13.5882,2017,1,7,510,2001
0,0,1,0,0,1,0,0,0,0,0,0,0,0,0,0,0,0,1,0,0,0,0,0,0,0,11520,322.59,3,0,64.518,2015,11,6,10,1128
0,0,1,0,0,0,0,0,1,0,0,0,1,0,0,0,0,0,0,0,0,0,0,0,0,0,78745,9.762,3,0.8,-15.1311,2017,10,5,39,985
0,0,1,0,0,0,0,0,1,0,0,0,0,0,0,0,0,0,0,0,0,0,0,1,0,0,78745,13.72,1,0.2,1.2005,2017,10,5,39,985
0,0,1,0,0,0,0,0,0,1,0,0,0,0,0,0,0,0,0,0,0,0,0,0,0,0,78745,55.2,1,0.2,-2.07,2017,10,5,39,985
0,0,1,0,0,0,0,0,1,0,0,0,0,0,0,0,0,0,0,0,0,0,0,1,0,0,78745,259.136,4,0.2,-58.3056,2017,10,5,39,985
0,0,1,0,0,1,0,0,1,0,0,0,0,0,0,0,0,0,0,1,0,0,0,0,0,0,19134,29.24,5,0.2,9.8685,2017,9,4,537,587
0,0,1,0,0,1,0,0,1,0,0,0,0,0,0,0,0,0,0,0,0,1,0,0,0,0,19134,15.552,3,0.2,5.4432,2017,9,4,537,587
0,0,1,0,0,1,0,0,1,0,0,0,0,0,0,0,1,0,0,0,0,0,0,0,0,0,19134,4.896,3,0.2,1.6524,2017,9,4,537,587
0,0,1,1,0,0,1,0,1,0,0,0,1,0,0,0,0,0,0,0,0,0,0,0,0,0,37620,38.088,4,0.7,-27.9312,2016,12,5,13,183
0,0,1,1,0,0,1,0,1,0,0,0,1,0,0,0,0,0,0,0,0,0,0,0,0,0,37620,2.808,3,0.7,-1.9656,2016,12,5,13,183
0,1,0,0,0,1,0,0,0,1,0,0,0,0,0,0,0,0,0,0,0,0,0,0,0,0,19140,47.984,2,0.2,0.5998,2015,12,4,537,587
0,1,0,0,0,1,0,0,1,0,0,0,1,0,0,0,0,0,0,0,0,0,0,0,0,0,19140,26.064,6,0.7,-19.9824,2015,12,4,537,587
0,0,1,1,0,0,0,0,1,0,0,0,0,0,0,0,0,0,0,0,0,1,0,0,0,0,60610,15.696,3,0.2,5.1012,2014,11,7,314,492
0,0,1,0,0,0,1,0,1,0,0,1,0,0,0,0,0,0,0,0,0,0,0,0,0,0,31907,12.84,3,0,3.7236,2016,4,7,222,184
0,0,1,0,0,1,0,0,0,1,0,0,0,0,0,0,0,0,0,0,0,0,1,0,0,0,10035,539.97,3,0,134.9925,2017,5,4,915,1128
0,0,1,0,0,1,0,0,1,0,0,0,0,0,0,0,0,0,0,0,0,0,0,1,0,0,10035,22.58,2,0,5.8708,2017,5,4,915,1128
0,0,1,0,0,1,0,0,1,0,0,0,0,0,0,0,0,0,0,1,0,0,0,0,0,0,3820,16.52,4,0,7.5992,2015,3,4,19,27
0,0,1,0,0,1,0,0,1,0,0,0,1,0,0,0,0,0,0,0,0,0,0,0,0,0,3820,671.94,3,0,315.8118,2015,3,4,19,27
0,0,0,1,0,0,0,1,0,1,0,0,0,0,0,0,0,0,0,0,0,0,0,0,0,0,80013,169.064,7,0.2,-14.7931,2017,1,2,68,182
0,0,0,1,0,0,0,1,1,0,0,0,0,0,0,0,0,0,0,0,0,0,0,1,0,0,80013,168.624,9,0.2,14.7546,2017,1,2,68,182
0,0,1,1,0,1,0,0,1,0,0,0,0,0,0,0,0,0,0,0,0,1,0,0,0,0,11561,19.44,3,0,9.3312,2015,3,5,61,1128
0,0,0,0,0,0,0,1,1,0,0,0,0,0,0,0,0,0,0,0,0,0,0,1,0,0,91104,31.92,4,0,8.2992,2014,10,2,42,2001
0,0,0,0,0,0,0,1,0,0,0,0,0,0,1,0,0,0,0,0,0,0,0,0,0,0,91104,433.568,2,0.2,-65.0352,2014,10,2,42,2001
0,0,0,0,1,0,0,1,1,0,0,0,0,0,0,0,0,0,0,0,0,1,0,0,0,0,85204,31.104,6,0.2,10.8864,2015,4,1,28,224
0,0,0,0,1,0,0,1,1,0,0,0,0,0,0,0,0,0,0,0,0,1,0,0,0,0,85204,54.816,3,0.2,17.8152,2015,4,1,28,224
0,0,1,0,0,0,0,1,1,0,0,0,0,0,0,0,0,0,0,0,0,0,0,1,0,0,93727,48.86,7,0,0.9772,2017,11,4,26,2001
1,0,0,0,0,0,1,0,1,0,0,0,1,0,0,0,0,0,0,0,0,0,0,0,0,0,29203,14.2,2,0,6.532,2016,7,0,81,42
1,0,0,0,0,0,1,0,1,0,0,0,0,0,0,0,0,0,0,0,0,1,0,0,0,0,29203,12.96,2,0,6.2208,2016,7,0,81,42
1,0,0,0,0,0,1,0,1,0,0,0,1,0,0,0,0,0,0,0,0,0,0,0,0,0,29203,58.34,2,0,28.0032,2016,7,0,81,42
0,0,0,0,1,0,0,1,1,0,0,1,0,0,0,0,0,0,0,0,0,0,0,0,0,0,92704,56.3,2,0,15.764,2015,11,1,14,2001
0,0,1,1,0,0,1,0,0,1,0,0,0,0,0,0,0,0,0,0,0,0,1,0,0,0,29203,629.95,5,0,163.787,2014,4,5,81,42
0,0,1,1,0,0,1,0,1,0,0,0,0,0,0,0,0,0,0,0,0,1,0,0,0,0,29203,122.97,3,0,60.2553,2014,4,5,81,42
0,1,0,0,0,0,0,1,1,0,0,0,0,0,0,0,0,0,0,0,0,1,0,0,0,0,90045,46.35,5,0,21.7845,2016,6,2,747,2001
0,0,1,0,1,0,0,1,1,0,0,0,1,0,0,0,0,0,0,0,0,0,0,0,0,0,94109,14.976,9,0.2,5.4288,2017,3,4,510,2001
0,0,1,0,0,0,0,0,1,0,0,0,1,0,0,0,0,0,0,0,0,0,0,0,0,0,77036,4.24,5,0.8,-6.36,2017,10,4,377,985
0,0,1,0,1,1,0,0,0,1,0,0,0,0,0,0,0,0,0,0,0,0,0,0,0,0,10035,319.96,4,0,115.1856,2017,10,6,915,1128
0,0,1,0,1,1,0,0,1,0,0,0,0,0,0,0,0,0,0,0,0,1,0,0,0,0,10035,17.04,3,0,7.668,2017,10,6,915,1128
0,0,1,0,1,1,0,0,1,0,0,0,0,0,0,0,0,0,0,0,0,0,0,1,0,0,10035,344.91,3,0,10.3473,2017,10,6,915,1128
0,0,0,1,0,1,0,0,0,0,0,0,0,1,0,0,0,0,0,0,0,0,0,0,0,0,2038,81.94,1,0,20.485,2016,12,2,37,135
0,0,0,0,0,1,0,0,0,1,0,0,0,0,0,0,0,0,0,0,0,0,0,0,0,0,21215,98.16,6,0,9.816,2016,10,1,43,105
0,0,1,1,0,0,0,0,1,0,0,0,1,0,0,0,0,0,0,0,0,0,0,0,0,0,78501,6.874,7,0.8,-10.6547,2017,5,5,19,985
0,0,1,1,0,0,0,0,1,0,0,0,1,0,0,0,0,0,0,0,0,0,0,0,0,0,78501,1.996,1,0.8,-3.2934,2017,5,5,19,985
0,0,1,1,0,0,0,0,1,0,0,0,0,0,0,0,0,0,0,0,0,0,0,1,0,0,78501,8.928,2,0.2,0.6696,2017,5,5,19,985
0,1,0,1,0,0,0,0,1,0,0,0,0,0,0,0,0,0,0,0,0,1,0,0,0,0,52240,9.99,1,0,4.4955,2016,9,5,1,30
0,0,1,0,0,1,0,0,0,1,0,0,0,0,0,1,0,0,0,0,0,0,0,0,0,0,19711,10499.97,3,0,5039.9856,2017,11,5,95,96
1,0,0,0,0,0,0,0,1,0,0,0,0,0,0,0,0,0,0,0,0,1,0,0,0,0,77070,21.12,5,0.2,6.6,2015,7,0,377,985
0,0,1,1,0,0,0,1,0,0,0,0,0,0,0,0,0,0,0,0,0,0,0,0,0,1,83704,696.42,2,0,160.1766,2015,11,4,4,21
0,0,1,1,0,0,0,1,0,1,0,0,0,0,0,0,0,0,0,0,0,0,1,0,0,0,83704,304.776,3,0.2,22.8582,2015,11,4,4,21
0,0,1,0,0,0,0,1,1,0,0,1,0,0,0,0,0,0,0,0,0,0,0,0,0,0,92105,51.98,2,0,15.0742,2015,6,4,170,2001
0,0,1,0,0,0,0,1,0,0,0,0,0,0,0,0,0,0,1,0,0,0,0,0,0,0,90032,24.7,5,0,10.374,2016,4,6,747,2001
0,1,0,0,0,1,0,0,1,0,0,0,0,0,0,0,0,0,0,1,0,0,0,0,0,0,10024,21.93,3,0,10.3071,2015,4,5,915,1128
0,0,1,0,0,1,0,0,1,0,1,0,0,0,0,0,0,0,0,0,0,0,0,0,0,0,19134,394.816,4,0.2,93.7688,2016,12,5,537,587
0,0,1,0,0,1,0,0,1,0,0,0,1,0,0,0,0,0,0,0,0,0,0,0,0,0,19134,18.192,4,0.7,-14.5536,2016,12,5,537,587
1,0,0,0,1,1,0,0,1,0,0,0,0,0,0,0,0,0,0,1,0,0,0,0,0,0,10024,7.31,1,0,3.4357,2015,12,0,915,1128
1,0,0,0,1,1,0,0,0,1,0,0,0,0,0,1,0,0,0,0,0,0,0,0,0,0,10024,799.984,2,0.2,249.995,2015,12,0,915,1128
1,0,0,0,1,1,0,0,1,0,0,0,0,0,0,0,0,0,0,0,0,1,0,0,0,0,10024,41.28,6,0,18.9888,2015,12,0,915,1128
1,0,0,0,1,1,0,0,1,0,0,0,0,0,0,0,0,0,0,0,0,1,0,0,0,0,10024,184.66,7,0,84.9436,2015,12,0,915,1128
0,1,0,0,0,1,0,0,1,0,0,1,0,0,0,0,0,0,0,0,0,0,0,0,0,0,2920,49.25,5,0,18.715,2014,10,2,16,56
0,1,0,0,0,1,0,0,1,0,0,0,0,0,0,0,0,0,0,0,0,1,0,0,0,0,2920,10.16,2,0,4.7752,2014,10,2,16,56
0,1,0,0,0,1,0,0,0,0,0,0,0,0,0,0,0,0,1,0,0,0,0,0,0,0,2920,14.76,2,0,4.2804,2014,10,2,16,56
0,1,0,0,0,1,0,0,1,0,0,0,1,0,0,0,0,0,0,0,0,0,0,0,0,0,2920,34.08,2,0,15.6768,2014,10,2,16,56
0,1,0,0,0,1,0,0,0,0,0,0,0,0,0,0,0,0,1,0,0,0,0,0,0,0,2920,17.67,3,0,7.7748,2014,10,2,16,56
0,1,0,0,0,1,0,0,0,0,0,0,0,0,1,0,0,0,0,0,0,0,0,0,0,0,2920,1604.9,5,0,481.47,2014,10,2,16,56
0,1,0,0,0,1,0,0,0,0,0,0,0,0,0,0,0,0,0,0,0,0,0,0,0,1,2920,385.686,1,0.3,-60.6078,2014,10,2,16,56
0,0,1,0,0,0,0,0,1,0,0,0,0,0,0,0,0,0,0,0,0,1,0,0,0,0,60623,15.984,2,0.2,4.995,2017,12,5,314,492
0,1,0,0,0,0,1,0,1,0,0,0,0,0,0,0,0,0,0,0,0,1,0,0,0,0,40475,9.42,3,0,4.239,2014,5,4,90,139
0,1,0,0,0,0,1,0,1,0,0,1,0,0,0,0,0,0,0,0,0,0,0,0,0,0,40475,6.56,2,0,1.9024,2014,5,4,90,139
0,1,0,0,0,0,1,0,1,0,0,0,0,0,0,0,0,0,0,0,0,1,0,0,0,0,40475,24.56,2,0,11.5432,2014,5,4,90,139
0,0,1,0,0,0,0,0,1,0,0,0,1,0,0,0,0,0,0,0,0,0,0,0,0,0,46544,128.4,3,0,64.2,2016,3,4,2,149
0,0,1,0,0,1,0,0,1,0,0,0,0,0,0,0,1,0,0,0,0,0,0,0,0,0,10550,62.28,4,0,29.2716,2014,11,4,8,1128
0,0,1,1,0,0,0,1,1,0,0,0,0,0,0,0,0,0,0,1,0,0,0,0,0,0,90004,9.24,3,0,4.4352,2015,2,4,747,2001
0,0,0,1,0,0,0,1,0,0,0,0,0,1,0,0,0,0,0,0,0,0,0,0,0,0,94110,482.664,8,0.15,85.176,2017,4,2,510,2001
0,0,0,1,0,0,0,1,0,1,0,0,0,0,0,0,0,0,0,0,1,0,0,0,0,0,94110,4799.984,2,0.2,359.9988,2017,4,2,510,2001
0,1,0,0,0,0,0,1,1,0,0,0,0,0,0,0,0,0,0,0,0,1,0,0,0,0,98103,37.94,2,0,18.2112,2017,6,2,428,506
0,1,0,0,0,0,0,1,1,0,0,0,1,0,0,0,0,0,0,0,0,0,0,0,0,0,98103,18.288,6,0.2,6.6294,2017,6,2,428,506
0,1,0,0,0,0,0,1,0,1,0,0,0,0,0,0,0,0,0,0,1,0,0,0,0,0,98103,385.8,5,0.2,130.2075,2017,6,2,428,506
0,1,0,0,0,0,0,1,1,0,0,0,0,0,0,0,0,0,0,0,0,0,0,1,0,0,98103,102.96,2,0,1.0296,2017,6,2,428,506
0,1,0,0,0,0,0,1,0,0,0,0,0,1,0,0,0,0,0,0,0,0,0,0,0,0,98103,174.42,3,0,41.8608,2017,6,2,428,506
0,0,0,0,0,0,0,0,1,0,0,0,1,0,0,0,0,0,0,0,0,0,0,0,0,0,62301,1.964,2,0.8,-3.2406,2016,9,3,20,492
0,0,1,1,0,0,0,0,0,0,0,0,0,0,0,0,0,0,1,0,0,0,0,0,0,0,60623,94.428,3,0.6,-42.4926,2014,12,4,314,492
0,0,1,0,0,0,0,0,1,0,0,0,0,0,0,0,0,1,0,0,0,0,0,0,0,0,50322,45.92,4,0,21.5824,2017,11,5,3,30
0,0,1,0,1,0,0,1,0,0,0,0,0,0,1,0,0,0,0,0,0,0,0,0,0,0,98103,61.584,1,0.2,-6.9282,2015,1,5,428,506
0,0,0,1,0,0,0,0,1,0,0,0,0,0,0,0,0,0,0,0,0,1,0,0,0,0,47374,22.48,1,0,10.3408,2016,3,2,90,149
0,0,1,1,0,0,0,0,0,0,0,0,0,0,0,0,0,0,1,0,0,0,0,0,0,0,75220,332.028,9,0.6,-348.6294,2017,7,5,157,985
0,0,1,1,0,0,0,0,1,0,0,0,1,0,0,0,0,0,0,0,0,0,0,0,0,0,75220,11.394,9,0.8,-17.6607,2017,7,5,157,985
0,0,1,1,0,0,0,0,1,0,0,0,0,0,0,0,0,0,0,0,0,1,0,0,0,0,75220,15.552,3,0.2,5.6376,2017,7,5,157,985
0,0,1,1,0,0,0,0,1,0,0,0,0,0,0,0,0,0,0,0,0,1,0,0,0,0,75220,31.104,6,0.2,11.2752,2017,7,5,157,985
0,0,1,1,0,0,0,0,1,0,0,0,1,0,0,0,0,0,0,0,0,0,0,0,0,0,75220,6.316,1,0.8,-10.4214,2017,7,5,157,985
0,0,0,0,1,1,0,0,1,0,0,0,0,0,0,0,0,0,0,0,0,1,0,0,0,0,19143,11.352,3,0.2,4.1151,2014,9,3,537,587
0,0,0,0,1,1,0,0,1,0,0,0,0,0,0,0,0,0,0,1,0,0,0,0,0,0,19143,20.808,9,0.2,7.0227,2014,9,3,537,587
0,0,1,0,1,0,0,0,1,0,0,0,1,0,0,0,0,0,0,0,0,0,0,0,0,0,61107,11.416,4,0.8,-18.8364,2016,7,4,11,492
0,1,0,1,0,1,0,0,1,0,0,1,0,0,0,0,0,0,0,0,0,0,0,0,0,0,19134,9.408,7,0.2,0.7056,2017,8,5,537,587
0,0,0,0,1,0,0,1,1,0,0,1,0,0,0,0,0,0,0,0,0,0,0,0,0,0,98105,19.83,1,0,5.949,2017,3,2,428,506
0,0,1,1,0,0,0,0,1,0,0,0,0,0,0,0,0,0,0,0,0,1,0,0,0,0,49505,209.7,2,0,100.656,2017,12,6,7,255
0,0,1,0,1,0,0,1,1,0,1,0,0,0,0,0,0,0,0,0,0,0,0,0,0,0,90004,43.92,4,0,11.8584,2014,9,6,747,2001
0,0,1,0,1,0,0,1,1,0,0,0,1,0,0,0,0,0,0,0,0,0,0,0,0,0,90004,20.232,3,0.2,6.5754,2014,9,6,747,2001
0,0,0,0,1,0,1,0,0,1,0,0,0,0,0,0,0,0,0,0,0,0,1,0,0,0,22153,149.97,3,0,5.9988,2016,4,1,163,224
0,0,0,0,1,0,1,0,1,0,0,0,0,0,0,0,0,0,0,0,0,1,0,0,0,0,22153,27.81,3,0,13.0707,2016,4,1,163,224
0,0,1,1,0,0,0,1,0,1,0,0,0,0,0,0,0,0,0,0,0,0,0,0,0,0,90036,66.3,3,0,8.619,2014,3,4,747,2001
0,0,1,0,1,1,0,0,1,0,0,1,0,0,0,0,0,0,0,0,0,0,0,0,0,0,21215,1.64,1,0,0.738,2017,11,6,43,105
0,0,1,0,1,1,0,0,0,0,0,0,0,0,0,0,0,0,1,0,0,0,0,0,0,0,21215,1049.2,5,0,272.792,2017,11,6,43,105
0,0,1,0,1,1,0,0,0,0,0,0,0,0,0,0,0,0,1,0,0,0,0,0,0,0,21215,20.9,5,0,7.524,2017,11,6,43,105
0,1,0,0,0,1,0,0,1,0,0,0,1,0,0,0,0,0,0,0,0,0,0,0,0,0,6824,88.08,6,0,40.5168,2016,12,4,45,82
0,1,0,0,0,1,0,0,0,0,0,0,0,0,1,0,0,0,0,0,0,0,0,0,0,0,6824,751.92,4,0,150.384,2016,12,4,45,82
1,0,0,1,0,1,0,0,0,0,0,0,0,0,1,0,0,0,0,0,0,0,0,0,0,0,10011,887.103,7,0.1,177.4206,2014,9,0,915,1128
1,0,0,0,0,0,1,0,0,1,0,0,0,0,0,0,0,0,0,0,0,0,1,0,0,0,33801,55.944,7,0.2,-13.2867,2015,10,0,22,383
1,0,0,0,0,0,1,0,1,0,0,1,0,0,0,0,0,0,0,0,0,0,0,0,0,0,33801,10.688,2,0.2,2.2712,2015,10,0,22,383
1,0,0,0,0,0,1,0,0,1,0,0,0,0,0,0,0,0,0,0,0,0,1,0,0,0,33801,11.824,2,0.2,1.0346,2015,10,0,22,383
0,0,0,0,0,0,0,0,1,0,0,0,0,0,0,0,0,0,0,0,0,1,0,0,0,0,61032,63.312,3,0.2,20.5764,2017,10,3,10,492
0,0,0,0,0,0,0,0,1,0,0,0,1,0,0,0,0,0,0,0,0,0,0,0,0,0,61032,96.784,4,0.8,-145.176,2017,10,3,10,492
0,0,0,0,0,0,0,0,0,0,0,0,0,0,0,0,0,0,1,0,0,0,0,0,0,0,61032,10.476,3,0.6,-6.8094,2017,10,3,10,492
0,0,1,1,0,0,0,1,1,0,0,0,1,0,0,0,0,0,0,0,0,0,0,0,0,0,97504,9.762,2,0.7,-6.8334,2015,9,5,4,124
0,0,0,1,0,0,0,1,0,0,0,0,0,0,1,0,0,0,0,0,0,0,0,0,0,0,98103,196.784,2,0.2,-22.1382,2016,3,2,428,506
0,1,0,1,0,1,0,0,1,0,0,0,0,0,0,0,1,0,0,0,0,0,0,0,0,0,10035,47.98,2,0,23.99,2017,10,5,915,1128
0,1,0,1,0,1,0,0,1,0,0,0,0,0,0,0,0,0,0,1,0,0,0,0,0,0,6824,13.05,5,0,6.003,2017,10,4,45,82
0,0,1,0,0,0,0,0,0,1,0,0,0,0,0,0,0,0,0,0,0,0,0,0,0,0,56560,63.96,4,0,19.8276,2017,8,4,2,89
0,0,1,0,0,0,1,0,1,0,1,0,0,0,0,0,0,0,0,0,0,0,0,0,0,0,31907,80.48,1,0,24.144,2017,9,4,222,184
0,0,1,0,0,1,0,0,1,0,0,0,1,0,0,0,0,0,0,0,0,0,0,0,0,0,19143,11.673,3,0.7,-7.782,2017,11,5,537,587
0,0,1,0,0,0,0,0,0,0,0,0,0,0,0,0,0,0,0,0,0,0,0,0,0,1,77036,863.128,8,0.3,-160.2952,2016,11,4,377,985
0,0,1,0,0,0,0,0,1,0,0,0,1,0,0,0,0,0,0,0,0,0,0,0,0,0,77036,3.564,3,0.8,-6.237,2016,11,4,377,985
0,0,1,0,0,0,0,0,0,0,0,0,0,1,0,0,0,0,0,0,0,0,0,0,0,0,77036,956.6648,7,0.32,-225.0976,2016,11,4,377,985
0,0,1,0,0,0,0,0,1,0,0,0,1,0,0,0,0,0,0,0,0,0,0,0,0,0,77036,12.588,3,0.8,-20.1408,2016,11,4,377,985
0,0,1,0,0,0,0,0,0,1,0,0,0,0,0,0,0,0,0,0,0,0,0,0,0,0,77036,171.96,5,0.2,45.1395,2016,11,4,377,985
0,1,0,0,0,0,0,1,0,0,0,0,0,0,0,0,0,0,0,0,0,0,0,0,0,1,98115,871.4,4,0,148.138,2017,6,4,428,506
0,0,1,1,0,0,1,0,0,0,0,0,0,0,0,0,0,0,1,0,0,0,0,0,0,0,38301,692.472,11,0.2,190.4298,2015,11,4,82,183
0,1,0,1,0,1,0,0,0,0,0,0,0,0,0,0,0,0,1,0,0,0,0,0,0,0,21215,207.76,4,0,85.1816,2016,11,3,43,105
1,0,0,0,0,0,0,1,0,1,0,0,0,0,0,0,0,0,0,0,0,0,1,0,0,0,84107,71.928,9,0.2,6.2937,2017,7,0,5,53
1,0,0,0,0,0,0,1,1,0,0,1,0,0,0,0,0,0,0,0,0,0,0,0,0,0,84107,25.99,1,0,7.5371,2017,7,0,5,53
0,0,1,1,0,0,0,1,1,0,0,0,1,0,0,0,0,0,0,0,0,0,0,0,0,0,98105,3.592,1,0.2,1.1225,2015,10,5,428,506
0,0,1,1,0,0,0,0,1,0,1,0,0,0,0,0,0,0,0,0,0,0,0,0,0,0,75220,48.632,2,0.8,-121.58,2015,7,4,157,985
0,0,1,0,1,0,0,1,1,0,0,0,0,0,0,0,0,0,0,0,0,0,0,1,0,0,98105,323.1,2,0,61.389,2017,8,4,428,506
0,0,1,1,0,1,0,0,0,1,0,0,0,0,0,0,0,0,0,0,1,0,0,0,0,0,8701,9099.93,7,0,2365.9818,2016,4,4,49,130
0,0,1,1,0,1,0,0,0,0,0,0,0,0,0,0,0,0,1,0,0,0,0,0,0,0,8701,9.96,2,0,3.2868,2016,4,4,49,130
0,0,1,1,0,1,0,0,1,0,0,0,1,0,0,0,0,0,0,0,0,0,0,0,0,0,8701,25.3,5,0,11.891,2016,4,4,49,130
0,0,1,0,1,1,0,0,1,0,0,0,0,0,0,0,0,0,0,0,0,1,0,0,0,0,10011,11.36,2,0,5.2256,2014,11,4,915,1128
0,0,1,0,1,1,0,0,0,0,0,0,0,0,1,0,0,0,0,0,0,0,0,0,0,0,10011,69.264,2,0.1,14.6224,2014,11,4,915,1128
0,0,0,0,0,0,0,0,1,0,0,0,0,0,0,0,0,0,0,1,0,0,0,0,0,0,46203,3.69,1,0,1.7343,2014,12,3,23,149
0,0,0,0,0,0,0,0,1,0,0,0,1,0,0,0,0,0,0,0,0,0,0,0,0,0,46203,1103.97,3,0,496.7865,2014,12,3,23,149
0,1,0,1,0,0,0,0,0,0,0,0,0,1,0,0,0,0,0,0,0,0,0,0,0,0,77642,246.1328,2,0.32,-76.0116,2015,11,5,6,985
0,1,0,1,0,0,0,0,1,0,0,0,0,0,0,0,0,0,0,1,0,0,0,0,0,0,77642,11.696,2,0.2,3.9474,2015,11,5,6,985
0,1,0,1,0,0,0,0,0,1,0,0,0,0,0,1,0,0,0,0,0,0,0,0,0,0,77642,439.992,1,0.2,164.997,2015,11,5,6,985
0,0,1,0,1,0,1,0,1,0,0,0,0,0,0,0,0,0,0,0,0,0,0,1,0,0,37211,64.784,1,0.2,-12.9568,2017,12,6,29,183
0,0,1,1,0,0,0,0,1,0,0,0,1,0,0,0,0,0,0,0,0,0,0,0,0,0,77095,33.28,5,0.8,-49.92,2015,5,4,377,985
0,0,1,1,0,0,0,0,1,0,0,0,0,0,0,0,0,0,0,0,0,1,0,0,0,0,77095,14.088,3,0.2,4.9308,2015,5,4,377,985
0,1,0,0,1,0,0,1,1,0,0,1,0,0,0,0,0,0,0,0,0,0,0,0,0,0,90004,11.16,2,0,2.79,2017,12,4,747,2001
0,1,0,0,1,0,0,1,0,0,0,0,0,0,0,0,0,0,0,0,0,0,0,0,0,1,90004,896.328,9,0.2,22.4082,2017,12,4,747,2001
0,1,0,0,1,0,0,1,1,0,1,0,0,0,0,0,0,0,0,0,0,0,0,0,0,0,90004,189,1,0,68.04,2017,12,4,747,2001
0,0,1,0,0,1,0,0,0,1,0,0,0,0,0,0,0,0,0,0,0,0,1,0,0,0,19140,53.982,3,0.4,-10.7964,2017,3,6,537,587
0,0,1,1,0,0,0,1,0,0,0,0,0,0,0,0,0,0,0,0,0,0,0,0,0,1,97756,177.225,5,0.5,-120.513,2017,10,5,11,124
0,0,1,0,0,0,0,1,0,0,0,0,0,0,0,0,0,0,1,0,0,0,0,0,0,0,95610,129.39,3,0,54.3438,2017,7,7,1,2001
0,0,1,1,0,0,0,1,1,0,0,0,0,0,0,0,0,0,0,0,0,0,0,1,0,0,90032,54.32,4,0,0.5432,2017,9,6,747,2001
0,1,0,0,0,0,1,0,0,1,0,0,0,0,0,0,0,0,0,0,0,0,1,0,0,0,32303,4367.896,13,0.2,327.5922,2017,8,3,17,383
0,1,0,0,0,0,1,0,1,0,0,0,0,0,0,0,0,0,0,0,0,1,0,0,0,0,32303,49.568,2,0.2,15.49,2017,8,3,17,383
0,1,0,0,0,0,1,0,1,0,1,0,0,0,0,0,0,0,0,0,0,0,0,0,0,0,32303,161.376,6,0.2,12.1032,2017,8,3,17,383
0,1,0,0,0,0,1,0,0,0,0,0,0,0,0,0,0,0,1,0,0,0,0,0,0,0,32303,2.784,2,0.2,0.4176,2017,8,3,17,383
0,1,0,0,0,0,1,0,1,0,0,0,0,0,0,0,0,0,0,0,0,1,0,0,0,0,32303,8.72,5,0.2,2.943,2017,8,3,17,383
0,1,0,0,1,1,0,0,1,0,0,1,0,0,0,0,0,0,0,0,0,0,0,0,0,0,44107,3.912,1,0.2,1.0269,2014,8,3,49,469
1,0,0,0,0,0,0,0,1,0,0,0,0,0,0,0,1,0,0,0,0,0,0,0,0,0,75056,59.752,7,0.2,19.4194,2016,10,0,3,985
0,1,0,0,0,0,0,1,0,0,0,0,0,0,0,0,0,0,1,0,0,0,0,0,0,0,98105,63.92,4,0,3.196,2014,10,4,428,506
0,1,0,0,0,0,0,1,0,1,0,0,0,0,0,0,0,0,0,0,0,0,1,0,0,0,98105,383.96,5,0.2,38.396,2014,10,4,428,506
1,0,0,1,0,0,0,1,1,0,0,0,1,0,0,0,0,0,0,0,0,0,0,0,0,0,90032,7.752,3,0.2,2.8101,2016,6,0,747,2001
1,0,0,1,0,0,0,1,1,0,0,0,1,0,0,0,0,0,0,0,0,0,0,0,0,0,90032,33.568,2,0.2,11.7488,2016,6,0,747,2001
0,0,1,0,0,0,0,1,0,1,0,0,0,0,0,0,0,0,0,0,0,0,1,0,0,0,90045,666.344,7,0.2,66.6344,2014,11,7,747,2001
0,0,1,0,0,0,0,1,0,0,0,0,0,0,0,0,0,0,0,0,0,0,0,0,0,1,90045,573.728,4,0.2,-64.5444,2014,11,7,747,2001
0,0,1,0,0,0,0,1,1,0,0,0,1,0,0,0,0,0,0,0,0,0,0,0,0,0,90045,21.936,3,0.2,8.226,2014,11,7,747,2001
0,0,1,0,0,0,0,1,1,0,0,0,0,0,0,0,0,0,0,0,0,1,0,0,0,0,90045,19.44,3,0,9.3312,2014,11,7,747,2001
0,0,1,0,0,0,0,1,0,1,0,0,0,0,0,0,0,0,0,0,1,0,0,0,0,0,90045,447.968,4,0.2,139.99,2014,11,7,747,2001
0,0,1,1,0,1,0,0,1,0,1,0,0,0,0,0,0,0,0,0,0,0,0,0,0,0,11561,16.78,2,0,4.195,2014,9,4,61,1128
0,0,1,0,0,0,0,1,1,0,0,1,0,0,0,0,0,0,0,0,0,0,0,0,0,0,90045,20.96,2,0,5.24,2015,6,6,747,2001
0,0,1,0,0,0,0,1,1,0,0,0,1,0,0,0,0,0,0,0,0,0,0,0,0,0,90045,88.752,3,0.2,27.735,2015,6,6,747,2001
0,0,1,0,0,0,0,1,1,0,0,0,0,0,0,0,0,0,0,0,0,0,0,1,0,0,90045,304.23,3,0,9.1269,2015,6,6,747,2001
0,0,1,0,0,0,0,1,1,0,0,0,0,0,0,0,1,0,0,0,0,0,0,0,0,0,94110,167.86,2,0,78.8942,2015,7,7,510,2001
0,0,1,0,0,0,1,0,0,0,0,0,0,0,0,0,0,0,1,0,0,0,0,0,0,0,23223,82.38,6,0,25.5378,2017,12,4,90,224
0,1,0,0,0,0,0,1,0,1,0,0,0,0,0,0,0,0,0,0,0,0,1,0,0,0,87105,23.976,3,0.2,-5.6943,2014,12,5,14,37
0,1,0,0,0,0,0,1,1,0,0,0,0,0,0,0,0,0,0,0,0,0,0,1,0,0,87105,33.29,1,0,7.9896,2014,12,5,14,37
0,0,1,0,0,1,0,0,1,0,0,0,1,0,0,0,0,0,0,0,0,0,0,0,0,0,44312,14.952,2,0.7,-11.9616,2015,2,5,21,469
0,0,1,0,0,1,0,0,0,1,0,0,0,0,0,0,0,0,0,0,0,0,1,0,0,0,44312,323.982,3,0.4,-80.9955,2015,2,5,21,469
0,0,1,0,0,1,0,0,1,0,0,0,1,0,0,0,0,0,0,0,0,0,0,0,0,0,44312,2.286,2,0.7,-1.6764,2015,2,5,21,469
0,0,1,0,0,1,0,0,1,0,0,1,0,0,0,0,0,0,0,0,0,0,0,0,0,0,44312,14.352,3,0.2,0.897,2015,2,5,21,469
0,0,1,0,0,1,0,0,0,1,0,0,0,0,0,0,0,0,0,0,0,0,0,0,0,0,44312,71.976,3,0.2,0.8997,2015,2,5,21,469
0,0,0,1,0,1,0,0,1,0,0,1,0,0,0,0,0,0,0,0,0,0,0,0,0,0,7060,9.21,3,0,2.3025,2016,1,2,13,130
0,0,0,1,0,1,0,0,1,0,0,0,0,0,0,0,0,0,0,0,0,1,0,0,0,0,7060,18,5,0,8.28,2016,1,2,13,130
0,0,1,0,0,1,0,0,1,0,0,0,0,0,0,0,0,0,0,0,0,1,0,0,0,0,10011,42.93,9,0,19.3185,2017,4,6,915,1128
0,0,1,0,0,0,1,0,1,0,0,0,0,0,0,0,0,0,0,0,0,1,0,0,0,0,33012,15.552,3,0.2,5.4432,2017,10,6,18,383
0,0,1,0,0,0,1,0,1,0,1,0,0,0,0,0,0,0,0,0,0,0,0,0,0,0,33012,17.92,5,0.2,1.12,2017,10,6,18,383
0,0,1,0,0,0,0,1,0,1,0,0,0,0,0,0,0,0,0,0,0,0,0,0,0,0,98052,19.99,1,0,6.7966,2017,9,5,11,506
0,0,1,0,0,0,0,1,1,0,0,0,1,0,0,0,0,0,0,0,0,0,0,0,0,0,98052,22.92,5,0.2,8.022,2017,9,5,11,506
0,0,1,0,0,0,1,0,0,1,0,0,0,0,0,0,0,0,0,0,0,0,0,0,0,0,32114,50.88,6,0.2,14.628,2015,12,6,4,383
0,0,1,0,0,0,1,0,1,0,0,0,0,0,0,0,1,0,0,0,0,0,0,0,0,0,32114,27.312,2,0.2,9.2178,2015,12,6,4,383
0,0,1,0,0,0,0,1,1,0,0,0,0,0,0,0,1,0,0,0,0,0,0,0,0,0,86442,7.92,1,0.2,2.772,2015,12,4,2,224
0,0,1,0,0,0,0,1,0,0,0,0,0,0,0,0,0,0,1,0,0,0,0,0,0,0,86442,14.368,2,0.2,3.9512,2015,12,4,2,224
0,0,1,0,1,0,0,1,0,1,0,0,0,0,0,0,0,0,0,0,0,0,0,0,0,0,90049,107.97,3,0,22.6737,2015,11,4,747,2001
0,0,1,0,1,0,0,1,1,0,0,0,0,0,0,0,0,0,0,0,0,1,0,0,0,0,90049,113.82,3,0,53.4954,2015,11,4,747,2001
0,0,1,0,0,0,1,0,1,0,0,0,0,0,0,0,0,0,0,0,0,1,0,0,0,0,37064,5.184,1,0.2,1.8144,2017,8,5,37,183
1,0,0,0,0,0,0,0,1,0,0,1,0,0,0,0,0,0,0,0,0,0,0,0,0,0,46368,16.28,2,0,6.512,2014,3,0,1,149
0,0,1,0,0,0,1,0,1,0,0,0,0,0,0,0,0,0,0,0,0,0,0,1,0,0,22204,544.38,3,0,157.8702,2017,12,4,60,224
0,0,0,0,0,0,0,1,1,0,0,0,1,0,0,0,0,0,0,0,0,0,0,0,0,0,94110,19.824,6,0.2,6.6906,2017,3,3,510,2001
0,0,0,0,0,0,0,1,0,1,0,0,0,0,0,0,0,0,0,0,0,0,1,0,0,0,94110,657.504,6,0.2,-131.5008,2017,3,3,510,2001
0,0,0,0,0,0,0,1,0,1,0,0,0,0,0,0,0,0,0,0,0,0,0,0,0,0,94110,99.54,2,0,10.9494,2017,3,3,510,2001
0,0,0,0,0,0,0,1,0,1,0,0,0,0,0,0,0,0,0,0,0,0,0,0,0,0,94110,199.96,4,0,85.9828,2017,3,3,510,2001
0,0,1,0,0,1,0,0,0,0,0,0,0,0,1,0,0,0,0,0,0,0,0,0,0,0,10801,631.782,2,0.1,140.396,2016,9,7,9,1128
0,0,1,0,0,1,0,0,0,0,0,0,0,0,0,0,0,0,1,0,0,0,0,0,0,0,10801,60.72,3,0,26.1096,2016,9,7,9,1128
0,1,0,0,0,0,0,1,1,0,0,0,1,0,0,0,0,0,0,0,0,0,0,0,0,0,85204,20.724,2,0.7,-15.1976,2017,11,5,28,224
0,1,0,0,0,0,0,1,1,0,0,0,0,0,0,0,0,0,0,0,0,0,0,1,0,0,85204,415.872,8,0.2,-41.5872,2017,11,5,28,224
0,0,1,0,0,1,0,0,1,0,0,0,0,0,0,0,0,0,0,0,0,0,0,1,0,0,43130,16.768,2,0.2,1.4672,2017,4,4,46,469
0,0,1,0,0,1,0,0,0,1,0,0,0,0,0,0,0,0,0,0,0,0,0,0,0,0,43130,27.12,2,0.2,-4.746,2017,4,4,46,469
0,1,0,0,0,0,0,1,0,1,0,0,0,0,0,0,0,0,0,0,0,0,1,0,0,0,95207,95.84,4,0.2,34.742,2017,12,2,6,2001
0,1,0,0,0,0,0,1,1,0,0,0,0,0,0,0,0,0,0,0,0,1,0,0,0,0,95207,12.96,2,0,6.2208,2017,12,2,6,2001
0,1,0,1,0,0,1,0,1,0,0,0,1,0,0,0,0,0,0,0,0,0,0,0,0,0,28806,19.008,8,0.7,-12.672,2017,11,2,7,249
0,1,0,0,0,0,1,0,1,0,0,0,1,0,0,0,0,0,0,0,0,0,0,0,0,0,37042,1598.058,7,0.7,-1065.372,2015,12,3,7,183
0,1,0,0,0,0,1,0,1,0,0,1,0,0,0,0,0,0,0,0,0,0,0,0,0,0,37042,36.96,4,0.2,12.012,2015,12,3,7,183
1,0,0,0,0,0,0,0,1,0,0,0,0,0,0,0,0,0,0,0,0,1,0,0,0,0,60505,10.368,2,0.2,3.6288,2017,12,0,68,492
1,0,0,0,0,0,0,0,0,0,0,0,0,0,0,0,0,0,1,0,0,0,0,0,0,0,60505,77.72,1,0.6,-66.062,2017,12,0,68,492
1,0,0,0,0,0,0,0,0,0,0,0,0,0,1,0,0,0,0,0,0,0,0,0,0,0,60505,520.464,2,0.3,-14.8704,2017,12,0,68,492
0,0,0,1,0,1,0,0,1,0,0,0,0,0,0,0,0,0,0,0,0,1,0,0,0,0,2886,111.96,2,0,54.8604,2016,5,2,5,56
0,1,0,0,0,0,1,0,0,1,0,0,0,0,0,0,0,0,0,0,0,0,1,0,0,0,70506,29.16,3,0,8.4564,2017,2,4,31,42
0,1,0,0,0,0,0,0,1,0,0,1,0,0,0,0,0,0,0,0,0,0,0,0,0,0,58103,131.94,3,0,35.6238,2017,5,2,7,7
0,1,0,0,0,0,0,0,1,0,0,1,0,0,0,0,0,0,0,0,0,0,0,0,0,0,58103,25.92,4,0,8.2944,2017,5,2,7,7
0,1,0,0,0,0,0,0,1,0,0,0,0,0,0,0,0,0,0,0,0,0,0,1,0,0,58103,704.76,4,0,162.0948,2017,5,2,7,7
0,1,0,0,0,0,0,0,1,0,0,0,0,0,0,0,0,1,0,0,0,0,0,0,0,0,58103,7.41,3,0,3.4827,2017,5,2,7,7
0,1,0,0,0,0,0,0,1,0,0,1,0,0,0,0,0,0,0,0,0,0,0,0,0,0,58103,21.5,10,0,7.095,2017,5,2,7,7
0,1,0,0,0,0,0,0,1,0,0,0,0,0,0,0,0,1,0,0,0,0,0,0,0,0,60623,10.528,4,0.2,3.29,2017,9,2,314,492
0,1,0,0,0,0,0,0,1,0,0,0,0,0,0,0,0,0,0,0,0,1,0,0,0,0,60623,20.544,6,0.2,6.42,2017,9,2,314,492
0,0,1,0,1,0,0,0,1,0,0,0,1,0,0,0,0,0,0,0,0,0,0,0,0,0,46226,104.9,5,0,50.352,2016,11,5,44,149
0,0,1,0,1,0,0,0,1,0,0,1,0,0,0,0,0,0,0,0,0,0,0,0,0,0,46226,39.68,2,0,16.2688,2016,11,5,44,149
0,0,1,0,1,0,0,0,1,0,0,0,0,0,0,0,0,0,0,1,0,0,0,0,0,0,46226,51.75,5,0,24.84,2016,11,5,44,149
0,1,0,0,0,0,0,0,1,0,0,1,0,0,0,0,0,0,0,0,0,0,0,0,0,0,46514,11.68,2,0,5.4896,2017,7,2,2,149
0,1,0,0,0,0,0,0,0,1,0,0,0,0,0,0,0,0,0,0,0,0,0,0,0,0,46514,159.75,5,0,11.1825,2017,7,2,2,149
0,0,1,1,0,1,0,0,1,0,1,0,0,0,0,0,0,0,0,0,0,0,0,0,0,0,44240,103.968,6,0.2,16.8948,2016,11,6,13,469
0,0,1,0,1,0,0,1,0,0,0,0,0,0,0,0,0,0,1,0,0,0,0,0,0,0,91776,303.25,5,0,63.6825,2014,4,5,3,2001
0,0,1,0,1,0,0,1,1,0,1,0,0,0,0,0,0,0,0,0,0,0,0,0,0,0,91776,270.72,3,0,78.5088,2014,4,5,3,2001
0,0,1,0,1,0,0,1,0,0,0,0,0,0,1,0,0,0,0,0,0,0,0,0,0,0,91776,1487.04,5,0.2,148.704,2014,4,5,3,2001
0,1,0,0,1,0,1,0,1,0,0,0,0,0,0,0,1,0,0,0,0,0,0,0,0,0,42420,17.48,2,0,8.2156,2015,11,2,51,139
0,1,0,0,1,0,1,0,1,0,0,0,0,0,0,0,1,0,0,0,0,0,0,0,0,0,42420,71.88,2,0,32.346,2015,11,2,51,139
0,0,1,0,0,0,0,1,1,0,0,1,0,0,0,0,0,0,0,0,0,0,0,0,0,0,94110,60.45,3,0,16.3215,2015,10,5,510,2001
0,0,1,0,0,0,0,1,0,0,0,0,0,0,0,0,0,0,0,0,0,0,0,0,0,1,94110,253.176,3,0.2,-31.647,2015,10,5,510,2001
0,0,1,0,0,0,0,0,1,0,0,0,1,0,0,0,0,0,0,0,0,0,0,0,0,0,60035,2.88,5,0.8,-4.464,2015,7,7,7,492
0,0,1,0,0,0,0,0,0,0,0,0,0,1,0,0,0,0,0,0,0,0,0,0,0,0,60035,384.944,4,0.3,-126.4816,2015,7,7,7,492
0,0,1,0,0,0,0,0,0,1,0,0,0,0,0,0,0,0,0,0,0,0,1,0,0,0,60035,153.584,2,0.2,13.4386,2015,7,7,7,492
0,0,1,0,0,0,0,0,0,0,0,0,0,1,0,0,0,0,0,0,0,0,0,0,0,0,60035,913.43,5,0.3,-52.196,2015,7,7,7,492
0,0,1,1,0,0,0,1,1,0,1,0,0,0,0,0,0,0,0,0,0,0,0,0,0,0,94122,43.92,4,0,11.8584,2016,10,6,510,2001
0,0,1,1,0,0,0,1,1,0,0,0,1,0,0,0,0,0,0,0,0,0,0,0,0,0,94122,25.032,3,0.2,7.8225,2016,10,6,510,2001
0,0,0,0,0,1,0,0,1,0,0,0,0,0,0,0,0,0,0,0,0,1,0,0,0,0,10035,46.76,7,0,22.4448,2017,11,2,915,1128
0,0,0,0,0,1,0,0,0,0,0,0,0,1,0,0,0,0,0,0,0,0,0,0,0,0,10035,183.968,2,0.2,-25.2956,2017,11,2,915,1128
0,0,0,0,0,1,0,0,0,1,0,0,0,0,0,0,0,0,0,0,0,0,1,0,0,0,10035,1259.97,3,0,327.5922,2017,11,2,915,1128
0,0,0,0,0,1,0,0,1,0,0,1,0,0,0,0,0,0,0,0,0,0,0,0,0,0,10035,68.97,3,0,19.3116,2017,11,2,915,1128
0,0,1,1,0,0,0,0,1,0,0,1,0,0,0,0,0,0,0,0,0,0,0,0,0,0,75081,70.368,2,0.2,6.1572,2016,9,4,157,985
0,0,1,1,0,0,0,0,0,1,0,0,0,0,0,0,0,0,0,0,0,0,1,0,0,0,75081,59.96,5,0.2,21.7355,2016,9,4,157,985
1,0,0,0,0,1,0,0,1,0,0,0,0,0,0,0,0,0,0,0,0,0,0,1,0,0,45503,25.984,1,0.2,-5.1968,2014,7,0,163,469
1,0,0,0,0,1,0,0,1,0,0,0,1,0,0,0,0,0,0,0,0,0,0,0,0,0,45503,27.36,3,0.7,-21.888,2014,7,0,163,469
0,0,1,1,0,0,0,1,0,1,0,0,0,0,0,0,0,0,0,0,0,0,1,0,0,0,92024,361.376,2,0.2,27.1032,2016,11,4,170,2001
0,0,1,0,0,1,0,0,0,0,0,0,0,0,1,0,0,0,0,0,0,0,0,0,0,0,19120,172.186,2,0.3,-46.7362,2014,7,4,537,587
0,0,1,0,0,1,0,0,0,0,0,0,0,0,0,0,0,0,1,0,0,0,0,0,0,0,19120,69.008,2,0.2,12.0764,2014,7,4,537,587
1,0,0,0,0,1,0,0,1,0,0,0,0,0,0,0,1,0,0,0,0,0,0,0,0,0,21044,199.9,5,0,89.955,2016,3,0,81,105
1,0,0,0,0,1,0,0,1,0,1,0,0,0,0,0,0,0,0,0,0,0,0,0,0,0,21044,901.95,3,0,297.6435,2016,3,0,81,105
1,0,0,0,0,1,0,0,0,0,0,0,0,0,0,0,0,0,1,0,0,0,0,0,0,0,21044,971.5,5,0,252.59,2016,3,0,81,105
0,0,0,0,0,0,0,1,1,0,0,1,0,0,0,0,0,0,0,0,0,0,0,0,0,0,80906,11.328,2,0.2,2.5488,2016,12,1,25,182
0,0,0,0,0,1,0,0,1,0,0,1,0,0,0,0,0,0,0,0,0,0,0,0,0,0,10009,21.24,3,0,8.0712,2014,9,2,915,1128
0,0,1,0,0,1,0,0,0,1,0,0,0,0,0,0,0,0,0,0,0,0,0,0,0,0,19140,34.8,3,0.2,2.175,2015,7,5,537,587
0,0,1,0,0,1,0,0,1,0,0,0,0,0,0,0,0,0,0,0,0,0,0,1,0,0,19140,38.976,3,0.2,-2.436,2015,7,5,537,587
0,0,1,1,0,0,0,0,1,0,0,0,0,0,0,0,0,0,0,0,0,1,0,0,0,0,47201,9.08,2,0,4.086,2016,11,5,222,149
0,0,1,1,0,0,0,0,1,0,0,0,0,0,0,0,0,0,0,0,0,1,0,0,0,0,47201,314.55,3,0,150.984,2016,11,5,222,149
0,0,1,1,0,0,0,0,1,0,0,0,1,0,0,0,0,0,0,0,0,0,0,0,0,0,47201,4.91,1,0,2.3077,2016,11,5,222,149
0,0,1,0,1,0,0,1,1,0,0,0,0,0,0,0,0,0,0,1,0,0,0,0,0,0,90004,5.78,2,0,2.7166,2014,5,5,747,2001
0,0,1,0,1,0,0,1,1,0,0,1,0,0,0,0,0,0,0,0,0,0,0,0,0,0,90004,107.94,6,0,30.2232,2014,5,5,747,2001
0,0,0,0,0,1,0,0,1,0,0,0,0,0,0,0,0,0,0,0,0,1,0,0,0,0,10024,19.65,3,0,9.039,2014,6,3,915,1128
0,0,0,0,0,1,0,0,0,1,0,0,0,0,0,0,0,0,0,0,0,0,1,0,0,0,10024,617.97,3,0,160.6722,2014,6,3,915,1128
0,0,0,0,0,1,0,0,1,0,1,0,0,0,0,0,0,0,0,0,0,0,0,0,0,0,10024,59.7,3,0,26.865,2014,6,3,915,1128
0,0,1,1,0,1,0,0,1,0,0,0,1,0,0,0,0,0,0,0,0,0,0,0,0,0,1841,387.99,1,0,182.3553,2017,8,4,44,135
0,0,1,0,0,0,0,1,0,1,0,0,0,0,0,0,0,0,0,0,0,0,1,0,0,0,94122,575.92,2,0.2,71.99,2014,11,7,510,2001
0,0,1,0,0,0,0,1,1,0,0,0,0,0,0,0,0,1,0,0,0,0,0,0,0,0,94122,30.4,5,0,15.2,2014,11,7,510,2001
0,1,0,0,0,0,0,0,1,0,0,0,1,0,0,0,0,0,0,0,0,0,0,0,0,0,48205,478.24,8,0,219.9904,2017,4,3,115,255
0,0,1,0,0,1,0,0,0,0,0,0,0,0,0,0,0,0,1,0,0,0,0,0,0,0,45011,190.848,3,0.2,-21.4704,2014,12,7,4,469
0,0,1,0,0,1,0,0,1,0,0,0,1,0,0,0,0,0,0,0,0,0,0,0,0,0,43229,5.484,4,0.7,-4.0216,2014,12,7,222,469
0,1,0,0,0,0,0,0,1,0,0,0,0,0,0,0,0,0,0,0,0,0,0,0,1,0,60610,40.92,5,0.2,3.069,2015,11,4,314,492
0,0,1,0,0,0,1,0,1,0,0,1,0,0,0,0,0,0,0,0,0,0,0,0,0,0,33063,15.552,3,0.2,2.3328,2014,3,5,1,383
0,0,0,1,0,0,1,0,1,0,1,0,0,0,0,0,0,0,0,0,0,0,0,0,0,0,30328,17.24,2,0,4.4824,2017,5,1,14,184
0,0,0,1,0,0,1,0,0,0,0,0,0,1,0,0,0,0,0,0,0,0,0,0,0,0,30328,302.94,3,0,75.735,2017,5,1,14,184
0,0,0,1,0,0,1,0,0,1,0,0,0,0,0,0,0,0,0,0,0,0,1,0,0,0,30328,34.75,5,0,15.6375,2017,5,1,14,184
0,0,0,1,0,0,1,0,1,0,0,0,1,0,0,0,0,0,0,0,0,0,0,0,0,0,30328,113.94,6,0,54.6912,2017,5,1,14,184
0,0,0,1,0,0,1,0,0,1,0,0,0,0,0,0,0,0,0,0,0,0,1,0,0,0,30328,55.98,2,0,15.6744,2017,5,1,14,184
0,0,1,1,0,0,0,1,1,0,0,0,0,0,0,0,0,0,0,0,0,1,0,0,0,0,87105,27.18,3,0,12.231,2017,9,6,14,37
0,0,1,0,0,0,0,0,0,0,0,0,0,0,1,0,0,0,0,0,0,0,0,0,0,0,74133,1805.88,6,0,523.7052,2017,3,6,26,66
1,0,0,0,0,1,0,0,1,0,0,1,0,0,0,0,0,0,0,0,0,0,0,0,0,0,7050,70.95,3,0,18.447,2017,9,0,6,130
0,1,0,0,0,0,1,0,1,0,0,0,0,0,0,0,0,1,0,0,0,0,0,0,0,0,42420,20,4,0,9.6,2016,11,5,51,139
0,1,0,0,0,0,1,0,1,0,0,1,0,0,0,0,0,0,0,0,0,0,0,0,0,0,42420,7.98,3,0,2.0748,2016,11,5,51,139
0,1,0,0,0,0,1,0,0,0,0,0,0,0,0,0,0,0,1,0,0,0,0,0,0,0,42420,24.1,5,0,9.158,2016,11,5,51,139
0,1,0,0,0,0,1,0,1,0,0,1,0,0,0,0,0,0,0,0,0,0,0,0,0,0,42420,8.75,1,0,2.625,2016,11,5,51,139
0,1,0,0,0,0,1,0,0,0,0,0,0,0,0,0,0,0,0,0,0,0,0,0,0,1,42420,842.94,3,0,160.1586,2016,11,5,51,139
0,0,1,0,0,0,0,0,1,0,0,0,1,0,0,0,0,0,0,0,0,0,0,0,0,0,60653,2.182,1,0.8,-3.6003,2016,5,5,314,492
0,0,1,0,0,0,0,0,1,0,0,1,0,0,0,0,0,0,0,0,0,0,0,0,0,0,60653,27.384,7,0.2,2.7384,2016,5,5,314,492
0,0,1,0,0,0,0,0,1,0,1,0,0,0,0,0,0,0,0,0,0,0,0,0,0,0,60653,26.406,3,0.8,-71.2962,2016,5,5,314,492
0,0,1,0,0,0,0,0,1,0,0,0,0,0,0,0,0,0,0,0,0,1,0,0,0,0,77642,10.368,2,0.2,3.6288,2016,12,6,6,985
0,0,1,0,0,0,0,0,1,0,0,0,0,0,0,0,0,0,0,0,0,1,0,0,0,0,77642,23.68,4,0.2,7.4,2016,12,6,6,985
0,0,1,0,0,0,0,0,0,1,0,0,0,0,0,0,0,0,0,0,0,0,0,0,0,0,48185,109.95,1,0,36.2835,2016,7,4,13,255
0,0,1,0,0,0,0,0,1,0,0,0,0,0,0,0,0,0,0,0,0,0,0,1,0,0,48185,965.85,5,0,135.219,2016,7,4,13,255
0,0,1,0,0,0,0,0,1,0,0,1,0,0,0,0,0,0,0,0,0,0,0,0,0,0,48185,29.2,5,0,10.512,2016,7,4,13,255
0,0,1,0,0,0,0,0,1,0,0,0,0,0,0,0,0,0,0,0,0,1,0,0,0,0,48185,32.4,5,0,15.552,2016,7,4,13,255
0,0,1,0,1,0,0,0,1,0,0,0,0,0,0,0,1,0,0,0,0,0,0,0,0,0,47401,78.35,5,0,36.8245,2014,11,5,15,149
0,0,1,0,1,0,0,0,1,0,0,0,0,0,0,0,0,0,0,0,0,1,0,0,0,0,47401,31.68,6,0,14.256,2014,11,5,15,149
0,0,1,0,1,0,0,0,1,0,0,0,1,0,0,0,0,0,0,0,0,0,0,0,0,0,47401,29.12,4,0,14.2688,2014,11,5,15,149
0,0,1,0,1,0,0,0,1,0,0,0,0,0,0,0,0,0,0,0,0,0,0,1,0,0,47401,169.45,5,0,42.3625,2014,11,5,15,149
0,0,1,0,0,0,0,1,0,0,0,0,0,0,0,0,0,0,1,0,0,0,0,0,0,0,90032,12.56,2,0,4.0192,2015,6,4,747,2001
0,0,1,0,0,0,0,1,1,0,0,0,0,0,0,0,0,0,0,0,0,1,0,0,0,0,90032,6.48,1,0,3.1104,2015,6,4,747,2001
0,0,1,0,0,0,0,1,1,0,0,0,0,0,0,0,1,0,0,0,0,0,0,0,0,0,90032,186.69,3,0,87.7443,2015,6,4,747,2001
0,0,0,0,0,0,0,1,0,0,0,0,0,0,0,0,0,0,1,0,0,0,0,0,0,0,94109,25.4,5,0,8.636,2016,7,2,510,2001
0,0,0,0,0,0,0,1,1,0,0,0,0,0,0,0,1,0,0,0,0,0,0,0,0,0,94109,43.96,2,0,20.6612,2016,7,2,510,2001
0,0,0,0,0,0,0,1,0,0,0,0,0,1,0,0,0,0,0,0,0,0,0,0,0,0,94109,1279.165,5,0.15,225.735,2016,7,2,510,2001
0,0,0,0,0,0,0,1,1,0,0,0,0,0,0,0,0,0,0,0,0,0,0,1,0,0,94109,27.92,4,0,0.5584,2016,7,2,510,2001
0,0,1,0,1,0,0,1,0,0,0,0,0,0,1,0,0,0,0,0,0,0,0,0,0,0,94110,129.568,2,0.2,-12.9568,2015,9,5,510,2001
0,0,1,0,1,0,0,1,1,0,0,0,1,0,0,0,0,0,0,0,0,0,0,0,0,0,94110,6.368,2,0.2,2.1492,2015,9,5,510,2001
0,0,1,0,0,0,0,1,1,0,0,0,0,0,0,0,0,0,0,0,0,1,0,0,0,0,95123,244.55,5,0,114.9385,2017,8,5,42,2001
0,0,1,0,0,0,0,1,1,0,0,0,0,0,0,0,0,0,0,0,0,0,0,0,1,0,80219,1332.496,2,0.2,-299.8116,2017,3,7,44,182
0,0,0,0,1,0,0,1,0,0,0,0,0,0,0,0,0,0,1,0,0,0,0,0,0,0,80013,32.776,1,0.2,3.2776,2017,9,3,68,182
0,0,0,0,1,0,0,1,1,0,0,0,0,0,0,0,0,0,0,0,0,0,0,1,0,0,80013,147.184,2,0.2,-29.4368,2017,9,3,68,182
0,0,0,0,1,0,0,1,0,1,0,0,0,0,0,0,0,0,0,0,0,0,0,0,0,0,80013,54.384,2,0.2,1.3596,2017,9,3,68,182
0,0,0,0,1,0,0,1,1,0,0,0,1,0,0,0,0,0,0,0,0,0,0,0,0,0,80013,76.776,4,0.7,-58.8616,2017,9,3,68,182
0,0,0,0,1,0,0,1,1,0,0,0,0,0,0,0,0,0,0,0,0,1,0,0,0,0,80013,14.352,3,0.2,5.2026,2017,9,3,68,182
0,0,0,0,1,0,0,1,1,0,1,0,0,0,0,0,0,0,0,0,0,0,0,0,0,0,80013,209.792,2,0.2,26.224,2017,9,3,68,182
0,0,1,1,0,0,0,1,1,0,0,0,1,0,0,0,0,0,0,0,0,0,0,0,0,0,83704,3.304,1,0.2,1.1151,2015,8,4,4,21
0,0,1,0,0,1,0,0,1,0,0,1,0,0,0,0,0,0,0,0,0,0,0,0,0,0,10035,16.38,9,0,7.371,2017,11,7,915,1128
0,0,1,0,0,1,0,0,1,0,0,0,0,0,0,0,1,0,0,0,0,0,0,0,0,0,10035,167.96,2,0,78.9412,2017,11,7,915,1128
0,0,1,0,0,1,0,0,0,0,0,0,0,1,0,0,0,0,0,0,0,0,0,0,0,0,10035,321.568,2,0.2,-16.0784,2017,11,7,915,1128
0,0,1,0,0,1,0,0,1,0,0,0,0,0,0,0,0,0,0,0,0,1,0,0,0,0,10035,12.96,2,0,6.2208,2017,11,7,915,1128
0,0,1,1,0,1,0,0,0,0,0,0,0,0,1,0,0,0,0,0,0,0,0,0,0,0,19140,128.058,3,0.3,-23.7822,2017,5,4,537,587
1,0,0,0,1,1,0,0,0,0,0,0,0,0,1,0,0,0,0,0,0,0,0,0,0,0,44060,63.686,1,0.3,-15.4666,2017,9,0,6,469
1,0,0,0,1,1,0,0,0,1,0,0,0,0,0,0,0,0,0,0,0,0,0,0,0,0,44060,239.976,3,0.2,65.9934,2017,9,0,6,469
1,0,0,0,1,1,0,0,0,0,0,0,0,0,0,0,0,0,0,0,0,0,0,0,0,1,44060,344.22,2,0.4,-189.321,2017,9,0,6,469
1,0,0,0,1,1,0,0,1,0,0,0,0,0,0,0,0,0,0,0,0,1,0,0,0,0,44060,15.552,3,0.2,5.4432,2017,9,0,6,469
1,0,0,0,1,1,0,0,0,0,0,0,0,0,0,0,0,0,1,0,0,0,0,0,0,0,44060,21.248,4,0.2,7.4368,2017,9,0,6,469
1,0,0,0,1,1,0,0,1,0,0,0,0,0,0,0,0,0,0,0,0,1,0,0,0,0,44060,8.448,2,0.2,2.64,2017,9,0,6,469
1,0,0,0,0,0,0,0,1,0,0,0,0,0,0,0,0,0,0,0,0,0,0,1,0,0,73505,333.09,3,0,23.3163,2017,10,0,4,66
1,0,0,0,0,0,0,0,0,0,0,0,0,0,0,0,0,0,0,0,0,0,0,0,0,1,73505,248.98,2,0,54.7756,2017,10,0,4,66
0,0,1,0,0,1,0,0,1,0,0,0,0,0,0,0,0,0,0,0,0,1,0,0,0,0,10024,24.9,5,0,11.703,2014,3,4,915,1128
0,0,1,0,0,0,0,1,1,0,0,0,0,0,0,0,0,1,0,0,0,0,0,0,0,0,90049,15.26,7,0,5.0358,2016,11,5,747,2001
0,0,1,0,0,0,0,1,1,0,1,0,0,0,0,0,0,0,0,0,0,0,0,0,0,0,90049,43.32,2,0,14.2956,2016,11,5,747,2001
0,0,1,0,0,0,0,1,1,0,0,0,1,0,0,0,0,0,0,0,0,0,0,0,0,0,90049,43.584,12,0.2,15.7992,2016,11,5,747,2001
0,0,1,0,0,0,0,1,1,0,0,0,0,0,0,0,0,0,0,0,0,1,0,0,0,0,90049,116.28,3,0,56.9772,2016,11,5,747,2001
0,0,1,0,0,0,0,1,1,0,0,0,1,0,0,0,0,0,0,0,0,0,0,0,0,0,90049,9.296,2,0.2,3.0212,2016,11,5,747,2001
0,0,1,0,0,0,0,1,1,0,0,0,0,0,0,0,0,0,0,0,0,1,0,0,0,0,90049,19.44,3,0,9.3312,2016,11,5,747,2001
0,0,1,0,0,0,0,1,1,0,0,0,0,0,0,0,0,0,0,0,0,1,0,0,0,0,90049,314.55,3,0,150.984,2016,11,5,747,2001
0,0,1,0,1,0,0,0,1,0,0,0,1,0,0,0,0,0,0,0,0,0,0,0,0,0,77036,16.27,5,0.8,-25.2185,2015,9,6,377,985
0,0,1,0,1,0,0,0,1,0,0,0,0,0,0,0,0,0,0,0,0,0,0,0,1,0,77036,69.12,9,0.2,-14.688,2015,9,6,377,985
0,0,1,0,1,0,0,0,1,0,0,0,1,0,0,0,0,0,0,0,0,0,0,0,0,0,77036,4.47,3,0.8,-7.8225,2015,9,6,377,985
0,0,1,0,0,0,0,1,0,0,0,0,0,0,0,0,0,0,0,0,0,0,0,0,0,1,90032,418.296,3,0.2,5.2287,2017,8,7,747,2001
0,1,0,0,0,1,0,0,0,1,0,0,0,0,0,1,0,0,0,0,0,0,0,0,0,0,43229,659.988,2,0.4,109.998,2014,12,2,222,469
0,1,0,0,0,1,0,0,0,0,0,0,0,0,0,0,0,0,1,0,0,0,0,0,0,0,43229,8.128,2,0.2,1.4224,2014,12,2,222,469
0,1,0,0,0,1,0,0,1,0,0,0,0,0,0,0,0,0,0,0,0,1,0,0,0,0,43229,36.288,7,0.2,12.7008,2014,12,2,222,469
0,1,0,0,0,1,0,0,0,0,0,0,0,0,1,0,0,0,0,0,0,0,0,0,0,0,43229,909.72,6,0.3,-51.984,2014,12,2,222,469
0,0,1,0,0,0,0,1,0,0,0,0,0,1,0,0,0,0,0,0,0,0,0,0,0,0,90032,917.9235,9,0.15,75.5937,2017,6,5,747,2001
0,0,1,0,0,0,0,1,1,0,0,0,0,0,0,0,0,0,0,0,0,1,0,0,0,0,90032,38.88,6,0,19.0512,2017,6,5,747,2001
0,0,1,0,0,1,0,0,1,0,0,0,1,0,0,0,0,0,0,0,0,0,0,0,0,0,19140,631.176,4,0.7,-462.8624,2017,12,7,537,587
0,0,1,1,0,0,0,1,1,0,0,0,0,0,0,0,0,0,0,0,0,1,0,0,0,0,94110,12.96,2,0,6.2208,2014,11,5,510,2001
0,0,1,1,0,0,0,1,1,0,0,0,0,0,0,0,0,0,0,0,0,1,0,0,0,0,93309,12.96,2,0,6.2208,2016,4,6,16,2001
0,0,1,1,0,0,0,1,1,0,0,0,1,0,0,0,0,0,0,0,0,0,0,0,0,0,93309,23.2,5,0.2,8.12,2016,4,6,16,2001
0,0,1,1,0,0,0,0,1,0,0,0,0,0,0,0,0,0,0,0,0,1,0,0,0,0,77095,25.92,5,0.2,9.072,2014,6,4,377,985
0,0,1,1,0,0,0,0,1,0,0,0,0,0,0,0,0,1,0,0,0,0,0,0,0,0,77095,21.312,6,0.2,7.1928,2014,6,4,377,985
0,0,1,0,1,0,0,1,0,1,0,0,0,0,0,0,0,0,0,0,0,0,1,0,0,0,90045,173.656,7,0.2,17.3656,2014,12,5,747,2001
0,0,1,0,1,0,0,1,1,0,1,0,0,0,0,0,0,0,0,0,0,0,0,0,0,0,90045,361.96,2,0,101.3488,2014,12,5,747,2001
0,0,1,0,1,0,0,1,0,1,0,0,0,0,0,0,0,0,0,0,0,0,0,0,0,0,90045,62.85,3,0,13.1985,2014,12,5,747,2001
0,0,1,0,1,0,0,1,0,1,0,0,0,0,0,0,0,0,0,0,0,0,1,0,0,0,90045,818.376,3,0.2,51.1485,2014,12,5,747,2001
0,0,1,0,1,0,0,1,1,0,0,0,0,0,0,0,0,0,0,0,0,0,0,1,0,0,90045,20.34,1,0,0.2034,2014,12,5,747,2001
0,0,1,0,1,0,0,1,0,0,0,0,0,0,0,0,0,0,1,0,0,0,0,0,0,0,90045,23.99,1,0,5.5177,2014,12,5,747,2001
0,0,1,0,0,0,0,1,0,0,0,0,0,0,0,0,0,0,0,0,0,0,0,0,0,1,90036,171.288,3,0.2,-6.4233,2017,5,6,747,2001
0,0,1,1,0,0,0,0,0,0,0,0,0,0,0,0,0,0,1,0,0,0,0,0,0,0,65807,37.3,2,0,17.158,2016,11,4,163,66
0,0,1,1,0,0,0,0,1,0,0,0,1,0,0,0,0,0,0,0,0,0,0,0,0,0,65807,81.96,2,0,39.3408,2016,11,4,163,66
0,0,0,0,0,0,0,1,1,0,0,0,1,0,0,0,0,0,0,0,0,0,0,0,0,0,85023,54.792,6,0.7,-40.1808,2016,10,1,63,224
0,0,0,0,0,0,0,0,1,0,0,0,0,0,0,0,0,0,0,0,0,0,0,1,0,0,77070,10.784,1,0.2,0.8088,2016,9,2,377,985
0,1,0,0,0,0,1,0,0,0,0,0,0,0,1,0,0,0,0,0,0,0,0,0,0,0,23666,290.98,1,0,75.6548,2016,10,5,11,224
0,0,1,0,1,0,0,0,1,0,0,1,0,0,0,0,0,0,0,0,0,0,0,0,0,0,74133,36.44,4,0,12.0252,2017,10,4,26,66
0,0,1,0,0,0,0,1,1,0,0,0,0,0,0,0,0,0,0,0,0,1,0,0,0,0,98105,21.4,5,0,10.058,2016,9,5,428,506
0,0,1,0,0,0,0,1,1,0,0,0,1,0,0,0,0,0,0,0,0,0,0,0,0,0,98105,48.664,7,0.2,15.8158,2016,9,5,428,506
0,0,1,0,0,0,0,1,1,0,0,1,0,0,0,0,0,0,0,0,0,0,0,0,0,0,94109,16.56,4,0,6.9552,2016,9,6,510,2001
0,0,1,1,0,0,1,0,1,0,0,0,0,0,0,0,0,0,0,0,0,0,0,1,0,0,32216,1347.52,8,0.2,84.22,2017,6,4,125,383
0,0,1,1,0,0,0,0,0,1,0,0,0,0,0,0,0,0,0,0,0,0,0,0,0,0,47374,62.31,3,0,22.4316,2014,2,6,90,149
0,0,1,1,0,0,0,0,0,0,0,0,0,0,0,0,0,0,1,0,0,0,0,0,0,0,47374,20.32,4,0,6.9088,2014,2,6,90,149
0,1,0,1,0,0,0,1,1,0,0,0,0,0,0,0,0,1,0,0,0,0,0,0,0,0,80027,9.432,3,0.2,3.0654,2017,2,5,57,182
0,0,1,0,0,1,0,0,1,0,0,0,0,0,0,0,0,0,0,1,0,0,0,0,0,0,10024,34.86,7,0,16.0356,2014,11,4,915,1128
0,0,1,0,0,1,0,0,0,0,0,0,0,0,0,0,0,0,1,0,0,0,0,0,0,0,10024,89.34,6,0,24.1218,2014,11,4,915,1128
0,0,1,0,1,1,0,0,0,1,0,0,0,0,0,0,0,0,0,0,0,0,1,0,0,0,13440,269.98,2,0,67.495,2017,7,6,6,1128
0,0,1,0,1,1,0,0,1,0,0,0,0,0,0,0,0,0,0,0,0,1,0,0,0,0,13440,99.9,5,0,47.952,2017,7,6,6,1128
0,0,1,0,1,1,0,0,0,0,0,0,0,0,0,0,0,0,1,0,0,0,0,0,0,0,13440,39.08,4,0,14.4596,2017,7,6,6,1128
0,1,0,1,0,1,0,0,0,1,0,0,0,0,0,0,0,0,0,0,0,0,0,0,0,0,43302,116.832,4,0.2,33.5892,2017,9,2,20,469
0,0,1,0,0,0,0,0,1,0,0,0,1,0,0,0,0,0,0,0,0,0,0,0,0,0,77041,2.296,2,0.8,-3.9032,2016,11,4,377,985
0,0,0,0,0,1,0,0,0,0,0,0,0,0,1,0,0,0,0,0,0,0,0,0,0,0,10009,408.006,2,0.1,72.5344,2016,11,3,915,1128
0,0,0,0,0,1,0,0,1,0,0,0,0,0,0,0,0,0,0,0,0,0,0,1,0,0,10009,40.44,3,0,10.5144,2016,11,3,915,1128
1,0,0,0,1,0,0,1,0,0,0,0,0,0,1,0,0,0,0,0,0,0,0,0,0,0,95336,122.352,3,0.2,13.7646,2014,10,0,3,2001
1,0,0,0,1,0,0,1,1,0,0,0,0,0,0,0,1,0,0,0,0,0,0,0,0,0,95336,15.28,2,0,7.4872,2014,10,0,3,2001
0,0,1,1,0,0,0,1,1,0,0,0,0,0,0,0,0,0,0,0,0,1,0,0,0,0,90004,11.96,2,0,5.8604,2015,3,7,747,2001
0,0,1,0,1,0,0,1,0,0,0,0,0,0,0,0,0,0,1,0,0,0,0,0,0,0,98115,15.84,3,0,4.9104,2017,7,4,428,506
0,0,1,0,1,0,0,1,1,0,0,0,1,0,0,0,0,0,0,0,0,0,0,0,0,0,98115,86.376,3,0.2,30.2316,2017,7,4,428,506
0,0,1,0,1,0,0,1,1,0,0,1,0,0,0,0,0,0,0,0,0,0,0,0,0,0,98115,18.24,3,0,6.2016,2017,7,4,428,506
0,0,1,0,1,0,0,1,1,0,0,1,0,0,0,0,0,0,0,0,0,0,0,0,0,0,98115,13.12,4,0,4.3296,2017,7,4,428,506
0,0,1,1,0,1,0,0,0,1,0,0,0,0,0,0,0,0,0,0,0,0,1,0,0,0,2908,105.98,2,0,1.0598,2015,2,3,31,56
0,0,1,1,0,1,0,0,0,0,0,0,0,0,0,0,0,0,0,0,0,0,0,0,0,1,2908,493.92,7,0.3,-28.224,2015,2,3,31,56
0,0,1,1,0,0,0,0,1,0,0,0,1,0,0,0,0,0,0,0,0,0,0,0,0,0,60653,5.936,7,0.8,-8.904,2017,6,5,314,492
0,0,0,0,0,0,0,0,1,0,0,0,0,0,0,0,1,0,0,0,0,0,0,0,0,0,73120,325.86,2,0,149.8956,2017,3,1,23,66
0,1,0,0,0,0,0,0,0,0,0,0,0,0,1,0,0,0,0,0,0,0,0,0,0,0,60610,383.607,9,0.3,-5.4801,2015,7,5,314,492
0,1,0,0,0,0,0,0,0,1,0,0,0,0,0,0,0,0,0,0,0,0,1,0,0,0,60610,148.48,2,0.2,16.704,2015,7,5,314,492
0,1,0,0,0,0,0,0,0,1,0,0,0,0,0,0,0,0,0,0,0,0,1,0,0,0,60610,537.544,7,0.2,53.7544,2015,7,5,314,492
0,1,0,0,0,0,0,0,1,0,0,0,1,0,0,0,0,0,0,0,0,0,0,0,0,0,60610,1.928,2,0.8,-2.9884,2015,7,5,314,492
0,1,0,0,0,0,0,0,1,0,0,1,0,0,0,0,0,0,0,0,0,0,0,0,0,0,60610,6.912,3,0.2,0.6912,2015,7,5,314,492
0,1,0,0,0,0,0,0,0,0,0,0,0,0,0,0,0,0,1,0,0,0,0,0,0,0,60610,7.76,1,0.6,-2.134,2015,7,5,314,492
0,1,0,0,0,0,0,0,0,1,0,0,0,0,0,0,0,0,0,0,0,0,1,0,0,0,60610,659.168,4,0.2,49.4376,2015,7,5,314,492
0,0,0,0,0,1,0,0,1,0,0,0,0,0,0,0,0,0,0,1,0,0,0,0,0,0,6040,5.76,2,0,2.8224,2017,4,2,11,82
0,0,1,1,0,0,0,1,0,0,0,0,0,0,0,0,0,0,0,0,0,0,0,0,0,1,90049,351.216,3,0.2,4.3902,2014,7,4,747,2001
0,0,1,0,0,0,0,1,0,0,0,0,0,0,1,0,0,0,0,0,0,0,0,0,0,0,94122,230.28,3,0.2,23.028,2014,12,6,510,2001
0,0,1,0,0,0,0,1,1,0,0,0,0,0,0,0,0,0,0,0,0,1,0,0,0,0,94122,12.84,3,0,5.778,2014,12,6,510,2001
0,1,0,0,0,0,0,0,1,0,0,0,1,0,0,0,0,0,0,0,0,0,0,0,0,0,54601,56.82,3,0,28.41,2016,2,3,5,110
0,0,0,0,0,0,1,0,1,0,0,0,0,0,0,0,0,1,0,0,0,0,0,0,0,0,29501,31.56,4,0,14.202,2015,3,3,21,42
0,0,0,0,0,0,1,0,1,0,0,0,0,0,0,0,0,0,0,0,0,0,0,1,0,0,29501,27.92,4,0,0.5584,2015,3,3,21,42
0,0,1,0,0,0,0,1,1,0,0,0,1,0,0,0,0,0,0,0,0,0,0,0,0,0,85301,8.559,1,0.7,-6.5619,2017,10,7,23,224
0,0,1,1,0,0,0,0,1,0,0,0,0,0,0,0,1,0,0,0,0,0,0,0,0,0,79907,49.568,2,0.2,17.9684,2014,12,5,19,985
0,0,0,0,0,0,0,0,0,0,0,0,0,0,1,0,0,0,0,0,0,0,0,0,0,0,78207,127.869,3,0.3,-9.1335,2014,5,3,59,985
0,1,0,1,0,0,0,1,1,0,0,0,0,0,0,0,1,0,0,0,0,0,0,0,0,0,90049,271.44,3,0,122.148,2015,12,5,747,2001
0,1,0,1,0,0,0,1,0,1,0,0,0,0,0,0,0,0,0,0,0,0,1,0,0,0,90049,110.352,3,0.2,8.2764,2015,12,5,747,2001
0,1,0,1,0,0,0,1,0,0,0,0,0,0,0,0,0,0,1,0,0,0,0,0,0,0,90049,36.4,5,0,13.832,2015,12,5,747,2001
0,0,1,0,1,0,1,0,0,0,0,0,0,0,1,0,0,0,0,0,0,0,0,0,0,0,33023,419.136,4,0.2,-57.6312,2017,9,4,8,383
0,0,1,1,0,0,0,1,1,0,0,0,0,0,0,0,0,0,0,0,0,0,0,1,0,0,85204,100.704,6,0.2,-1.2588,2014,12,5,28,224
0,0,1,0,0,0,1,0,1,0,1,0,0,0,0,0,0,0,0,0,0,0,0,0,0,0,28314,45.216,3,0.2,4.5216,2017,12,7,41,249
0,0,1,0,0,0,1,0,1,0,0,0,1,0,0,0,0,0,0,0,0,0,0,0,0,0,28314,28.782,6,0.7,-21.1068,2017,12,7,41,249
0,0,1,0,0,0,1,0,1,0,0,0,0,0,0,0,0,0,0,0,0,1,0,0,0,0,28314,24.448,4,0.2,8.8624,2017,12,7,41,249
0,0,1,0,0,0,0,0,1,0,0,0,1,0,0,0,0,0,0,0,0,0,0,0,0,0,77095,10.476,6,0.8,-17.2854,2015,11,5,377,985
0,1,0,0,1,0,0,1,0,0,0,0,0,0,0,0,0,0,1,0,0,0,0,0,0,0,95123,76.14,3,0,26.649,2014,4,2,42,2001
0,1,0,0,1,0,0,0,1,0,0,1,0,0,0,0,0,0,0,0,0,0,0,0,0,0,67212,21.24,3,0,8.0712,2015,5,2,7,24
0,1,0,0,1,0,0,0,1,0,0,0,1,0,0,0,0,0,0,0,0,0,0,0,0,0,67212,127.96,2,0,60.1412,2015,5,2,7,24
0,0,1,0,1,0,0,1,0,1,0,0,0,0,0,1,0,0,0,0,0,0,0,0,0,0,90036,479.984,2,0.2,89.997,2017,7,4,747,2001
0,0,1,0,1,0,0,0,0,1,0,0,0,0,0,0,0,0,0,0,0,0,1,0,0,0,49201,657.93,7,0,184.2204,2016,12,6,82,255
0,0,1,0,1,0,0,0,0,0,0,0,0,0,0,0,0,0,1,0,0,0,0,0,0,0,49201,33.48,4,0,8.7048,2016,12,6,82,255
0,0,1,0,1,0,0,0,1,0,0,1,0,0,0,0,0,0,0,0,0,0,0,0,0,0,49201,13.9,5,0,3.614,2016,12,6,82,255
0,0,1,0,1,0,0,0,1,0,0,0,0,0,0,0,0,0,0,0,0,0,0,1,0,0,49201,26.86,2,0,6.715,2016,12,6,82,255
0,0,1,0,0,0,0,1,1,0,0,0,1,0,0,0,0,0,0,0,0,0,0,0,0,0,83501,9.584,1,0.2,3.3544,2014,4,5,4,21
0,0,1,0,1,0,1,0,1,0,0,0,1,0,0,0,0,0,0,0,0,0,0,0,0,0,23666,113.1,3,0,56.55,2015,6,6,11,224
0,0,1,1,0,1,0,0,1,0,0,0,0,0,0,0,0,0,0,0,0,1,0,0,0,0,10035,65.78,11,0,32.2322,2014,7,6,915,1128
0,0,1,1,0,0,1,0,0,1,0,0,0,0,0,0,0,0,0,0,0,0,0,0,0,0,39401,239.7,6,0,105.468,2015,7,6,9,53
0,0,0,0,1,1,0,0,0,0,0,0,0,0,0,0,0,0,1,0,0,0,0,0,0,0,19140,25.632,3,0.2,3.8448,2016,9,3,537,587
0,0,0,0,0,1,0,0,1,0,0,0,0,0,0,0,0,0,0,1,0,0,0,0,0,0,19140,23.616,8,0.2,7.9704,2016,6,2,537,587
0,1,0,1,0,0,0,1,1,0,0,1,0,0,0,0,0,0,0,0,0,0,0,0,0,0,90045,8.26,2,0,3.7996,2016,8,2,747,2001
0,1,0,0,1,0,0,1,1,0,0,0,0,0,0,0,1,0,0,0,0,0,0,0,0,0,94526,76.58,7,0,38.29,2017,11,2,7,2001
0,1,0,0,1,0,0,1,1,0,0,1,0,0,0,0,0,0,0,0,0,0,0,0,0,0,94526,8.8,5,0,4.224,2017,11,2,7,2001
0,1,0,0,1,0,0,1,1,0,0,0,1,0,0,0,0,0,0,0,0,0,0,0,0,0,94526,590.352,6,0.2,206.6232,2017,11,2,7,2001
0,1,0,0,1,0,0,1,1,0,0,0,0,0,0,0,0,1,0,0,0,0,0,0,0,0,94526,5.58,3,0,0.1674,2017,11,2,7,2001
0,1,0,0,1,0,0,1,0,0,0,0,0,0,0,0,0,0,1,0,0,0,0,0,0,0,94526,25.02,3,0,10.5084,2017,11,2,7,2001
0,1,0,0,1,0,0,1,1,0,0,0,0,0,0,0,0,0,0,0,0,0,0,1,0,0,94526,452.55,7,0,22.6275,2017,11,2,7,2001
0,0,1,1,0,0,0,1,1,0,0,0,0,0,0,0,0,0,0,0,0,0,0,0,1,0,90004,17.76,2,0,4.9728,2016,12,5,747,2001
0,0,1,1,0,0,0,1,0,1,0,0,0,0,0,0,0,0,0,0,0,0,1,0,0,0,90004,302.384,2,0.2,30.2384,2016,12,5,747,2001
0,0,1,1,0,0,0,1,0,0,0,0,0,0,1,0,0,0,0,0,0,0,0,0,0,0,90004,146.352,3,0.2,-5.4882,2016,12,5,747,2001
0,0,1,1,0,0,0,1,1,0,1,0,0,0,0,0,0,0,0,0,0,0,0,0,0,0,90004,7.9,2,0,2.054,2016,12,5,747,2001
0,0,1,1,0,0,0,1,0,0,0,0,0,0,0,0,0,0,0,0,0,0,0,0,0,1,90004,902.712,3,0.2,33.8517,2016,12,5,747,2001
0,0,1,1,0,0,0,1,1,0,0,1,0,0,0,0,0,0,0,0,0,0,0,0,0,0,90004,53.97,3,0,15.1116,2016,12,5,747,2001
0,1,0,0,1,1,0,0,1,0,0,1,0,0,0,0,0,0,0,0,0,0,0,0,0,0,20016,33.92,8,0,13.2288,2016,12,5,10,10
0,0,1,0,1,0,0,0,1,0,0,0,0,0,0,0,0,0,0,0,0,0,0,0,1,0,53209,21.81,3,0,5.8887,2017,8,4,45,110
0,0,1,0,1,0,0,0,1,0,1,0,0,0,0,0,0,0,0,0,0,0,0,0,0,0,53209,91.6,5,0,26.564,2017,8,4,45,110
0,0,1,0,1,1,0,0,0,0,0,0,0,0,1,0,0,0,0,0,0,0,0,0,0,0,21215,150.98,1,0,43.7842,2015,7,4,43,105
0,0,1,0,1,1,0,0,1,0,0,0,0,0,0,0,1,0,0,0,0,0,0,0,0,0,21215,137.25,9,0,63.135,2015,7,4,43,105
0,0,1,0,1,1,0,0,1,0,0,0,0,0,0,0,0,1,0,0,0,0,0,0,0,0,21215,11.52,4,0,5.4144,2015,7,4,43,105
0,1,0,0,1,0,1,0,1,0,0,0,0,0,0,0,0,0,0,0,0,1,0,0,0,0,28540,18.272,1,0.2,5.9384,2015,5,3,125,249
0,1,0,0,1,0,1,0,1,0,0,0,0,0,0,0,0,0,0,0,0,1,0,0,0,0,28540,153.728,4,0.2,53.8048,2015,5,3,125,249
0,1,0,0,1,0,1,0,1,0,0,0,0,0,0,0,1,0,0,0,0,0,0,0,0,0,28540,12.224,2,0.2,4.4312,2015,5,3,125,249
0,1,0,0,1,0,1,0,0,1,0,0,0,0,0,0,0,0,0,0,0,0,0,0,0,0,28540,167.944,7,0.2,50.3832,2015,5,3,125,249
0,0,1,0,0,1,0,0,0,1,0,0,0,0,0,0,0,0,0,0,0,0,1,0,0,0,14609,45.99,1,0,13.3371,2015,5,5,53,1128
0,0,1,0,0,1,0,0,1,0,0,0,0,0,0,0,0,0,0,0,0,0,0,1,0,0,14609,535.41,3,0,160.623,2015,5,5,53,1128
0,0,1,0,0,1,0,0,1,0,0,0,1,0,0,0,0,0,0,0,0,0,0,0,0,0,14609,6.096,2,0.2,2.0574,2015,5,5,53,1128
0,0,1,0,0,1,0,0,1,0,0,0,0,0,0,0,0,0,0,0,0,1,0,0,0,0,14609,45.36,7,0,21.7728,2015,5,5,53,1128
0,0,1,0,0,0,0,1,0,0,0,0,0,0,0,0,0,0,1,0,0,0,0,0,0,0,92054,47.12,8,0,20.7328,2017,11,5,30,2001
0,1,0,1,0,0,1,0,1,0,0,0,1,0,0,0,0,0,0,0,0,0,0,0,0,0,39503,31.36,4,0,15.68,2016,1,2,3,53
0,0,1,0,0,0,1,0,1,0,0,1,0,0,0,0,0,0,0,0,0,0,0,0,0,0,32216,47.616,3,0.2,3.5712,2016,12,6,125,383
0,0,1,0,0,0,1,0,1,0,0,0,0,0,0,0,0,0,0,0,0,1,0,0,0,0,32216,23.48,5,0.2,8.218,2016,12,6,125,383
0,0,1,0,1,0,0,0,1,0,1,0,0,0,0,0,0,0,0,0,0,0,0,0,0,0,77070,62.79,3,0.8,-166.3935,2016,9,5,377,985
0,0,1,0,1,0,0,0,1,0,0,0,0,0,0,0,0,1,0,0,0,0,0,0,0,0,77070,28.44,9,0.2,4.266,2016,9,5,377,985
0,1,0,1,0,0,0,0,0,1,0,0,0,0,0,0,0,0,0,0,0,0,0,0,0,0,77095,134.376,3,0.2,6.7188,2015,9,3,377,985
0,0,1,0,1,1,0,0,0,1,0,0,0,0,0,0,0,0,0,0,0,0,1,0,0,0,2149,589.9,2,0,147.475,2015,9,5,22,135
0,0,1,0,1,1,0,0,0,0,0,0,0,0,1,0,0,0,0,0,0,0,0,0,0,0,2149,542.94,3,0,141.1644,2015,9,5,22,135
0,0,0,0,1,0,0,1,0,1,0,0,0,0,0,1,0,0,0,0,0,0,0,0,0,0,90049,2879.952,6,0.2,1007.9832,2017,12,1,747,2001
0,0,0,0,1,0,0,1,1,0,0,0,1,0,0,0,0,0,0,0,0,0,0,0,0,0,90049,90.48,3,0.2,33.93,2017,12,1,747,2001
0,1,0,1,0,1,0,0,1,0,0,0,0,0,0,0,0,0,0,0,0,0,0,1,0,0,19805,77.55,5,0,21.714,2015,10,3,36,96
0,0,1,0,0,0,1,0,1,0,0,0,0,0,0,0,0,0,0,0,0,0,0,0,1,0,38401,8.832,3,0.2,-1.9872,2017,9,5,81,183
0,0,1,0,0,0,1,0,1,0,0,0,0,0,0,0,0,0,0,0,0,1,0,0,0,0,38401,177.536,4,0.2,62.1376,2017,9,5,81,183
0,0,1,0,0,0,1,0,1,0,0,0,0,0,0,0,0,0,0,0,0,0,0,1,0,0,38401,258.48,2,0.2,-3.231,2017,9,5,81,183
0,0,1,0,0,0,1,0,0,0,0,0,0,0,0,0,0,0,1,0,0,0,0,0,0,0,38401,14.136,3,0.2,4.2408,2017,9,5,81,183
0,0,1,1,0,1,0,0,1,0,0,0,0,0,0,0,0,0,0,0,0,0,0,1,0,0,10011,77.55,5,0,20.163,2016,11,5,915,1128
0,0,1,1,0,1,0,0,1,0,0,0,0,0,0,0,0,0,0,0,0,0,0,1,0,0,10011,24.88,2,0,6.9664,2016,11,5,915,1128
0,0,1,1,0,1,0,0,1,0,0,1,0,0,0,0,0,0,0,0,0,0,0,0,0,0,10011,140.75,5,0,39.41,2016,11,5,915,1128
0,0,1,1,0,1,0,0,1,0,0,0,0,0,0,0,0,0,0,0,0,0,0,1,0,0,10011,36.63,3,0,9.8901,2016,11,5,915,1128
1,0,0,0,0,0,0,0,0,0,0,0,0,0,0,0,0,0,1,0,0,0,0,0,0,0,48858,17.14,2,0,6.1704,2015,10,0,2,255
0,1,0,0,0,0,0,1,1,0,0,0,0,0,0,0,0,0,0,1,0,0,0,0,0,0,94122,51.75,5,0,24.84,2017,8,5,510,2001
0,1,0,0,0,0,0,1,0,0,0,0,0,0,0,0,0,0,1,0,0,0,0,0,0,0,94122,123.96,3,0,11.1564,2017,8,5,510,2001
0,0,1,1,0,0,0,1,0,0,0,0,0,1,0,0,0,0,0,0,0,0,0,0,0,0,94122,586.398,6,0.15,34.494,2015,8,5,510,2001
0,0,1,1,0,0,0,1,1,0,0,0,0,0,0,0,0,0,0,0,0,0,0,1,0,0,94122,80.98,1,0,3.2392,2015,8,5,510,2001
0,0,1,1,0,0,0,1,1,0,0,0,0,0,0,0,0,0,0,0,0,0,0,1,0,0,94122,242.94,3,0,9.7176,2017,3,5,510,2001
0,0,0,0,0,0,0,1,1,0,0,1,0,0,0,0,0,0,0,0,0,0,0,0,0,0,90045,123.92,4,0,33.4584,2017,4,2,747,2001
0,0,0,0,0,0,0,1,1,0,0,1,0,0,0,0,0,0,0,0,0,0,0,0,0,0,90045,12.39,3,0,5.6994,2017,4,2,747,2001
0,0,0,0,0,0,0,1,1,0,0,1,0,0,0,0,0,0,0,0,0,0,0,0,0,0,90045,47.3,2,0,12.298,2017,4,2,747,2001
0,0,1,0,0,0,1,0,0,1,0,0,0,0,0,1,0,0,0,0,0,0,0,0,0,0,23602,1599.92,8,0,751.9624,2016,9,5,12,224
0,0,1,0,0,0,1,0,1,0,0,0,0,0,0,0,1,0,0,0,0,0,0,0,0,0,23602,11.09,1,0,5.4341,2016,9,5,12,224
0,1,0,0,0,0,0,1,1,0,0,0,1,0,0,0,0,0,0,0,0,0,0,0,0,0,80525,3.168,4,0.7,-2.5344,2017,10,2,7,182
0,1,0,0,0,0,0,1,0,0,0,0,0,0,1,0,0,0,0,0,0,0,0,0,0,0,80525,579.136,4,0.2,-28.9568,2017,10,2,7,182
0,0,1,0,0,0,0,1,1,0,0,0,1,0,0,0,0,0,0,0,0,0,0,0,0,0,98105,6.368,2,0.2,2.1492,2015,8,4,428,506
0,0,1,0,0,0,0,1,0,1,0,0,0,0,0,0,0,0,0,0,1,0,0,0,0,0,98105,558.4,2,0.2,41.88,2015,8,4,428,506
0,0,1,0,1,1,0,0,0,0,0,0,0,0,1,0,0,0,0,0,0,0,0,0,0,0,10011,145.764,2,0.1,-8.098,2016,8,4,915,1128
0,0,1,1,0,0,1,0,1,0,0,0,0,0,0,0,0,0,0,0,0,1,0,0,0,0,23223,13.62,3,0,6.129,2014,5,6,90,224
0,0,1,0,1,1,0,0,0,0,0,0,0,0,1,0,0,0,0,0,0,0,0,0,0,0,10009,434.646,3,0.1,62.7822,2016,4,5,915,1128
0,0,1,1,0,0,0,1,1,0,0,0,0,0,0,0,0,0,0,0,0,1,0,0,0,0,98103,440.19,9,0,206.8893,2017,5,5,428,506
0,0,1,1,0,0,0,1,1,0,0,0,0,0,0,0,0,0,0,0,0,0,0,0,1,0,98103,64.4,5,0,1.932,2017,5,5,428,506
0,0,1,0,1,0,0,1,1,0,0,0,0,0,0,0,0,0,0,0,0,1,0,0,0,0,94110,244.55,5,0,114.9385,2017,4,4,510,2001
0,0,1,0,1,0,0,1,1,0,0,0,0,0,0,0,0,0,0,0,0,1,0,0,0,0,94110,195.76,4,0,97.88,2017,4,4,510,2001
0,0,1,0,1,1,0,0,1,0,0,0,0,0,0,0,0,0,0,0,0,1,0,0,0,0,8861,11.76,2,0,5.7624,2017,2,6,8,130
0,0,1,0,1,1,0,0,1,0,0,0,0,0,0,0,0,0,0,0,0,0,0,1,0,0,8861,166.45,5,0,39.948,2017,2,6,8,130
0,1,0,0,0,0,0,1,1,0,0,0,0,0,0,0,0,1,0,0,0,0,0,0,0,0,94110,2.88,1,0,1.3536,2017,6,2,510,2001
0,0,1,1,0,0,0,0,1,0,0,0,0,0,0,0,0,0,0,0,0,0,0,1,0,0,61032,45.248,2,0.2,3.9592,2014,5,5,10,492
0,0,1,0,0,1,0,0,1,0,0,1,0,0,0,0,0,0,0,0,0,0,0,0,0,0,19140,59.904,2,0.2,14.2272,2015,5,4,537,587
0,0,1,0,0,1,0,0,1,0,1,0,0,0,0,0,0,0,0,0,0,0,0,0,0,0,19140,23.696,2,0.2,6.5164,2015,5,4,537,587
0,0,1,0,0,1,0,0,1,0,0,0,0,0,0,0,0,0,0,0,0,1,0,0,0,0,19140,7.968,2,0.2,2.8884,2015,5,4,537,587
0,0,1,0,0,1,0,0,1,0,1,0,0,0,0,0,0,0,0,0,0,0,0,0,0,0,19140,18.2,7,0.2,2.0475,2015,5,4,537,587
0,0,1,0,0,1,0,0,0,1,0,0,0,0,0,0,0,0,0,0,0,0,0,0,0,0,19140,27.552,3,0.2,-0.3444,2015,5,4,537,587
0,0,1,0,0,1,0,0,0,0,0,0,0,0,1,0,0,0,0,0,0,0,0,0,0,0,19140,844.116,6,0.3,-36.1764,2015,5,4,537,587
0,0,1,0,0,1,0,0,1,0,0,0,0,0,0,0,0,0,0,0,0,0,0,1,0,0,19140,76.752,3,0.2,-9.594,2015,5,4,537,587
0,0,1,0,0,0,1,0,1,0,0,0,0,0,0,0,0,0,0,1,0,0,0,0,0,0,32216,3,1,0.2,1.05,2016,9,4,125,383
0,0,1,0,0,0,1,0,1,0,0,0,1,0,0,0,0,0,0,0,0,0,0,0,0,0,33024,7.506,9,0.7,-6.0048,2016,9,4,14,383
0,0,1,0,0,0,1,0,1,0,0,0,0,0,0,0,0,0,0,1,0,0,0,0,0,0,33024,16.56,2,0.2,5.796,2016,9,4,14,383
0,0,1,1,0,0,0,1,0,0,0,0,0,0,0,0,0,0,1,0,0,0,0,0,0,0,98115,79.92,4,0,34.3656,2016,1,7,428,506
0,0,1,1,0,0,0,1,0,1,0,0,0,0,0,0,0,0,0,0,0,0,0,0,0,0,98115,69.98,2,0,13.2962,2016,1,7,428,506
0,0,1,1,0,0,0,0,1,0,0,0,1,0,0,0,0,0,0,0,0,0,0,0,0,0,76106,11.06,10,0.8,-18.802,2017,5,5,27,985
0,0,1,1,0,0,0,0,0,0,0,0,0,1,0,0,0,0,0,0,0,0,0,0,0,0,76106,623.4648,7,0.32,-119.1918,2017,5,5,27,985
0,0,1,1,0,0,0,0,1,0,0,0,0,0,0,0,0,0,0,0,0,0,0,1,0,0,76106,772.68,5,0.2,-57.951,2017,5,5,27,985
0,0,1,0,0,0,0,0,1,0,1,0,0,0,0,0,0,0,0,0,0,0,0,0,0,0,48205,283.14,4,0.1,72.358,2016,7,6,115,255
0,0,1,0,0,0,0,0,0,1,0,0,0,0,0,0,0,0,0,0,0,0,1,0,0,0,48205,635.96,4,0,165.3496,2016,7,6,115,255
0,0,1,0,0,0,0,0,0,1,0,0,0,0,0,0,0,0,0,0,0,0,1,0,0,0,48205,118.99,1,0,33.3172,2016,7,6,115,255
0,0,1,0,0,0,0,0,0,0,0,0,0,0,0,0,0,0,1,0,0,0,0,0,0,0,48205,272.94,3,0,30.0234,2016,7,6,115,255
0,1,0,0,0,1,0,0,0,0,0,0,0,0,0,0,0,0,1,0,0,0,0,0,0,0,19120,15.008,2,0.2,1.5008,2017,3,2,537,587
0,0,1,0,0,0,0,1,1,0,0,0,1,0,0,0,0,0,0,0,0,0,0,0,0,0,84321,33.088,4,0.2,11.1672,2014,3,5,5,53
0,0,1,0,0,0,0,1,1,0,0,0,0,0,0,0,0,0,0,0,0,0,0,1,0,0,84321,80.98,1,0,3.2392,2014,3,5,5,53
0,0,1,0,0,0,0,1,0,1,0,0,0,0,0,0,0,0,0,0,0,0,0,0,0,0,84321,82.8,12,0,6.624,2014,3,5,5,53
0,0,1,0,0,0,0,1,1,0,0,0,0,0,0,0,0,0,0,0,0,0,0,1,0,0,84321,21.36,2,0,5.7672,2014,3,5,5,53
0,0,1,0,0,0,0,1,1,0,0,0,1,0,0,0,0,0,0,0,0,0,0,0,0,0,84321,62.048,2,0.2,20.1656,2014,3,5,5,53
0,1,0,0,0,1,0,0,1,0,0,0,0,0,0,0,0,1,0,0,0,0,0,0,0,0,13021,29.61,9,0,13.3245,2016,7,4,24,1128
1,0,0,0,0,0,1,0,0,1,0,0,0,0,0,0,0,0,0,0,0,0,1,0,0,0,27604,863.928,9,0.2,86.3928,2016,12,0,22,249
0,0,1,1,0,1,0,0,0,0,0,0,0,0,0,0,0,0,0,0,0,0,0,0,0,1,19120,241.92,4,0.4,-56.448,2016,8,5,537,587
0,0,1,1,0,1,0,0,0,0,0,0,0,1,0,0,0,0,0,0,0,0,0,0,0,0,19120,163.88,4,0.5,-81.94,2016,8,5,537,587
0,0,1,1,0,1,0,0,1,0,0,0,1,0,0,0,0,0,0,0,0,0,0,0,0,0,19120,3.486,2,0.7,-2.7888,2016,8,5,537,587
0,0,1,1,0,1,0,0,1,0,0,0,0,0,0,0,0,1,0,0,0,0,0,0,0,0,19120,10.584,7,0.2,-2.3814,2016,8,5,537,587
0,0,1,0,0,0,0,0,0,1,0,0,0,0,0,0,0,0,0,0,0,0,1,0,0,0,47374,440.91,9,0,123.4548,2016,6,6,90,149
0,0,1,0,0,1,0,0,1,0,0,0,1,0,0,0,0,0,0,0,0,0,0,0,0,0,17602,5.715,5,0.7,-4.7625,2017,3,4,46,587
0,0,0,0,0,0,0,1,0,0,0,0,0,0,0,0,0,0,1,0,0,0,0,0,0,0,85705,51.968,2,0.2,10.3936,2014,12,2,32,224
0,0,0,0,0,0,0,1,0,1,0,0,0,0,0,0,0,0,0,0,0,0,0,0,0,0,85705,71.976,3,0.2,21.5928,2014,12,2,32,224
0,0,0,0,0,0,0,1,0,0,0,0,0,0,1,0,0,0,0,0,0,0,0,0,0,0,85705,242.352,3,0.2,-42.4116,2014,12,2,32,224
0,0,0,0,0,0,0,1,1,0,0,0,0,0,0,0,0,0,0,0,0,1,0,0,0,0,85705,221.92,5,0.2,77.672,2014,12,2,32,224
0,0,0,0,0,0,0,1,1,0,0,0,0,0,0,0,0,0,0,0,0,1,0,0,0,0,85705,8.448,2,0.2,2.64,2014,12,2,32,224
1,0,0,0,0,0,0,0,1,0,0,0,1,0,0,0,0,0,0,0,0,0,0,0,0,0,48205,29.52,4,0,14.4648,2015,12,0,115,255
1,0,0,0,0,0,0,0,0,0,0,0,0,0,1,0,0,0,0,0,0,0,0,0,0,0,48205,302.94,3,0,48.4704,2015,12,0,115,255
1,0,0,0,0,0,0,0,0,0,0,0,0,0,1,0,0,0,0,0,0,0,0,0,0,0,48205,142.36,2,0,38.4372,2015,12,0,115,255
1,0,0,0,0,0,0,0,0,0,0,0,0,0,1,0,0,0,0,0,0,0,0,0,0,0,48205,546.66,9,0,136.665,2015,12,0,115,255
1,0,0,0,0,0,0,0,0,0,0,0,0,0,0,0,0,0,1,0,0,0,0,0,0,0,48205,212.13,3,0,14.8491,2015,12,0,115,255
0,0,1,0,1,0,0,0,1,0,0,1,0,0,0,0,0,0,0,0,0,0,0,0,0,0,78745,5.248,2,0.2,0.5904,2017,5,6,39,985
0,0,1,0,1,0,0,0,1,0,0,0,0,0,0,0,0,0,0,0,0,0,0,1,0,0,78745,74.416,2,0.2,-14.8832,2017,5,6,39,985
0,0,1,0,1,0,0,0,1,0,0,0,0,0,0,0,0,0,0,0,0,1,0,0,0,0,78745,6.848,2,0.2,2.14,2017,5,6,39,985
0,0,1,0,1,0,0,0,0,0,0,0,0,0,0,0,0,0,1,0,0,0,0,0,0,0,78745,7.996,1,0.6,-6.9965,2017,5,6,39,985
0,0,1,1,0,0,0,0,1,0,1,0,0,0,0,0,0,0,0,0,0,0,0,0,0,0,77095,8.712,2,0.8,-19.602,2016,6,4,377,985
0,0,0,0,0,1,0,0,1,0,0,0,0,0,0,0,0,0,0,0,0,0,0,0,1,0,6708,65.17,7,0,18.8993,2016,5,1,11,82
0,0,0,0,0,1,0,0,1,0,0,0,0,0,0,0,0,0,0,1,0,0,0,0,0,0,6708,14.62,2,0,6.8714,2016,5,1,11,82
0,0,0,0,0,1,0,0,0,0,0,0,0,0,0,0,0,0,1,0,0,0,0,0,0,0,6708,173.24,4,0,17.324,2016,5,1,11,82
0,0,0,0,0,0,0,1,1,0,0,0,1,0,0,0,0,0,0,0,0,0,0,0,0,0,90049,895.92,5,0.2,302.373,2017,6,1,747,2001
0,0,0,0,0,0,0,1,1,0,0,0,0,0,0,0,0,0,0,0,0,0,0,1,0,0,90049,130.71,3,0,39.213,2017,6,1,747,2001
0,0,0,0,0,0,0,1,1,0,0,1,0,0,0,0,0,0,0,0,0,0,0,0,0,0,90049,11.68,2,0,3.0368,2017,6,1,747,2001
0,0,0,0,0,0,0,1,0,1,0,0,0,0,0,0,0,0,0,0,0,0,0,0,0,0,90049,62.31,3,0,22.4316,2017,6,1,747,2001
1,0,0,0,0,1,0,0,1,0,0,0,1,0,0,0,0,0,0,0,0,0,0,0,0,0,19120,0.852,1,0.7,-0.5964,2014,3,0,537,587
0,0,1,0,0,0,0,0,1,0,0,0,0,0,0,0,0,0,0,0,0,1,0,0,0,0,77340,36.288,7,0.2,12.7008,2014,12,5,36,985
0,0,1,0,0,0,0,0,0,0,0,0,0,0,0,0,0,0,1,0,0,0,0,0,0,0,77340,56.568,2,0.6,-74.9526,2014,12,5,36,985
0,0,0,0,0,0,0,1,0,1,0,0,0,0,0,0,0,0,0,0,0,0,1,0,0,0,97206,344.704,2,0.2,38.7792,2017,5,2,24,124
0,0,1,0,0,0,0,1,0,1,0,0,0,0,0,0,0,0,0,0,0,0,1,0,0,0,80027,201.584,2,0.2,20.1584,2015,5,4,57,182
0,1,0,0,1,0,0,1,0,0,0,0,0,0,0,0,0,0,0,0,0,0,0,0,0,1,98115,521.96,2,0,88.7332,2017,12,4,428,506
0,0,1,0,0,1,0,0,1,0,0,1,0,0,0,0,0,0,0,0,0,0,0,0,0,0,21215,8.22,3,0,2.2194,2015,12,5,43,105
0,0,0,1,0,0,0,1,1,0,0,0,0,0,0,0,0,0,0,0,0,1,0,0,0,0,94109,45.36,7,0,21.7728,2015,10,1,510,2001
0,1,0,0,1,0,0,1,1,0,0,0,0,0,0,0,0,0,0,0,0,0,0,1,0,0,90004,947.17,7,0,9.4717,2015,4,2,747,2001
0,1,0,0,1,0,0,1,1,0,0,0,0,0,0,0,0,0,0,0,0,1,0,0,0,0,90004,61.96,2,0,27.882,2015,4,2,747,2001
0,1,0,0,0,0,0,0,0,0,0,0,0,0,0,0,0,0,0,0,0,0,0,0,0,1,60505,268.935,3,0.5,-209.7693,2014,6,4,68,492
0,0,1,0,1,0,0,1,1,0,0,1,0,0,0,0,0,0,0,0,0,0,0,0,0,0,98103,7.58,1,0,2.9562,2017,9,6,428,506
1,0,0,0,0,0,1,0,1,0,0,0,0,0,0,0,0,0,0,1,0,0,0,0,0,0,30605,14.73,3,0,7.2177,2016,5,0,8,184
0,0,1,0,1,0,1,0,1,0,0,0,1,0,0,0,0,0,0,0,0,0,0,0,0,0,32712,9.888,2,0.7,-6.9216,2016,11,4,7,383
0,0,1,0,1,0,1,0,1,0,1,0,0,0,0,0,0,0,0,0,0,0,0,0,0,0,32712,671.544,3,0.2,50.3658,2016,11,4,7,383
0,1,0,0,1,1,0,0,1,0,0,0,0,0,0,0,0,0,0,0,0,0,0,1,0,0,10009,1117.92,4,0,55.896,2014,11,4,915,1128
0,1,0,0,1,1,0,0,0,0,0,0,0,1,0,0,0,0,0,0,0,0,0,0,0,0,10009,275.952,3,0.2,-37.9434,2014,11,4,915,1128
0,0,1,0,0,0,0,1,1,0,0,0,1,0,0,0,0,0,0,0,0,0,0,0,0,0,94110,123.144,7,0.2,46.179,2014,11,5,510,2001
0,1,0,0,0,0,0,0,0,1,0,0,0,0,0,0,0,0,0,0,0,0,0,0,0,0,75217,15.576,3,0.2,3.3099,2016,7,5,157,985
0,1,0,0,0,0,0,1,1,0,0,0,0,0,0,0,0,0,0,0,0,1,0,0,0,0,92105,212.64,6,0,99.9408,2015,3,2,170,2001
0,1,0,0,0,0,0,1,1,0,0,0,0,0,0,0,0,0,0,0,0,1,0,0,0,0,92105,9.87,3,0,4.5402,2015,3,2,170,2001
0,1,0,0,0,0,0,1,0,1,0,0,0,0,0,0,0,0,0,0,0,0,0,0,0,0,92105,53.25,3,0,20.7675,2015,3,2,170,2001
0,1,0,0,0,0,0,1,0,0,0,0,0,0,0,0,0,0,1,0,0,0,0,0,0,0,92105,19.92,3,0,9.5616,2015,3,2,170,2001
0,0,1,1,0,1,0,0,0,0,0,0,0,0,1,0,0,0,0,0,0,0,0,0,0,0,10035,658.746,3,0.1,146.388,2016,4,5,915,1128
0,0,1,0,1,1,0,0,1,0,0,0,1,0,0,0,0,0,0,0,0,0,0,0,0,0,4240,8.26,2,0,3.8822,2015,6,6,4,8
0,0,1,0,1,1,0,0,1,0,0,0,1,0,0,0,0,0,0,0,0,0,0,0,0,0,4240,29.84,2,0,13.428,2015,6,6,4,8
0,0,1,0,1,1,0,0,0,1,0,0,0,0,0,0,0,0,0,0,0,0,0,0,0,0,4240,67.98,2,0,14.9556,2015,6,6,4,8
0,0,1,0,0,0,0,1,1,0,0,0,0,0,0,0,0,0,0,1,0,0,0,0,0,0,90805,61.06,2,0,28.0876,2015,2,6,61,2001
0,0,1,0,0,0,0,1,0,0,0,0,0,0,0,0,0,0,0,0,0,0,0,0,0,1,90805,35.544,1,0.2,-0.8886,2015,2,6,61,2001
0,0,1,0,0,0,0,1,1,0,0,0,0,0,0,0,0,0,0,1,0,0,0,0,0,0,98115,9.96,2,0,4.5816,2017,11,4,428,506
0,0,1,0,0,0,0,1,1,0,0,1,0,0,0,0,0,0,0,0,0,0,0,0,0,0,98115,9.21,3,0,2.3025,2017,11,4,428,506
0,0,1,0,0,0,0,1,1,0,0,0,0,0,0,0,0,0,0,0,0,0,0,0,1,0,98115,27.93,3,0,8.0997,2017,11,4,428,506
1,0,0,0,0,0,0,0,1,0,0,0,0,0,0,0,0,1,0,0,0,0,0,0,0,0,55901,7.9,2,0,2.528,2017,3,0,53,89
1,0,0,0,0,0,0,0,1,0,0,0,0,0,0,0,0,0,0,0,0,0,0,1,0,0,55901,221.16,4,0,57.5016,2017,3,0,53,89
1,0,0,0,0,0,0,0,1,0,0,0,1,0,0,0,0,0,0,0,0,0,0,0,0,0,55901,127.96,2,0,62.7004,2017,3,0,53,89
1,0,0,0,0,0,0,0,1,0,0,0,1,0,0,0,0,0,0,0,0,0,0,0,0,0,55901,18.69,3,0,9.1581,2017,3,0,53,89
1,0,0,1,0,0,0,1,1,0,0,0,0,0,0,0,0,0,0,0,0,0,0,0,1,0,94110,25.35,3,0,7.605,2016,3,0,510,2001
1,0,0,1,0,0,0,1,0,0,0,0,0,0,0,0,0,0,1,0,0,0,0,0,0,0,94110,35.28,3,0,11.9952,2016,3,0,510,2001
0,0,0,1,0,0,0,1,1,0,0,0,0,0,0,0,0,0,0,0,0,1,0,0,0,0,98103,33.4,5,0,16.032,2016,12,1,428,506
0,0,0,1,0,0,0,1,0,1,0,0,0,0,0,0,0,0,0,0,1,0,0,0,0,0,99207,837.6,3,0.2,62.82,2016,10,2,7,506
0,0,1,0,0,0,1,0,0,1,0,0,0,0,0,0,0,0,0,0,0,0,1,0,0,0,37064,40.68,3,0.2,-9.153,2016,12,4,37,183
0,0,1,0,0,0,1,0,0,0,0,0,0,0,1,0,0,0,0,0,0,0,0,0,0,0,38301,209.568,2,0.2,-23.5764,2017,11,4,82,183
0,0,1,0,0,0,0,0,0,1,0,0,0,0,0,0,0,0,0,0,0,0,0,0,0,0,78745,22.368,4,0.2,6.4308,2015,12,4,39,985
0,0,1,0,0,0,1,0,1,0,0,0,1,0,0,0,0,0,0,0,0,0,0,0,0,0,33024,3.882,2,0.7,-2.588,2017,2,5,14,383
0,0,1,0,0,0,1,0,1,0,0,0,0,0,0,0,0,0,0,0,0,1,0,0,0,0,33024,115.296,3,0.2,40.3536,2017,2,5,14,383
0,0,1,0,0,1,0,0,1,0,0,0,1,0,0,0,0,0,0,0,0,0,0,0,0,0,19143,1.908,2,0.7,-1.5264,2017,9,4,537,587
0,0,1,0,1,0,0,0,1,0,0,0,1,0,0,0,0,0,0,0,0,0,0,0,0,0,61832,43.372,7,0.8,-69.3952,2017,4,5,7,492
0,0,1,0,0,1,0,0,0,1,0,0,0,0,0,0,0,0,0,0,0,0,1,0,0,0,10009,783.96,4,0,219.5088,2014,11,4,915,1128
0,0,1,0,0,1,0,0,1,0,0,0,1,0,0,0,0,0,0,0,0,0,0,0,0,0,10009,48.896,2,0.2,18.336,2014,11,4,915,1128
0,0,1,0,0,1,0,0,1,0,0,0,1,0,0,0,0,0,0,0,0,0,0,0,0,0,10009,7.856,2,0.2,2.8478,2014,11,4,915,1128
0,0,1,0,0,1,0,0,1,0,0,0,0,0,0,0,0,0,0,1,0,0,0,0,0,0,43229,5.904,2,0.2,1.9926,2016,12,5,222,469
0,0,1,0,0,1,0,0,1,0,0,0,0,0,0,0,0,0,0,0,0,0,0,0,1,0,43229,13.712,2,0.2,1.0284,2016,12,5,222,469
0,0,1,0,0,0,0,1,1,0,0,0,0,0,0,0,1,0,0,0,0,0,0,0,0,0,91911,182.94,3,0,85.9818,2014,9,4,3,2001
0,0,0,0,0,0,0,1,1,0,0,1,0,0,0,0,0,0,0,0,0,0,0,0,0,0,94110,27.76,4,0,9.9936,2017,11,3,510,2001
0,0,1,0,1,1,0,0,1,0,0,1,0,0,0,0,0,0,0,0,0,0,0,0,0,0,10009,25.99,1,0,7.5371,2015,4,4,915,1128
0,0,0,1,0,0,0,0,0,1,0,0,0,0,0,0,0,0,0,0,0,0,0,0,0,0,78207,113.52,5,0.2,29.799,2015,3,3,59,985
0,0,0,1,0,0,0,0,0,1,0,0,0,0,0,0,0,0,0,0,0,0,1,0,0,0,78207,359.88,3,0.2,22.4925,2015,3,3,59,985
1,0,0,0,0,0,1,0,1,0,0,0,0,0,0,0,0,0,0,0,0,1,0,0,0,0,28540,25.344,4,0.2,9.1872,2017,6,1,125,249
0,1,0,0,1,0,0,1,1,0,0,0,1,0,0,0,0,0,0,0,0,0,0,0,0,0,94109,11.952,3,0.2,4.1832,2016,9,5,510,2001
0,1,0,0,1,0,0,1,1,0,0,0,0,0,0,0,0,0,0,0,0,0,0,0,1,0,94109,6.24,3,0,1.872,2016,9,5,510,2001
0,1,0,0,0,0,0,1,0,1,0,0,0,0,0,0,0,0,0,0,0,0,1,0,0,0,85323,742.336,8,0.2,83.5128,2014,10,3,6,224
0,0,1,0,0,0,0,0,0,0,0,0,0,0,0,0,0,0,1,0,0,0,0,0,0,0,60610,6.464,1,0.6,-4.04,2017,11,4,314,492
0,0,1,0,0,0,0,0,1,0,0,0,0,0,0,0,0,0,0,1,0,0,0,0,0,0,60610,11.52,5,0.2,4.176,2017,11,4,314,492
0,0,1,0,0,0,0,0,0,1,0,0,0,0,0,0,0,0,0,0,0,0,1,0,0,0,60610,222.384,2,0.2,16.6788,2017,11,4,314,492
0,0,1,0,1,0,0,1,1,0,0,1,0,0,0,0,0,0,0,0,0,0,0,0,0,0,92025,23.36,4,0,6.0736,2017,11,5,3,2001
0,1,0,1,0,1,0,0,1,0,0,0,0,0,0,0,0,0,0,1,0,0,0,0,0,0,11561,8.67,3,0,4.0749,2016,2,4,61,1128
0,1,0,1,0,1,0,0,1,0,0,0,0,0,0,0,0,0,0,0,0,0,0,0,1,0,11561,25.71,3,0,6.6846,2016,2,4,61,1128
0,0,1,0,0,1,0,0,1,0,1,0,0,0,0,0,0,0,0,0,0,0,0,0,0,0,19711,100.94,7,0,33.3102,2017,11,4,95,96
0,0,0,0,0,1,0,0,0,0,0,0,0,0,1,0,0,0,0,0,0,0,0,0,0,0,14215,63.882,1,0.1,10.647,2014,7,2,10,1128
0,0,1,0,0,0,0,0,0,0,0,0,0,0,1,0,0,0,0,0,0,0,0,0,0,0,77070,683.144,4,0.3,0,2014,11,5,377,985
0,0,1,0,0,0,0,0,1,0,0,0,1,0,0,0,0,0,0,0,0,0,0,0,0,0,77070,1.476,3,0.8,-2.214,2014,11,5,377,985
0,0,1,0,0,0,0,0,1,0,0,0,0,0,0,0,0,0,0,0,0,0,0,0,1,0,77070,40.712,7,0.2,3.5623,2014,11,5,377,985
0,0,1,0,0,0,0,0,1,0,0,0,0,0,0,0,0,0,0,0,0,1,0,0,0,0,67212,279.9,5,0,137.151,2017,1,4,7,24
0,0,1,0,0,0,0,1,1,0,0,1,0,0,0,0,0,0,0,0,0,0,0,0,0,0,80906,13.12,5,0.2,1.148,2015,12,5,25,182
0,0,1,0,0,0,0,1,0,0,0,0,0,1,0,0,0,0,0,0,0,0,0,0,0,0,80906,69.576,4,0.7,-143.7904,2015,12,5,25,182
0,0,1,0,0,0,0,1,1,0,0,1,0,0,0,0,0,0,0,0,0,0,0,0,0,0,80906,4.224,3,0.2,0.4752,2015,12,5,25,182
0,0,1,0,0,0,0,1,0,1,0,0,0,0,0,0,0,0,0,0,0,0,0,0,0,0,80906,58.08,4,0.2,-6.534,2015,12,5,25,182
0,0,1,0,0,0,0,1,0,0,0,0,0,0,0,0,0,0,1,0,0,0,0,0,0,0,80906,52.416,9,0.2,15.0696,2015,12,5,25,182
0,0,1,0,0,0,0,1,0,0,0,0,0,0,0,0,0,0,1,0,0,0,0,0,0,0,80906,54.92,5,0.2,10.984,2015,12,5,25,182
0,0,1,0,0,0,0,1,0,0,0,0,0,0,0,0,0,0,0,0,0,0,0,0,0,1,80906,364.95,5,0.5,-248.166,2015,12,5,25,182
0,0,1,0,0,0,0,1,1,0,0,0,0,0,0,0,0,0,0,0,0,1,0,0,0,0,80906,85.056,3,0.2,28.7064,2015,12,5,25,182
0,0,1,0,0,0,0,1,1,0,0,0,0,0,0,0,0,0,0,0,0,1,0,0,0,0,80906,27.696,3,0.2,9.6936,2015,12,5,25,182
0,0,1,0,0,1,0,0,1,0,0,0,0,0,0,0,0,0,0,0,0,1,0,0,0,0,10011,24.96,4,0,11.232,2015,6,5,915,1128
0,0,1,1,0,0,0,1,0,0,0,0,0,0,0,0,0,0,1,0,0,0,0,0,0,0,90036,43.13,1,0,18.1146,2015,3,7,747,2001
0,0,1,0,0,0,1,0,1,0,0,0,1,0,0,0,0,0,0,0,0,0,0,0,0,0,30062,5.64,3,0,2.7072,2015,8,4,7,184
0,0,1,1,0,0,1,0,1,0,0,0,1,0,0,0,0,0,0,0,0,0,0,0,0,0,32216,57.582,3,0.7,-44.1462,2016,5,5,125,383
0,0,1,1,0,0,1,0,1,0,0,0,0,0,0,0,0,0,0,0,0,1,0,0,0,0,32216,31.104,6,0.2,10.8864,2016,5,5,125,383
0,0,1,1,0,0,1,0,0,0,0,0,0,0,0,0,0,0,1,0,0,0,0,0,0,0,32216,30.192,3,0.2,8.3028,2016,5,5,125,383
0,0,1,1,0,0,1,0,0,1,0,0,0,0,0,0,0,0,0,0,0,0,1,0,0,0,32216,43.6,5,0.2,4.36,2016,5,5,125,383
0,0,1,1,0,0,1,0,1,0,0,1,0,0,0,0,0,0,0,0,0,0,0,0,0,0,32216,4.768,2,0.2,0.4172,2016,5,5,125,383
0,0,1,1,0,0,1,0,1,0,0,0,1,0,0,0,0,0,0,0,0,0,0,0,0,0,32216,10.38,2,0.7,-7.612,2016,5,5,125,383
0,0,1,1,0,0,1,0,1,0,0,0,1,0,0,0,0,0,0,0,0,0,0,0,0,0,32216,13.392,8,0.7,-9.8208,2016,5,5,125,383
0,1,0,0,0,1,0,0,0,1,0,0,0,0,0,0,0,0,0,0,0,0,1,0,0,0,19140,39.594,1,0.4,-7.2589,2017,7,4,537,587
0,1,0,0,0,1,0,0,0,0,0,0,0,0,0,0,0,0,1,0,0,0,0,0,0,0,19140,91.008,9,0.2,19.3392,2017,7,4,537,587
0,1,0,0,0,0,0,1,1,0,0,0,0,0,0,0,0,0,0,0,0,1,0,0,0,0,90008,37.94,2,0,18.2112,2015,11,3,747,2001
0,1,0,0,0,0,0,1,1,0,0,0,0,0,0,0,0,0,0,0,0,1,0,0,0,0,90008,42.8,10,0,19.26,2015,11,3,747,2001
0,1,0,0,0,0,0,1,1,0,0,0,0,0,0,0,0,0,0,0,0,0,0,1,0,0,90008,33.63,3,0,10.089,2015,11,3,747,2001
0,0,1,1,0,1,0,0,1,0,0,0,0,0,0,0,1,0,0,0,0,0,0,0,0,0,19134,62.808,3,0.2,21.1977,2014,11,5,537,587
0,0,0,0,0,0,0,0,1,0,0,0,0,0,0,0,0,0,0,0,0,1,0,0,0,0,54703,195.64,4,0,91.9508,2015,12,3,6,110
0,0,0,0,0,0,0,0,0,1,0,0,0,0,0,0,0,0,0,0,0,0,1,0,0,0,54703,239.9,2,0,71.97,2015,12,3,6,110
0,1,0,0,0,1,0,0,0,0,0,0,0,0,1,0,0,0,0,0,0,0,0,0,0,0,19134,380.058,3,0.3,-21.7176,2016,11,5,537,587
0,1,0,0,0,1,0,0,0,1,0,0,0,0,0,1,0,0,0,0,0,0,0,0,0,0,19134,1199.976,4,0.4,179.9964,2016,11,5,537,587
0,1,0,0,0,1,0,0,0,0,0,0,0,0,0,0,0,0,1,0,0,0,0,0,0,0,19134,48.576,3,0.2,9.7152,2016,11,5,537,587
0,0,0,0,0,0,0,1,1,0,0,0,0,0,0,0,0,0,0,0,0,1,0,0,0,0,90004,17.94,3,0,8.073,2016,5,2,747,2001
0,0,1,0,0,1,0,0,1,0,0,0,0,0,0,0,0,0,0,0,0,1,0,0,0,0,19134,18.264,3,0.2,6.1641,2014,12,5,537,587
0,0,1,0,0,1,0,0,1,0,1,0,0,0,0,0,0,0,0,0,0,0,0,0,0,0,19134,34.656,2,0.2,5.6316,2014,12,5,537,587
0,0,1,0,0,1,0,0,1,0,1,0,0,0,0,0,0,0,0,0,0,0,0,0,0,0,19134,81.552,2,0.2,8.1552,2014,12,5,537,587
0,0,1,0,0,1,0,0,1,0,0,0,0,0,0,0,0,0,0,0,0,0,0,1,0,0,19134,227.136,4,0.2,-42.588,2014,12,5,537,587
0,0,1,0,0,1,0,0,1,0,0,0,1,0,0,0,0,0,0,0,0,0,0,0,0,0,6360,10.36,2,0,5.0764,2017,6,6,4,82
0,0,1,0,0,0,0,0,1,0,1,0,0,0,0,0,0,0,0,0,0,0,0,0,0,0,78207,463.248,8,0.8,-1181.2824,2015,4,4,59,985
0,0,1,0,0,0,0,0,0,1,0,0,0,0,0,0,0,0,0,0,0,0,0,0,0,0,78207,383.952,6,0.2,47.994,2015,4,4,59,985
1,0,0,0,1,0,0,1,1,0,0,0,1,0,0,0,0,0,0,0,0,0,0,0,0,0,85364,44.856,6,0.7,-35.8848,2016,7,1,4,224
0,0,1,0,0,1,0,0,0,1,0,0,0,0,0,0,0,0,0,0,1,0,0,0,0,0,43229,30.345,7,0.7,-24.276,2016,11,5,222,469
0,0,1,0,0,1,0,0,0,0,0,0,0,0,1,0,0,0,0,0,0,0,0,0,0,0,43229,127.554,3,0.3,-9.111,2016,11,5,222,469
0,0,1,0,0,1,0,0,0,0,0,0,0,0,0,0,0,0,1,0,0,0,0,0,0,0,43229,77.952,3,0.2,15.5904,2016,11,5,222,469
0,0,0,1,0,0,0,1,1,0,0,0,1,0,0,0,0,0,0,0,0,0,0,0,0,0,90036,14.016,4,0.2,4.9056,2017,11,3,747,2001
0,0,1,1,0,0,1,0,1,0,0,0,0,0,0,0,0,0,0,0,0,0,0,1,0,0,40475,69.52,2,0,19.4656,2014,11,7,90,139
0,0,1,1,0,0,1,0,1,0,0,1,0,0,0,0,0,0,0,0,0,0,0,0,0,0,40475,5.64,3,0,1.6356,2014,11,7,90,139
0,0,1,0,0,1,0,0,1,0,0,0,1,0,0,0,0,0,0,0,0,0,0,0,0,0,10035,13.776,3,0.2,4.4772,2016,5,6,915,1128
0,0,1,0,0,0,0,0,1,0,1,0,0,0,0,0,0,0,0,0,0,0,0,0,0,0,54401,245.88,6,0,68.8464,2014,11,5,4,110
0,0,1,0,0,0,0,0,1,0,0,0,0,0,0,0,0,0,0,0,0,0,0,1,0,0,54401,36.63,3,0,9.8901,2014,11,5,4,110
0,0,1,0,0,0,0,0,1,0,0,0,0,0,0,0,0,0,0,0,0,0,0,1,0,0,54401,22.58,2,0,5.8708,2014,11,5,4,110
0,0,1,0,0,0,0,0,1,0,0,0,1,0,0,0,0,0,0,0,0,0,0,0,0,0,54401,12.39,3,0,5.8233,2014,11,5,4,110
0,0,1,0,1,0,0,1,1,0,0,0,1,0,0,0,0,0,0,0,0,0,0,0,0,0,94110,39.92,5,0.2,13.473,2017,10,5,510,2001
0,0,1,0,1,0,0,1,1,0,0,0,0,0,0,0,0,0,0,0,0,1,0,0,0,0,94110,61.96,2,0,27.882,2017,10,5,510,2001
0,0,1,0,1,0,0,1,1,0,0,0,1,0,0,0,0,0,0,0,0,0,0,0,0,0,94110,19.936,4,0.2,7.2268,2017,10,5,510,2001
0,0,0,0,0,1,0,0,1,0,0,0,1,0,0,0,0,0,0,0,0,0,0,0,0,0,43017,3.798,2,0.7,-2.6586,2017,6,2,14,469
0,0,0,0,0,1,0,0,1,0,0,0,0,0,0,0,0,0,0,0,0,1,0,0,0,0,43017,27.744,6,0.2,10.0572,2017,6,2,14,469
0,0,0,0,0,1,0,0,0,1,0,0,0,0,0,0,0,0,0,0,0,0,1,0,0,0,43017,158.376,4,0.4,-34.3148,2017,6,2,14,469
0,0,1,0,1,0,1,0,0,0,0,0,0,0,0,0,0,0,1,0,0,0,0,0,0,0,42420,27.58,2,0,11.5836,2017,11,5,51,139
0,0,1,0,0,1,0,0,1,0,0,0,1,0,0,0,0,0,0,0,0,0,0,0,0,0,43402,5.553,3,0.7,-4.0722,2016,12,5,10,469
0,0,1,0,0,0,1,0,1,0,0,0,0,0,0,0,0,0,0,0,0,0,0,1,0,0,38109,243.92,5,0.2,-54.882,2017,9,5,30,183
0,0,0,0,0,1,0,0,1,0,0,0,0,0,0,0,0,1,0,0,0,0,0,0,0,0,8701,14.96,4,0,0.2992,2016,11,2,49,130
0,0,0,1,0,0,0,1,1,0,0,0,1,0,0,0,0,0,0,0,0,0,0,0,0,0,90008,7.184,2,0.2,2.245,2014,4,1,747,2001
0,1,0,0,0,1,0,0,1,0,0,0,1,0,0,0,0,0,0,0,0,0,0,0,0,0,14609,10.512,3,0.2,3.6792,2015,7,3,53,1128
0,1,0,1,0,0,0,1,0,1,0,0,0,0,0,0,0,0,0,0,0,0,1,0,0,0,97301,263.96,5,0.2,19.797,2014,6,2,40,124
0,1,0,1,0,0,0,1,1,0,0,1,0,0,0,0,0,0,0,0,0,0,0,0,0,0,97301,71.632,11,0.2,17.908,2014,6,2,40,124
0,1,0,1,0,0,0,1,1,0,0,1,0,0,0,0,0,0,0,0,0,0,0,0,0,0,97301,9.328,1,0.2,0.8162,2014,6,2,40,124
0,0,1,0,0,0,0,1,1,0,0,1,0,0,0,0,0,0,0,0,0,0,0,0,0,0,99301,5.88,2,0,2.646,2014,9,6,6,506
0,0,1,0,0,0,0,1,0,0,0,0,0,0,1,0,0,0,0,0,0,0,0,0,0,0,99301,975.92,5,0.2,121.99,2014,9,6,6,506
0,0,1,0,0,0,0,1,1,0,0,1,0,0,0,0,0,0,0,0,0,0,0,0,0,0,99301,303.84,8,0,91.152,2014,9,6,6,506
0,0,1,0,0,0,0,1,1,0,0,0,0,0,0,0,0,0,0,0,0,0,0,1,0,0,99301,485.88,6,0,19.4352,2014,9,6,6,506
0,1,0,0,0,0,0,1,0,0,0,0,0,0,0,0,0,0,1,0,0,0,0,0,0,0,94601,12.54,3,0,4.5144,2014,12,3,26,2001
0,1,0,0,0,0,0,1,1,0,0,0,0,0,0,0,0,0,0,0,0,0,0,1,0,0,94601,8.94,3,0,0.6258,2014,12,3,26,2001
0,1,0,0,0,0,0,1,0,0,0,0,0,0,0,0,0,0,1,0,0,0,0,0,0,0,94601,9.24,3,0,4.4352,2014,12,3,26,2001
0,0,1,0,0,0,0,1,1,0,0,0,1,0,0,0,0,0,0,0,0,0,0,0,0,0,90004,70.008,3,0.2,24.5028,2015,1,4,747,2001
0,0,1,0,0,0,0,1,0,0,0,0,0,0,0,0,0,0,1,0,0,0,0,0,0,0,90004,77.6,4,0,38.024,2015,1,4,747,2001
0,0,1,0,0,0,0,1,0,0,0,0,0,0,0,0,0,0,1,0,0,0,0,0,0,0,90004,464.85,9,0,92.97,2015,1,4,747,2001
0,0,1,1,0,0,0,0,1,0,0,1,0,0,0,0,0,0,0,0,0,0,0,0,0,0,60302,10.192,7,0.2,1.0192,2017,12,4,3,492
0,0,1,1,0,1,0,0,1,0,0,0,1,0,0,0,0,0,0,0,0,0,0,0,0,0,7960,1793.98,2,0,843.1706,2016,12,6,7,130
0,1,0,0,1,0,0,0,0,1,0,0,0,0,0,0,0,0,0,0,0,0,1,0,0,0,78745,758.352,6,0.2,265.4232,2014,4,5,39,985
0,0,1,1,0,1,0,0,1,0,0,0,1,0,0,0,0,0,0,0,0,0,0,0,0,0,10011,20.368,1,0.2,7.3834,2016,11,4,915,1128
0,0,1,1,0,1,0,0,1,0,0,0,1,0,0,0,0,0,0,0,0,0,0,0,0,0,10011,49.848,3,0.2,16.8237,2016,11,4,915,1128
0,0,1,0,0,1,0,0,0,1,0,0,0,0,0,0,0,0,0,0,0,0,1,0,0,0,10024,239.97,3,0,67.1916,2017,6,4,915,1128
0,0,1,0,0,0,0,1,0,0,0,0,0,0,1,0,0,0,0,0,0,0,0,0,0,0,98103,2404.704,6,0.2,150.294,2017,11,5,428,506
0,0,1,0,0,0,0,1,1,0,0,0,1,0,0,0,0,0,0,0,0,0,0,0,0,0,98103,563.024,11,0.2,190.0206,2017,11,5,428,506
0,0,1,0,0,0,0,1,1,0,0,0,0,0,0,0,0,0,0,0,0,0,0,1,0,0,98103,344.91,3,0,10.3473,2017,11,5,428,506
0,0,1,0,0,0,0,1,1,0,0,0,0,0,0,0,0,0,0,1,0,0,0,0,0,0,98103,8.64,3,0,4.2336,2017,11,5,428,506
0,0,1,1,0,1,0,0,0,1,0,0,0,0,0,0,0,0,0,0,0,0,1,0,0,0,17602,89.988,2,0.4,-14.998,2017,11,5,46,587
0,0,1,1,0,1,0,0,1,0,0,0,0,0,0,0,0,0,0,0,0,1,0,0,0,0,17602,229.544,7,0.2,83.2097,2017,11,5,46,587
0,0,1,0,0,0,0,0,1,0,0,0,0,0,0,0,0,1,0,0,0,0,0,0,0,0,77095,1.824,2,0.2,0.6156,2017,5,4,377,985
0,0,1,0,0,0,0,0,1,0,1,0,0,0,0,0,0,0,0,0,0,0,0,0,0,0,77095,18.32,5,0.8,-46.716,2017,5,4,377,985
0,0,1,0,0,0,0,0,1,0,0,0,0,0,0,0,0,0,0,0,0,0,0,1,0,0,77095,48.816,3,0.2,-11.5938,2017,5,4,377,985
0,0,1,0,0,0,0,0,1,0,0,0,1,0,0,0,0,0,0,0,0,0,0,0,0,0,77095,1.188,1,0.8,-1.9602,2017,5,4,377,985
0,0,1,1,0,1,0,0,0,1,0,0,0,0,0,0,0,0,0,0,0,0,0,0,0,0,43229,119.8,5,0.2,29.95,2014,12,5,222,469
0,0,1,0,1,0,1,0,1,0,0,0,0,0,0,0,0,0,0,0,0,0,0,1,0,0,27707,61.568,2,0.2,4.6176,2014,10,6,9,249
0,0,1,0,1,0,1,0,1,0,0,1,0,0,0,0,0,0,0,0,0,0,0,0,0,0,27707,6.192,3,0.2,0.4644,2014,10,6,9,249
0,0,0,0,0,0,1,0,1,0,0,0,1,0,0,0,0,0,0,0,0,0,0,0,0,0,32503,2.214,3,0.7,-1.476,2016,7,2,1,383
0,1,0,1,0,0,1,0,1,0,0,0,0,0,0,0,1,0,0,0,0,0,0,0,0,0,42420,5.32,2,0,2.6068,2017,11,3,51,139
0,1,0,1,0,0,1,0,0,0,0,0,0,0,1,0,0,0,0,0,0,0,0,0,0,0,42420,975.92,4,0,292.776,2017,11,3,51,139
0,1,0,1,0,0,1,0,0,1,0,0,0,0,0,0,0,0,0,0,0,0,0,0,0,0,42420,2249.91,9,0,517.4793,2017,11,3,51,139
0,1,0,1,0,0,1,0,1,0,0,0,0,0,0,0,0,0,0,0,0,0,0,1,0,0,42420,59.92,4,0,16.7776,2017,11,3,51,139
0,0,1,0,0,0,0,1,1,0,0,0,1,0,0,0,0,0,0,0,0,0,0,0,0,0,92804,171.2,5,0.2,64.2,2017,3,7,27,2001
0,0,1,0,0,0,0,1,1,0,0,1,0,0,0,0,0,0,0,0,0,0,0,0,0,0,92804,3.36,2,0,0.8736,2017,3,7,27,2001
0,0,1,1,0,0,0,0,1,0,0,0,0,0,0,0,0,0,0,0,0,1,0,0,0,0,48227,114.2,5,0,52.532,2014,12,4,115,255
0,1,0,1,0,0,1,0,0,0,0,0,0,0,1,0,0,0,0,0,0,0,0,0,0,0,30062,182.67,3,0,52.9743,2016,11,3,7,184
0,1,0,1,0,0,1,0,0,1,0,0,0,0,0,0,0,0,0,0,0,0,0,0,0,0,30062,101.7,6,0,6.102,2016,11,3,7,184
0,1,0,1,0,0,1,0,1,0,0,0,0,0,0,0,0,0,0,0,0,0,0,1,0,0,30062,1126.02,3,0,56.301,2016,11,3,7,184
0,1,0,1,0,0,1,0,1,0,0,0,0,0,0,0,0,0,0,0,0,0,0,1,0,0,30062,1263.3,6,0,315.825,2016,11,3,7,184
0,0,1,1,0,0,0,1,1,0,0,1,0,0,0,0,0,0,0,0,0,0,0,0,0,0,98103,8.82,3,0,2.5578,2016,12,7,428,506
0,0,1,1,0,0,0,1,1,0,0,0,0,0,0,0,0,0,0,0,0,1,0,0,0,0,98103,37.94,2,0,18.2112,2016,12,7,428,506
0,0,1,1,0,0,0,1,1,0,0,1,0,0,0,0,0,0,0,0,0,0,0,0,0,0,98103,4.2,2,0,1.176,2016,12,7,428,506
0,0,1,1,0,0,0,1,1,0,0,0,0,0,0,0,0,0,0,0,0,0,0,1,0,0,98103,227.28,2,0,2.2728,2016,12,7,428,506
0,0,1,1,0,0,0,1,1,0,0,0,0,0,0,0,0,0,0,0,0,1,0,0,0,0,98103,47.9,1,0,22.992,2016,12,7,428,506
0,0,1,1,0,0,0,1,1,0,0,0,0,0,0,0,1,0,0,0,0,0,0,0,0,0,98103,61.96,2,0,30.3604,2016,12,7,428,506
0,0,1,1,0,0,0,1,1,0,0,0,0,0,0,0,0,0,0,0,0,0,0,1,0,0,98103,1117.92,4,0,55.896,2016,12,7,428,506
0,0,0,0,0,1,0,0,0,0,0,0,0,0,1,0,0,0,0,0,0,0,0,0,0,0,44134,183.372,2,0.3,-7.8588,2014,10,2,10,469
0,0,0,0,0,1,0,0,1,0,0,0,0,0,0,0,0,0,0,0,0,1,0,0,0,0,44134,7.968,2,0.2,2.8884,2014,10,2,10,469
0,0,1,0,0,0,0,1,1,0,0,0,1,0,0,0,0,0,0,0,0,0,0,0,0,0,97030,26.352,8,0.7,-18.4464,2016,8,5,5,124
0,0,1,1,0,0,0,1,1,0,0,0,0,0,0,0,0,0,0,0,0,0,0,1,0,0,92804,481.32,4,0,125.1432,2017,12,4,27,2001
0,0,1,1,0,0,0,1,1,0,0,0,0,0,0,0,0,0,0,0,0,0,0,0,1,0,92804,13.98,1,0,3.6348,2017,12,4,27,2001
0,0,1,0,0,1,0,0,1,0,0,0,1,0,0,0,0,0,0,0,0,0,0,0,0,0,10035,25.92,6,0.2,9.072,2017,3,5,915,1128
0,0,1,0,0,1,0,0,1,0,0,0,0,0,0,0,0,0,0,1,0,0,0,0,0,0,10035,91.59,3,0,42.1314,2017,3,5,915,1128
0,1,0,1,0,0,0,0,0,0,0,0,0,0,1,0,0,0,0,0,0,0,0,0,0,0,77070,674.058,3,0.3,-19.2588,2014,12,2,377,985
0,1,0,1,0,1,0,0,1,0,0,0,1,0,0,0,0,0,0,0,0,0,0,0,0,0,3301,22.92,4,0,11.0016,2014,10,2,31,27
0,1,0,1,0,1,0,0,1,0,0,0,0,0,0,0,0,0,0,0,0,0,0,1,0,0,3301,269.9,5,0,16.194,2014,10,2,31,27
0,1,0,0,0,1,0,0,1,0,0,0,1,0,0,0,0,0,0,0,0,0,0,0,0,0,45014,11.808,8,0.7,-8.6592,2014,11,5,45,469
0,1,0,0,0,1,0,0,0,1,0,0,0,0,0,0,0,0,0,0,0,0,1,0,0,0,45014,9.588,2,0.4,-2.0774,2014,11,5,45,469
0,0,1,0,0,0,1,0,1,0,0,0,0,0,0,0,1,0,0,0,0,0,0,0,0,0,37604,18.336,3,0.2,6.6468,2017,1,4,12,183
0,0,1,0,0,0,1,0,1,0,0,0,0,0,0,0,0,0,0,0,0,1,0,0,0,0,37604,36.288,7,0.2,12.7008,2017,1,4,12,183
0,0,1,0,0,0,1,0,0,1,0,0,0,0,0,0,0,0,0,0,0,0,1,0,0,0,37604,111.984,2,0.2,6.999,2017,1,4,12,183
0,0,1,0,0,0,1,0,1,0,0,0,1,0,0,0,0,0,0,0,0,0,0,0,0,0,37604,5.97,5,0.7,-4.577,2017,1,4,12,183
0,0,1,0,0,0,1,0,1,0,0,0,1,0,0,0,0,0,0,0,0,0,0,0,0,0,37604,2.508,2,0.7,-1.8392,2017,1,4,12,183
0,1,0,0,0,0,0,1,1,0,0,1,0,0,0,0,0,0,0,0,0,0,0,0,0,0,98105,35.96,2,0,10.4284,2015,9,2,428,506
0,1,0,0,0,0,0,1,1,0,0,0,1,0,0,0,0,0,0,0,0,0,0,0,0,0,98105,14.952,3,0.2,5.4201,2015,9,2,428,506
0,1,0,0,0,0,0,0,1,0,0,1,0,0,0,0,0,0,0,0,0,0,0,0,0,0,77573,67.144,7,0.2,5.8751,2017,10,2,6,985
0,1,0,0,0,0,0,0,0,0,0,0,0,0,1,0,0,0,0,0,0,0,0,0,0,0,77573,254.058,3,0.3,-32.6646,2017,10,2,6,985
0,0,1,1,0,1,0,0,0,0,0,0,0,1,0,0,0,0,0,0,0,0,0,0,0,0,20877,173.94,3,0,38.2668,2016,1,5,2,105
0,0,1,1,0,1,0,0,0,1,0,0,0,0,0,0,0,0,0,0,0,0,1,0,0,0,20877,231.98,2,0,67.2742,2016,1,5,2,105
0,0,1,0,0,0,0,0,1,0,0,0,1,0,0,0,0,0,0,0,0,0,0,0,0,0,60653,2.296,2,0.8,-3.9032,2017,8,4,314,492
0,1,0,0,1,0,1,0,1,0,0,0,0,0,0,0,0,0,0,0,0,1,0,0,0,0,35810,96.08,2,0,46.1184,2017,12,4,36,61
0,1,0,0,1,0,1,0,1,0,0,0,0,0,0,0,0,1,0,0,0,0,0,0,0,0,35810,3.62,2,0,1.1946,2017,12,4,36,61
0,1,0,0,1,0,1,0,1,0,0,0,0,0,0,0,0,0,0,0,0,1,0,0,0,0,35810,629.1,6,0,301.968,2017,12,4,36,61
0,1,0,0,1,0,1,0,0,1,0,0,0,0,0,0,0,0,0,0,0,0,1,0,0,0,35810,90.48,2,0,23.5248,2017,12,4,36,61
0,0,0,1,0,1,0,0,1,0,0,1,0,0,0,0,0,0,0,0,0,0,0,0,0,0,1841,14.88,2,0,3.72,2017,9,3,44,135
0,0,1,0,0,0,0,0,0,0,0,0,0,0,0,0,0,0,0,0,0,0,0,0,0,1,60623,91.275,1,0.5,-67.5435,2017,10,4,314,492
0,0,1,0,1,1,0,0,1,0,0,0,0,0,0,0,0,0,0,0,0,1,0,0,0,0,6824,19.44,3,0,9.3312,2017,12,5,45,82
0,0,1,0,1,1,0,0,0,0,0,0,0,0,1,0,0,0,0,0,0,0,0,0,0,0,6824,897.15,3,0,251.202,2017,12,5,45,82
0,0,0,0,0,1,0,0,1,0,0,1,0,0,0,0,0,0,0,0,0,0,0,0,0,0,10009,57.75,5,0,16.17,2014,9,1,915,1128
0,0,0,0,0,1,0,0,1,0,0,0,0,0,0,0,0,0,0,0,0,1,0,0,0,0,10009,14.94,3,0,7.0218,2014,9,1,915,1128
0,0,1,1,0,0,0,1,1,0,0,1,0,0,0,0,0,0,0,0,0,0,0,0,0,0,98103,23.1,2,0,6.93,2017,3,5,428,506
0,0,1,0,0,0,0,1,1,0,0,0,0,0,0,0,1,0,0,0,0,0,0,0,0,0,80013,12.536,1,0.2,4.2309,2015,9,6,68,182
0,0,1,0,0,0,0,1,1,0,0,0,1,0,0,0,0,0,0,0,0,0,0,0,0,0,80013,1.08,2,0.7,-0.792,2015,9,6,68,182
0,0,1,0,0,0,0,1,1,0,0,0,0,0,0,0,0,1,0,0,0,0,0,0,0,0,80013,4.512,3,0.2,0.846,2015,9,6,68,182
0,0,1,1,0,0,0,1,0,1,0,0,0,0,0,0,0,0,0,0,0,0,1,0,0,0,84043,16.776,3,0.2,1.6776,2015,3,6,2,53
0,0,1,0,1,0,1,0,1,0,0,0,1,0,0,0,0,0,0,0,0,0,0,0,0,0,35401,33.74,7,0,15.5204,2017,1,7,2,61
0,0,1,0,0,0,0,1,1,0,0,0,0,0,0,0,0,0,0,0,0,0,0,1,0,0,94109,1325.85,5,0,238.653,2014,1,5,510,2001
0,0,1,0,0,0,0,1,0,0,0,0,0,1,0,0,0,0,0,0,0,0,0,0,0,0,94109,333.999,3,0.15,3.9294,2014,1,5,510,2001
0,0,1,0,0,0,0,1,1,0,0,1,0,0,0,0,0,0,0,0,0,0,0,0,0,0,94109,19.9,5,0,6.567,2014,1,5,510,2001
0,0,1,0,0,1,0,0,0,0,0,0,0,0,1,0,0,0,0,0,0,0,0,0,0,0,19805,1268.82,9,0,266.4522,2015,2,7,36,96
0,0,1,0,0,1,0,0,0,0,0,0,0,1,0,0,0,0,0,0,0,0,0,0,0,0,19805,283.92,4,0,82.3368,2015,2,7,36,96
0,0,1,0,0,1,0,0,1,0,0,1,0,0,0,0,0,0,0,0,0,0,0,0,0,0,19805,5.68,2,0,1.7608,2015,2,7,36,96
0,0,1,0,0,0,0,0,1,0,0,0,0,0,0,0,0,0,0,0,0,0,0,1,0,0,47905,375.34,1,0,18.767,2017,12,6,31,149
0,0,0,0,0,0,0,1,1,0,0,0,0,0,0,0,0,0,0,0,0,1,0,0,0,0,90278,96.08,2,0,46.1184,2016,9,1,8,2001
0,0,0,0,0,0,0,1,1,0,0,0,1,0,0,0,0,0,0,0,0,0,0,0,0,0,90278,11.68,2,0.2,3.942,2016,9,1,8,2001
0,0,0,0,0,0,0,1,1,0,0,0,0,0,0,0,0,1,0,0,0,0,0,0,0,0,90278,4.36,2,0,1.7876,2016,9,1,8,2001
0,0,1,0,0,0,0,1,1,0,0,0,0,0,0,0,0,0,0,1,0,0,0,0,0,0,98115,29.24,4,0,13.7428,2014,10,5,428,506
0,0,1,0,0,0,0,1,1,0,0,0,1,0,0,0,0,0,0,0,0,0,0,0,0,0,90045,117.488,7,0.2,41.1208,2017,11,5,747,2001
0,0,1,0,0,0,0,1,0,0,0,0,0,0,0,0,0,0,1,0,0,0,0,0,0,0,90045,18.84,3,0,6.0288,2017,11,5,747,2001
0,1,0,0,0,1,0,0,1,0,0,1,0,0,0,0,0,0,0,0,0,0,0,0,0,0,10009,12.42,3,0,5.2164,2016,10,4,915,1128
0,0,1,0,0,0,0,0,1,0,0,0,0,0,0,0,0,0,0,0,0,1,0,0,0,0,48073,12.96,2,0,6.2208,2015,6,4,2,255
0,1,0,1,0,0,0,1,1,0,1,0,0,0,0,0,0,0,0,0,0,0,0,0,0,0,94109,69.48,1,0,20.844,2017,12,4,510,2001
0,0,1,1,0,1,0,0,0,1,0,0,0,0,0,0,0,0,0,0,0,0,1,0,0,0,10009,85.9,2,0,2.577,2015,3,4,915,1128
0,1,0,1,0,0,0,1,1,0,0,1,0,0,0,0,0,0,0,0,0,0,0,0,0,0,89031,18.06,7,0,4.6956,2014,6,4,16,39
0,1,0,1,0,0,0,1,1,0,0,0,0,0,0,0,0,0,0,0,0,1,0,0,0,0,89031,79.14,3,0,36.4044,2014,6,4,16,39
0,1,0,1,0,0,0,1,0,0,0,0,0,0,0,0,0,0,1,0,0,0,0,0,0,0,89031,37.4,2,0,14.212,2014,6,4,16,39
0,0,1,0,0,0,0,0,1,0,0,0,1,0,0,0,0,0,0,0,0,0,0,0,0,0,75007,2.512,2,0.8,-4.396,2015,3,6,15,985
0,0,1,0,0,0,0,0,1,0,0,0,0,0,0,0,0,1,0,0,0,0,0,0,0,0,75007,18.864,9,0.2,6.1308,2015,3,6,15,985
0,0,1,0,1,0,0,1,0,1,0,0,0,0,0,0,0,0,0,0,0,0,1,0,0,0,90008,61.192,1,0.2,6.1192,2016,11,4,747,2001
0,0,1,0,1,0,0,1,1,0,1,0,0,0,0,0,0,0,0,0,0,0,0,0,0,0,90008,67.84,1,0,18.3168,2016,11,4,747,2001
0,0,0,0,0,0,0,1,0,0,0,0,0,0,1,0,0,0,0,0,0,0,0,0,0,0,98103,48.712,1,0.2,5.4801,2014,3,1,428,506
0,0,0,0,0,0,0,1,1,0,0,1,0,0,0,0,0,0,0,0,0,0,0,0,0,0,98103,17.94,3,0,4.6644,2014,3,1,428,506
0,0,0,0,0,0,0,1,1,0,0,0,0,0,0,0,0,0,0,0,0,0,0,1,0,0,98103,242.94,3,0,4.8588,2014,3,1,428,506
0,1,0,0,0,0,1,0,1,0,0,0,1,0,0,0,0,0,0,0,0,0,0,0,0,0,33311,7.764,4,0.7,-5.176,2016,5,4,15,383
0,1,0,1,0,0,1,0,0,1,0,0,0,0,0,0,0,0,0,0,0,0,1,0,0,0,38401,467.04,4,0.2,58.38,2015,5,3,81,183
0,1,0,0,1,1,0,0,0,1,0,0,0,0,0,0,0,0,0,0,0,0,1,0,0,0,2908,128.85,3,0,3.8655,2015,8,3,31,56
0,1,0,0,1,1,0,0,1,0,0,0,0,0,0,0,0,0,0,0,0,1,0,0,0,0,2908,8.4,2,0,4.116,2015,8,3,31,56
0,1,0,0,1,1,0,0,0,1,0,0,0,0,0,0,0,0,0,0,0,0,0,0,0,0,2908,199.98,2,0,83.9916,2015,8,3,31,56
0,1,0,0,1,1,0,0,0,0,0,0,0,0,1,0,0,0,0,0,0,0,0,0,0,0,2908,110.98,1,0,15.5372,2015,8,3,31,56
0,0,0,1,0,0,1,0,0,0,0,0,0,0,1,0,0,0,0,0,0,0,0,0,0,0,32216,207.984,2,0.2,-28.5978,2016,11,3,125,383
0,0,0,1,0,0,1,0,1,0,0,0,0,0,0,0,0,0,0,0,0,1,0,0,0,0,32216,36.112,2,0.2,12.6392,2016,11,3,125,383
0,0,0,1,0,0,1,0,0,0,0,0,0,0,0,0,0,0,1,0,0,0,0,0,0,0,32216,35.568,2,0.2,5.7798,2016,11,3,125,383
0,0,0,1,0,0,1,0,1,0,0,0,0,0,0,0,0,0,0,0,0,1,0,0,0,0,32216,88.768,2,0.2,31.0688,2016,11,3,125,383
0,0,1,0,1,0,0,1,1,0,0,0,0,0,0,0,0,0,0,0,0,1,0,0,0,0,92054,12.9,2,0,6.321,2016,11,5,30,2001
0,1,0,1,0,0,1,0,0,1,0,0,0,0,0,0,0,0,0,0,0,0,0,0,0,0,32216,717.12,9,0.2,152.388,2015,9,5,125,383
0,0,0,0,0,1,0,0,1,0,0,0,1,0,0,0,0,0,0,0,0,0,0,0,0,0,10024,21.36,5,0.2,7.209,2015,12,2,915,1128
0,0,0,0,0,1,0,0,1,0,0,0,1,0,0,0,0,0,0,0,0,0,0,0,0,0,10024,6.688,2,0.2,2.3408,2015,12,2,915,1128
0,0,0,0,0,1,0,0,0,1,0,0,0,0,0,0,0,0,0,0,0,0,1,0,0,0,10024,773.94,6,0,224.4426,2015,12,2,915,1128
0,1,0,1,0,0,0,0,1,0,0,0,0,0,0,0,0,0,0,0,0,0,0,0,1,0,60610,20.568,3,0.2,1.5426,2016,12,4,314,492
0,1,0,1,0,0,0,0,1,0,1,0,0,0,0,0,0,0,0,0,0,0,0,0,0,0,60610,4.356,2,0.8,-11.7612,2016,12,4,314,492
0,1,0,1,0,0,0,0,0,1,0,0,0,0,0,0,0,0,0,0,0,0,0,0,0,0,60610,19.04,4,0.2,-1.428,2016,12,4,314,492
0,0,1,1,0,0,0,1,1,0,0,0,0,0,0,0,0,0,0,1,0,0,0,0,0,0,92646,5.22,2,0,2.4012,2014,11,6,6,2001
0,1,0,0,0,0,0,1,1,0,0,0,0,0,0,0,0,0,0,0,0,0,0,1,0,0,92105,84.84,3,0,22.9068,2016,11,4,170,2001
0,0,1,1,0,0,1,0,1,0,0,0,0,0,0,0,0,1,0,0,0,0,0,0,0,0,37211,7.24,5,0.2,1.1765,2015,9,4,29,183
1,0,0,0,0,1,0,0,1,0,0,0,0,0,0,0,0,0,0,1,0,0,0,0,0,0,10009,14.4,5,0,7.056,2014,9,0,915,1128
0,0,1,0,1,0,0,1,1,0,0,0,0,0,0,0,0,0,0,0,0,1,0,0,0,0,80906,15.552,3,0.2,5.4432,2016,4,4,25,182
0,0,1,0,1,0,0,1,0,0,0,0,0,0,1,0,0,0,0,0,0,0,0,0,0,0,80906,1325.76,6,0.2,149.148,2016,4,4,25,182
0,0,1,0,1,0,0,1,1,0,0,0,1,0,0,0,0,0,0,0,0,0,0,0,0,0,80906,3.108,2,0.7,-2.1756,2016,4,4,25,182
0,0,1,0,1,0,0,1,1,0,0,0,1,0,0,0,0,0,0,0,0,0,0,0,0,0,94110,6.672,3,0.2,2.1684,2017,8,4,510,2001
0,0,1,0,1,0,0,1,0,1,0,0,0,0,0,0,0,0,0,0,0,0,1,0,0,0,94110,689.408,4,0.2,77.5584,2017,8,4,510,2001
0,0,1,1,0,0,0,0,1,0,0,0,1,0,0,0,0,0,0,0,0,0,0,0,0,0,60653,1889.99,5,0.8,-2929.4845,2017,12,6,314,492
0,0,1,1,0,0,1,0,1,0,0,0,0,0,0,0,1,0,0,0,0,0,0,0,0,0,38109,55.936,8,0.2,18.8784,2015,12,7,30,183
0,0,1,1,0,0,1,0,1,0,0,0,0,0,0,0,0,0,0,1,0,0,0,0,0,0,38109,18.432,8,0.2,5.9904,2015,12,7,30,183
0,0,1,1,0,0,1,0,0,0,0,0,0,0,0,0,0,0,1,0,0,0,0,0,0,0,38109,20.32,5,0.2,3.556,2015,12,7,30,183
0,0,1,0,1,1,0,0,1,0,0,0,1,0,0,0,0,0,0,0,0,0,0,0,0,0,10011,52.064,4,0.2,18.8732,2014,11,6,915,1128
0,0,1,1,0,0,1,0,1,0,1,0,0,0,0,0,0,0,0,0,0,0,0,0,0,0,27604,48.784,1,0.2,3.6588,2017,3,5,22,249
0,0,1,1,0,0,1,0,1,0,0,0,1,0,0,0,0,0,0,0,0,0,0,0,0,0,27604,13.092,4,0.7,-10.0372,2017,3,5,22,249
0,0,1,0,1,0,0,1,0,1,0,0,0,0,0,0,0,0,0,0,0,0,1,0,0,0,90045,109.592,1,0.2,8.2194,2016,1,4,747,2001
0,0,1,0,1,0,0,1,1,0,0,0,0,0,0,0,0,0,0,0,0,1,0,0,0,0,90045,56.7,5,0,27.783,2016,1,4,747,2001
0,0,1,0,1,0,0,1,0,1,0,0,0,0,0,0,0,0,0,0,0,0,0,0,0,0,90004,79.99,1,0,28.7964,2017,5,5,747,2001
1,0,0,0,1,0,1,0,1,0,0,0,0,0,0,0,0,0,0,0,0,0,0,0,1,0,23602,69.5,5,0,20.155,2016,5,0,12,224
1,0,0,0,1,0,1,0,1,0,0,0,0,0,0,0,0,0,0,0,0,1,0,0,0,0,23602,191.6,4,0,91.968,2016,5,0,12,224
0,0,1,0,0,0,0,1,1,0,0,0,0,0,0,0,0,0,0,0,0,1,0,0,0,0,90032,10.56,2,0,5.0688,2016,10,5,747,2001
0,1,0,0,0,0,1,0,0,1,0,0,0,0,0,0,0,0,0,0,0,0,0,0,0,0,39212,47.79,3,0,16.2486,2014,4,2,82,53
0,1,0,1,0,0,0,0,1,0,0,0,0,0,0,0,0,0,0,0,0,0,0,1,0,0,47374,714.3,5,0,207.147,2015,11,4,90,149
0,0,1,0,1,1,0,0,0,1,0,0,0,0,0,0,0,0,0,0,1,0,0,0,0,0,10035,2321.9,2,0,1114.512,2015,11,5,915,1128
0,0,1,0,1,1,0,0,1,0,0,0,0,0,0,0,0,0,0,0,0,0,0,1,0,0,10035,17.94,3,0,3.0498,2015,11,5,915,1128
0,0,1,1,0,1,0,0,1,0,0,0,1,0,0,0,0,0,0,0,0,0,0,0,0,0,19134,9.522,1,0.7,-6.9828,2015,9,7,537,587
0,0,1,1,0,1,0,0,0,1,0,0,0,0,0,0,0,0,0,0,0,0,1,0,0,0,19134,791.964,6,0.4,-131.994,2015,9,7,537,587
0,0,1,1,0,1,0,0,1,0,0,0,1,0,0,0,0,0,0,0,0,0,0,0,0,0,19134,4.923,3,0.7,-3.9384,2015,9,7,537,587
0,0,0,1,0,0,0,1,0,0,0,0,0,1,0,0,0,0,0,0,0,0,0,0,0,0,85023,209.979,7,0.7,-356.9643,2017,5,2,63,224
0,0,1,0,1,1,0,0,1,0,0,0,1,0,0,0,0,0,0,0,0,0,0,0,0,0,44105,33.93,3,0.7,-22.62,2017,7,5,42,469
0,0,1,0,1,1,0,0,1,0,0,0,0,0,0,0,0,0,0,0,0,0,0,1,0,0,44105,222.32,7,0.2,25.011,2017,7,5,42,469
0,0,1,0,1,1,0,0,0,1,0,0,0,0,0,0,0,0,0,0,0,0,1,0,0,0,44105,210.564,6,0.4,-52.641,2017,7,5,42,469
0,0,1,0,0,1,0,0,0,0,0,0,0,0,0,0,0,0,1,0,0,0,0,0,0,0,43615,35.168,7,0.2,9.6712,2014,11,5,32,469
0,0,1,0,0,1,0,0,0,1,0,0,0,0,0,0,0,0,0,0,0,0,1,0,0,0,43615,1502.376,4,0.4,-250.396,2014,11,5,32,469
0,0,0,0,0,0,0,1,0,0,0,0,0,0,0,0,0,0,1,0,0,0,0,0,0,0,90008,10.11,3,0,3.2352,2014,11,3,747,2001
0,0,0,0,0,0,0,1,0,1,0,0,0,0,0,0,0,0,0,0,0,0,0,0,0,0,90008,772.47,3,0,146.7693,2014,11,3,747,2001
0,0,0,0,0,0,0,1,1,0,0,0,0,0,0,0,0,0,0,0,0,0,0,0,1,0,90008,20.46,2,0,5.3196,2014,11,3,747,2001
0,1,0,1,0,1,0,0,1,0,0,0,0,0,0,0,0,0,0,0,0,0,0,0,1,0,10011,347.58,3,0,17.379,2017,3,2,915,1128
0,0,1,0,0,0,0,1,0,1,0,0,0,0,0,0,0,0,0,0,0,0,0,0,0,0,92037,72.64,2,0,21.792,2016,12,6,170,2001
0,0,1,0,0,0,0,1,0,1,0,0,0,0,0,0,0,0,0,0,0,0,0,0,0,0,92037,772.47,3,0,146.7693,2016,12,6,170,2001
0,0,1,0,0,0,0,1,0,0,0,0,0,0,0,0,0,0,1,0,0,0,0,0,0,0,92037,39.92,4,0,11.1776,2016,12,6,170,2001
0,0,1,0,0,0,0,0,1,0,0,0,1,0,0,0,0,0,0,0,0,0,0,0,0,0,73120,33.48,2,0,16.4052,2017,7,5,23,66
0,0,1,0,0,0,0,0,0,1,0,0,0,0,0,0,0,0,0,0,0,0,1,0,0,0,73120,461.97,3,0,133.9713,2017,7,5,23,66
0,0,1,0,0,0,0,0,1,0,1,0,0,0,0,0,0,0,0,0,0,0,0,0,0,0,73120,137.62,2,0,60.5528,2017,7,5,23,66
0,0,1,0,0,0,0,0,0,0,0,0,0,0,1,0,0,0,0,0,0,0,0,0,0,0,73120,302.67,3,0,72.6408,2017,7,5,23,66
0,1,0,0,0,0,0,0,0,1,0,0,0,0,0,0,0,0,0,0,0,0,0,0,0,0,60653,239.976,3,0.2,53.9946,2014,9,5,314,492
0,0,1,0,0,0,0,1,1,0,0,1,0,0,0,0,0,0,0,0,0,0,0,0,0,0,94109,8.34,3,0,2.1684,2017,1,4,510,2001
0,0,1,0,0,0,0,1,1,0,0,0,0,0,0,0,0,0,0,0,0,0,0,0,1,0,94109,8.57,1,0,2.2282,2017,1,4,510,2001
0,0,1,0,0,0,0,1,1,0,0,0,1,0,0,0,0,0,0,0,0,0,0,0,0,0,94109,119.616,8,0.2,40.3704,2017,1,4,510,2001
0,0,1,1,0,1,0,0,0,0,0,0,0,0,1,0,0,0,0,0,0,0,0,0,0,0,8360,212.94,3,0,25.5528,2016,12,7,8,130
0,0,1,1,0,1,0,0,1,0,1,0,0,0,0,0,0,0,0,0,0,0,0,0,0,0,8360,26.49,1,0,7.4172,2016,12,7,8,130
0,1,0,0,1,0,0,0,0,0,0,0,0,1,0,0,0,0,0,0,0,0,0,0,0,0,53209,687.4,5,0,48.118,2015,8,4,45,110
0,0,1,1,0,0,0,1,0,0,0,0,0,0,0,0,0,0,0,0,0,0,0,0,0,1,98115,653.55,3,0,111.1035,2014,4,6,428,506
0,0,1,1,0,0,0,1,0,1,0,0,0,0,0,0,0,0,0,0,0,0,0,0,0,0,98115,33.9,2,0,2.034,2014,4,6,428,506
0,1,0,0,0,0,0,0,0,1,0,0,0,0,0,0,0,0,0,0,0,0,0,0,0,0,60540,239.96,5,0.2,83.986,2017,11,4,8,492
0,0,0,1,0,1,0,0,0,0,0,0,0,0,0,0,0,0,0,0,0,0,0,0,0,1,19805,199.836,4,0.3,-37.1124,2015,7,1,36,96
0,0,0,1,0,1,0,0,0,1,0,0,0,0,0,0,0,0,0,0,0,0,1,0,0,0,19805,716,2,0,193.32,2015,7,1,36,96
0,0,0,1,0,1,0,0,1,0,0,0,1,0,0,0,0,0,0,0,0,0,0,0,0,0,19805,221.06,7,0,103.8982,2015,7,1,36,96
0,1,0,0,0,0,0,1,1,0,0,0,0,0,0,0,0,0,0,0,0,1,0,0,0,0,90036,67.71,3,0,32.5008,2016,11,3,747,2001
0,1,0,0,0,0,0,1,1,0,1,0,0,0,0,0,0,0,0,0,0,0,0,0,0,0,90036,129.92,4,0,38.976,2016,11,3,747,2001
0,1,0,0,0,0,0,1,0,0,0,0,0,0,0,0,0,0,1,0,0,0,0,0,0,0,90036,467.46,9,0,191.6586,2016,11,3,747,2001
0,1,0,0,0,0,0,1,1,0,0,0,0,0,0,0,0,0,0,0,0,1,0,0,0,0,90036,61.4,5,0,28.858,2016,11,3,747,2001
0,1,0,0,0,0,0,1,1,0,0,0,0,0,0,0,0,0,0,0,0,0,0,1,0,0,90036,720.76,4,0,187.3976,2016,11,3,747,2001
0,1,0,0,0,0,0,1,1,0,0,0,1,0,0,0,0,0,0,0,0,0,0,0,0,0,90036,5.184,3,0.2,1.8144,2016,11,3,747,2001
0,1,0,0,0,0,0,1,1,0,0,1,0,0,0,0,0,0,0,0,0,0,0,0,0,0,90036,14.7,5,0,3.969,2016,11,3,747,2001
0,0,1,0,0,0,0,0,1,0,0,0,1,0,0,0,0,0,0,0,0,0,0,0,0,0,60610,8.134,7,0.8,-13.8278,2014,3,4,314,492
0,0,1,0,0,0,0,0,0,1,0,0,0,0,0,0,0,0,0,0,0,0,0,0,0,0,60610,79.984,2,0.2,13.9972,2014,3,4,314,492
0,0,1,0,1,0,0,1,1,0,0,0,0,0,0,0,0,0,0,0,0,1,0,0,0,0,98198,18.54,2,0,8.7138,2015,9,6,19,506
0,0,1,1,0,1,0,0,1,0,0,0,0,0,0,0,1,0,0,0,0,0,0,0,0,0,19140,24.4,2,0.2,7.93,2015,11,4,537,587
1,0,0,0,0,0,1,0,1,0,0,0,0,0,0,0,0,0,0,0,0,1,0,0,0,0,30318,195.64,4,0,91.9508,2017,5,0,39,184
0,1,0,0,0,0,0,0,0,1,0,0,0,0,0,0,0,0,0,0,0,0,0,0,0,0,75217,398.4,5,0.2,84.66,2015,1,5,157,985
0,1,0,0,0,0,0,0,1,0,0,1,0,0,0,0,0,0,0,0,0,0,0,0,0,0,75217,7.056,3,0.2,0.7938,2015,1,5,157,985
0,1,0,0,0,0,0,0,0,0,0,0,0,1,0,0,0,0,0,0,0,0,0,0,0,0,75217,1352.3976,9,0.32,-437.5404,2015,1,5,157,985
0,0,0,0,0,0,0,1,1,0,0,0,0,0,0,0,0,0,0,0,0,1,0,0,0,0,92553,26.4,5,0,11.88,2015,9,3,10,2001
0,0,0,0,0,0,0,1,1,0,0,0,0,0,0,0,0,0,0,0,0,0,0,1,0,0,92553,41.88,6,0,0.8376,2015,9,3,10,2001
0,0,1,0,0,1,0,0,1,0,0,0,1,0,0,0,0,0,0,0,0,0,0,0,0,0,19140,99.846,9,0.7,-83.205,2016,4,4,537,587
0,1,0,0,0,0,1,0,0,1,0,0,0,0,0,0,0,0,0,0,0,0,1,0,0,0,40324,699.98,2,0,195.9944,2016,12,2,8,139
0,1,0,0,0,0,1,0,1,0,0,0,0,0,0,0,0,0,0,0,0,0,0,1,0,0,40324,584.82,9,0,70.1784,2016,12,2,8,139
0,0,1,0,0,0,0,0,1,0,0,0,1,0,0,0,0,0,0,0,0,0,0,0,0,0,55407,43.98,2,0,21.99,2015,5,4,23,89
0,0,1,0,0,0,0,0,0,1,0,0,0,0,0,0,0,0,0,0,0,0,1,0,0,0,55407,377.97,3,0,105.8316,2015,5,4,23,89
0,0,1,0,0,0,0,0,0,0,0,0,0,0,0,0,0,0,1,0,0,0,0,0,0,0,55407,123.96,3,0,11.1564,2015,5,4,23,89
0,0,0,0,0,1,0,0,0,1,0,0,0,0,0,0,0,0,0,0,0,0,1,0,0,0,19805,391.98,2,0,113.6742,2017,9,2,36,96
0,0,1,0,0,0,1,0,0,1,0,0,0,0,0,0,0,0,0,0,0,0,0,0,0,0,27217,383.976,3,0.2,81.5949,2017,11,7,25,249
0,0,1,0,0,0,1,0,0,0,0,0,0,0,0,0,0,0,0,0,0,0,0,0,0,1,27217,1781.682,7,0.4,-653.2834,2017,11,7,25,249
0,0,1,0,1,0,0,1,1,0,0,1,0,0,0,0,0,0,0,0,0,0,0,0,0,0,90008,21.4,5,0,6.206,2017,1,4,747,2001
0,0,1,0,1,0,0,0,0,1,0,0,0,0,0,1,0,0,0,0,0,0,0,0,0,0,48183,549.99,1,0,274.995,2014,8,4,13,255
0,0,1,0,1,0,0,0,1,0,1,0,0,0,0,0,0,0,0,0,0,0,0,0,0,0,48183,167.535,3,0.1,37.23,2014,8,4,13,255
0,0,1,0,1,0,0,0,1,0,0,0,0,0,0,0,1,0,0,0,0,0,0,0,0,0,48183,38.34,3,0,17.253,2014,8,4,13,255
0,0,1,0,1,0,0,0,0,0,0,0,0,0,0,0,0,0,1,0,0,0,0,0,0,0,48183,53.88,6,0,22.6296,2014,8,4,13,255
0,0,1,0,1,0,0,0,0,1,0,0,0,0,0,0,0,0,0,0,0,0,1,0,0,0,48183,299.98,2,0,83.9944,2014,8,4,13,255
1,0,0,0,0,0,0,1,1,0,0,0,0,0,0,0,0,0,0,0,0,0,0,1,0,0,94109,62.8,4,0,15.7,2015,11,0,510,2001
0,1,0,0,0,0,0,1,1,0,0,0,1,0,0,0,0,0,0,0,0,0,0,0,0,0,90049,13.904,2,0.2,4.5188,2017,4,4,747,2001
0,1,0,0,0,0,0,0,0,0,0,0,0,0,0,0,0,0,0,0,0,0,0,0,0,1,77070,744.1,5,0.3,-95.67,2014,4,2,377,985
0,1,0,0,0,0,0,0,1,0,0,0,0,0,0,0,0,0,0,0,0,0,0,1,0,0,77070,44.84,5,0.2,5.605,2014,4,2,377,985
0,1,0,0,0,0,0,0,0,0,0,0,0,0,0,0,0,0,0,0,0,0,0,0,0,1,77070,401.59,2,0.3,-131.951,2014,4,2,377,985
0,0,1,0,1,0,0,0,1,0,0,0,1,0,0,0,0,0,0,0,0,0,0,0,0,0,53209,18.24,3,0,8.5728,2017,11,6,45,110
0,0,1,0,0,0,0,1,0,0,0,0,0,1,0,0,0,0,0,0,0,0,0,0,0,0,94122,359.499,3,0.15,-29.6058,2017,11,4,510,2001
0,0,1,0,0,0,0,1,1,0,0,0,0,0,0,0,0,0,0,0,0,0,0,1,0,0,94122,10.48,1,0,2.8296,2017,11,4,510,2001
1,0,0,0,1,1,0,0,1,0,0,0,0,0,0,0,0,0,0,0,0,1,0,0,0,0,44105,20.736,4,0.2,7.2576,2015,12,0,42,469
0,0,1,0,0,0,1,0,0,1,0,0,0,0,0,0,0,0,0,0,0,0,0,0,0,0,28110,35.168,4,0.2,8.3524,2016,9,4,21,249
0,0,1,0,0,0,1,0,1,0,0,0,0,0,0,0,0,0,0,0,0,1,0,0,0,0,28110,64.704,3,0.2,23.4552,2016,9,4,21,249
0,1,0,1,0,1,0,0,1,0,0,0,0,0,0,0,0,0,0,0,0,1,0,0,0,0,1852,105.52,4,0,48.5392,2016,6,3,16,135
0,0,1,0,1,0,0,0,1,0,0,0,1,0,0,0,0,0,0,0,0,0,0,0,0,0,75081,5.792,2,0.8,-9.5568,2015,6,4,157,985
0,0,1,1,0,1,0,0,0,1,0,0,0,0,0,0,0,0,0,0,0,0,1,0,0,0,19120,466.158,7,0.4,-93.2316,2015,3,4,537,587
0,0,1,1,0,1,0,0,0,1,0,0,0,0,0,0,0,0,0,0,0,0,0,0,0,0,19120,10.312,1,0.2,-1.289,2015,3,4,537,587
0,0,1,1,0,1,0,0,1,0,0,0,1,0,0,0,0,0,0,0,0,0,0,0,0,0,19120,2.556,3,0.7,-1.7892,2015,3,4,537,587
0,0,0,1,0,0,0,1,1,0,0,0,0,0,0,0,0,0,0,0,0,1,0,0,0,0,80538,7.968,2,0.2,2.8884,2017,8,3,4,182
0,0,0,1,0,0,0,1,1,0,0,0,0,0,0,0,1,0,0,0,0,0,0,0,0,0,80538,8.784,1,0.2,3.1842,2017,8,3,4,182
0,0,1,0,0,0,0,1,1,0,0,0,0,0,0,0,0,1,0,0,0,0,0,0,0,0,80538,3.024,3,0.2,-0.6048,2017,12,4,4,182
0,0,1,1,0,1,0,0,1,0,0,0,0,0,0,0,0,0,0,0,0,0,0,1,0,0,2895,51.45,3,0,13.8915,2015,5,4,4,56
0,0,1,0,0,0,0,0,1,0,1,0,0,0,0,0,0,0,0,0,0,0,0,0,0,0,60610,14.016,4,0.8,-31.536,2014,12,4,314,492
0,0,1,0,0,0,0,0,0,0,0,0,0,0,0,0,0,0,0,0,0,0,0,0,0,1,60610,214.95,5,0.5,-120.372,2014,12,4,314,492
0,0,1,0,0,0,0,0,0,1,0,0,0,0,0,0,0,0,0,0,0,0,1,0,0,0,60610,35.04,4,0.2,-7.008,2014,12,4,314,492
0,0,1,0,0,0,0,0,0,0,0,0,0,0,0,0,0,0,1,0,0,0,0,0,0,0,60610,10.776,3,0.6,-4.8492,2014,12,4,314,492
0,0,1,0,0,0,0,0,1,0,0,0,1,0,0,0,0,0,0,0,0,0,0,0,0,0,60610,4.6,2,0.8,-8.05,2014,12,4,314,492
0,0,1,0,0,0,0,0,1,0,0,0,0,0,0,0,0,0,0,0,0,0,0,1,0,0,60610,35.168,2,0.2,-8.3524,2014,12,4,314,492
0,0,1,0,1,0,0,1,1,0,0,0,1,0,0,0,0,0,0,0,0,0,0,0,0,0,93309,19.152,3,0.2,6.4638,2015,8,5,16,2001
1,0,0,0,0,0,0,0,1,0,0,1,0,0,0,0,0,0,0,0,0,0,0,0,0,0,75217,4.448,2,0.2,0.3336,2014,3,0,157,985
1,0,0,0,0,0,0,0,1,0,0,0,0,0,0,0,0,0,0,0,0,1,0,0,0,0,75217,5.184,1,0.2,1.8792,2014,3,0,157,985
1,0,0,0,0,0,0,0,1,0,0,0,0,0,0,0,0,0,0,0,0,1,0,0,0,0,75217,15.552,3,0.2,5.4432,2014,3,0,157,985
0,1,0,0,0,1,0,0,1,0,0,0,0,0,0,0,0,0,0,0,0,1,0,0,0,0,19140,40.032,6,0.2,12.51,2015,3,4,537,587
0,1,0,0,0,1,0,0,0,1,0,0,0,0,0,0,0,0,0,0,0,0,0,0,0,0,19140,16.776,3,0.2,5.0328,2015,3,4,537,587
0,0,1,0,0,0,1,0,0,0,0,0,0,0,1,0,0,0,0,0,0,0,0,0,0,0,32725,186.304,4,0.2,13.9728,2014,12,6,5,383
0,0,1,1,0,0,1,0,0,1,0,0,0,0,0,0,0,0,0,0,0,0,0,0,0,0,31907,66.36,4,0,23.226,2015,9,7,222,184
0,0,0,0,1,0,1,0,1,0,0,1,0,0,0,0,0,0,0,0,0,0,0,0,0,0,37211,42.048,9,0.2,5.256,2017,4,1,29,183
0,0,0,0,1,0,1,0,1,0,0,1,0,0,0,0,0,0,0,0,0,0,0,0,0,0,37211,67.92,5,0.2,6.792,2017,4,1,29,183
0,0,1,1,0,1,0,0,1,0,0,0,0,0,0,0,1,0,0,0,0,0,0,0,0,0,19134,52.512,6,0.2,19.692,2014,10,4,537,587
0,0,1,1,0,1,0,0,1,0,0,0,0,0,0,0,0,0,0,0,0,0,0,1,0,0,19134,186.912,6,0.2,-35.046,2014,10,4,537,587
0,0,1,1,0,1,0,0,1,0,0,0,0,0,0,0,0,0,0,0,0,1,0,0,0,0,19134,10.048,4,0.2,3.14,2014,10,4,537,587
1,0,0,0,0,0,0,0,0,0,0,0,0,0,0,0,0,0,1,0,0,0,0,0,0,0,60610,17.496,9,0.6,-7.4358,2015,11,0,314,492
0,1,0,0,0,0,0,0,1,0,0,0,0,0,0,0,0,0,0,0,0,1,0,0,0,0,75220,15.552,3,0.2,5.4432,2016,1,2,157,985
0,0,1,0,0,0,0,1,1,0,0,0,1,0,0,0,0,0,0,0,0,0,0,0,0,0,88220,10.776,3,0.2,3.3675,2016,11,5,11,37
0,0,1,0,0,1,0,0,1,0,0,0,0,0,0,0,0,0,0,1,0,0,0,0,0,0,19134,3.304,1,0.2,1.0738,2017,7,4,537,587
0,0,1,0,0,1,0,0,1,0,0,0,0,0,0,0,0,0,0,0,0,0,0,1,0,0,10009,35.48,1,0,0,2017,11,6,915,1128
0,0,1,0,0,1,0,0,1,0,0,0,0,0,0,0,0,1,0,0,0,0,0,0,0,0,11572,34.44,3,0,16.1868,2015,9,7,30,1128
0,0,1,0,0,1,0,0,0,1,0,0,0,0,0,0,0,0,0,0,1,0,0,0,0,0,11572,629.93,7,0,296.0671,2015,9,7,30,1128
0,0,1,0,0,1,0,0,1,0,0,0,1,0,0,0,0,0,0,0,0,0,0,0,0,0,11572,79.056,9,0.2,28.6578,2015,9,7,30,1128
0,0,1,1,0,0,1,0,1,0,0,0,0,0,0,0,0,0,0,0,0,0,0,1,0,0,70506,232.55,5,0,9.302,2014,4,4,31,42
0,0,1,1,0,0,1,0,0,1,0,0,0,0,0,0,0,0,0,0,0,0,0,0,0,0,70506,99.98,2,0,42.9914,2014,4,4,31,42
0,0,1,1,0,0,1,0,1,0,0,0,0,0,0,0,0,0,0,0,0,1,0,0,0,0,70506,19.44,3,0,9.3312,2014,4,4,31,42
0,0,1,1,0,0,1,0,1,0,0,0,0,0,0,0,0,0,0,0,0,1,0,0,0,0,70506,12.96,2,0,6.3504,2014,4,4,31,42
1,0,0,0,0,1,0,0,0,0,0,0,0,0,0,0,0,0,0,0,0,0,0,0,0,1,10009,464.292,9,0.4,-108.3348,2014,9,0,915,1128
1,0,0,0,0,1,0,0,1,0,0,0,0,0,0,0,1,0,0,0,0,0,0,0,0,0,10009,68.46,7,0,31.4916,2014,9,0,915,1128
1,0,0,0,0,1,0,0,0,1,0,0,0,0,0,0,0,0,0,0,1,0,0,0,0,0,10009,2799.96,4,0,1371.9804,2014,9,0,915,1128
1,0,0,0,0,1,0,0,1,0,1,0,0,0,0,0,0,0,0,0,0,0,0,0,0,0,10009,601.3,2,0,198.429,2014,9,0,915,1128
1,0,0,0,0,1,0,0,0,1,0,0,0,0,0,0,0,0,0,0,0,0,1,0,0,0,10009,16.99,1,0,4.4174,2014,9,0,915,1128
1,0,0,0,0,1,0,0,0,1,0,0,0,0,0,0,0,0,0,0,0,0,1,0,0,0,10009,287.97,3,0,80.6316,2014,9,0,915,1128
1,0,0,0,0,1,0,0,1,0,0,0,0,0,0,0,0,0,0,0,0,1,0,0,0,0,10009,44.82,9,0,21.0654,2014,9,0,915,1128
0,0,1,1,0,0,0,1,0,0,0,0,0,0,0,0,0,0,1,0,0,0,0,0,0,0,92804,101.12,8,0,37.4144,2017,12,7,27,2001
0,0,1,0,0,0,1,0,0,1,0,0,0,0,0,0,0,0,0,0,0,0,1,0,0,0,32725,107.976,3,0.2,37.7916,2015,6,6,5,383
0,0,1,0,1,1,0,0,1,0,1,0,0,0,0,0,0,0,0,0,0,0,0,0,0,0,10009,58.73,7,0,14.6825,2017,11,4,915,1128
0,0,1,0,1,1,0,0,1,0,0,0,1,0,0,0,0,0,0,0,0,0,0,0,0,0,10009,93.344,4,0.2,32.6704,2017,11,4,915,1128
0,0,1,0,1,0,0,1,1,0,0,0,0,0,0,0,0,1,0,0,0,0,0,0,0,0,98103,17.05,5,0,8.184,2016,10,5,428,506
0,0,1,0,0,0,0,1,1,0,0,0,1,0,0,0,0,0,0,0,0,0,0,0,0,0,92105,8.096,2,0.2,2.7324,2015,12,5,170,2001
0,0,1,1,0,0,0,0,0,0,0,0,0,0,0,0,0,0,1,0,0,0,0,0,0,0,73120,30.36,4,0,13.0548,2016,11,4,23,66
0,0,1,0,0,1,0,0,1,0,0,0,0,0,0,0,1,0,0,0,0,0,0,0,0,0,10550,23.34,3,0,10.9698,2017,9,6,8,1128
0,0,1,0,0,1,0,0,1,0,0,0,0,0,0,0,0,0,0,0,0,1,0,0,0,0,10550,51.55,5,0,24.2285,2017,9,6,8,1128
0,0,1,0,0,0,0,1,0,1,0,0,0,0,0,0,0,0,0,0,0,0,0,0,0,0,94109,119.9,2,0,43.164,2015,11,4,510,2001
0,0,1,0,0,1,0,0,0,0,0,0,0,0,1,0,0,0,0,0,0,0,0,0,0,0,10009,1317.492,6,0.1,292.776,2016,4,4,915,1128
0,0,1,0,0,1,0,0,1,0,0,0,0,0,0,0,0,0,0,0,0,0,0,0,1,0,10009,63.84,8,0,18.5136,2016,4,4,915,1128
0,0,1,0,0,1,0,0,1,0,0,0,1,0,0,0,0,0,0,0,0,0,0,0,0,0,10009,3.592,1,0.2,1.1225,2016,4,4,915,1128
0,0,1,0,0,0,0,1,0,0,0,0,0,0,0,0,0,0,1,0,0,0,0,0,0,0,90045,86.26,2,0,29.3284,2017,2,5,747,2001
0,0,1,0,0,0,0,1,1,0,0,0,0,0,0,0,0,0,0,0,0,0,0,1,0,0,90045,139.04,4,0,38.9312,2017,2,5,747,2001
0,0,1,0,0,0,0,1,1,0,1,0,0,0,0,0,0,0,0,0,0,0,0,0,0,0,90045,46.8,4,0,16.38,2017,2,5,747,2001
0,0,1,0,1,0,0,1,0,0,0,0,0,0,0,0,0,0,1,0,0,0,0,0,0,0,85224,8.544,4,0.2,1.9224,2017,12,7,7,224
0,0,1,0,1,0,0,1,0,0,0,0,0,0,1,0,0,0,0,0,0,0,0,0,0,0,85224,842.376,3,0.2,105.297,2017,12,7,7,224
1,0,0,0,0,1,0,0,0,1,0,0,0,0,0,0,0,0,0,0,0,0,1,0,0,0,11561,1214.85,3,0,352.3065,2014,6,0,61,1128
0,1,0,1,0,0,0,1,1,0,0,0,0,0,0,0,0,0,0,0,0,0,0,1,0,0,94109,67.78,2,0,16.945,2017,3,4,510,2001
0,0,0,1,0,0,0,1,1,0,0,0,0,0,0,0,0,0,0,0,0,0,0,1,0,0,59601,39.9,5,0,10.374,2017,9,3,3,15
0,0,1,0,0,1,0,0,1,0,0,0,1,0,0,0,0,0,0,0,0,0,0,0,0,0,10011,2.688,1,0.2,0.84,2014,6,6,915,1128
0,0,1,0,0,1,0,0,1,0,0,1,0,0,0,0,0,0,0,0,0,0,0,0,0,0,10011,6.6,3,0,2.904,2014,6,6,915,1128
0,0,0,0,0,0,0,0,1,0,0,0,1,0,0,0,0,0,0,0,0,0,0,0,0,0,63122,28.4,4,0,13.064,2015,8,1,2,66
0,0,0,0,0,0,0,0,0,0,0,0,0,0,0,0,0,0,1,0,0,0,0,0,0,0,63122,212.94,3,0,34.0704,2015,8,1,2,66
0,1,0,0,1,0,0,0,0,1,0,0,0,0,0,0,0,0,0,0,0,0,1,0,0,0,60653,1001.584,2,0.2,125.198,2017,6,4,314,492
0,1,0,0,1,0,0,0,0,0,0,0,0,0,1,0,0,0,0,0,0,0,0,0,0,0,60653,569.058,3,0.3,-178.8468,2017,6,4,314,492
0,1,0,0,1,0,0,0,0,0,0,0,0,0,0,0,0,0,1,0,0,0,0,0,0,0,60653,14.224,2,0.6,-10.3124,2017,6,4,314,492
0,1,0,1,0,0,0,1,0,1,0,0,0,0,0,0,0,0,0,0,0,0,1,0,0,0,85345,105.584,2,0.2,9.2386,2015,10,4,23,224
0,1,0,1,0,0,0,1,0,1,0,0,0,0,0,0,0,0,0,0,0,0,1,0,0,0,85345,68.72,2,0.2,-14.603,2015,10,4,23,224
0,0,1,1,0,0,0,1,0,0,0,0,0,1,0,0,0,0,0,0,0,0,0,0,0,0,98103,1367.84,8,0,259.8896,2014,7,6,428,506
0,1,0,0,0,0,0,0,0,0,0,0,0,0,1,0,0,0,0,0,0,0,0,0,0,0,48180,301.96,2,0,33.2156,2016,11,5,3,255
0,0,1,0,0,0,0,1,0,0,0,0,0,0,1,0,0,0,0,0,0,0,0,0,0,0,91104,170.352,3,0.2,-17.0352,2015,7,5,42,2001
0,0,1,0,0,0,0,0,1,0,0,1,0,0,0,0,0,0,0,0,0,0,0,0,0,0,48640,3.9,2,0,1.521,2014,11,6,12,255
0,0,1,0,0,0,0,0,1,0,0,0,0,0,0,0,0,0,0,0,0,1,0,0,0,0,48640,12.84,3,0,5.778,2014,11,6,12,255
0,0,1,0,0,0,0,0,1,0,0,0,0,0,0,0,0,0,0,0,0,1,0,0,0,0,48640,15.84,3,0,7.128,2014,11,6,12,255
0,0,1,0,0,0,0,0,0,0,0,0,0,0,1,0,0,0,0,0,0,0,0,0,0,0,48640,563.94,3,0,112.788,2014,11,6,12,255
0,0,1,0,0,0,0,0,1,0,0,0,0,0,0,0,0,0,0,0,0,0,0,1,0,0,48640,62.94,3,0,11.9586,2014,11,6,12,255
0,0,1,0,0,0,0,0,1,0,0,0,0,0,0,0,0,0,0,0,0,0,0,1,0,0,48640,535.41,3,0,160.623,2014,11,6,12,255
0,1,0,1,0,0,0,0,0,0,0,0,0,0,1,0,0,0,0,0,0,0,0,0,0,0,48205,3504.9,5,0,700.98,2016,5,2,115,255
0,1,0,1,0,0,0,0,1,0,0,0,0,0,0,0,0,0,0,0,0,1,0,0,0,0,48205,144.12,3,0,69.1776,2016,5,2,115,255
0,1,0,1,0,0,0,0,1,0,0,0,0,0,0,0,0,0,0,0,0,1,0,0,0,0,48205,314.55,3,0,150.984,2016,5,2,115,255
0,0,0,1,0,0,0,1,1,0,0,1,0,0,0,0,0,0,0,0,0,0,0,0,0,0,81001,3.408,1,0.2,0.8946,2015,3,2,8,182
0,0,1,0,0,0,0,0,1,0,0,0,1,0,0,0,0,0,0,0,0,0,0,0,0,0,76706,2.072,2,0.8,-3.5224,2017,10,5,6,985
0,0,1,0,0,0,0,0,0,0,0,0,0,1,0,0,0,0,0,0,0,0,0,0,0,0,76706,328.3992,3,0.32,-91.7586,2017,10,5,6,985
0,0,0,0,0,0,0,1,1,0,0,0,1,0,0,0,0,0,0,0,0,0,0,0,0,0,94109,53.248,2,0.2,19.968,2016,11,3,510,2001
0,0,1,1,0,1,0,0,1,0,0,0,1,0,0,0,0,0,0,0,0,0,0,0,0,0,10024,4.992,3,0.2,1.6848,2016,12,4,915,1128
0,0,1,1,0,0,0,1,0,0,0,0,0,0,0,0,0,0,1,0,0,0,0,0,0,0,90036,37.68,2,0,15.8256,2015,4,6,747,2001
0,0,1,1,0,0,0,1,0,1,0,0,0,0,0,0,0,0,0,0,0,0,1,0,0,0,90036,258.576,2,0.2,19.3932,2015,4,6,747,2001
0,0,1,1,0,0,0,1,1,0,1,0,0,0,0,0,0,0,0,0,0,0,0,0,0,0,90036,75.84,2,0,29.5776,2015,4,6,747,2001
0,0,0,1,0,1,0,0,1,0,0,0,0,0,0,0,0,0,0,0,0,1,0,0,0,0,2895,45.36,7,0,21.7728,2017,9,3,4,56
0,0,0,1,0,1,0,0,1,0,0,0,1,0,0,0,0,0,0,0,0,0,0,0,0,0,2895,45.78,3,0,22.89,2017,9,3,4,56
0,0,0,0,0,0,1,0,1,0,0,0,0,0,0,0,0,0,0,0,0,0,0,1,0,0,31907,40.29,3,0,10.0725,2017,9,3,222,184
0,0,0,0,0,0,1,0,1,0,0,0,1,0,0,0,0,0,0,0,0,0,0,0,0,0,31907,38.71,7,0,17.8066,2017,9,3,222,184
0,0,1,0,0,0,1,0,1,0,0,0,0,0,0,0,0,0,0,0,0,0,0,1,0,0,32216,1801.632,6,0.2,-337.806,2015,10,5,125,383
0,0,1,0,1,1,0,0,0,1,0,0,0,0,0,0,0,0,0,0,0,0,1,0,0,0,19140,748.752,8,0.4,-162.2296,2015,11,6,537,587
0,0,1,0,0,0,0,0,0,1,0,0,0,0,0,0,0,0,0,0,0,0,0,0,0,0,47201,199.96,4,0,15.9968,2015,9,5,222,149
0,0,1,0,0,0,0,0,0,0,0,0,0,0,1,0,0,0,0,0,0,0,0,0,0,0,47201,1516.2,7,0,394.212,2015,9,5,222,149
0,0,1,0,0,0,0,0,0,1,0,0,0,0,0,0,0,0,0,0,0,0,0,0,0,0,77506,167.952,6,0.2,-27.2922,2017,11,4,42,985
0,0,1,0,0,0,0,0,1,0,0,1,0,0,0,0,0,0,0,0,0,0,0,0,0,0,77506,45.04,2,0.2,4.504,2017,11,4,42,985
0,0,1,0,0,0,0,1,1,0,0,0,0,0,0,0,1,0,0,0,0,0,0,0,0,0,94122,23.16,2,0,11.58,2017,5,4,510,2001
0,1,0,1,0,0,1,0,0,0,0,0,0,0,0,0,0,0,1,0,0,0,0,0,0,0,29203,397.6,5,0,43.736,2014,11,3,81,42
0,1,0,1,0,0,1,0,1,0,0,0,0,0,0,0,0,0,0,0,0,1,0,0,0,0,29203,85.96,7,0,40.4012,2014,11,3,81,42
0,1,0,1,0,0,1,0,1,0,0,1,0,0,0,0,0,0,0,0,0,0,0,0,0,0,29203,13.12,4,0,4.3296,2014,11,3,81,42
0,1,0,1,0,0,1,0,1,0,0,0,1,0,0,0,0,0,0,0,0,0,0,0,0,0,29203,45.66,3,0,22.3734,2014,11,3,81,42
0,0,1,0,0,0,0,1,1,0,0,0,0,0,0,0,1,0,0,0,0,0,0,0,0,0,98031,158.13,3,0,77.4837,2014,5,5,13,506
0,0,1,0,0,0,0,1,0,1,0,0,0,0,0,0,0,0,0,0,0,0,1,0,0,0,98031,43.6,5,0.2,4.36,2014,5,5,13,506
0,0,1,0,0,0,0,0,1,0,0,0,0,0,0,0,0,0,0,0,0,0,0,0,1,0,78664,3930.072,3,0.2,-786.0144,2016,3,5,7,985
0,0,1,0,0,0,0,0,1,0,0,0,0,0,0,0,0,1,0,0,0,0,0,0,0,0,78664,2.304,1,0.2,0.7776,2016,3,5,7,985
0,0,1,0,0,0,0,0,0,1,0,0,0,0,0,0,0,0,0,0,0,0,1,0,0,0,78664,431.976,3,0.2,32.3982,2016,3,5,7,985
0,0,1,0,0,0,0,0,0,1,0,0,0,0,0,0,0,0,0,0,0,0,0,0,0,0,78664,41.72,7,0.2,5.7365,2016,3,5,7,985
0,0,1,0,0,0,0,1,0,0,0,0,0,0,0,0,0,0,1,0,0,0,0,0,0,0,94601,104.23,7,0,28.1421,2015,8,4,26,2001
0,0,1,0,0,0,0,1,1,0,0,0,0,0,0,0,0,0,0,0,0,0,0,1,0,0,94601,70.26,3,0,18.9702,2015,8,4,26,2001
0,0,1,0,0,1,0,0,1,0,0,1,0,0,0,0,0,0,0,0,0,0,0,0,0,0,13021,9.26,2,0,3.0558,2015,9,6,24,1128
0,0,1,0,0,1,0,0,1,0,0,0,0,0,0,0,0,0,0,0,0,0,0,1,0,0,13021,105.98,2,0,4.2392,2015,9,6,24,1128
0,0,1,0,0,1,0,0,1,0,0,0,0,0,0,0,0,1,0,0,0,0,0,0,0,0,13021,1.24,1,0,0.5828,2015,9,6,24,1128
0,0,1,0,0,1,0,0,1,0,0,0,0,0,0,0,0,0,0,1,0,0,0,0,0,0,13021,20.7,2,0,9.936,2015,9,6,24,1128
0,0,1,0,0,1,0,0,1,0,0,0,0,0,0,0,0,0,0,0,0,1,0,0,0,0,13021,28.9,5,0,14.161,2015,9,6,24,1128
0,0,1,0,0,1,0,0,1,0,0,0,0,0,0,0,1,0,0,0,0,0,0,0,0,0,13021,27.18,1,0,12.7746,2015,9,6,24,1128
0,0,1,1,0,1,0,0,1,0,0,0,0,0,0,0,0,0,0,0,0,0,0,1,0,0,19711,465.18,3,0,120.9468,2015,1,6,95,96
0,1,0,0,0,1,0,0,1,0,0,0,0,0,0,0,0,0,0,0,0,0,0,1,0,0,10024,36.63,3,0,9.8901,2015,5,4,915,1128
1,0,0,0,0,0,0,1,1,0,0,0,0,0,0,0,0,0,0,0,0,0,0,1,0,0,92374,51.45,3,0,13.8915,2016,9,0,16,2001
1,0,0,0,0,0,0,1,1,0,0,0,0,0,0,0,0,0,0,1,0,0,0,0,0,0,92374,7.83,3,0,3.6018,2016,9,0,16,2001
1,0,0,0,0,0,0,1,1,0,0,1,0,0,0,0,0,0,0,0,0,0,0,0,0,0,92374,35.4,5,0,13.452,2016,9,0,16,2001
1,0,0,0,0,0,0,1,1,0,0,0,0,0,0,0,0,0,0,0,0,1,0,0,0,0,92374,29.9,5,0,13.455,2016,9,0,16,2001
0,0,1,0,0,0,0,0,1,0,0,0,0,0,0,0,1,0,0,0,0,0,0,0,0,0,48066,17.48,2,0,8.2156,2017,9,6,26,255
0,1,0,1,0,0,0,1,1,0,0,0,0,0,0,0,0,0,0,0,0,1,0,0,0,0,90049,79.14,3,0,36.4044,2017,4,2,747,2001
0,0,1,1,0,1,0,0,1,0,0,1,0,0,0,0,0,0,0,0,0,0,0,0,0,0,10011,8.4,5,0,4.2,2017,6,4,915,1128
1,0,0,0,0,0,0,0,0,0,0,0,0,0,1,0,0,0,0,0,0,0,0,0,0,0,48205,498.26,7,0,134.5302,2017,9,0,115,255
0,0,1,0,1,0,0,0,0,0,0,0,0,1,0,0,0,0,0,0,0,0,0,0,0,0,48234,212.94,3,0,57.4938,2014,6,6,115,255
0,1,0,0,1,0,0,0,1,0,1,0,0,0,0,0,0,0,0,0,0,0,0,0,0,0,65807,706.86,7,0,197.9208,2017,5,4,163,66
0,1,0,0,1,0,0,0,0,1,0,0,0,0,0,0,0,0,0,0,0,0,1,0,0,0,65807,114.95,5,0,2.299,2017,5,4,163,66
0,1,0,0,1,0,0,0,1,0,0,0,1,0,0,0,0,0,0,0,0,0,0,0,0,0,65807,43.19,7,0,20.7312,2017,5,4,163,66
0,1,0,0,0,0,0,1,1,0,0,0,0,0,0,0,0,0,0,0,0,1,0,0,0,0,90036,166.44,3,0,79.8912,2017,9,5,747,2001
0,0,1,0,0,1,0,0,1,0,0,0,1,0,0,0,0,0,0,0,0,0,0,0,0,0,10011,36.56,5,0.2,12.796,2016,6,5,915,1128
0,0,1,0,0,1,0,0,1,0,0,0,1,0,0,0,0,0,0,0,0,0,0,0,0,0,10011,186.144,6,0.2,60.4968,2016,6,5,915,1128
0,0,1,0,0,1,0,0,0,0,0,0,0,1,0,0,0,0,0,0,0,0,0,0,0,0,10011,353.568,2,0.2,-44.196,2016,6,5,915,1128
0,0,1,0,1,0,0,1,1,0,0,0,0,0,0,0,0,0,0,0,0,1,0,0,0,0,94109,81.98,2,0,40.1702,2014,11,5,510,2001
0,1,0,0,0,0,0,1,1,0,0,0,1,0,0,0,0,0,0,0,0,0,0,0,0,0,93727,14.624,2,0.2,5.1184,2017,3,3,26,2001
0,1,0,0,0,0,0,1,0,0,0,0,0,0,0,0,0,0,0,0,0,0,0,0,0,1,93727,697.16,5,0.2,8.7145,2017,3,3,26,2001
0,1,0,0,0,0,0,1,0,0,0,0,0,0,0,0,0,0,1,0,0,0,0,0,0,0,93727,30.93,1,0,12.6813,2017,3,3,26,2001
0,1,0,0,0,0,0,1,1,0,0,0,1,0,0,0,0,0,0,0,0,0,0,0,0,0,93727,27.496,7,0.2,9.2799,2017,3,3,26,2001
0,0,1,1,0,0,1,0,0,0,0,0,0,0,1,0,0,0,0,0,0,0,0,0,0,0,71854,605.34,6,0,145.2816,2014,10,4,2,60
0,0,0,0,0,0,0,1,0,0,0,0,0,0,0,0,0,0,0,0,0,0,0,0,0,1,94110,210.008,1,0.2,2.6251,2017,8,1,510,2001
0,0,0,1,0,0,0,0,1,0,1,0,0,0,0,0,0,0,0,0,0,0,0,0,0,0,46203,54.96,3,0,15.9384,2016,11,3,23,149
0,0,1,0,0,1,0,0,0,0,0,0,0,0,0,0,0,0,1,0,0,0,0,0,0,0,21044,164.22,3,0,50.9082,2014,9,4,81,105
0,0,1,0,0,1,0,0,0,0,0,0,0,1,0,0,0,0,0,0,0,0,0,0,0,0,21044,362.94,3,0,36.294,2014,9,4,81,105
0,0,1,0,0,1,0,0,0,1,0,0,0,0,0,0,0,0,0,0,0,0,0,0,0,0,21044,59.98,2,0,26.3912,2014,9,4,81,105
0,0,1,0,0,0,0,1,1,0,0,0,0,0,0,0,0,0,0,0,0,0,0,1,0,0,95123,332.94,3,0,6.6588,2016,9,6,42,2001
0,0,1,0,0,0,0,1,1,0,0,0,1,0,0,0,0,0,0,0,0,0,0,0,0,0,95123,39.872,2,0.2,12.9584,2016,9,6,42,2001
0,1,0,1,0,0,0,1,1,0,0,0,0,0,0,0,0,0,0,0,0,0,0,0,1,0,98115,13.68,2,0,3.6936,2016,9,3,428,506
0,0,1,1,0,0,0,0,1,0,0,0,1,0,0,0,0,0,0,0,0,0,0,0,0,0,75007,3.318,3,0.8,-5.6406,2017,8,4,15,985
0,0,0,0,1,0,1,0,1,0,0,0,1,0,0,0,0,0,0,0,0,0,0,0,0,0,22204,10.44,1,0,4.8024,2016,7,1,60,224
0,1,0,1,0,0,0,1,0,0,0,0,0,0,0,0,0,0,0,0,0,0,0,0,0,1,90032,136.464,2,0.2,15.3522,2016,8,2,747,2001
0,1,0,1,0,0,0,1,0,1,0,0,0,0,0,0,0,0,0,0,0,0,1,0,0,0,90032,333.576,3,0.2,33.3576,2016,8,2,747,2001
0,1,0,1,0,0,0,1,1,0,0,0,1,0,0,0,0,0,0,0,0,0,0,0,0,0,90032,12.544,2,0.2,4.704,2016,8,2,747,2001
0,0,1,0,0,0,0,0,1,0,1,0,0,0,0,0,0,0,0,0,0,0,0,0,0,0,60423,20.768,8,0.8,-52.9584,2015,5,6,2,492
0,1,0,0,0,0,0,1,0,1,0,0,0,0,0,0,0,0,0,0,0,0,0,0,0,0,98105,43.5,3,0,10.875,2017,11,2,428,506
0,0,1,1,0,1,0,0,1,0,0,0,0,0,0,0,0,1,0,0,0,0,0,0,0,0,19143,12.576,4,0.2,4.0872,2015,4,5,537,587
0,0,1,0,0,0,1,0,0,1,0,0,0,0,0,0,0,0,0,0,0,0,0,0,0,0,31907,249.95,5,0,19.996,2016,12,6,222,184
0,0,1,0,0,0,1,0,1,0,0,0,0,0,0,0,0,0,0,0,0,1,0,0,0,0,31907,49.12,4,0,23.0864,2016,12,6,222,184
0,0,0,0,0,0,1,0,1,0,1,0,0,0,0,0,0,0,0,0,0,0,0,0,0,0,23464,182.91,3,0,53.0439,2015,10,3,16,224
0,1,0,0,1,0,0,1,1,0,0,0,1,0,0,0,0,0,0,0,0,0,0,0,0,0,98198,107.648,2,0.2,33.64,2014,3,4,19,506
0,1,0,1,0,1,0,0,0,0,0,0,0,0,1,0,0,0,0,0,0,0,0,0,0,0,18018,99.372,2,0.3,-7.098,2015,3,2,5,587
0,1,0,1,0,1,0,0,0,0,0,0,0,0,0,0,0,0,1,0,0,0,0,0,0,0,18018,33.568,2,0.2,-5.4548,2015,3,2,5,587
0,0,1,0,0,0,0,0,1,0,0,0,0,0,0,0,0,0,0,0,0,1,0,0,0,0,73120,10.56,2,0,4.752,2016,8,6,23,66
0,0,1,0,0,0,0,1,1,0,0,0,0,0,0,0,0,0,0,0,0,1,0,0,0,0,91730,38.88,6,0,18.6624,2017,1,5,4,2001
0,0,0,0,0,0,0,1,1,0,0,0,0,0,0,0,0,0,0,0,0,1,0,0,0,0,90032,35.2,5,0,16.544,2017,10,2,747,2001
0,0,1,0,1,1,0,0,1,0,0,0,0,0,0,0,0,0,0,0,0,1,0,0,0,0,19120,45.528,3,0.2,15.9348,2017,10,6,537,587
0,0,0,0,1,0,0,0,0,1,0,0,0,0,0,0,0,0,0,0,0,0,1,0,0,0,77036,196.776,3,0.2,14.7582,2014,9,3,377,985
0,0,0,0,1,0,0,0,1,0,0,0,1,0,0,0,0,0,0,0,0,0,0,0,0,0,77036,2.92,2,0.8,-4.818,2014,9,3,377,985
0,0,0,0,1,0,0,0,0,0,0,0,0,0,0,0,0,0,0,0,0,0,0,0,0,1,77036,200.795,1,0.3,-22.948,2014,9,3,377,985
0,0,0,0,1,0,0,0,0,1,0,0,0,0,0,0,0,0,0,0,0,0,0,0,0,0,77036,46.688,4,0.2,-2.918,2014,9,3,377,985
0,0,0,0,1,0,0,0,1,0,0,1,0,0,0,0,0,0,0,0,0,0,0,0,0,0,77036,21.864,3,0.2,3.5529,2014,9,3,377,985
0,0,0,1,0,0,0,1,1,0,0,0,0,0,0,0,0,0,0,0,0,1,0,0,0,0,98103,11.76,2,0,5.7624,2017,9,3,428,506
0,0,0,1,0,0,0,1,1,0,0,0,0,0,0,0,0,0,0,0,0,1,0,0,0,0,98103,167.94,3,0,82.2906,2017,9,3,428,506
0,0,0,1,0,0,0,1,1,0,1,0,0,0,0,0,0,0,0,0,0,0,0,0,0,0,98103,3.89,1,0,1.0114,2017,9,3,428,506
0,0,1,0,1,1,0,0,0,1,0,0,0,0,0,0,0,0,0,0,1,0,0,0,0,0,10701,52.44,4,0,24.1224,2017,11,5,15,1128
1,0,0,0,0,0,0,1,0,0,0,0,0,0,0,0,0,0,1,0,0,0,0,0,0,0,94110,32.36,4,0,11.6496,2017,9,0,510,2001
1,0,0,0,0,0,0,1,1,0,1,0,0,0,0,0,0,0,0,0,0,0,0,0,0,0,94110,406.6,5,0,113.848,2017,9,0,510,2001
1,0,0,1,0,0,0,1,0,0,0,0,0,0,0,0,0,0,1,0,0,0,0,0,0,0,90008,27.92,4,0,8.0968,2017,1,0,747,2001
1,0,0,1,0,0,0,1,0,0,0,0,0,0,0,0,0,0,0,0,0,0,0,0,0,1,90008,399.672,7,0.2,-14.9877,2017,1,0,747,2001
0,0,0,0,1,0,1,0,1,0,0,0,1,0,0,0,0,0,0,0,0,0,0,0,0,0,33142,3.744,4,0.7,-2.6208,2016,11,3,57,383
0,1,0,0,0,1,0,0,0,0,0,0,0,0,1,0,0,0,0,0,0,0,0,0,0,0,5408,715.2,3,0,178.8,2015,11,2,25,11
0,0,1,1,0,0,1,0,0,1,0,0,0,0,0,0,0,0,0,0,0,0,0,0,0,0,72701,159.8,4,0,70.312,2017,12,6,41,60
0,0,1,1,0,0,1,0,0,1,0,0,0,0,0,0,0,0,0,0,0,0,0,0,0,0,72701,44.75,5,0,8.5025,2017,12,6,41,60
0,0,1,0,1,0,0,0,0,0,0,0,0,0,1,0,0,0,0,0,0,0,0,0,0,0,79762,340.116,6,0.3,-9.7176,2014,9,4,5,985
0,0,1,0,0,0,1,0,1,0,0,0,0,0,0,0,0,0,0,0,0,1,0,0,0,0,23464,105.52,4,0,48.5392,2014,12,6,16,224
0,0,1,0,0,0,0,0,0,1,0,0,0,0,0,0,0,0,0,0,0,0,0,0,0,0,53209,13.48,1,0,1.8872,2017,9,4,45,110
0,0,1,0,0,0,0,0,1,0,0,0,0,0,0,0,0,0,0,0,0,0,0,1,0,0,48234,85.52,2,0,22.2352,2017,10,5,115,255
0,0,1,1,0,0,0,0,0,0,0,0,0,0,0,0,0,0,1,0,0,0,0,0,0,0,55901,6.16,2,0,2.9568,2015,9,5,53,89
0,0,1,1,0,0,0,0,1,0,0,0,0,0,0,0,0,0,0,0,0,1,0,0,0,0,55901,36.84,3,0,17.3148,2015,9,5,53,89
0,0,1,1,0,0,0,1,1,0,0,0,0,0,0,0,0,0,0,0,0,0,0,1,0,0,98105,15.84,3,0,0,2014,3,5,428,506
0,0,1,1,0,0,0,1,1,0,0,0,0,0,0,0,0,0,0,1,0,0,0,0,0,0,98105,44.4,3,0,22.2,2014,3,5,428,506
0,0,0,0,0,0,0,1,1,0,0,0,0,0,0,0,1,0,0,0,0,0,0,0,0,0,80027,21.24,9,0.2,7.434,2017,5,1,57,182
0,0,0,0,0,0,0,1,1,0,0,0,1,0,0,0,0,0,0,0,0,0,0,0,0,0,80027,9.552,8,0.7,-7.3232,2017,5,1,57,182
0,0,0,0,0,0,0,1,0,0,0,0,0,1,0,0,0,0,0,0,0,0,0,0,0,0,80027,89.991,3,0.7,-152.9847,2017,5,1,57,182
0,0,1,0,1,0,0,1,1,0,0,0,0,0,0,0,0,0,0,0,0,1,0,0,0,0,94122,163.96,4,0,80.3404,2017,4,5,510,2001
0,0,1,0,0,0,0,0,1,0,0,0,0,0,0,0,0,0,0,0,0,1,0,0,0,0,77036,17.904,2,0.2,6.2664,2014,9,7,377,985
0,0,1,0,0,0,0,0,0,0,0,0,0,0,1,0,0,0,0,0,0,0,0,0,0,0,77036,966.7,5,0.3,-13.81,2014,9,7,377,985
0,0,1,0,0,0,0,0,1,0,0,0,0,0,0,0,0,0,0,0,0,1,0,0,0,0,77036,182.112,6,0.2,61.4628,2014,9,7,377,985
0,0,0,0,0,0,1,0,1,0,0,0,0,0,0,0,0,0,0,0,0,0,0,1,0,0,33180,4.464,1,0.2,0.3348,2017,6,3,57,383
0,0,1,0,0,1,0,0,0,0,0,0,0,0,0,0,0,0,0,0,0,0,0,0,0,1,44256,51.588,1,0.4,-15.4764,2015,12,4,9,469
0,0,1,1,0,0,0,0,1,0,0,0,0,0,0,0,0,0,0,1,0,0,0,0,0,0,55113,50.4,8,0,23.184,2017,8,4,26,89
0,0,1,0,0,0,0,0,1,0,0,0,0,0,0,0,0,0,0,0,0,1,0,0,0,0,77041,89.568,2,0.2,32.4684,2017,3,5,377,985
0,0,1,0,0,1,0,0,0,0,0,0,0,0,0,0,0,0,1,0,0,0,0,0,0,0,10701,14.89,1,0,4.0203,2017,7,4,15,1128
0,0,1,0,0,1,0,0,0,1,0,0,0,0,0,0,0,0,0,0,0,0,1,0,0,0,10701,543.92,8,0,135.98,2017,7,4,15,1128
0,0,0,1,0,0,0,1,1,0,0,0,0,0,0,0,1,0,0,0,0,0,0,0,0,0,92037,4.08,2,0,1.9176,2016,9,3,170,2001
0,0,0,1,0,0,0,1,1,0,0,0,0,0,0,0,0,0,0,1,0,0,0,0,0,0,92037,18.9,3,0,8.694,2016,9,3,170,2001
0,0,1,1,0,0,1,0,0,0,0,0,0,0,0,0,0,0,0,0,0,0,0,0,0,1,22153,2275.5,10,0,386.835,2016,5,4,163,224
0,0,1,1,0,0,1,0,0,1,0,0,0,0,0,0,0,0,0,0,0,0,0,0,0,0,22153,1979.7,6,0,653.301,2016,5,4,163,224
0,0,1,1,0,0,1,0,1,0,0,0,0,0,0,0,0,0,0,1,0,0,0,0,0,0,22153,62.1,6,0,29.808,2016,5,4,163,224
0,0,1,0,0,0,0,0,0,0,0,0,0,0,1,0,0,0,0,0,0,0,0,0,0,0,62521,37.296,2,0.3,-1.0656,2014,11,4,35,492
0,0,0,0,1,0,0,0,0,0,0,0,0,0,0,0,0,0,1,0,0,0,0,0,0,0,75043,8.544,2,0.6,-7.476,2014,9,2,4,985
0,0,1,1,0,1,0,0,0,0,0,0,0,0,0,0,0,0,1,0,0,0,0,0,0,0,11572,68.95,5,0,28.959,2016,2,5,30,1128
0,0,1,1,0,1,0,0,1,0,0,0,0,0,0,0,0,0,0,0,0,0,0,1,0,0,11572,296.37,3,0,80.0199,2016,2,5,30,1128
0,0,1,1,0,1,0,0,0,1,0,0,0,0,0,0,0,0,0,0,0,0,1,0,0,0,11572,39.98,2,0,1.999,2016,2,5,30,1128
0,0,0,0,0,0,0,0,0,0,0,0,0,0,1,0,0,0,0,0,0,0,0,0,0,0,77095,191.058,3,0.3,-46.3998,2017,11,2,377,985
0,0,0,0,0,0,0,0,1,0,0,1,0,0,0,0,0,0,0,0,0,0,0,0,0,0,77095,13.04,5,0.2,3.912,2017,11,2,377,985
0,0,0,0,0,0,0,0,1,0,0,0,1,0,0,0,0,0,0,0,0,0,0,0,0,0,77095,1525.188,6,0.8,-2287.782,2017,11,2,377,985
0,0,1,0,1,0,1,0,1,0,0,0,0,0,0,0,0,0,0,1,0,0,0,0,0,0,27834,9.216,4,0.2,3.3408,2016,8,6,9,249
0,0,1,0,1,0,1,0,1,0,0,0,0,0,0,0,0,0,0,0,0,0,0,0,1,0,27834,28.048,2,0.2,3.506,2016,8,6,9,249
0,0,1,1,0,0,0,1,0,0,0,0,0,0,0,0,0,0,1,0,0,0,0,0,0,0,94110,64.96,2,0,21.4368,2017,4,5,510,2001
0,0,1,1,0,0,0,1,1,0,0,0,0,0,0,0,1,0,0,0,0,0,0,0,0,0,94110,30.56,4,0,14.9744,2017,4,5,510,2001
0,0,1,0,0,0,1,0,0,0,0,0,0,0,1,0,0,0,0,0,0,0,0,0,0,0,27405,187.056,9,0.2,11.691,2016,5,6,13,249
0,0,0,0,1,0,1,0,0,0,0,0,0,0,0,0,0,0,1,0,0,0,0,0,0,0,37918,11.808,2,0.2,1.3284,2017,10,3,24,183
0,0,0,0,1,0,1,0,0,0,0,0,0,0,0,0,0,0,1,0,0,0,0,0,0,0,37918,9.656,1,0.2,1.5691,2017,10,3,24,183
0,0,0,0,1,0,1,0,1,0,0,0,0,0,0,0,0,0,0,0,0,1,0,0,0,0,37918,20.736,4,0.2,7.2576,2017,10,3,24,183
0,0,0,0,1,0,1,0,1,0,0,0,1,0,0,0,0,0,0,0,0,0,0,0,0,0,37918,27.36,3,0.7,-21.888,2017,10,3,24,183
0,0,0,0,1,0,1,0,0,0,0,0,0,0,0,0,0,0,0,0,0,0,0,0,0,1,37918,2314.116,7,0.4,-1002.7836,2017,10,3,24,183
0,0,0,0,1,0,1,0,1,0,0,0,1,0,0,0,0,0,0,0,0,0,0,0,0,0,37918,34.236,4,0.7,-26.2476,2017,10,3,24,183
0,0,0,0,1,0,1,0,0,0,0,0,0,0,0,0,0,0,1,0,0,0,0,0,0,0,37918,19.76,2,0.2,5.928,2017,10,3,24,183
0,1,0,0,0,0,0,0,1,0,0,0,0,0,0,0,0,0,0,0,0,1,0,0,0,0,68801,15.96,2,0,7.98,2017,9,5,1,38
0,0,1,0,0,0,0,1,1,0,0,1,0,0,0,0,0,0,0,0,0,0,0,0,0,0,90712,16.9,5,0,6.253,2015,12,5,49,2001
0,0,1,0,0,0,0,1,0,0,0,0,0,0,0,0,0,0,1,0,0,0,0,0,0,0,90712,25.08,6,0,9.0288,2015,12,5,49,2001
0,0,1,1,0,1,0,0,1,0,0,1,0,0,0,0,0,0,0,0,0,0,0,0,0,0,1841,6.68,2,0,2.004,2015,1,5,44,135
0,1,0,0,0,0,0,1,1,0,0,0,0,0,0,0,0,0,0,0,0,1,0,0,0,0,90049,19.44,3,0,9.3312,2014,1,2,747,2001
0,0,1,0,0,0,0,0,0,1,0,0,0,0,0,0,0,0,0,0,0,0,1,0,0,0,77036,31.92,2,0.2,2.394,2015,3,4,377,985
0,1,0,0,0,1,0,0,1,0,0,0,1,0,0,0,0,0,0,0,0,0,0,0,0,0,10035,33.568,2,0.2,11.7488,2016,12,3,915,1128
0,0,1,0,0,1,0,0,0,0,0,0,0,0,0,0,0,0,1,0,0,0,0,0,0,0,10011,63.94,1,0,24.9366,2016,9,4,915,1128
0,0,1,0,0,1,0,0,1,0,0,0,1,0,0,0,0,0,0,0,0,0,0,0,0,0,10011,60.6,5,0.2,20.4525,2016,9,4,915,1128
0,0,1,0,0,1,0,0,1,0,0,0,0,0,0,0,0,0,0,0,0,0,0,0,1,0,10011,22.72,4,0,6.5888,2016,9,4,915,1128
0,0,1,0,0,1,0,0,0,0,0,0,0,0,0,0,0,0,1,0,0,0,0,0,0,0,19711,10.68,4,0,4.0584,2014,8,6,95,96
0,0,1,0,0,1,0,0,1,0,0,0,0,0,0,0,0,0,0,0,0,1,0,0,0,0,19711,17.34,3,0,8.4966,2014,8,6,95,96
0,0,1,0,0,1,0,0,1,0,0,0,0,0,0,0,0,0,0,0,0,1,0,0,0,0,19711,3.38,1,0,1.5548,2014,8,6,95,96
0,0,1,1,0,0,0,1,1,0,0,0,1,0,0,0,0,0,0,0,0,0,0,0,0,0,98105,26.976,4,0.2,8.7672,2015,5,4,428,506
0,0,1,1,0,0,0,1,1,0,0,0,0,0,0,0,0,0,0,0,0,1,0,0,0,0,85254,307.776,7,0.2,111.5688,2017,10,5,12,224
0,1,0,0,0,1,0,0,1,0,0,0,0,0,0,0,0,0,0,0,0,0,0,1,0,0,11572,244.55,5,0,4.891,2015,11,5,30,1128
0,1,0,0,0,1,0,0,1,0,0,0,0,0,0,0,1,0,0,0,0,0,0,0,0,0,11572,12.24,6,0,5.7528,2015,11,5,30,1128
0,1,0,0,0,1,0,0,0,1,0,0,0,0,0,0,0,0,0,0,0,0,0,0,0,0,11572,13.98,2,0,6.0114,2015,11,5,30,1128
0,1,0,0,0,1,0,0,0,1,0,0,0,0,0,0,0,0,0,0,0,0,0,0,0,0,11572,899.95,5,0,53.997,2015,11,5,30,1128
0,0,1,1,0,0,0,0,1,0,0,0,0,0,0,0,1,0,0,0,0,0,0,0,0,0,75220,1.632,1,0.2,0.5508,2014,11,6,157,985
0,0,1,1,0,0,0,0,0,1,0,0,0,0,0,0,0,0,0,0,0,0,1,0,0,0,75220,267.96,5,0.2,16.7475,2014,11,6,157,985
0,1,0,0,0,1,0,0,0,1,0,0,0,0,0,0,0,0,0,0,0,0,0,0,0,0,14609,31.95,1,0,2.2365,2015,10,2,53,1128
0,1,0,0,0,0,0,1,1,0,0,0,0,0,0,0,0,0,0,0,0,0,0,1,0,0,90045,725.84,4,0,210.4936,2017,3,2,747,2001
0,1,0,0,0,0,0,1,1,0,0,0,1,0,0,0,0,0,0,0,0,0,0,0,0,0,90045,10.896,3,0.2,3.9498,2017,3,2,747,2001
0,1,0,0,0,0,0,1,1,0,0,0,1,0,0,0,0,0,0,0,0,0,0,0,0,0,90045,8.544,2,0.2,2.8836,2017,3,2,747,2001
0,0,1,1,0,0,0,0,1,0,0,0,1,0,0,0,0,0,0,0,0,0,0,0,0,0,55125,32.34,3,0,15.5232,2015,1,6,3,89
0,0,1,1,0,0,0,0,1,0,0,0,0,0,0,0,0,0,0,0,0,1,0,0,0,0,55125,39.9,5,0,19.95,2015,1,6,3,89
0,0,1,0,0,0,0,0,1,0,0,0,0,0,0,0,0,0,0,0,0,1,0,0,0,0,60068,143.856,9,0.2,48.5514,2017,12,7,3,492
0,0,1,1,0,0,0,0,1,0,0,0,0,0,0,0,0,0,0,0,0,1,0,0,0,0,75217,41.92,4,0.2,15.196,2016,9,6,157,985
0,0,1,1,0,0,0,0,0,1,0,0,0,0,0,0,0,0,0,0,0,0,1,0,0,0,75217,329.584,2,0.2,37.0782,2016,9,6,157,985
0,0,0,1,0,0,1,0,1,0,0,0,1,0,0,0,0,0,0,0,0,0,0,0,0,0,71203,87.28,8,0,41.0216,2016,9,3,21,42
0,0,1,1,0,0,0,1,0,0,0,0,0,0,1,0,0,0,0,0,0,0,0,0,0,0,90004,279.456,6,0.2,20.9592,2014,5,6,747,2001
0,0,1,1,0,0,0,1,1,0,0,0,0,0,0,0,0,0,0,0,0,1,0,0,0,0,90004,8,2,0,3.84,2014,5,6,747,2001
0,0,1,0,0,0,0,1,1,0,0,0,1,0,0,0,0,0,0,0,0,0,0,0,0,0,94109,27.24,5,0.2,9.534,2016,9,4,510,2001
0,0,1,0,0,0,0,1,0,1,0,0,0,0,0,0,0,0,0,0,0,0,0,0,0,0,94122,16.36,1,0,1.636,2014,8,6,510,2001
0,0,1,0,0,0,0,1,1,0,0,0,0,0,0,0,0,0,0,0,0,0,0,1,0,0,94122,15.78,2,0,0.6312,2014,8,6,510,2001
0,0,1,0,0,0,0,1,1,0,0,1,0,0,0,0,0,0,0,0,0,0,0,0,0,0,94122,45.98,2,0,12.8744,2014,8,6,510,2001
0,0,1,1,0,0,1,0,0,0,0,0,0,1,0,0,0,0,0,0,0,0,0,0,0,0,28314,198.272,8,0.2,-32.2192,2017,4,4,41,249
0,0,0,1,0,0,0,0,1,0,0,0,0,0,0,0,0,0,0,0,0,0,0,1,0,0,75217,720.76,5,0.2,54.057,2017,6,1,157,985
0,0,1,0,0,0,0,0,0,0,0,0,0,0,0,0,0,0,1,0,0,0,0,0,0,0,67212,70.56,6,0,23.9904,2016,12,4,7,24
0,0,1,0,0,0,0,0,1,0,1,0,0,0,0,0,0,0,0,0,0,0,0,0,0,0,67212,81.96,2,0,22.9488,2016,12,4,7,24
0,1,0,1,0,0,0,1,1,0,1,0,0,0,0,0,0,0,0,0,0,0,0,0,0,0,97477,64.864,4,0.2,6.4864,2014,1,3,163,124
0,0,1,0,0,0,0,0,0,1,0,0,0,0,0,0,0,0,0,0,0,0,1,0,0,0,77041,151.192,1,0.2,13.2293,2016,11,4,377,985
0,0,1,0,0,0,0,1,0,1,0,0,0,0,0,0,0,0,0,0,0,0,1,0,0,0,98103,88.776,3,0.2,7.7679,2017,6,5,428,506
0,0,1,0,0,0,0,1,1,0,0,0,0,0,0,0,0,0,0,1,0,0,0,0,0,0,98103,11.56,4,0,5.4332,2017,6,5,428,506
0,0,1,0,0,0,0,1,1,0,0,0,0,0,0,0,0,0,0,0,0,0,0,1,0,0,98103,15.58,1,0,3.895,2017,6,5,428,506
0,0,0,1,0,1,0,0,1,0,0,0,0,0,0,0,0,0,0,0,0,1,0,0,0,0,44312,85.056,3,0.2,28.7064,2017,9,3,21,469
0,0,1,1,0,0,0,0,0,0,0,0,0,0,0,0,0,0,1,0,0,0,0,0,0,0,48237,273.96,2,0,71.2296,2017,4,4,3,255
0,0,1,1,0,0,0,0,0,0,0,0,0,0,0,0,0,0,1,0,0,0,0,0,0,0,48237,306.9,3,0,79.794,2017,4,4,3,255
0,0,1,1,0,0,0,0,1,0,0,0,0,0,0,0,0,0,0,0,0,1,0,0,0,0,77041,15.552,3,0.2,5.4432,2015,10,6,377,985
0,0,1,1,0,0,0,0,0,0,0,0,0,0,0,0,0,0,0,0,0,0,0,0,0,1,77041,347.361,7,0.3,-69.4722,2015,10,6,377,985
0,0,1,1,0,0,0,0,1,0,0,0,0,0,0,0,0,0,0,0,0,1,0,0,0,0,77041,10.368,2,0.2,3.6288,2015,10,6,377,985
0,0,1,1,0,0,0,1,0,1,0,0,0,0,0,0,0,0,0,0,0,0,0,0,0,0,98103,98.16,6,0,9.816,2017,5,4,428,506
0,0,1,1,0,0,0,1,1,0,0,1,0,0,0,0,0,0,0,0,0,0,0,0,0,0,98103,31.44,3,0,7.86,2017,5,4,428,506
0,0,0,1,0,1,0,0,1,0,0,0,0,0,0,0,1,0,0,0,0,0,0,0,0,0,19134,348.488,7,0.2,117.6147,2014,12,2,537,587
0,0,0,1,0,1,0,0,1,0,0,0,0,0,0,0,0,0,0,0,0,0,0,1,0,0,19134,172.736,4,0.2,-30.2288,2014,12,2,537,587
0,0,1,0,0,0,0,1,1,0,0,0,0,0,0,0,0,0,0,0,0,1,0,0,0,0,90045,15.54,3,0,7.6146,2016,8,4,747,2001
0,0,1,0,0,0,0,1,0,1,0,0,0,0,0,0,0,0,0,0,1,0,0,0,0,0,90045,105.552,6,0.2,35.6238,2016,8,4,747,2001
0,1,0,1,0,0,0,0,1,0,0,0,0,0,0,0,0,0,0,0,0,1,0,0,0,0,77070,25.92,5,0.2,9.072,2016,9,2,377,985
0,1,0,1,0,0,0,0,1,0,0,0,0,0,0,0,0,1,0,0,0,0,0,0,0,0,77070,15.808,8,0.2,5.3352,2016,9,2,377,985
0,1,0,1,0,0,0,0,1,0,0,0,0,0,0,0,0,0,0,0,0,1,0,0,0,0,77070,10.368,2,0.2,3.7584,2016,9,2,377,985
0,0,1,0,0,1,0,0,0,1,0,0,0,0,0,0,0,0,0,0,0,0,1,0,0,0,19143,358.2,3,0.4,41.79,2017,6,7,537,587
0,0,1,0,0,1,0,0,0,1,0,0,0,0,0,0,0,0,0,0,0,0,1,0,0,0,19143,545.916,14,0.4,72.7888,2017,6,7,537,587
0,0,1,0,0,0,1,0,1,0,0,0,1,0,0,0,0,0,0,0,0,0,0,0,0,0,72756,40.41,9,0,18.5886,2017,3,5,1,60
0,1,0,1,0,0,0,1,0,1,0,0,0,0,0,0,0,0,0,0,0,0,1,0,0,0,90045,167.976,3,0.2,10.4985,2017,2,3,747,2001
0,1,0,1,0,0,0,1,0,1,0,0,0,0,0,0,0,0,0,0,0,0,0,0,0,0,90045,109.53,3,0,47.0979,2017,2,3,747,2001
0,1,0,1,0,0,0,1,1,0,0,0,0,0,0,0,0,0,0,1,0,0,0,0,0,0,90045,9.82,2,0,4.8118,2017,2,3,747,2001
0,1,0,1,0,0,0,1,1,0,0,0,1,0,0,0,0,0,0,0,0,0,0,0,0,0,98105,26.352,3,0.2,9.5526,2017,11,2,428,506
0,0,1,1,0,1,0,0,1,0,0,0,0,0,0,0,0,0,0,1,0,0,0,0,0,0,19805,22.5,6,0,10.8,2014,11,6,36,96
0,0,1,1,0,1,0,0,1,0,0,0,0,0,0,0,0,0,0,1,0,0,0,0,0,0,19805,9.96,2,0,4.5816,2014,11,6,36,96
0,0,1,1,0,1,0,0,1,0,0,0,1,0,0,0,0,0,0,0,0,0,0,0,0,0,19805,213.08,7,0,102.2784,2014,11,6,36,96
0,0,1,1,0,1,0,0,0,0,0,0,0,1,0,0,0,0,0,0,0,0,0,0,0,0,19805,1025.88,6,0,235.9524,2014,11,6,36,96
0,1,0,1,0,0,0,1,1,0,0,0,0,0,0,0,0,0,0,0,0,1,0,0,0,0,84604,21.98,7,0,9.891,2014,11,3,10,53
1,0,0,1,0,0,0,1,0,0,0,0,0,0,0,0,0,0,1,0,0,0,0,0,0,0,94110,63.2,5,0,23.384,2016,9,0,510,2001
0,0,1,1,0,0,0,1,1,0,1,0,0,0,0,0,0,0,0,0,0,0,0,0,0,0,90004,39,12,0,11.31,2016,11,7,747,2001
0,0,1,1,0,1,0,0,1,0,0,0,1,0,0,0,0,0,0,0,0,0,0,0,0,0,43130,2.907,3,0.7,-2.0349,2016,9,5,46,469
0,0,1,0,0,0,0,1,0,0,0,0,0,1,0,0,0,0,0,0,0,0,0,0,0,0,90004,556.665,5,0.15,6.549,2016,4,5,747,2001
0,0,0,0,0,0,0,1,0,1,0,0,0,0,0,0,0,0,0,0,0,0,0,0,0,0,98103,71.98,2,0,15.1158,2017,9,2,428,506
0,0,0,0,0,0,0,1,0,1,0,0,0,0,0,0,0,0,0,0,0,0,0,0,0,0,98103,79.98,2,0,26.3934,2017,9,2,428,506
0,0,1,1,0,1,0,0,1,0,0,0,1,0,0,0,0,0,0,0,0,0,0,0,0,0,10024,24.672,4,0.2,7.71,2017,8,5,915,1128
0,0,1,1,0,1,0,0,1,0,0,0,1,0,0,0,0,0,0,0,0,0,0,0,0,0,10024,3.744,1,0.2,1.3104,2017,8,5,915,1128
0,0,1,0,0,0,0,1,0,1,0,0,0,0,0,0,0,0,0,0,0,0,1,0,0,0,90045,445.96,5,0.2,55.745,2016,2,4,747,2001
0,0,1,0,0,0,0,1,0,1,0,0,0,0,0,0,0,0,0,0,0,0,0,0,0,0,90045,36.24,1,0,15.2208,2016,2,4,747,2001
0,0,1,0,0,0,0,1,1,0,0,0,0,0,0,0,0,1,0,0,0,0,0,0,0,0,90045,10.65,3,0,5.0055,2016,2,4,747,2001
0,0,1,1,0,0,0,1,1,0,0,0,0,0,0,0,0,0,0,0,0,1,0,0,0,0,94109,87.92,4,0,40.4432,2017,12,6,510,2001
0,0,1,1,0,0,0,1,1,0,0,0,1,0,0,0,0,0,0,0,0,0,0,0,0,0,94109,22.424,1,0.2,8.409,2017,12,6,510,2001
0,0,1,1,0,0,0,1,1,0,0,0,1,0,0,0,0,0,0,0,0,0,0,0,0,0,94109,90.48,3,0.2,33.93,2017,12,6,510,2001
0,0,1,1,0,0,0,1,1,0,0,0,0,0,0,0,0,0,0,0,0,0,0,1,0,0,94109,42.76,1,0,11.1176,2017,12,6,510,2001
0,0,1,0,0,0,0,1,1,0,0,0,1,0,0,0,0,0,0,0,0,0,0,0,0,0,88101,10.08,7,0.2,3.528,2017,9,4,2,37
0,0,1,0,0,0,0,1,0,1,0,0,0,0,0,0,0,0,0,0,0,0,0,0,0,0,88101,101.34,3,0,8.1072,2017,9,4,2,37
0,0,0,0,0,0,0,0,0,1,0,0,0,0,0,0,0,0,0,0,0,0,1,0,0,0,67212,224.75,5,0,62.93,2016,9,3,7,24
0,0,1,0,0,0,0,0,1,0,1,0,0,0,0,0,0,0,0,0,0,0,0,0,0,0,60653,73.176,6,0.8,-197.5752,2017,9,5,314,492
0,0,1,0,0,0,0,0,1,0,0,0,0,0,0,0,0,0,0,0,0,1,0,0,0,0,60653,20.736,4,0.2,7.2576,2017,9,5,314,492
0,0,1,0,0,0,0,0,0,1,0,0,0,0,0,0,0,0,0,0,0,0,1,0,0,0,60653,39.984,2,0.2,-8.9964,2017,9,5,314,492
0,1,0,1,0,0,0,0,1,0,0,0,1,0,0,0,0,0,0,0,0,0,0,0,0,0,68104,15.36,2,0,7.68,2014,10,2,28,38
0,0,0,0,0,0,0,0,1,0,0,0,0,0,0,0,0,0,0,0,0,1,0,0,0,0,77041,36.288,7,0.2,12.7008,2015,10,3,377,985
0,0,0,0,0,0,0,0,0,1,0,0,0,0,0,0,0,0,0,0,0,0,1,0,0,0,77041,150.384,2,0.2,15.0384,2015,10,3,377,985
0,1,0,0,0,1,0,0,0,1,0,0,0,0,0,0,0,0,0,0,0,0,1,0,0,0,19134,280.782,3,0.4,-60.8361,2016,3,2,537,587
0,1,0,0,0,1,0,0,0,1,0,0,0,0,0,0,0,0,0,0,0,0,0,0,0,0,19134,31.984,2,0.2,1.1994,2016,3,2,537,587
0,0,1,0,0,0,0,1,1,0,0,0,1,0,0,0,0,0,0,0,0,0,0,0,0,0,90045,11.232,3,0.2,3.9312,2016,12,4,747,2001
0,1,0,1,0,0,1,0,1,0,0,0,0,0,0,0,0,0,0,0,0,1,0,0,0,0,40475,26.4,5,0,11.88,2017,11,2,90,139
0,0,1,0,0,1,0,0,1,0,0,1,0,0,0,0,0,0,0,0,0,0,0,0,0,0,6708,3.52,2,0,1.0208,2017,1,6,11,82
0,0,0,0,0,0,0,1,0,1,0,0,0,0,0,0,0,0,0,0,0,0,0,0,0,0,90045,1649.95,5,0,659.98,2016,12,3,747,2001
0,0,0,0,0,0,0,1,0,0,0,0,0,0,0,0,0,0,1,0,0,0,0,0,0,0,90045,111.9,6,0,51.474,2016,12,3,747,2001
1,0,0,0,1,0,0,1,0,0,0,0,0,1,0,0,0,0,0,0,0,0,0,0,0,0,90036,599.165,5,0.15,35.245,2016,6,0,747,2001
0,0,0,0,1,0,0,1,1,0,0,0,0,0,0,0,0,0,0,0,0,0,0,1,0,0,94122,46.53,3,0,12.0978,2016,9,2,510,2001
0,0,0,0,0,0,1,0,0,0,0,0,0,0,0,0,0,0,1,0,0,0,0,0,0,0,33710,31.984,2,0.2,1.999,2014,9,2,14,383
0,0,1,0,1,1,0,0,1,0,1,0,0,0,0,0,0,0,0,0,0,0,0,0,0,0,44107,161.568,2,0.2,16.1568,2017,10,4,49,469
0,0,1,0,1,1,0,0,1,0,0,0,0,0,0,0,0,0,0,0,0,1,0,0,0,0,44107,4.064,1,0.2,1.3716,2017,10,4,49,469
0,0,1,0,1,1,0,0,1,0,0,0,1,0,0,0,0,0,0,0,0,0,0,0,0,0,44107,6.216,4,0.7,-4.9728,2017,10,4,49,469
0,0,1,0,0,0,0,1,1,0,0,1,0,0,0,0,0,0,0,0,0,0,0,0,0,0,85224,8.896,4,0.2,0.6672,2017,4,4,7,224
0,0,1,0,1,0,0,1,1,0,1,0,0,0,0,0,0,0,0,0,0,0,0,0,0,0,90008,1640.7,5,0,459.396,2015,10,5,747,2001
0,0,1,0,1,0,0,1,0,1,0,0,0,0,0,0,0,0,0,0,0,0,0,0,0,0,90008,270,3,0,97.2,2015,10,5,747,2001
0,0,0,1,0,0,1,0,0,0,0,0,0,0,0,0,0,0,1,0,0,0,0,0,0,0,32137,19.52,2,0.2,5.368,2014,7,3,5,383
0,0,0,1,0,0,1,0,1,0,0,0,1,0,0,0,0,0,0,0,0,0,0,0,0,0,32137,9.81,5,0.7,-6.867,2014,7,3,5,383
0,0,0,1,0,0,1,0,0,0,0,0,0,0,0,0,0,0,1,0,0,0,0,0,0,0,32137,213.216,3,0.2,15.9912,2014,7,3,5,383
0,0,1,0,0,1,0,0,1,0,0,0,1,0,0,0,0,0,0,0,0,0,0,0,0,0,10035,588.784,2,0.2,183.995,2016,4,5,915,1128
0,1,0,0,0,0,1,0,1,0,0,1,0,0,0,0,0,0,0,0,0,0,0,0,0,0,33458,2.064,1,0.2,0.1548,2017,11,5,1,383
0,0,1,0,0,0,0,1,1,0,0,0,0,0,0,0,0,0,0,0,0,1,0,0,0,0,85301,6.368,2,0.2,2.388,2017,9,4,23,224
0,0,1,0,0,1,0,0,0,1,0,0,0,0,0,0,0,0,0,0,0,0,0,0,0,0,10035,99.6,1,0,36.852,2015,4,6,915,1128
0,0,1,0,0,1,0,0,1,0,0,0,1,0,0,0,0,0,0,0,0,0,0,0,0,0,10035,62.296,13,0.2,21.0249,2015,4,6,915,1128
0,0,1,0,0,1,0,0,1,0,0,1,0,0,0,0,0,0,0,0,0,0,0,0,0,0,10035,10.71,3,0,2.7846,2015,4,6,915,1128
0,0,1,0,1,0,0,0,1,0,0,0,0,0,0,0,1,0,0,0,0,0,0,0,0,0,77041,20.936,1,0.2,7.0659,2016,7,4,377,985
0,0,1,1,0,1,0,0,0,1,0,0,0,0,0,0,0,0,0,0,0,0,1,0,0,0,10035,33,6,0,8.25,2016,8,5,915,1128
0,0,1,1,0,1,0,0,0,1,0,0,0,0,0,0,0,0,0,0,0,0,0,0,0,0,10035,249.95,5,0,87.4825,2016,8,5,915,1128
0,0,1,0,1,0,0,0,1,0,0,0,0,0,0,0,0,0,0,0,0,0,0,0,1,0,66062,357.93,3,0,7.1586,2014,9,7,5,24
0,0,1,0,1,0,0,0,0,1,0,0,0,0,0,0,0,0,0,0,0,0,0,0,0,0,66062,57.4,5,0,10.906,2014,9,7,5,24
0,0,1,0,1,0,0,0,1,0,0,0,1,0,0,0,0,0,0,0,0,0,0,0,0,0,66062,331.96,2,0,149.382,2014,9,7,5,24
0,0,1,0,1,0,0,0,0,0,0,0,0,0,0,0,0,0,1,0,0,0,0,0,0,0,66062,40.56,2,0,12.9792,2014,9,7,5,24
0,0,1,0,1,0,0,1,1,0,0,0,0,0,0,0,0,0,0,0,0,0,0,0,1,0,89431,86.2,5,0,24.998,2016,7,7,3,39
0,0,1,1,0,0,0,0,1,0,0,0,0,0,0,0,0,0,0,0,0,1,0,0,0,0,61107,38.016,6,0.2,13.7808,2017,5,4,11,492
0,0,1,1,0,1,0,0,1,0,0,0,0,0,0,0,0,0,0,0,0,0,0,1,0,0,19143,8.384,1,0.2,0.7336,2017,4,4,537,587
0,0,1,1,0,1,0,0,1,0,0,1,0,0,0,0,0,0,0,0,0,0,0,0,0,0,19143,6.848,2,0.2,0.7704,2017,4,4,537,587
0,0,1,0,0,0,0,1,1,0,0,0,0,0,0,0,0,1,0,0,0,0,0,0,0,0,98026,19.6,5,0,9.604,2017,12,4,14,506
0,0,1,0,0,0,0,1,0,0,0,0,0,0,0,0,0,0,1,0,0,0,0,0,0,0,98026,68.46,2,0,20.538,2017,12,4,14,506
0,1,0,0,0,0,0,1,1,0,0,0,1,0,0,0,0,0,0,0,0,0,0,0,0,0,94122,13.344,6,0.2,4.3368,2017,9,2,510,2001
0,1,0,0,0,0,0,1,0,0,0,0,0,0,0,0,0,0,0,0,0,0,0,0,0,1,94122,1478.272,8,0.2,92.392,2017,9,2,510,2001
0,0,1,1,0,0,1,0,1,0,0,0,0,0,0,0,0,0,0,0,0,0,0,1,0,0,28806,16.272,1,0.2,-3.8646,2014,3,4,7,249
0,0,1,0,0,0,0,1,0,0,0,0,0,0,0,0,0,0,1,0,0,0,0,0,0,0,90032,9.24,3,0,4.4352,2017,9,6,747,2001
0,0,0,0,0,0,0,1,1,0,0,0,1,0,0,0,0,0,0,0,0,0,0,0,0,0,85254,32.34,10,0.7,-23.716,2014,1,1,12,224
0,0,0,0,0,0,0,1,1,0,0,0,0,0,0,0,0,0,0,0,0,1,0,0,0,0,85254,56.064,4,0.2,19.6224,2014,1,1,12,224
0,0,0,0,0,0,0,1,1,0,0,0,0,0,0,0,1,0,0,0,0,0,0,0,0,0,85254,108.72,5,0.2,36.693,2014,1,1,12,224
0,0,0,0,0,0,0,1,0,0,0,0,0,1,0,0,0,0,0,0,0,0,0,0,0,0,85254,181.47,5,0.7,-320.597,2014,1,1,12,224
0,1,0,0,0,0,0,0,1,0,0,0,0,0,0,0,0,0,0,0,0,1,0,0,0,0,77095,16.176,3,0.2,6.066,2014,2,5,377,985
0,0,1,0,0,0,0,1,0,0,0,0,0,0,1,0,0,0,0,0,0,0,0,0,0,0,94109,122.352,3,0.2,13.7646,2016,6,5,510,2001
0,0,0,0,1,0,0,1,0,0,0,0,0,0,1,0,0,0,0,0,0,0,0,0,0,0,92105,585.552,3,0.2,73.194,2014,9,1,170,2001
0,0,0,0,1,0,0,1,1,0,0,0,0,0,0,0,0,0,0,0,0,1,0,0,0,0,92105,19.44,3,0,9.3312,2014,9,1,170,2001
0,0,1,0,0,1,0,0,1,0,1,0,0,0,0,0,0,0,0,0,0,0,0,0,0,0,45011,123.92,5,0.2,9.294,2016,5,5,4,469
0,0,1,0,0,0,0,1,0,0,0,0,0,0,0,0,0,0,1,0,0,0,0,0,0,0,80134,13.36,5,0.2,4.008,2017,12,4,8,182
0,0,1,0,0,0,0,1,1,0,0,0,0,0,0,0,0,0,0,0,0,0,0,1,0,0,80134,78.256,2,0.2,-17.6076,2017,12,4,8,182
0,0,1,0,0,0,0,1,0,0,0,0,0,1,0,0,0,0,0,0,0,0,0,0,0,0,80134,102.018,7,0.7,-183.6324,2017,12,4,8,182
1,0,0,1,0,0,0,0,1,0,0,0,0,0,0,0,0,0,0,0,0,0,0,1,0,0,68025,750.68,2,0,37.534,2017,12,0,8,38
0,0,0,0,1,0,0,0,1,0,0,0,0,0,0,0,0,0,0,1,0,0,0,0,0,0,55369,44.4,3,0,22.2,2017,6,3,4,89
0,0,0,0,1,0,0,0,1,0,0,0,0,0,0,0,0,0,0,0,0,0,0,1,0,0,55369,84.55,5,0,22.8285,2017,6,3,4,89
0,0,0,0,1,0,0,0,1,0,0,0,0,0,0,0,0,0,0,0,0,1,0,0,0,0,55369,17.94,3,0,8.7906,2017,6,3,4,89
0,0,1,0,0,1,0,0,1,0,0,0,1,0,0,0,0,0,0,0,0,0,0,0,0,0,19711,128.4,3,0,62.916,2016,11,4,95,96
0,0,1,1,0,0,1,0,1,0,0,0,1,0,0,0,0,0,0,0,0,0,0,0,0,0,33180,1.869,1,0.7,-1.3083,2014,3,4,57,383
0,0,1,1,0,0,0,1,0,1,0,0,0,0,0,0,0,0,0,0,0,0,1,0,0,0,92105,103.192,1,0.2,11.6091,2017,10,6,170,2001
0,0,1,1,0,0,0,1,0,1,0,0,0,0,0,0,0,0,0,0,0,0,0,0,0,0,92105,36,2,0,6.48,2017,10,6,170,2001
0,0,1,1,0,0,0,1,0,1,0,0,0,0,0,0,0,0,0,0,0,0,0,0,0,0,92105,239.96,4,0,115.1808,2017,10,6,170,2001
0,0,1,1,0,0,0,1,1,0,0,0,0,0,0,0,0,0,0,0,0,0,0,1,0,0,92105,40.68,2,0,0.4068,2017,10,6,170,2001
0,0,1,0,0,0,1,0,0,0,0,0,0,0,1,0,0,0,0,0,0,0,0,0,0,0,33142,419.136,4,0.2,-68.1096,2017,1,5,57,383
0,0,1,0,0,0,1,0,1,0,0,0,0,0,0,0,1,0,0,0,0,0,0,0,0,0,33178,23.472,3,0.2,7.6284,2014,12,5,57,383
0,0,1,0,1,0,0,0,1,0,0,0,1,0,0,0,0,0,0,0,0,0,0,0,0,0,78207,3.592,4,0.8,-6.286,2015,10,5,59,985
0,1,0,1,0,0,1,0,0,1,0,0,0,0,0,0,0,0,0,0,0,0,1,0,0,0,32216,23.976,3,0.2,-5.6943,2017,4,3,125,383
0,1,0,1,0,0,1,0,1,0,0,0,0,0,0,0,0,0,0,1,0,0,0,0,0,0,32216,6.264,3,0.2,2.0358,2017,4,3,125,383
0,1,0,1,0,0,1,0,1,0,1,0,0,0,0,0,0,0,0,0,0,0,0,0,0,0,32216,20.808,3,0.2,1.8207,2017,4,3,125,383
0,1,0,1,0,0,1,0,0,0,0,0,0,0,1,0,0,0,0,0,0,0,0,0,0,0,32216,218.352,3,0.2,-19.1058,2017,4,3,125,383
0,0,0,0,0,0,0,0,1,0,0,0,0,0,0,0,0,0,0,0,0,0,0,1,0,0,77070,18.16,2,0.2,1.816,2017,1,1,377,985
1,0,0,0,1,0,0,1,1,0,0,0,0,0,0,0,0,0,0,0,0,0,0,0,1,0,94122,7.36,2,0,0.1472,2014,11,0,510,2001
1,0,0,0,1,0,0,1,1,0,0,0,0,0,0,0,0,0,0,1,0,0,0,0,0,0,94122,41.4,4,0,19.872,2014,11,0,510,2001
1,0,0,0,1,0,0,1,0,0,0,0,0,1,0,0,0,0,0,0,0,0,0,0,0,0,94122,411.332,4,0.15,-4.8392,2014,11,0,510,2001
0,0,1,1,0,1,0,0,1,0,0,0,1,0,0,0,0,0,0,0,0,0,0,0,0,0,19140,7.656,4,0.7,-6.1248,2015,9,4,537,587
0,0,1,0,0,1,0,0,0,1,0,0,0,0,0,0,0,0,0,0,0,0,0,0,0,0,43302,63.92,2,0.2,19.176,2017,6,4,20,469
0,1,0,0,0,1,0,0,1,0,0,1,0,0,0,0,0,0,0,0,0,0,0,0,0,0,10024,6.56,2,0,1.9024,2017,7,3,915,1128
0,1,0,0,0,1,0,0,1,0,0,0,0,0,0,0,0,0,0,1,0,0,0,0,0,0,10024,7.83,3,0,3.6018,2017,7,3,915,1128
0,1,0,0,0,1,0,0,0,1,0,0,0,0,0,0,0,0,0,0,0,0,0,0,0,0,10024,41.9,2,0,8.799,2017,7,3,915,1128
0,1,0,0,0,1,0,0,0,0,0,0,0,0,1,0,0,0,0,0,0,0,0,0,0,0,10024,664.146,6,0.1,88.5528,2017,7,3,915,1128
0,1,0,0,0,1,0,0,1,0,0,0,0,0,0,0,0,0,0,0,0,1,0,0,0,0,10024,8.96,2,0,4.3904,2017,7,3,915,1128
0,0,1,1,0,1,0,0,0,0,0,0,0,0,0,0,0,0,1,0,0,0,0,0,0,0,19140,3.312,1,0.2,0.6624,2017,11,4,537,587
0,0,1,1,0,1,0,0,1,0,1,0,0,0,0,0,0,0,0,0,0,0,0,0,0,0,19140,20.136,3,0.2,1.2585,2017,11,4,537,587
0,0,1,1,0,1,0,0,1,0,0,0,0,0,0,0,1,0,0,0,0,0,0,0,0,0,19140,8.856,3,0.2,2.8782,2017,11,4,537,587
0,0,1,1,0,1,0,0,0,1,0,0,0,0,0,0,0,0,0,0,0,0,1,0,0,0,19140,859.2,4,0.4,-186.16,2017,11,4,537,587
1,0,0,0,0,0,0,1,1,0,0,0,0,0,0,0,0,0,0,0,0,1,0,0,0,0,90036,61.96,2,0,27.882,2016,10,0,747,2001
0,0,1,0,0,0,1,0,1,0,0,0,0,0,0,0,1,0,0,0,0,0,0,0,0,0,30080,17.92,4,0,8.6016,2016,4,6,24,184
0,0,1,0,0,0,0,1,0,0,0,0,0,0,0,0,0,0,1,0,0,0,0,0,0,0,94122,145.9,5,0,62.737,2015,10,4,510,2001
0,0,1,0,0,0,0,0,1,0,0,0,0,0,0,0,0,0,0,0,0,1,0,0,0,0,60653,56.704,2,0.2,19.1376,2017,5,5,314,492
0,0,1,0,0,0,0,0,0,1,0,0,0,0,0,0,0,0,0,0,0,0,1,0,0,0,60653,11.12,2,0.2,3.475,2017,5,5,314,492
0,0,1,0,0,0,0,1,1,0,0,0,0,0,0,0,0,0,0,0,0,1,0,0,0,0,97504,32.896,4,0.2,11.1024,2014,2,6,4,124
0,0,1,0,0,0,0,1,1,0,0,0,0,0,0,0,0,0,0,0,0,1,0,0,0,0,97504,22.776,3,0.2,7.6869,2014,2,6,4,124
0,0,0,0,0,1,0,0,0,1,0,0,0,0,0,0,0,0,0,0,0,0,1,0,0,0,10009,239.97,3,0,2.3997,2015,5,2,915,1128
0,0,0,0,0,1,0,0,1,0,1,0,0,0,0,0,0,0,0,0,0,0,0,0,0,0,10009,160.32,2,0,44.8896,2015,5,2,915,1128
0,0,0,0,0,1,0,0,0,1,0,0,0,0,0,0,0,0,0,0,0,0,1,0,0,0,10009,128.85,3,0,3.8655,2015,5,2,915,1128
0,1,0,1,0,0,1,0,0,1,0,0,0,0,0,0,0,0,0,0,0,0,0,0,0,0,35810,1319.96,4,0,527.984,2016,11,3,36,61
0,0,1,1,0,1,0,0,0,0,0,0,0,0,1,0,0,0,0,0,0,0,0,0,0,0,19134,239.96,10,0.3,-10.284,2017,12,5,537,587
0,0,1,1,0,1,0,0,0,0,0,0,0,0,0,0,0,0,1,0,0,0,0,0,0,0,19134,54.768,2,0.2,6.846,2017,12,5,537,587
0,0,1,1,0,1,0,0,1,0,0,1,0,0,0,0,0,0,0,0,0,0,0,0,0,0,19134,13.392,3,0.2,3.1806,2017,12,5,537,587
0,0,1,1,0,1,0,0,1,0,0,0,0,0,0,0,0,0,0,0,0,1,0,0,0,0,19134,23.92,5,0.2,8.671,2017,12,5,537,587
0,0,1,1,0,1,0,0,0,1,0,0,0,0,0,0,0,0,0,0,0,0,0,0,0,0,19134,255.968,4,0.2,-28.7964,2017,12,5,537,587
0,0,0,0,0,0,0,1,1,0,0,0,1,0,0,0,0,0,0,0,0,0,0,0,0,0,95051,21.552,6,0.2,7.0044,2016,6,2,6,2001
0,0,0,0,0,0,0,1,1,0,1,0,0,0,0,0,0,0,0,0,0,0,0,0,0,0,95051,58.24,4,0,15.7248,2016,6,2,6,2001
0,0,0,0,1,0,0,1,1,0,0,0,0,0,0,0,0,0,0,0,0,1,0,0,0,0,90805,80.28,12,0,36.9288,2016,12,2,61,2001
0,0,1,1,0,0,0,1,1,0,0,1,0,0,0,0,0,0,0,0,0,0,0,0,0,0,90008,9.78,2,0,4.0098,2017,4,5,747,2001
0,0,1,0,1,0,0,1,1,0,0,0,0,0,0,0,0,1,0,0,0,0,0,0,0,0,93101,1.81,1,0,0.6516,2017,4,4,8,2001
0,0,0,0,1,1,0,0,1,0,0,0,0,0,0,0,0,0,0,0,0,1,0,0,0,0,10009,37.94,2,0,18.2112,2015,5,2,915,1128
0,0,1,1,0,0,1,0,0,1,0,0,0,0,0,0,0,0,0,0,0,0,1,0,0,0,32216,79.96,5,0.2,27.986,2015,3,4,125,383
0,0,1,1,0,0,0,0,1,0,0,0,0,0,0,0,0,0,0,0,0,1,0,0,0,0,75104,115.296,3,0.2,40.3536,2017,8,5,2,985
0,0,1,0,0,0,0,0,0,1,0,0,0,0,0,0,0,0,0,0,0,0,1,0,0,0,68104,2479.96,4,0,743.988,2017,12,4,28,38
0,0,0,0,0,0,1,0,0,1,0,0,0,0,0,0,0,0,0,0,0,0,0,0,0,0,72209,179.94,6,0,75.5748,2016,6,1,24,60
0,0,0,0,0,0,1,0,0,1,0,0,0,0,0,0,0,0,0,0,0,0,0,0,0,0,72209,26.85,3,0,5.1015,2016,6,1,24,60
0,0,0,0,0,0,1,0,0,1,0,0,0,0,0,0,0,0,0,0,0,0,0,0,0,0,72209,323.37,3,0,129.348,2016,6,1,24,60
0,0,0,0,0,0,1,0,1,0,0,0,0,0,0,0,0,0,0,0,0,1,0,0,0,0,72209,59.94,3,0,28.1718,2016,6,1,24,60
0,0,0,0,0,0,1,0,1,0,0,0,1,0,0,0,0,0,0,0,0,0,0,0,0,0,72209,64.14,3,0,30.7872,2016,6,1,24,60
0,0,0,0,0,0,1,0,1,0,0,0,1,0,0,0,0,0,0,0,0,0,0,0,0,0,72209,11.67,3,0,5.6016,2016,6,1,24,60
0,0,0,0,0,0,1,0,1,0,0,0,0,0,0,0,0,0,0,0,0,1,0,0,0,0,72209,12.96,2,0,6.2208,2016,6,1,24,60
0,0,1,0,0,0,0,0,1,0,0,0,1,0,0,0,0,0,0,0,0,0,0,0,0,0,68701,17.43,3,0,8.0178,2015,4,7,1,38
0,0,1,0,0,0,0,0,0,0,0,0,0,0,1,0,0,0,0,0,0,0,0,0,0,0,60653,181.986,2,0.3,-54.5958,2017,5,4,314,492
0,0,1,0,0,0,0,0,1,0,0,0,1,0,0,0,0,0,0,0,0,0,0,0,0,0,60653,1.592,2,0.8,-2.6268,2017,5,4,314,492
0,0,1,0,0,0,0,0,1,0,0,0,0,0,0,0,0,0,0,0,0,0,0,0,1,0,60653,22.344,3,0.2,2.5137,2017,5,4,314,492
0,0,1,1,0,0,0,1,0,0,0,0,0,0,0,0,0,0,0,0,0,0,0,0,0,1,85705,455.97,6,0.5,-218.8656,2016,12,6,32,224
0,0,1,1,0,0,0,1,1,0,0,0,1,0,0,0,0,0,0,0,0,0,0,0,0,0,85705,10.44,6,0.7,-7.656,2016,12,6,32,224
0,0,1,1,0,0,0,1,1,0,0,0,1,0,0,0,0,0,0,0,0,0,0,0,0,0,85705,5.214,2,0.7,-4.1712,2016,12,6,32,224
0,0,1,0,1,1,0,0,1,0,0,0,0,0,0,0,0,0,0,0,0,0,0,1,0,0,3301,67.4,5,0,17.524,2017,9,4,31,27
0,0,0,0,0,0,0,1,0,0,0,0,0,0,0,0,0,0,1,0,0,0,0,0,0,0,84020,25.16,2,0,10.5672,2017,9,1,3,53
0,0,0,0,0,0,0,1,0,1,0,0,0,0,0,0,0,0,0,0,0,0,1,0,0,0,84020,126.56,4,0.2,47.46,2017,9,1,3,53
0,0,0,0,0,0,0,1,1,0,1,0,0,0,0,0,0,0,0,0,0,0,0,0,0,0,94109,43.68,3,0,11.7936,2014,11,3,510,2001
0,0,0,0,0,0,0,1,0,1,0,0,0,0,0,0,0,0,0,0,0,0,0,0,0,0,94109,139.93,7,0,34.9825,2014,11,3,510,2001
0,0,1,1,0,0,0,0,1,0,0,1,0,0,0,0,0,0,0,0,0,0,0,0,0,0,77036,2.672,1,0.2,0.334,2014,11,4,377,985
0,0,1,1,0,0,0,0,1,0,0,0,0,0,0,0,0,0,0,0,0,0,0,0,1,0,77036,16.656,6,0.2,-3.123,2014,11,4,377,985
0,0,1,1,0,0,0,0,0,1,0,0,0,0,0,0,0,0,0,0,0,0,0,0,0,0,77036,79.512,3,0.2,20.8719,2014,11,4,377,985
0,0,1,1,0,0,0,0,1,0,0,0,0,0,0,0,0,0,0,0,0,1,0,0,0,0,77036,36.288,7,0.2,12.7008,2014,11,4,377,985
0,0,1,1,0,0,0,0,0,0,0,0,0,1,0,0,0,0,0,0,0,0,0,0,0,0,77036,67.9932,1,0.32,-12.9987,2014,11,4,377,985
0,1,0,1,0,0,1,0,0,0,0,0,0,0,0,0,0,0,1,0,0,0,0,0,0,0,36116,10.16,2,0,3.4544,2017,10,4,10,61
0,0,1,1,0,0,1,0,0,0,0,0,0,0,0,0,0,0,1,0,0,0,0,0,0,0,39212,6.16,2,0,1.9712,2015,12,4,82,53
0,0,1,1,0,0,1,0,1,0,0,1,0,0,0,0,0,0,0,0,0,0,0,0,0,0,39212,56.3,2,0,15.764,2015,12,4,82,53
0,0,1,0,0,0,0,1,1,0,0,0,0,0,0,0,0,0,0,0,0,1,0,0,0,0,89031,6.48,1,0,3.1104,2015,12,4,16,39
0,0,1,0,0,0,0,1,1,0,0,0,0,0,0,0,0,0,0,0,0,0,0,1,0,0,89031,1325.85,5,0,238.653,2015,12,4,16,39
0,0,1,0,0,0,0,1,1,0,0,0,0,0,0,0,0,0,0,1,0,0,0,0,0,0,89031,14.94,3,0,6.8724,2015,12,4,16,39
0,1,0,1,0,0,1,0,1,0,0,0,1,0,0,0,0,0,0,0,0,0,0,0,0,0,30318,34.54,1,0,17.27,2017,3,2,39,184
0,1,0,1,0,0,1,0,0,1,0,0,0,0,0,1,0,0,0,0,0,0,0,0,0,0,30318,2999.95,5,0,1439.976,2017,3,2,39,184
0,1,0,1,0,0,1,0,1,0,0,0,1,0,0,0,0,0,0,0,0,0,0,0,0,0,30318,64.12,4,0,30.7776,2017,3,2,39,184
1,0,0,0,1,0,0,0,1,0,0,1,0,0,0,0,0,0,0,0,0,0,0,0,0,0,60610,19.456,4,0.2,2.1888,2017,3,0,314,492
1,0,0,0,1,0,0,0,0,1,0,0,0,0,0,0,0,0,0,0,1,0,0,0,0,0,60610,209.986,2,0.3,8.9994,2017,3,0,314,492
1,0,0,0,1,0,0,0,1,0,0,1,0,0,0,0,0,0,0,0,0,0,0,0,0,0,60610,29.76,5,0.2,1.86,2017,3,0,314,492
1,0,0,0,1,0,0,0,0,0,0,0,0,0,1,0,0,0,0,0,0,0,0,0,0,0,60610,89.768,1,0.3,-2.5648,2017,3,0,314,492
1,0,0,0,1,0,0,0,0,1,0,0,0,0,0,1,0,0,0,0,0,0,0,0,0,0,60610,959.984,2,0.2,335.9944,2017,3,0,314,492
1,0,0,0,1,0,0,0,1,0,0,0,0,0,0,0,0,0,0,0,0,1,0,0,0,0,60610,15.552,3,0.2,5.6376,2017,3,0,314,492
1,0,0,0,1,0,0,0,0,1,0,0,0,0,0,0,0,0,0,0,0,0,1,0,0,0,60610,34.36,1,0.2,-7.3015,2017,3,0,314,492
0,0,1,1,0,1,0,0,1,0,0,0,0,0,0,0,0,0,0,0,0,1,0,0,0,0,43229,98.376,3,0.2,35.6613,2014,12,4,222,469
0,0,1,1,0,1,0,0,1,0,0,0,1,0,0,0,0,0,0,0,0,0,0,0,0,0,43229,29.94,4,0.7,-23.952,2014,12,4,222,469
0,0,1,1,0,1,0,0,1,0,0,0,0,0,0,0,0,0,0,0,0,1,0,0,0,0,43229,17.472,3,0.2,5.6784,2014,12,4,222,469
0,0,1,1,0,1,0,0,0,1,0,0,0,0,0,0,0,0,0,0,0,0,1,0,0,0,43229,36.738,1,0.4,-9.1845,2014,12,4,222,469
0,0,1,1,0,1,0,0,0,1,0,0,0,0,0,0,0,0,0,0,0,0,1,0,0,0,43229,179.94,2,0.4,-44.985,2014,12,4,222,469
0,0,1,0,0,0,0,1,0,0,0,0,0,0,0,0,0,0,1,0,0,0,0,0,0,0,91104,383.64,6,0,122.7648,2016,12,4,42,2001
0,0,1,0,0,0,0,1,1,0,1,0,0,0,0,0,0,0,0,0,0,0,0,0,0,0,91104,56.52,3,0,15.8256,2016,12,4,42,2001
0,1,0,0,0,0,0,1,1,0,0,1,0,0,0,0,0,0,0,0,0,0,0,0,0,0,90004,6.56,2,0,1.9024,2017,9,5,747,2001
0,1,0,0,0,0,0,1,0,0,0,0,0,0,1,0,0,0,0,0,0,0,0,0,0,0,90004,243.92,5,0.2,-15.245,2017,9,5,747,2001
0,1,0,0,0,0,0,1,1,0,0,0,0,0,0,0,0,0,0,0,0,1,0,0,0,0,90004,47.52,9,0,22.8096,2017,9,5,747,2001
0,0,1,0,1,1,0,0,0,0,0,0,0,0,0,0,0,0,1,0,0,0,0,0,0,0,20735,19.98,1,0,8.5914,2017,10,4,29,105
0,0,1,0,1,1,0,0,1,0,0,1,0,0,0,0,0,0,0,0,0,0,0,0,0,0,10024,8,5,0,3.44,2016,5,4,915,1128
0,1,0,0,0,0,0,1,0,0,0,0,0,0,0,0,0,0,1,0,0,0,0,0,0,0,92037,6.16,2,0,1.9712,2014,12,4,170,2001
0,0,1,0,1,1,0,0,1,0,0,0,0,0,0,0,0,0,0,0,0,0,0,1,0,0,10011,83.56,4,0,1.6712,2017,11,4,915,1128
0,0,1,0,1,1,0,0,0,1,0,0,0,0,0,0,0,0,0,0,0,0,1,0,0,0,10011,546.06,3,0,163.818,2017,11,4,915,1128
0,0,1,0,1,1,0,0,1,0,0,0,0,0,0,0,0,0,0,0,0,0,0,1,0,0,10011,269.49,3,0,5.3898,2017,11,4,915,1128
0,0,0,0,0,0,0,1,1,0,0,0,0,0,0,0,0,1,0,0,0,0,0,0,0,0,93534,10.9,5,0,3.597,2015,3,1,46,2001
0,0,1,0,1,0,0,1,1,0,0,0,1,0,0,0,0,0,0,0,0,0,0,0,0,0,59405,6.096,2,0.2,2.2098,2014,7,5,8,15
0,1,0,0,0,0,0,1,1,0,0,0,0,0,0,0,0,0,0,0,0,0,0,1,0,0,94110,34.05,3,0,9.534,2016,12,3,510,2001
0,1,0,0,0,0,0,1,1,0,0,0,0,0,0,0,0,0,0,0,0,0,0,1,0,0,94110,352.38,2,0,81.0474,2016,12,3,510,2001
0,1,0,1,0,1,0,0,0,0,0,0,0,0,1,0,0,0,0,0,0,0,0,0,0,0,8701,245.98,2,0,27.0578,2014,10,5,49,130
0,1,0,1,0,1,0,0,1,0,0,0,1,0,0,0,0,0,0,0,0,0,0,0,0,0,8701,18.94,1,0,9.47,2014,10,5,49,130
0,0,1,0,0,1,0,0,1,0,0,0,1,0,0,0,0,0,0,0,0,0,0,0,0,0,44105,59.913,7,0.7,-45.9333,2017,11,6,42,469
1,0,0,1,0,1,0,0,0,1,0,0,0,0,0,0,0,0,0,0,0,0,1,0,0,0,1841,391.98,2,0,109.7544,2017,9,0,44,135
1,0,0,1,0,1,0,0,0,1,0,0,0,0,0,0,0,0,0,0,0,0,1,0,0,0,1841,437.85,3,0,131.355,2017,9,0,44,135
0,0,1,0,0,1,0,0,1,0,0,0,1,0,0,0,0,0,0,0,0,0,0,0,0,0,3301,68.62,2,0,32.2514,2015,9,4,31,27
0,0,1,0,0,1,0,0,1,0,0,0,0,0,0,0,0,0,0,0,0,0,0,0,1,0,21215,25.02,3,0,6.5052,2017,2,7,43,105
0,0,1,0,0,1,0,0,1,0,0,1,0,0,0,0,0,0,0,0,0,0,0,0,0,0,21215,10.71,3,0,2.7846,2017,2,7,43,105
1,0,0,0,0,1,0,0,1,0,0,1,0,0,0,0,0,0,0,0,0,0,0,0,0,0,43229,55.984,2,0.2,4.1988,2014,10,0,222,469
1,0,0,0,0,1,0,0,1,0,0,0,0,0,0,0,1,0,0,0,0,0,0,0,0,0,43229,14.48,5,0.2,4.887,2014,10,0,222,469
1,0,0,0,0,1,0,0,0,1,0,0,0,0,0,0,0,0,0,0,0,0,0,0,0,0,43229,142.488,3,0.2,-3.5622,2014,10,0,222,469
0,1,0,1,0,0,0,0,1,0,0,0,0,0,0,0,0,0,0,0,0,0,0,1,0,0,77041,14.16,1,0.2,1.062,2016,8,2,377,985
0,1,0,1,0,0,0,0,1,0,0,0,0,0,0,0,0,0,0,0,0,1,0,0,0,0,77041,79.92,5,0.2,27.972,2016,8,2,377,985
0,0,1,1,0,1,0,0,1,0,0,0,1,0,0,0,0,0,0,0,0,0,0,0,0,0,10011,590.352,6,0.2,206.6232,2015,12,4,915,1128
0,0,1,1,0,0,1,0,0,0,0,0,0,0,0,0,0,0,1,0,0,0,0,0,0,0,27405,17.088,2,0.2,1.068,2016,9,5,13,249
0,0,1,1,0,0,1,0,0,0,0,0,0,0,1,0,0,0,0,0,0,0,0,0,0,0,27405,98.392,1,0.2,-11.0691,2016,9,5,13,249
0,0,1,0,0,1,0,0,1,0,0,1,0,0,0,0,0,0,0,0,0,0,0,0,0,0,10024,11.05,5,0,2.9835,2017,3,6,915,1128
0,0,1,0,0,0,0,1,1,0,1,0,0,0,0,0,0,0,0,0,0,0,0,0,0,0,94109,7.78,2,0,2.0228,2015,12,5,510,2001
0,0,1,0,0,0,1,0,0,1,0,0,0,0,0,0,0,0,0,0,0,0,0,0,0,0,71203,659.9,2,0,217.767,2017,8,5,21,42
0,0,0,0,0,1,0,0,0,1,0,0,0,0,0,0,0,0,0,0,0,0,0,0,0,0,45231,53.04,3,0.2,-4.641,2015,10,2,17,469
0,0,1,1,0,0,0,1,0,1,0,0,0,0,0,0,0,0,0,0,0,0,0,0,0,0,98105,843.9,2,0,371.316,2017,8,4,428,506
0,0,1,1,0,0,0,1,0,1,0,0,0,0,0,0,0,0,0,0,0,0,0,0,0,0,98105,1496.16,9,0,224.424,2017,8,4,428,506
0,0,1,0,0,1,0,0,1,0,0,0,0,0,0,0,0,0,0,0,0,0,0,1,0,0,10011,117.96,2,0,5.898,2016,2,5,915,1128
0,0,1,1,0,1,0,0,1,0,0,1,0,0,0,0,0,0,0,0,0,0,0,0,0,0,10035,21.3,5,0,8.733,2016,8,4,915,1128
0,0,1,1,0,1,0,0,1,0,1,0,0,0,0,0,0,0,0,0,0,0,0,0,0,0,10035,1040.8,5,0,281.016,2016,8,4,915,1128
0,0,1,1,0,1,0,0,1,0,0,1,0,0,0,0,0,0,0,0,0,0,0,0,0,0,10035,29.34,6,0,7.9218,2016,8,4,915,1128
0,0,1,1,0,0,1,0,0,0,0,0,0,0,0,0,0,0,1,0,0,0,0,0,0,0,38109,19.52,2,0.2,5.368,2017,6,4,30,183
0,0,0,0,0,0,0,1,1,0,0,0,0,0,0,0,0,0,0,0,0,0,0,1,0,0,92105,443.92,4,0,8.8784,2015,9,3,170,2001
0,0,1,1,0,0,0,0,0,1,0,0,0,0,0,0,0,0,0,0,0,0,0,0,0,0,54601,499.95,5,0,174.9825,2016,9,5,5,110
0,0,1,1,0,0,0,0,1,0,0,1,0,0,0,0,0,0,0,0,0,0,0,0,0,0,54601,3.04,1,0,1.0336,2016,9,5,5,110
0,0,1,1,0,0,0,0,0,0,0,0,0,0,1,0,0,0,0,0,0,0,0,0,0,0,54601,201.96,2,0,50.49,2016,9,5,5,110
0,0,1,1,0,0,0,0,0,0,0,0,0,0,0,0,0,0,1,0,0,0,0,0,0,0,54601,68.64,11,0,17.16,2016,9,5,5,110
0,1,0,1,0,0,0,1,0,1,0,0,0,0,0,0,0,0,0,0,0,0,0,0,0,0,90032,100,4,0,21,2016,10,4,747,2001
0,1,0,1,0,0,0,1,0,1,0,0,0,0,0,0,0,0,0,0,0,0,0,0,0,0,90032,359.98,2,0,21.5988,2016,10,4,747,2001
0,1,0,0,1,0,0,1,0,0,0,0,0,0,0,0,0,0,1,0,0,0,0,0,0,0,98115,6.16,2,0,2.9568,2014,9,2,428,506
0,1,0,0,1,0,0,1,0,0,0,0,0,0,0,0,0,0,0,0,0,0,0,0,0,1,98115,2348.82,9,0,399.2994,2014,9,2,428,506
0,0,1,1,0,0,1,0,1,0,0,0,0,0,0,0,0,0,0,1,0,0,0,0,0,0,33180,13.872,6,0.2,4.6818,2017,6,5,57,383
0,0,1,1,0,0,1,0,0,0,0,0,0,0,1,0,0,0,0,0,0,0,0,0,0,0,33180,273.552,3,0.2,-13.6776,2017,6,5,57,383
0,1,0,0,1,1,0,0,0,0,0,0,0,0,0,0,0,0,0,0,0,0,0,0,0,1,19143,815.292,9,0.4,-339.705,2016,8,2,537,587
0,0,1,0,0,0,1,0,0,1,0,0,0,0,0,0,0,0,0,0,0,0,0,0,0,0,23320,234.45,3,0,103.158,2014,2,4,18,224
0,0,1,0,0,0,1,0,0,0,0,0,0,0,0,0,0,0,0,0,0,0,0,0,0,1,23320,1256.22,6,0,75.3732,2014,2,4,18,224
0,0,1,0,0,0,1,0,1,0,0,0,1,0,0,0,0,0,0,0,0,0,0,0,0,0,23320,17.46,2,0,8.2062,2014,2,4,18,224
0,1,0,0,1,1,0,0,1,0,0,0,1,0,0,0,0,0,0,0,0,0,0,0,0,0,10009,10.528,7,0.2,3.6848,2016,9,5,915,1128
0,0,0,0,1,0,0,0,1,0,0,0,1,0,0,0,0,0,0,0,0,0,0,0,0,0,48104,152.8,5,0,76.4,2015,12,1,5,255
0,0,1,0,1,0,0,1,1,0,0,0,1,0,0,0,0,0,0,0,0,0,0,0,0,0,91941,82.56,5,0.2,28.896,2017,9,5,2,2001
0,0,1,0,1,0,0,1,0,1,0,0,0,0,0,0,0,0,0,0,0,0,0,0,0,0,91941,284.97,3,0,85.491,2017,9,5,2,2001
0,0,1,1,0,0,0,0,0,0,0,0,0,0,0,0,0,0,1,0,0,0,0,0,0,0,48126,60.84,3,0,23.1192,2017,3,7,5,255
0,0,1,0,0,0,0,1,0,0,0,0,0,0,1,0,0,0,0,0,0,0,0,0,0,0,92024,1325.76,6,0.2,149.148,2014,12,6,170,2001
0,0,1,0,0,0,0,1,0,0,0,0,0,0,1,0,0,0,0,0,0,0,0,0,0,0,92024,572.16,3,0.2,35.76,2014,12,6,170,2001
0,0,1,0,1,1,0,0,1,0,0,0,0,0,0,0,0,0,0,0,0,1,0,0,0,0,44107,28.8,9,0.2,10.08,2014,9,5,49,469
0,0,0,0,1,1,0,0,1,0,0,1,0,0,0,0,0,0,0,0,0,0,0,0,0,0,6450,11.12,4,0,2.8912,2017,4,3,11,82
0,1,0,0,1,0,1,0,0,0,0,0,0,0,0,0,0,0,1,0,0,0,0,0,0,0,31907,7.04,4,0,3.0976,2016,4,4,222,184
0,1,0,1,0,0,1,0,1,0,0,0,0,0,0,0,1,0,0,0,0,0,0,0,0,0,30076,17.94,3,0,8.7906,2015,5,5,18,184
0,0,0,0,1,0,0,1,1,0,0,0,1,0,0,0,0,0,0,0,0,0,0,0,0,0,98105,34.76,5,0.2,11.297,2017,3,3,428,506
0,0,1,1,0,1,0,0,0,0,0,0,0,0,0,0,0,0,1,0,0,0,0,0,0,0,7960,74.45,5,0,20.1015,2017,4,5,7,130
0,0,1,1,0,0,1,0,0,0,0,0,0,0,0,0,0,0,1,0,0,0,0,0,0,0,22304,192.22,14,0,69.1992,2015,1,5,16,224
0,0,1,0,0,0,0,1,1,0,0,0,0,0,0,0,0,0,0,0,0,1,0,0,0,0,84106,19.44,3,0,9.3312,2017,11,5,8,53
0,1,0,1,0,0,0,1,1,0,0,0,0,0,0,0,0,0,0,0,0,1,0,0,0,0,92307,32.4,5,0,15.552,2017,7,2,9,2001
0,1,0,1,0,0,0,1,1,0,0,0,0,0,0,0,1,0,0,0,0,0,0,0,0,0,92307,57.9,5,0,28.95,2017,7,2,9,2001
0,1,0,1,0,0,0,1,1,0,0,0,0,0,0,0,0,0,0,0,0,0,0,1,0,0,92307,10.56,2,0,0,2017,7,2,9,2001
0,1,0,1,0,0,0,1,0,0,0,0,0,1,0,0,0,0,0,0,0,0,0,0,0,0,92307,1194.165,5,0.15,210.735,2017,7,2,9,2001
0,0,1,1,0,1,0,0,1,0,0,0,0,0,0,0,0,0,0,0,0,1,0,0,0,0,10009,40.99,1,0,20.0851,2017,10,5,915,1128
0,0,1,1,0,0,0,1,1,0,0,1,0,0,0,0,0,0,0,0,0,0,0,0,0,0,90805,2.94,1,0,0.7938,2014,11,7,61,2001
0,0,0,0,1,0,0,1,1,0,0,0,1,0,0,0,0,0,0,0,0,0,0,0,0,0,97301,45.24,4,0.7,-30.16,2016,12,3,40,124
0,0,0,0,1,0,0,1,1,0,0,1,0,0,0,0,0,0,0,0,0,0,0,0,0,0,97301,18.688,4,0.2,2.336,2016,12,3,40,124
0,0,0,0,1,0,0,1,1,0,0,0,0,0,0,0,0,0,0,0,0,1,0,0,0,0,97301,11.648,2,0.2,3.7856,2016,12,3,40,124
0,0,0,0,1,0,0,1,0,1,0,0,0,0,0,0,0,0,0,0,0,0,0,0,0,0,97301,112.776,3,0.2,-8.4582,2016,12,3,40,124
0,0,0,0,1,0,0,1,0,0,0,0,0,0,0,0,0,0,0,0,0,0,0,0,0,1,97301,377.45,5,0.5,-264.215,2016,12,3,40,124
0,0,0,0,1,0,0,1,1,0,0,0,0,0,0,0,0,0,0,1,0,0,0,0,0,0,97301,15.936,4,0.2,5.1792,2016,12,3,40,124
0,0,0,0,1,0,0,1,0,1,0,0,0,0,0,0,0,0,0,0,0,0,1,0,0,0,97301,28.68,3,0.2,-7.17,2016,12,3,40,124
0,0,1,0,1,0,0,1,0,0,0,0,0,0,0,0,0,0,1,0,0,0,0,0,0,0,80013,21.44,2,0.2,7.504,2016,9,7,68,182
0,0,1,0,1,0,0,1,1,0,0,0,0,0,0,0,0,0,0,0,0,0,0,1,0,0,80013,511.056,9,0.2,-95.823,2016,9,7,68,182
1,0,0,1,0,1,0,0,1,0,0,1,0,0,0,0,0,0,0,0,0,0,0,0,0,0,43055,18.656,2,0.2,1.3992,2016,7,0,95,469
1,0,0,1,0,1,0,0,1,0,0,0,1,0,0,0,0,0,0,0,0,0,0,0,0,0,43055,11.088,7,0.7,-8.1312,2016,7,0,95,469
1,0,0,1,0,1,0,0,1,0,0,0,0,0,0,0,0,0,0,0,0,0,0,1,0,0,43055,66.688,1,0.2,4.168,2016,7,0,95,469
1,0,0,1,0,1,0,0,1,0,0,0,0,0,0,0,0,0,0,0,0,0,0,1,0,0,43055,99.488,2,0.2,8.7052,2016,7,0,95,469
0,0,1,0,0,0,0,1,1,0,0,0,0,0,0,0,0,0,0,1,0,0,0,0,0,0,98103,14.62,2,0,6.8714,2016,6,4,428,506
0,0,1,0,0,0,0,1,1,0,0,0,1,0,0,0,0,0,0,0,0,0,0,0,0,0,98103,53.984,14,0.2,17.5448,2016,6,4,428,506
0,0,1,0,0,0,0,1,0,1,0,0,0,0,0,0,0,0,0,0,0,0,0,0,0,0,98103,389.97,3,0,132.5898,2016,6,4,428,506
0,1,0,0,0,0,0,1,0,0,0,0,0,0,0,0,0,0,1,0,0,0,0,0,0,0,83201,355.36,4,0,92.3936,2015,6,2,7,21
0,1,0,0,0,0,0,1,0,1,0,0,0,0,0,0,0,0,0,0,0,0,1,0,0,0,83201,140.376,3,0.2,8.7735,2015,6,2,7,21
0,0,1,1,0,0,0,0,1,0,0,0,0,0,0,0,1,0,0,0,0,0,0,0,0,0,75081,15.84,2,0.2,5.544,2017,10,7,157,985
0,0,1,1,0,0,0,0,1,0,0,0,0,0,0,0,0,0,0,0,0,1,0,0,0,0,75081,8.448,2,0.2,2.64,2017,10,7,157,985
0,0,1,0,0,0,0,1,1,0,0,0,0,0,0,0,0,0,0,0,0,1,0,0,0,0,98105,12.96,2,0,6.2208,2016,1,5,428,506
0,0,1,1,0,0,0,1,0,1,0,0,0,0,0,0,0,0,0,0,0,0,1,0,0,0,98115,57.408,6,0.2,5.7408,2014,5,5,428,506
0,0,1,1,0,0,0,1,0,1,0,0,0,0,0,0,0,0,0,0,0,0,0,0,0,0,98115,27.6,4,0,2.208,2014,5,5,428,506
0,0,1,0,0,0,0,0,0,0,0,0,0,0,0,0,0,0,1,0,0,0,0,0,0,0,60610,38.976,3,0.6,-50.6688,2014,12,7,314,492
0,0,1,0,1,0,0,0,1,0,0,0,0,0,0,0,0,1,0,0,0,0,0,0,0,0,49423,20.44,7,0,9.198,2016,7,6,3,255
0,0,1,0,1,0,0,0,1,0,0,0,0,0,0,0,0,0,0,0,0,1,0,0,0,0,49423,109.92,2,0,53.8608,2016,7,6,3,255
0,0,1,0,0,0,0,0,1,0,0,0,1,0,0,0,0,0,0,0,0,0,0,0,0,0,74012,6.38,1,0,2.9348,2016,9,6,5,66
0,0,1,0,0,0,0,0,1,0,0,0,0,0,0,0,0,0,0,0,0,1,0,0,0,0,74012,6.48,1,0,3.1104,2016,9,6,5,66
0,0,1,0,0,0,1,0,1,0,0,0,0,0,0,0,0,0,0,0,0,1,0,0,0,0,30605,15.84,3,0,7.128,2014,4,6,8,184
0,0,1,0,0,0,1,0,0,1,0,0,0,0,0,0,0,0,0,0,0,0,1,0,0,0,30605,1049.93,7,0,293.9804,2014,4,6,8,184
0,0,1,0,0,0,1,0,1,0,1,0,0,0,0,0,0,0,0,0,0,0,0,0,0,0,30605,154.9,5,0,40.274,2014,4,6,8,184
1,0,0,0,0,0,0,1,1,0,0,0,1,0,0,0,0,0,0,0,0,0,0,0,0,0,98105,98.352,3,0.2,35.6526,2015,11,0,428,506
1,0,0,0,0,0,1,0,1,0,0,0,0,0,0,0,0,1,0,0,0,0,0,0,0,0,32712,14.32,5,0.2,5.191,2014,7,0,7,383
1,0,0,0,0,0,1,0,0,0,0,0,0,0,0,0,0,0,1,0,0,0,0,0,0,0,32712,129.888,6,0.2,12.9888,2014,7,0,7,383
1,0,0,0,0,0,1,0,1,0,0,0,0,0,0,0,1,0,0,0,0,0,0,0,0,0,32712,48.944,7,0.2,16.5186,2014,7,0,7,383
0,0,1,0,1,0,0,0,0,0,0,0,0,0,1,0,0,0,0,0,0,0,0,0,0,0,77070,275.058,3,0.3,-90.3762,2015,12,5,377,985
0,0,1,1,0,1,0,0,1,0,0,1,0,0,0,0,0,0,0,0,0,0,0,0,0,0,21215,27.36,9,0,9.3024,2015,12,6,43,105
0,0,1,1,0,1,0,0,1,0,0,0,0,0,0,0,0,0,0,0,0,1,0,0,0,0,21215,44.75,5,0,20.585,2015,12,6,43,105
0,0,1,1,0,1,0,0,0,1,0,0,0,0,0,0,0,0,0,0,0,0,1,0,0,0,21215,134.99,1,0,36.4473,2015,12,6,43,105
0,0,1,1,0,1,0,0,1,0,0,0,0,0,0,0,0,0,0,0,0,1,0,0,0,0,21215,26.4,5,0,12.672,2015,12,6,43,105
0,0,1,1,0,1,0,0,0,0,0,0,0,0,1,0,0,0,0,0,0,0,0,0,0,0,21215,542.94,3,0,141.1644,2015,12,6,43,105
0,1,0,0,0,0,0,1,0,0,0,0,0,0,0,0,0,0,0,0,0,0,0,0,0,1,94109,71.088,2,0.2,-1.7772,2016,5,2,510,2001
0,0,1,0,1,0,0,0,1,0,0,0,1,0,0,0,0,0,0,0,0,0,0,0,0,0,60623,27.396,9,0.8,-42.4638,2017,10,4,314,492
0,0,1,0,1,0,0,0,1,0,0,0,1,0,0,0,0,0,0,0,0,0,0,0,0,0,60623,13.456,1,0.8,-23.548,2017,10,4,314,492
1,0,0,0,0,0,0,0,1,0,0,0,0,0,0,0,0,0,0,1,0,0,0,0,0,0,78041,11.84,1,0.2,4.44,2016,11,0,13,985
0,0,1,0,0,0,0,1,1,0,0,0,0,0,0,0,0,0,0,0,0,1,0,0,0,0,94109,35.88,6,0,17.5812,2017,11,5,510,2001
0,0,0,0,1,1,0,0,1,0,0,0,0,0,0,0,1,0,0,0,0,0,0,0,0,0,44105,40.752,3,0.2,15.282,2016,11,2,42,469
0,0,0,0,1,1,0,0,0,1,0,0,0,0,0,0,0,0,0,0,0,0,0,0,0,0,44105,139.96,5,0.2,-22.7435,2016,11,2,42,469
0,0,1,0,0,1,0,0,1,0,0,1,0,0,0,0,0,0,0,0,0,0,0,0,0,0,43302,2.624,1,0.2,0.2952,2014,12,7,20,469
0,0,1,0,0,1,0,0,0,0,0,0,0,0,0,0,0,0,0,0,0,0,0,0,0,1,43302,136.53,1,0.4,-52.3365,2014,12,7,20,469
0,0,1,0,0,1,0,0,0,1,0,0,0,0,0,0,0,0,0,0,0,0,0,0,0,0,43302,263.96,1,0.2,42.8935,2014,12,7,20,469
0,0,1,0,0,1,0,0,1,0,0,0,0,0,0,0,0,0,0,0,0,0,0,0,1,0,6824,11.64,3,0,3.3756,2014,11,5,45,82
0,1,0,1,0,1,0,0,1,0,0,0,1,0,0,0,0,0,0,0,0,0,0,0,0,0,10009,40.176,3,0.2,14.5638,2017,9,3,915,1128
0,0,1,0,0,1,0,0,0,0,0,0,0,0,0,0,0,0,1,0,0,0,0,0,0,0,10024,79.44,3,0,30.1872,2015,5,7,915,1128
0,0,1,0,0,1,0,0,1,0,0,0,0,0,0,0,0,0,0,0,0,0,0,0,1,0,10024,357.93,3,0,7.1586,2015,5,7,915,1128
0,0,1,0,0,1,0,0,0,0,0,0,0,0,1,0,0,0,0,0,0,0,0,0,0,0,10024,127.764,2,0.1,21.294,2015,5,7,915,1128
0,0,1,0,0,1,0,0,0,1,0,0,0,0,0,1,0,0,0,0,0,0,0,0,0,0,10024,2799.944,7,0.2,1014.9797,2015,5,7,915,1128
0,0,1,0,0,1,0,0,1,0,0,0,0,0,0,0,0,0,0,0,0,1,0,0,0,0,10024,19.44,3,0,9.3312,2015,5,7,915,1128
1,0,0,0,0,0,0,0,0,1,0,0,0,0,0,0,0,0,0,0,0,0,1,0,0,0,60653,36.792,1,0.2,4.1391,2017,7,0,314,492
0,0,1,0,1,1,0,0,0,1,0,0,0,0,0,0,0,0,0,0,0,0,1,0,0,0,10035,5.94,3,0,1.6038,2014,3,4,915,1128
0,0,1,0,0,0,1,0,1,0,0,0,0,0,0,0,0,0,0,0,0,0,0,1,0,0,23223,177.55,5,0,47.9385,2017,9,4,90,224
0,1,0,1,0,0,0,0,0,1,0,0,0,0,0,0,0,0,0,0,0,0,0,0,0,0,48104,619.95,5,0,111.591,2015,10,3,5,255
0,1,0,1,0,0,0,0,0,1,0,0,0,0,0,0,0,0,0,0,0,0,1,0,0,0,48104,29.16,3,0,8.4564,2015,10,3,5,255
0,1,0,1,0,0,0,0,1,0,0,0,0,0,0,0,1,0,0,0,0,0,0,0,0,0,48104,57.96,7,0,27.2412,2015,10,3,5,255
0,1,0,1,0,0,0,0,1,0,1,0,0,0,0,0,0,0,0,0,0,0,0,0,0,0,48104,29.403,3,0.1,5.2272,2015,10,3,5,255
0,1,0,0,0,0,0,0,1,0,0,0,0,0,0,0,0,0,0,0,0,0,0,1,0,0,47905,81.4,5,0,21.164,2017,3,4,31,149
0,0,0,1,0,0,0,1,1,0,0,0,0,0,0,0,0,1,0,0,0,0,0,0,0,0,97477,8.72,5,0.2,2.289,2015,11,3,163,124
0,0,0,1,0,0,0,1,0,1,0,0,0,0,0,0,0,0,0,0,0,0,0,0,0,0,97477,91.176,3,0.2,4.5588,2015,11,3,163,124
0,0,0,1,0,0,0,1,0,1,0,0,0,0,0,0,0,0,0,0,0,0,0,0,0,0,97477,159.968,4,0.2,29.994,2015,11,3,163,124
0,0,1,1,0,0,0,1,1,0,0,0,0,0,0,0,0,0,0,0,0,1,0,0,0,0,94109,12.96,2,0,6.2208,2016,9,4,510,2001
0,0,1,1,0,0,0,0,1,0,0,0,0,0,0,0,0,0,0,0,0,0,0,1,0,0,60653,331.536,3,0.2,-82.884,2014,9,5,314,492
0,0,0,1,0,1,0,0,0,1,0,0,0,0,0,0,0,0,0,0,0,0,0,0,0,0,10011,899.91,9,0,395.9604,2015,9,2,915,1128
0,0,1,1,0,0,0,0,0,1,0,0,0,0,0,0,0,0,0,0,0,0,1,0,0,0,77095,946.344,7,0.2,118.293,2015,5,4,377,985
0,0,1,0,0,0,0,0,0,1,0,0,0,0,0,0,0,0,0,0,0,0,0,0,0,0,53711,178.11,3,0,32.0598,2017,12,5,10,110
0,0,1,0,0,0,0,0,1,0,1,0,0,0,0,0,0,0,0,0,0,0,0,0,0,0,53711,1089.75,3,0,305.13,2017,12,5,10,110
0,0,1,0,0,0,0,0,1,0,0,0,0,0,0,0,0,0,0,1,0,0,0,0,0,0,53711,61.06,2,0,28.0876,2017,12,5,10,110
0,0,1,0,0,0,0,0,0,0,0,0,0,1,0,0,0,0,0,0,0,0,0,0,0,0,53711,459.92,4,0,41.3928,2017,12,5,10,110
0,0,1,0,0,0,0,0,1,0,0,0,0,0,0,0,0,0,0,0,0,1,0,0,0,0,53711,27.52,4,0,12.6592,2017,12,5,10,110
0,0,0,1,0,1,0,0,0,0,0,0,0,1,0,0,0,0,0,0,0,0,0,0,0,0,6460,638.82,9,0,185.2578,2017,6,3,6,82
0,0,0,1,0,1,0,0,1,0,0,0,0,0,0,0,0,0,0,0,0,0,0,0,1,0,6460,30.69,3,0,7.9794,2017,6,3,6,82
0,0,0,1,0,1,0,0,0,0,0,0,0,0,0,0,0,0,1,0,0,0,0,0,0,0,6460,25.16,2,0,8.5544,2017,6,3,6,82
0,0,1,0,0,1,0,0,1,0,0,0,1,0,0,0,0,0,0,0,0,0,0,0,0,0,10024,13.92,3,0.2,4.872,2014,6,4,915,1128
0,0,1,0,0,0,0,1,1,0,0,0,0,0,0,0,0,0,0,0,0,1,0,0,0,0,90049,19.36,2,0,9.2928,2014,1,5,747,2001
0,0,1,0,0,0,0,1,0,0,0,0,0,0,0,0,0,0,1,0,0,0,0,0,0,0,90049,19.3,2,0,5.79,2014,1,5,747,2001
0,0,1,0,0,0,0,1,1,0,0,0,1,0,0,0,0,0,0,0,0,0,0,0,0,0,94109,38.376,3,0.2,13.4316,2016,12,6,510,2001
0,0,0,1,0,0,0,1,1,0,0,0,0,0,0,0,0,0,0,0,0,1,0,0,0,0,94533,12.96,2,0,6.3504,2017,3,3,45,2001
0,0,0,1,0,0,0,1,0,0,0,0,0,0,0,0,0,0,1,0,0,0,0,0,0,0,94533,26.48,1,0,10.0624,2017,3,3,45,2001
0,0,0,1,0,0,0,1,0,1,0,0,0,0,0,0,0,0,0,0,1,0,0,0,0,0,94533,532.72,2,0.2,53.272,2017,3,3,45,2001
0,0,0,1,0,0,0,1,1,0,0,0,0,0,0,0,0,0,0,0,0,1,0,0,0,0,94533,26.72,4,0,12.8256,2017,3,3,45,2001
0,0,0,1,0,0,0,1,1,0,0,0,0,0,0,0,0,0,0,0,0,1,0,0,0,0,94533,20.04,3,0,9.6192,2017,3,3,45,2001
0,0,0,1,0,0,0,1,1,0,0,0,0,0,0,0,0,0,0,0,0,0,0,1,0,0,94533,795.48,7,0,7.9548,2017,3,3,45,2001
0,0,0,1,0,0,0,1,0,0,0,0,0,0,0,0,0,0,1,0,0,0,0,0,0,0,94533,21.56,7,0,6.8992,2017,3,3,45,2001
0,0,1,0,0,0,1,0,0,1,0,0,0,0,0,0,0,0,0,0,0,0,1,0,0,0,27834,249.584,2,0.2,31.198,2016,12,4,9,249
0,0,1,0,0,0,1,0,0,1,0,0,0,0,0,0,0,0,0,0,0,0,0,0,0,0,27834,68.112,3,0.2,17.8794,2016,12,4,9,249
0,0,1,0,0,0,1,0,0,1,0,0,0,0,0,0,0,0,0,0,0,0,0,0,0,0,27834,16.56,3,0.2,-2.484,2016,12,4,9,249
0,0,1,0,0,1,0,0,0,1,0,0,0,0,0,0,0,0,0,0,0,0,1,0,0,0,11561,74.95,5,0,36.7255,2017,11,4,61,1128
0,0,1,0,0,0,0,0,0,0,0,0,0,0,0,0,0,0,0,0,0,0,0,0,0,1,60089,355.455,3,0.5,-184.8366,2014,5,6,2,492
0,0,1,0,0,0,0,1,1,0,0,0,0,0,0,0,0,0,0,1,0,0,0,0,0,0,92037,44.4,3,0,22.2,2016,1,6,170,2001
0,0,1,0,0,0,0,1,1,0,0,0,0,0,0,0,0,0,0,1,0,0,0,0,0,0,92037,20.65,5,0,9.499,2016,1,6,170,2001
0,0,1,0,0,0,1,0,0,0,0,0,0,0,1,0,0,0,0,0,0,0,0,0,0,0,40475,866.4,4,0,225.264,2016,2,7,90,139
0,1,0,0,0,0,1,0,1,0,0,1,0,0,0,0,0,0,0,0,0,0,0,0,0,0,22153,5.56,2,0,1.4456,2015,3,5,163,224
0,0,1,0,0,0,0,0,1,0,1,0,0,0,0,0,0,0,0,0,0,0,0,0,0,0,76106,3.16,4,0.8,-8.532,2014,10,4,27,985
0,0,1,0,0,0,0,0,0,1,0,0,0,0,0,1,0,0,0,0,0,0,0,0,0,0,76106,1999.96,5,0.2,624.9875,2014,10,4,27,985
0,0,1,0,0,0,1,0,0,0,0,0,0,0,0,0,0,0,1,0,0,0,0,0,0,0,27604,46.152,3,0.2,12.1149,2015,8,5,22,249
0,0,0,0,0,0,1,0,0,1,0,0,0,0,0,0,0,0,0,0,1,0,0,0,0,0,33012,32.985,3,0.5,-1.9791,2015,11,1,18,383
1,0,0,0,1,0,0,1,1,0,0,0,0,0,0,0,0,0,0,0,0,0,0,1,0,0,90032,481.32,4,0,125.1432,2016,12,0,747,2001
1,0,0,0,1,0,0,1,1,0,0,0,1,0,0,0,0,0,0,0,0,0,0,0,0,0,90032,6.384,1,0.2,2.1546,2016,12,0,747,2001
0,0,0,0,0,0,0,1,1,0,1,0,0,0,0,0,0,0,0,0,0,0,0,0,0,0,92630,542.94,3,0,152.0232,2017,8,3,6,2001
0,0,0,0,0,0,0,1,0,0,0,0,0,0,0,0,0,0,1,0,0,0,0,0,0,0,92630,54.92,4,0,19.7712,2017,8,3,6,2001
0,0,0,1,0,1,0,0,0,0,0,0,0,0,1,0,0,0,0,0,0,0,0,0,0,0,11561,1448.82,10,0.1,209.274,2015,11,2,61,1128
0,1,0,0,0,0,0,1,1,0,0,0,0,0,0,0,0,0,0,0,0,0,0,1,0,0,98103,353.88,6,0,17.694,2015,9,2,428,506
0,0,1,0,0,0,0,1,0,1,0,0,0,0,0,0,0,0,0,0,0,0,1,0,0,0,96003,333.576,3,0.2,25.0182,2014,11,6,1,2001
0,0,1,0,1,0,0,0,1,0,0,0,0,0,0,0,0,0,0,1,0,0,0,0,0,0,78207,60.144,6,0.2,20.2986,2016,10,7,59,985
0,1,0,1,0,0,0,0,0,1,0,0,0,0,0,0,0,0,0,0,0,0,0,0,0,0,77070,85.2,6,0.2,20.235,2017,9,4,377,985
0,0,1,0,0,1,0,0,1,0,0,0,0,0,0,0,0,0,0,1,0,0,0,0,0,0,1453,3.15,1,0,1.512,2015,2,4,6,135
0,0,1,0,0,1,0,0,1,0,0,0,0,0,0,0,0,0,0,0,0,1,0,0,0,0,1453,22.72,4,0,10.224,2015,2,4,6,135
0,0,1,1,0,0,0,1,0,0,0,0,0,0,0,0,0,0,1,0,0,0,0,0,0,0,90032,14.91,3,0,4.6221,2015,9,4,747,2001
0,0,1,1,0,0,0,1,1,0,1,0,0,0,0,0,0,0,0,0,0,0,0,0,0,0,90032,1158.12,4,0,335.8548,2015,9,4,747,2001
0,0,1,1,0,0,0,0,0,1,0,0,0,0,0,1,0,0,0,0,0,0,0,0,0,0,65807,599.99,1,0,233.9961,2015,11,5,163,66
0,0,1,0,0,0,0,0,1,0,0,0,0,0,0,0,0,0,0,0,0,0,0,1,0,0,76706,23.968,2,0.2,2.3968,2016,8,6,6,985
0,0,1,0,0,0,0,1,0,0,0,0,0,0,1,0,0,0,0,0,0,0,0,0,0,0,90036,638.288,7,0.2,-31.9144,2016,4,4,747,2001
0,0,1,0,0,0,0,1,1,0,0,0,1,0,0,0,0,0,0,0,0,0,0,0,0,0,90036,13.208,1,0.2,4.6228,2016,4,4,747,2001
0,0,1,0,0,1,0,0,1,0,0,0,1,0,0,0,0,0,0,0,0,0,0,0,0,0,13021,15.528,3,0.2,5.823,2016,12,4,24,1128
0,0,1,0,0,0,0,1,1,0,0,0,0,0,0,0,0,0,0,0,0,1,0,0,0,0,94109,104.85,1,0,50.328,2016,12,5,510,2001
0,0,1,0,0,0,0,1,1,0,0,1,0,0,0,0,0,0,0,0,0,0,0,0,0,0,90008,30.48,3,0,7.9248,2014,11,7,747,2001
0,0,1,0,0,0,0,1,0,0,0,0,0,0,1,0,0,0,0,0,0,0,0,0,0,0,90008,112.648,1,0.2,11.2648,2014,11,7,747,2001
0,0,1,0,0,0,0,1,0,1,0,0,0,0,0,0,0,0,0,0,1,0,0,0,0,0,90049,71.976,3,0.2,24.2919,2015,4,7,747,2001
0,1,0,0,0,0,0,1,1,0,0,1,0,0,0,0,0,0,0,0,0,0,0,0,0,0,95928,2.21,1,0,0.5967,2015,12,4,11,2001
0,1,0,0,0,0,0,1,1,0,0,0,0,0,0,0,1,0,0,0,0,0,0,0,0,0,95928,15.52,4,0,7.4496,2015,12,4,11,2001
0,1,0,0,0,0,0,1,1,0,0,0,0,0,0,0,0,0,0,0,0,1,0,0,0,0,95928,36.44,4,0,16.398,2015,12,4,11,2001
0,0,1,0,0,0,0,1,0,0,0,0,0,1,0,0,0,0,0,0,0,0,0,0,0,0,97477,217.764,6,0.7,-384.7164,2017,10,6,163,124
0,0,1,0,0,0,0,1,1,0,0,0,0,0,0,0,0,0,0,0,0,0,0,0,1,0,97477,39.072,6,0.2,4.3956,2017,10,6,163,124
0,0,1,0,0,0,0,1,1,0,0,0,1,0,0,0,0,0,0,0,0,0,0,0,0,0,97477,22.638,7,0.7,-16.6012,2017,10,6,163,124
0,0,1,0,0,0,0,1,1,0,0,1,0,0,0,0,0,0,0,0,0,0,0,0,0,0,97477,95.144,7,0.2,10.7037,2017,10,6,163,124
0,1,0,1,0,0,1,0,0,0,0,0,0,0,0,0,0,0,1,0,0,0,0,0,0,0,32216,12.32,5,0.2,1.848,2017,4,4,125,383
0,1,0,1,0,0,1,0,1,0,0,0,1,0,0,0,0,0,0,0,0,0,0,0,0,0,32216,4.419,3,0.7,-3.0933,2017,4,4,125,383
0,0,0,0,0,0,0,1,1,0,0,0,0,0,0,0,0,1,0,0,0,0,0,0,0,0,93309,35,7,0,16.8,2017,9,3,16,2001
0,0,0,0,0,0,0,1,0,0,0,0,0,0,1,0,0,0,0,0,0,0,0,0,0,0,93309,72.784,1,0.2,0,2017,9,3,16,2001
0,0,0,0,0,0,0,1,1,0,1,0,0,0,0,0,0,0,0,0,0,0,0,0,0,0,93309,97.84,2,0,25.4384,2017,9,3,16,2001
0,0,0,0,0,0,0,1,0,0,0,0,0,0,0,0,0,0,1,0,0,0,0,0,0,0,93309,51.75,1,0,15.525,2017,9,3,16,2001
0,0,0,0,0,0,0,1,1,0,0,0,1,0,0,0,0,0,0,0,0,0,0,0,0,0,93309,46.672,2,0.2,16.3352,2017,9,3,16,2001
0,1,0,0,0,1,0,0,1,0,0,0,0,0,0,0,0,0,0,0,0,0,0,1,0,0,10011,1395.54,9,0,362.8404,2014,9,4,915,1128
0,1,0,0,0,1,0,0,0,0,0,0,0,0,0,0,0,0,1,0,0,0,0,0,0,0,10011,117.36,4,0,36.3816,2014,9,4,915,1128
0,1,0,0,0,1,0,0,1,0,0,0,0,0,0,0,0,0,0,1,0,0,0,0,0,0,10011,18.9,3,0,8.694,2014,9,4,915,1128
0,1,0,0,0,1,0,0,1,0,0,0,0,0,0,0,0,0,0,0,0,1,0,0,0,0,10011,77.52,2,0,37.9848,2014,9,4,915,1128
0,1,0,0,0,0,0,0,0,0,0,0,0,0,1,0,0,0,0,0,0,0,0,0,0,0,60610,421.372,2,0.3,-6.0196,2014,8,5,314,492
0,0,0,0,0,0,0,0,0,1,0,0,0,0,0,0,0,0,0,0,0,0,1,0,0,0,79907,575.968,4,0.2,43.1976,2014,7,3,19,985
0,0,0,0,0,0,0,0,1,0,0,0,0,0,0,0,0,0,0,0,0,1,0,0,0,0,79907,10.368,2,0.2,3.6288,2014,7,3,19,985
0,0,0,0,0,0,0,1,0,1,0,0,0,0,0,0,0,0,0,0,0,0,1,0,0,0,91360,15.984,2,0.2,1.1988,2015,3,2,5,2001
0,0,1,0,1,1,0,0,1,0,0,1,0,0,0,0,0,0,0,0,0,0,0,0,0,0,45503,10.272,3,0.2,1.1556,2017,5,7,163,469
0,0,1,1,0,0,0,0,1,0,0,0,0,0,0,0,0,0,0,0,0,0,0,1,0,0,75220,61.792,4,0.2,6.1792,2017,11,6,157,985
0,0,1,1,0,0,0,0,0,0,0,0,0,1,0,0,0,0,0,0,0,0,0,0,0,0,75220,205.9992,3,0.32,-27.2646,2017,11,6,157,985
0,1,0,0,0,0,1,0,1,0,0,0,0,0,0,0,0,0,0,0,0,1,0,0,0,0,37918,12.192,3,0.2,4.1148,2016,9,3,24,183
0,1,0,0,0,0,1,0,1,0,1,0,0,0,0,0,0,0,0,0,0,0,0,0,0,0,37918,87.168,2,0.2,8.7168,2016,9,3,24,183
0,1,0,0,0,0,1,0,1,0,0,1,0,0,0,0,0,0,0,0,0,0,0,0,0,0,37918,31.744,2,0.2,8.3328,2016,9,3,24,183
0,0,1,1,0,0,1,0,0,0,0,0,0,0,0,0,0,0,1,0,0,0,0,0,0,0,37421,132.224,4,0.2,-18.1808,2016,2,5,10,183
0,0,1,1,0,0,0,1,1,0,0,0,0,0,0,0,0,0,0,0,0,1,0,0,0,0,92037,105.52,4,0,48.5392,2015,3,4,170,2001
0,0,1,1,0,0,0,1,0,0,0,0,0,0,0,0,0,0,1,0,0,0,0,0,0,0,92037,91.96,2,0,15.6332,2015,3,4,170,2001
0,0,1,1,0,0,0,1,0,1,0,0,0,0,0,0,0,0,0,0,0,0,1,0,0,0,92037,1487.976,3,0.2,185.997,2015,3,4,170,2001
0,0,0,0,1,1,0,0,1,0,0,0,0,0,0,0,0,0,0,0,0,1,0,0,0,0,10024,19.44,3,0,9.3312,2015,7,1,915,1128
0,0,0,0,0,0,1,0,0,1,0,0,0,0,0,0,0,0,0,0,0,0,0,0,0,0,33614,11.672,1,0.2,-0.7295,2015,6,2,36,383
1,0,0,0,0,1,0,0,0,1,0,0,0,0,0,0,0,0,0,0,0,0,1,0,0,0,13501,279.96,4,0,78.3888,2014,11,0,8,1128
1,0,0,0,0,1,0,0,1,0,0,0,1,0,0,0,0,0,0,0,0,0,0,0,0,0,13501,12.912,3,0.2,4.6806,2014,11,0,8,1128
1,0,0,0,0,1,0,0,1,0,0,0,1,0,0,0,0,0,0,0,0,0,0,0,0,0,13501,17.088,4,0.2,5.7672,2014,11,0,8,1128
1,0,0,0,0,1,0,0,1,0,0,0,0,0,0,0,0,0,0,1,0,0,0,0,0,0,13501,93.15,9,0,44.712,2014,11,0,8,1128
1,0,0,0,0,1,0,0,1,0,0,0,0,0,0,0,0,0,0,1,0,0,0,0,0,0,13501,11.52,4,0,5.6448,2014,11,0,8,1128
0,0,1,1,0,0,0,1,1,0,0,0,0,0,0,0,0,0,0,0,0,0,0,0,1,0,94122,238.62,2,0,4.7724,2017,5,6,510,2001
0,0,1,1,0,0,0,1,1,0,1,0,0,0,0,0,0,0,0,0,0,0,0,0,0,0,94122,7.77,1,0,2.0979,2017,5,6,510,2001
0,0,1,1,0,0,0,1,0,0,0,0,0,0,0,0,0,0,0,0,0,0,0,0,0,1,94122,285.48,5,0.2,-10.7055,2017,5,6,510,2001
0,0,1,1,0,0,0,1,1,0,0,0,1,0,0,0,0,0,0,0,0,0,0,0,0,0,94122,19.168,4,0.2,6.4692,2017,5,6,510,2001
1,0,0,0,0,1,0,0,1,0,1,0,0,0,0,0,0,0,0,0,0,0,0,0,0,0,43229,26.136,3,0.2,1.9602,2014,5,0,222,469
0,1,0,0,1,1,0,0,1,0,0,0,0,0,0,0,0,0,0,0,0,1,0,0,0,0,10035,419.4,4,0,201.312,2017,9,3,915,1128
0,1,0,0,1,1,0,0,0,0,0,0,0,0,1,0,0,0,0,0,0,0,0,0,0,0,10035,90.801,1,0.1,14.1246,2017,9,3,915,1128
0,1,0,0,1,1,0,0,0,0,0,0,0,0,1,0,0,0,0,0,0,0,0,0,0,0,10035,181.764,2,0.1,-8.0784,2017,9,3,915,1128
0,1,0,0,1,1,0,0,1,0,0,1,0,0,0,0,0,0,0,0,0,0,0,0,0,0,10035,5.56,2,0,2.224,2017,9,3,915,1128
0,0,1,0,0,0,0,0,0,0,0,0,0,0,0,0,0,0,0,0,0,0,0,0,0,1,47374,581.96,2,0,104.7528,2016,12,4,90,149
0,0,1,0,0,0,0,0,0,0,0,0,0,0,1,0,0,0,0,0,0,0,0,0,0,0,47374,29.98,1,0,8.0946,2016,12,4,90,149
0,0,1,0,0,0,0,1,0,1,0,0,0,0,0,0,0,0,0,0,0,0,0,0,0,0,92105,519.96,4,0,176.7864,2015,7,4,170,2001
0,0,1,0,0,0,1,0,1,0,0,0,0,0,0,0,0,0,0,1,0,0,0,0,0,0,28027,6.264,3,0.2,2.0358,2016,7,5,31,249
0,0,1,0,0,0,1,0,0,0,0,0,0,0,1,0,0,0,0,0,0,0,0,0,0,0,28027,363.92,5,0.2,0,2016,7,5,31,249
0,0,1,0,0,0,1,0,1,0,0,0,1,0,0,0,0,0,0,0,0,0,0,0,0,0,33178,64.2,5,0.7,-42.8,2015,6,7,57,383
0,0,1,0,0,0,1,0,1,0,0,0,1,0,0,0,0,0,0,0,0,0,0,0,0,0,33178,38.52,3,0.7,-26.964,2015,6,7,57,383
0,0,1,0,0,0,1,0,0,1,0,0,0,0,0,0,0,0,0,0,0,0,0,0,0,0,33178,72.6,5,0.2,-8.1675,2015,6,7,57,383
0,0,1,0,0,0,0,1,0,1,0,0,0,0,0,0,0,0,0,0,0,0,1,0,0,0,90036,57.568,4,0.2,5.7568,2017,11,6,747,2001
0,0,1,0,0,0,0,1,1,0,0,0,0,0,0,0,0,0,0,0,0,0,0,1,0,0,98115,83.7,5,0,3.348,2015,3,7,428,506
0,1,0,0,1,0,1,0,1,0,0,0,0,0,0,0,0,0,0,0,0,1,0,0,0,0,22204,32.4,5,0,15.552,2015,9,4,60,224
0,1,0,0,1,0,1,0,0,0,0,0,0,0,0,0,0,0,1,0,0,0,0,0,0,0,22204,47.98,2,0,11.0354,2015,9,4,60,224
0,0,1,0,0,0,0,1,0,1,0,0,0,0,0,0,0,0,0,0,0,0,1,0,0,0,92105,415.968,4,0.2,51.996,2015,11,4,170,2001
0,0,1,0,0,0,0,1,1,0,0,0,0,0,0,0,0,0,0,0,0,0,0,1,0,0,92105,304.9,5,0,6.098,2015,11,4,170,2001
0,0,1,0,0,0,0,1,0,0,0,0,0,0,0,0,0,0,1,0,0,0,0,0,0,0,92105,80.96,4,0,29.1456,2015,11,4,170,2001
0,0,1,0,0,0,0,1,1,0,0,0,0,0,0,0,0,0,0,0,0,0,0,1,0,0,92105,777.21,7,0,54.4047,2015,11,4,170,2001
0,0,1,0,0,0,0,1,1,0,0,0,0,0,0,0,0,0,0,0,0,1,0,0,0,0,92105,32.4,5,0,15.552,2015,11,4,170,2001
0,0,1,0,0,0,0,1,0,0,0,0,0,0,1,0,0,0,0,0,0,0,0,0,0,0,92105,225.568,2,0.2,2.8196,2015,11,4,170,2001
0,0,1,0,0,0,0,1,0,0,0,0,0,0,0,0,0,0,1,0,0,0,0,0,0,0,92105,36.6,3,0,15.372,2015,11,4,170,2001
0,0,1,0,1,0,0,0,1,0,1,0,0,0,0,0,0,0,0,0,0,0,0,0,0,0,55113,715.64,2,0,178.91,2015,11,4,26,89
0,0,1,0,1,0,0,0,1,0,0,0,0,0,0,0,0,0,0,0,0,0,0,1,0,0,55113,795.51,3,0,143.1918,2015,11,4,26,89
0,0,1,0,1,0,0,0,0,1,0,0,0,0,0,1,0,0,0,0,0,0,0,0,0,0,55113,549.99,1,0,274.995,2015,11,4,26,89
0,0,1,0,1,0,0,0,1,0,0,0,1,0,0,0,0,0,0,0,0,0,0,0,0,0,55113,74.76,3,0,34.3896,2015,11,4,26,89
0,0,1,0,1,0,0,0,0,0,0,0,0,0,0,0,0,0,1,0,0,0,0,0,0,0,55113,29.22,3,0,12.8568,2015,11,4,26,89
0,0,1,0,1,0,1,0,1,0,0,0,1,0,0,0,0,0,0,0,0,0,0,0,0,0,23464,9.64,2,0,4.7236,2014,9,4,16,224
0,0,1,1,0,0,0,0,1,0,0,0,0,0,0,0,0,0,0,0,0,0,0,1,0,0,75220,33.488,7,0.2,-1.2558,2015,8,6,157,985
0,0,1,1,0,0,0,0,1,0,0,0,0,0,0,0,0,0,0,0,0,0,0,0,1,0,75220,23.04,3,0.2,-4.896,2015,8,6,157,985
0,0,1,1,0,0,0,0,1,0,0,0,1,0,0,0,0,0,0,0,0,0,0,0,0,0,75220,1.362,1,0.8,-2.1792,2015,8,6,157,985
0,0,1,1,0,0,0,0,0,0,0,0,0,0,0,0,0,0,1,0,0,0,0,0,0,0,75220,14.76,5,0.6,-11.439,2015,8,6,157,985
0,1,0,0,0,0,0,1,0,0,0,0,0,1,0,0,0,0,0,0,0,0,0,0,0,0,94521,239.666,2,0.15,14.098,2017,9,4,31,2001
0,0,1,0,0,0,1,0,0,0,0,0,0,0,0,0,0,0,0,0,0,0,0,0,0,1,72032,301.96,2,0,45.294,2015,11,7,1,60
0,1,0,0,1,1,0,0,1,0,0,0,0,0,0,0,0,0,0,0,0,1,0,0,0,0,19120,7.968,2,0.2,2.8884,2015,4,5,537,587
0,1,0,0,0,0,1,0,1,0,0,0,0,0,0,0,0,0,0,0,0,1,0,0,0,0,72209,109.92,2,0,53.8608,2016,5,3,24,60
0,1,0,0,0,0,1,0,1,0,0,0,0,0,0,0,0,0,0,0,0,1,0,0,0,0,72209,19.44,3,0,9.3312,2016,5,3,24,60
0,1,0,0,0,0,1,0,1,0,0,1,0,0,0,0,0,0,0,0,0,0,0,0,0,0,72209,11.16,2,0,4.3524,2016,5,3,24,60
0,1,0,1,0,1,0,0,1,0,1,0,0,0,0,0,0,0,0,0,0,0,0,0,0,0,6450,79.47,3,0,22.2516,2014,8,2,11,82
0,1,0,1,0,1,0,0,1,0,0,1,0,0,0,0,0,0,0,0,0,0,0,0,0,0,6450,4.56,2,0,2.0064,2014,8,2,11,82
0,1,0,1,0,1,0,0,0,0,0,0,0,0,1,0,0,0,0,0,0,0,0,0,0,0,6450,1133.35,5,0,294.671,2014,8,2,11,82
0,0,1,1,0,1,0,0,1,0,0,1,0,0,0,0,0,0,0,0,0,0,0,0,0,0,19143,4.672,1,0.2,0.584,2016,1,4,537,587
0,0,1,1,0,1,0,0,1,0,0,0,1,0,0,0,0,0,0,0,0,0,0,0,0,0,19143,104.58,6,0.7,-80.178,2016,1,4,537,587
0,0,1,0,1,0,0,1,0,0,0,0,0,0,1,0,0,0,0,0,0,0,0,0,0,0,82001,1603.136,4,0.2,100.196,2016,11,5,1,1
1,0,0,1,0,0,0,1,0,0,0,0,0,0,0,0,0,0,0,0,0,0,0,0,0,1,92804,1293.488,7,0.2,80.843,2016,6,0,27,2001
0,0,1,0,0,0,0,0,0,0,0,0,0,0,0,0,0,0,1,0,0,0,0,0,0,0,47401,127.95,3,0,21.7515,2016,9,4,15,149
0,0,1,0,1,0,1,0,1,0,0,0,0,0,0,0,0,0,0,0,0,0,0,1,0,0,31907,59.76,1,0,16.7328,2017,3,4,222,184
1,0,0,0,1,0,1,0,1,0,0,0,1,0,0,0,0,0,0,0,0,0,0,0,0,0,72401,108.08,7,0,54.04,2017,6,0,11,60
1,0,0,0,1,0,1,0,1,0,0,0,1,0,0,0,0,0,0,0,0,0,0,0,0,0,72401,9.54,3,0,4.3884,2017,6,0,11,60
0,0,0,0,1,1,0,0,1,0,0,1,0,0,0,0,0,0,0,0,0,0,0,0,0,0,19140,11.736,3,0.2,1.0269,2015,4,2,537,587
0,0,1,0,1,1,0,0,1,0,0,0,1,0,0,0,0,0,0,0,0,0,0,0,0,0,1841,447.86,7,0,219.4514,2014,5,5,44,135
0,0,1,0,1,1,0,0,1,0,0,0,0,0,0,0,0,0,0,0,0,1,0,0,0,0,1841,17.94,3,0,8.7906,2014,5,5,44,135
0,0,1,0,1,1,0,0,1,0,1,0,0,0,0,0,0,0,0,0,0,0,0,0,0,0,1841,245.88,6,0,68.8464,2014,5,5,44,135
0,0,1,0,0,1,0,0,1,0,0,0,0,0,0,0,0,0,0,0,0,1,0,0,0,0,10011,192.16,4,0,92.2368,2016,9,6,915,1128
0,0,1,1,0,0,0,1,0,0,0,0,0,0,1,0,0,0,0,0,0,0,0,0,0,0,92105,801.568,2,0.2,50.098,2016,9,4,170,2001
0,0,1,1,0,0,0,1,1,0,0,0,0,0,0,0,0,0,0,0,0,1,0,0,0,0,92105,368.91,9,0,180.7659,2016,9,4,170,2001
0,0,1,1,0,0,0,1,0,0,0,0,0,0,1,0,0,0,0,0,0,0,0,0,0,0,92105,885.528,9,0.2,-99.6219,2016,9,4,170,2001
0,1,0,1,0,0,0,1,0,0,0,0,0,0,0,0,0,0,1,0,0,0,0,0,0,0,94109,28.28,2,0,7.3528,2016,3,2,510,2001
0,1,0,1,0,0,0,1,1,0,0,0,0,0,0,0,0,0,0,0,0,0,0,0,1,0,94109,4912.59,3,0,196.5036,2016,3,2,510,2001
1,0,0,0,0,0,0,1,1,0,0,0,1,0,0,0,0,0,0,0,0,0,0,0,0,0,94110,14.352,3,0.2,5.0232,2014,10,1,510,2001
1,0,0,0,0,0,0,1,0,1,0,0,0,0,0,0,0,0,0,0,0,0,0,0,0,0,94110,179.97,3,0,86.3856,2014,10,1,510,2001
0,0,0,1,0,1,0,0,1,0,0,0,0,0,0,0,0,0,0,0,0,0,0,1,0,0,2920,42.76,1,0,11.1176,2017,10,3,16,56
0,0,1,0,0,0,1,0,1,0,0,0,0,0,0,0,0,0,0,0,0,1,0,0,0,0,42301,45.68,2,0,21.0128,2015,5,5,2,139
0,0,0,0,0,1,0,0,1,0,0,0,1,0,0,0,0,0,0,0,0,0,0,0,0,0,21215,25.06,2,0,11.7782,2016,4,3,43,105
0,0,1,0,0,0,0,0,1,0,0,0,0,0,0,0,0,0,0,0,0,1,0,0,0,0,60610,38.432,1,0.2,13.4512,2016,11,5,314,492
0,0,1,0,0,0,0,0,1,0,0,0,0,0,0,0,0,0,0,0,0,0,0,1,0,0,60610,21.568,2,0.2,1.6176,2016,11,5,314,492
0,0,1,0,0,0,0,0,0,1,0,0,0,0,0,0,0,0,0,0,0,0,0,0,0,0,60610,81.576,3,0.2,2.0394,2016,11,5,314,492
0,0,1,0,0,0,1,0,1,0,0,0,1,0,0,0,0,0,0,0,0,0,0,0,0,0,30318,2.78,1,0,1.3622,2017,9,4,39,184
0,0,1,1,0,0,0,1,1,0,0,0,0,0,0,0,0,0,0,0,0,0,0,1,0,0,90036,99.87,3,0,23.9688,2017,9,5,747,2001
0,0,1,0,1,0,0,1,1,0,0,0,0,0,0,0,0,0,0,1,0,0,0,0,0,0,90049,44.4,3,0,22.2,2014,11,7,747,2001
0,0,1,0,1,0,0,1,1,0,0,0,0,0,0,0,0,0,0,0,0,1,0,0,0,0,90049,21.4,5,0,9.63,2014,11,7,747,2001
0,0,1,0,0,0,0,0,0,0,0,0,0,0,0,0,0,0,1,0,0,0,0,0,0,0,47374,71.12,4,0,22.0472,2016,4,6,90,149
0,0,1,0,0,0,0,0,0,1,0,0,0,0,0,0,0,0,0,0,0,0,1,0,0,0,47374,259.96,4,0,124.7808,2016,4,6,90,149
0,0,1,1,0,0,0,1,1,0,0,0,0,0,0,0,1,0,0,0,0,0,0,0,0,0,94110,9.78,1,0,4.89,2017,1,4,510,2001
0,0,1,0,1,0,0,1,1,0,0,0,1,0,0,0,0,0,0,0,0,0,0,0,0,0,94122,24.192,9,0.2,7.56,2015,11,4,510,2001
0,0,1,1,0,1,0,0,0,0,0,0,0,0,0,0,0,0,1,0,0,0,0,0,0,0,7090,31.56,3,0,10.4148,2016,11,5,6,130
1,0,0,0,1,0,0,1,1,0,0,0,0,0,0,0,0,0,0,0,0,1,0,0,0,0,94122,59.94,3,0,28.1718,2017,11,0,510,2001
1,0,0,0,1,0,0,1,1,0,0,0,0,0,0,0,0,0,0,0,0,1,0,0,0,0,94122,45.36,4,0,22.2264,2017,11,0,510,2001
1,0,0,0,1,0,0,1,1,0,0,0,0,0,0,0,0,0,0,0,0,1,0,0,0,0,94122,26.4,5,0,12.672,2017,11,0,510,2001
1,0,0,0,1,0,0,1,1,0,0,0,0,0,0,0,0,0,0,1,0,0,0,0,0,0,94122,41.4,4,0,19.872,2017,11,0,510,2001
1,0,0,0,1,0,0,1,0,1,0,0,0,0,0,0,0,0,0,0,0,0,0,0,0,0,94122,16.95,1,0,1.017,2017,11,0,510,2001
0,0,1,1,0,0,0,1,1,0,0,0,1,0,0,0,0,0,0,0,0,0,0,0,0,0,95123,24.704,2,0.2,9.264,2016,12,5,42,2001
0,0,1,1,0,0,0,1,1,0,1,0,0,0,0,0,0,0,0,0,0,0,0,0,0,0,95123,59.7,3,0,26.865,2016,12,5,42,2001
0,0,1,1,0,0,0,1,0,0,0,0,0,0,0,0,0,0,1,0,0,0,0,0,0,0,95123,14.52,3,0,5.6628,2016,12,5,42,2001
0,0,1,1,0,0,0,1,1,0,0,0,1,0,0,0,0,0,0,0,0,0,0,0,0,0,95123,104.184,3,0.2,33.8598,2016,12,5,42,2001
0,0,1,0,1,0,0,1,1,0,0,0,0,0,0,0,0,0,0,0,0,0,0,1,0,0,98115,46.53,3,0,13.0284,2016,12,5,428,506
0,1,0,1,0,0,1,0,1,0,0,0,0,0,0,0,0,0,0,0,0,0,0,0,1,0,42301,25.5,3,0,6.63,2014,8,2,2,139
0,0,1,0,0,1,0,0,1,0,0,0,0,0,0,0,0,0,0,0,0,0,0,1,0,0,10035,14.9,5,0,1.043,2015,9,6,915,1128
0,0,1,0,0,1,0,0,1,0,0,0,0,0,0,0,0,0,0,1,0,0,0,0,0,0,10035,87.71,7,0,41.2237,2015,9,6,915,1128
0,0,1,0,0,1,0,0,0,0,0,0,0,0,1,0,0,0,0,0,0,0,0,0,0,0,10035,199.764,2,0.1,8.8784,2015,9,6,915,1128
0,0,1,0,0,1,0,0,1,0,0,0,0,0,0,0,0,0,0,0,0,0,0,1,0,0,10035,94.6,4,0,27.434,2015,9,6,915,1128
0,0,1,0,0,1,0,0,0,0,0,0,0,1,0,0,0,0,0,0,0,0,0,0,0,0,10035,4228.704,6,0.2,158.5764,2015,9,6,915,1128
0,0,1,0,0,1,0,0,0,0,0,0,0,1,0,0,0,0,0,0,0,0,0,0,0,0,10035,2003.92,5,0.2,-25.049,2015,9,6,915,1128
0,0,1,0,0,1,0,0,0,1,0,0,0,0,0,0,0,0,0,0,0,0,1,0,0,0,10035,209.97,3,0,58.7916,2015,9,6,915,1128
0,0,1,0,0,1,0,0,0,1,0,0,0,0,0,0,0,0,0,0,0,0,0,0,0,0,10035,659.9,2,0,217.767,2015,9,6,915,1128
0,0,1,0,0,1,0,0,1,0,0,0,0,0,0,0,0,0,0,0,0,1,0,0,0,0,10035,110.96,2,0,53.2608,2015,9,6,915,1128
0,0,1,0,0,1,0,0,0,1,0,0,0,0,0,0,0,0,0,0,0,0,1,0,0,0,10035,67.8,4,0,1.356,2015,9,6,915,1128
0,1,0,1,0,1,0,0,0,0,0,0,0,0,0,0,0,0,0,0,0,0,0,0,0,1,10011,313.176,2,0.4,-120.0508,2016,11,4,915,1128
0,1,0,0,0,0,1,0,1,0,0,1,0,0,0,0,0,0,0,0,0,0,0,0,0,0,22153,22.96,7,0,6.6584,2017,11,3,163,224
0,0,1,1,0,0,0,1,0,1,0,0,0,0,0,0,0,0,0,0,0,0,0,0,0,0,98226,1099.5,10,0,362.835,2017,6,5,3,506
0,0,1,1,0,0,1,0,0,0,0,0,0,0,0,0,0,0,0,0,0,0,0,0,0,1,35601,1215.92,8,0,316.1392,2014,4,4,35,61
0,0,1,1,0,0,1,0,1,0,0,0,0,0,0,0,0,0,0,1,0,0,0,0,0,0,72701,7.31,1,0,3.4357,2014,10,4,41,60
0,0,1,1,0,0,1,0,0,0,0,0,0,0,0,0,0,0,1,0,0,0,0,0,0,0,72701,8.92,4,0,3.9248,2014,10,4,41,60
0,0,0,0,0,1,0,0,0,0,0,0,0,1,0,0,0,0,0,0,0,0,0,0,0,0,19120,87.21,3,0.5,-45.3492,2017,7,2,537,587
0,0,0,0,0,1,0,0,1,0,0,0,0,0,0,0,0,0,0,0,0,1,0,0,0,0,19120,15.552,3,0.2,5.4432,2017,7,2,537,587
0,0,0,0,0,1,0,0,0,1,0,0,0,0,0,0,0,0,0,0,0,0,1,0,0,0,19120,683.988,2,0.4,-113.998,2017,7,2,537,587
0,0,0,0,0,1,0,0,1,0,0,0,0,0,0,0,0,0,0,0,0,0,0,1,0,0,19120,13.392,3,0.2,1.0044,2017,7,2,537,587
0,0,0,0,0,1,0,0,0,1,0,0,0,0,0,0,0,0,0,0,0,0,0,0,0,0,19120,16.776,3,0.2,4.8231,2017,7,2,537,587
0,0,0,0,0,1,0,0,0,1,0,0,0,0,0,0,0,0,0,0,0,0,0,0,0,0,19120,527.92,2,0.2,85.787,2017,7,2,537,587
1,0,0,0,1,0,0,1,0,0,0,0,0,0,0,0,0,0,1,0,0,0,0,0,0,0,98103,25.4,5,0,8.636,2016,7,0,428,506
1,0,0,0,1,0,0,1,0,1,0,0,0,0,0,0,0,0,0,0,0,0,1,0,0,0,98103,177.48,3,0.2,19.9665,2016,7,0,428,506
1,0,0,0,1,0,0,1,0,1,0,0,0,0,0,0,0,0,0,0,0,0,1,0,0,0,98103,71.976,3,0.2,8.997,2016,7,0,428,506
0,0,1,0,0,0,0,0,0,1,0,0,0,0,0,0,0,0,0,0,0,0,1,0,0,0,75023,95.992,1,0.2,9.5992,2017,5,6,15,985
0,0,1,0,0,0,0,0,1,0,0,0,0,0,0,0,0,0,0,1,0,0,0,0,0,0,75023,13.216,4,0.2,4.2952,2017,5,6,15,985
0,1,0,0,0,0,0,1,0,1,0,0,0,0,0,0,0,0,0,0,0,0,0,0,0,0,90049,435.84,12,0,130.752,2017,10,2,747,2001
0,1,0,0,0,0,0,1,1,0,0,1,0,0,0,0,0,0,0,0,0,0,0,0,0,0,90049,5.88,2,0,1.5876,2017,10,2,747,2001
0,0,1,0,0,0,0,1,0,1,0,0,0,0,0,0,0,0,0,0,0,0,1,0,0,0,90032,211.168,4,0.2,18.4772,2016,8,7,747,2001
0,0,1,1,0,0,0,1,0,0,0,0,0,0,0,0,0,0,1,0,0,0,0,0,0,0,90036,6.28,1,0,2.6376,2014,8,4,747,2001
0,0,1,1,0,0,0,1,0,1,0,0,0,0,0,0,0,0,0,0,0,0,0,0,0,0,90036,95.1,5,0,30.432,2014,8,4,747,2001
0,0,1,1,0,0,0,1,1,0,0,0,0,0,0,0,0,0,0,0,0,1,0,0,0,0,90036,25.92,4,0,12.4416,2014,8,4,747,2001
0,0,1,1,0,0,0,1,1,0,0,0,0,0,0,0,0,0,0,0,0,0,0,1,0,0,90036,48.84,4,0,13.1868,2014,8,4,747,2001
0,1,0,0,1,0,0,0,1,0,0,0,1,0,0,0,0,0,0,0,0,0,0,0,0,0,50315,25.9,5,0,12.691,2015,9,4,19,30
1,0,0,1,0,0,1,0,1,0,0,0,0,0,0,0,1,0,0,0,0,0,0,0,0,0,38671,42.68,4,0,19.6328,2017,3,0,7,53
1,0,0,1,0,0,1,0,0,1,0,0,0,0,0,0,0,0,0,0,0,0,0,0,0,0,38671,299.97,3,0,125.9874,2017,3,0,7,53
1,0,0,1,0,0,1,0,1,0,1,0,0,0,0,0,0,0,0,0,0,0,0,0,0,0,38671,262.24,2,0,78.672,2017,3,0,7,53
1,0,0,1,0,0,1,0,1,0,0,0,1,0,0,0,0,0,0,0,0,0,0,0,0,0,38671,234.36,6,0,112.4928,2017,3,0,7,53
0,0,1,0,1,0,0,0,1,0,0,0,0,0,0,0,0,0,0,0,0,1,0,0,0,0,77041,20.736,4,0.2,7.2576,2017,4,6,377,985
0,0,0,1,0,1,0,0,1,0,0,1,0,0,0,0,0,0,0,0,0,0,0,0,0,0,10009,10.5,5,0,2.94,2014,3,1,915,1128
0,1,0,1,0,1,0,0,0,0,0,0,0,0,0,0,0,0,1,0,0,0,0,0,0,0,19601,23.968,2,0.2,7.7896,2014,11,4,5,587
0,1,0,1,0,1,0,0,0,0,0,0,0,1,0,0,0,0,0,0,0,0,0,0,0,0,19601,521.96,4,0.5,-250.5408,2014,11,4,5,587
0,1,0,1,0,0,0,1,1,0,0,0,0,0,0,0,0,0,0,0,0,0,0,1,0,0,94109,676.55,5,0,6.7655,2016,3,3,510,2001
0,1,0,1,0,0,0,1,1,0,1,0,0,0,0,0,0,0,0,0,0,0,0,0,0,0,94109,154.9,5,0,40.274,2016,3,3,510,2001
0,1,0,1,0,0,0,1,1,0,0,0,0,0,0,0,1,0,0,0,0,0,0,0,0,0,94109,30.56,4,0,14.9744,2016,3,3,510,2001
0,1,0,1,0,0,0,1,0,0,0,0,0,0,1,0,0,0,0,0,0,0,0,0,0,0,94109,770.352,3,0.2,77.0352,2016,3,3,510,2001
0,1,0,1,0,0,0,1,0,0,0,0,0,0,0,0,0,0,1,0,0,0,0,0,0,0,90045,21.12,4,0,6.5472,2017,2,5,747,2001
0,1,0,0,1,0,0,1,0,1,0,0,0,0,0,0,0,0,0,0,0,0,1,0,0,0,90004,575.928,9,0.2,57.5928,2014,11,2,747,2001
0,1,0,0,1,0,0,1,1,0,1,0,0,0,0,0,0,0,0,0,0,0,0,0,0,0,90004,7.78,2,0,2.0228,2014,11,2,747,2001
0,1,0,0,1,0,0,1,1,0,0,0,0,0,0,0,0,0,0,0,0,1,0,0,0,0,90004,123.92,4,0,55.764,2014,11,2,747,2001
0,0,1,1,0,0,0,1,1,0,0,0,0,0,0,0,0,0,0,0,0,0,0,0,1,0,94109,17.22,3,0,5.166,2017,8,5,510,2001
0,0,1,1,0,0,0,1,1,0,0,0,0,0,0,0,0,0,0,0,0,0,0,1,0,0,94109,226.56,6,0,63.4368,2017,8,5,510,2001
0,0,1,1,0,0,0,1,0,1,0,0,0,0,0,0,0,0,0,0,0,0,1,0,0,0,94109,107.88,3,0.2,10.788,2017,8,5,510,2001
0,0,0,0,1,1,0,0,1,0,0,0,0,0,0,0,0,0,0,0,0,1,0,0,0,0,10009,81.98,2,0,40.1702,2016,1,2,915,1128
0,0,0,0,0,0,0,1,1,0,0,0,0,0,0,0,0,0,0,0,0,1,0,0,0,0,92105,104.85,1,0,50.328,2014,7,2,170,2001
0,0,0,0,0,0,0,1,1,0,0,0,1,0,0,0,0,0,0,0,0,0,0,0,0,0,92105,8.704,2,0.2,3.1552,2014,7,2,170,2001
0,0,0,0,0,0,0,1,1,0,0,0,0,0,0,0,0,0,0,0,0,1,0,0,0,0,92105,19.92,4,0,9.7608,2014,7,2,170,2001
0,0,0,0,0,0,0,1,0,0,0,0,0,0,0,0,0,0,1,0,0,0,0,0,0,0,92105,43.02,3,0,15.4872,2014,7,2,170,2001
0,0,1,0,0,1,0,0,0,0,0,0,0,1,0,0,0,0,0,0,0,0,0,0,0,0,10024,240.784,1,0.2,30.098,2017,2,5,915,1128
0,0,1,0,1,1,0,0,1,0,1,0,0,0,0,0,0,0,0,0,0,0,0,0,0,0,10011,414.96,2,0,124.488,2015,12,4,915,1128
0,0,1,0,0,0,1,0,1,0,0,0,0,0,0,0,0,0,0,0,0,0,0,1,0,0,28205,387.72,5,0.2,-67.851,2016,10,5,52,249
0,0,1,1,0,0,0,0,1,0,0,0,0,0,0,0,0,0,0,0,0,0,0,1,0,0,66212,360.38,2,0,93.6988,2017,7,4,6,24
0,0,1,1,0,0,0,0,1,0,0,0,0,0,0,0,0,0,0,0,0,1,0,0,0,0,66212,13.56,2,0,6.2376,2017,7,4,6,24
0,0,0,0,0,0,0,1,0,1,0,0,0,0,0,0,0,0,0,0,0,0,1,0,0,0,85204,552,10,0.2,34.5,2017,4,1,28,224
0,0,1,0,1,0,0,0,0,0,0,0,0,0,0,0,0,0,0,0,0,0,0,0,0,1,74133,429.9,5,0,111.774,2014,9,6,26,66
0,0,1,0,1,0,0,0,1,0,0,0,1,0,0,0,0,0,0,0,0,0,0,0,0,0,74133,32.06,2,0,15.3888,2014,9,6,26,66
0,0,1,0,1,0,0,0,0,0,0,0,0,0,1,0,0,0,0,0,0,0,0,0,0,0,74133,161.96,2,0,45.3488,2014,9,6,26,66
0,0,1,0,1,0,0,0,1,0,0,0,0,0,0,0,0,0,0,0,0,0,0,1,0,0,74133,19.86,2,0,5.7594,2014,9,6,26,66
0,0,1,0,0,1,0,0,1,0,0,0,0,0,0,0,0,0,0,0,0,1,0,0,0,0,10035,12.96,2,0,6.3504,2016,11,7,915,1128
0,1,0,0,0,1,0,0,1,0,0,0,0,0,0,0,0,0,0,0,0,1,0,0,0,0,19143,20.544,6,0.2,6.42,2017,9,2,537,587
0,0,1,0,0,0,1,0,0,0,0,0,0,0,0,0,0,0,1,0,0,0,0,0,0,0,39401,185.58,6,0,76.0878,2016,7,6,9,53
0,0,1,0,0,0,1,0,1,0,0,0,1,0,0,0,0,0,0,0,0,0,0,0,0,0,39401,77.56,2,0,35.6776,2016,7,6,9,53
0,0,1,0,0,0,1,0,1,0,0,0,0,0,0,0,0,0,0,0,0,0,0,1,0,0,39401,87.92,4,0,0.8792,2016,7,6,9,53
0,0,1,0,0,0,1,0,1,0,0,0,0,0,0,0,0,0,0,0,0,1,0,0,0,0,39401,245.94,6,0,120.5106,2016,7,6,9,53
0,0,1,0,0,0,1,0,1,0,0,0,1,0,0,0,0,0,0,0,0,0,0,0,0,0,39401,8.6,1,0,4.042,2016,7,6,9,53
0,0,1,0,0,0,1,0,0,0,0,0,0,1,0,0,0,0,0,0,0,0,0,0,0,0,39401,504.9,5,0,126.225,2016,7,6,9,53
0,0,1,0,0,0,0,1,1,0,0,0,1,0,0,0,0,0,0,0,0,0,0,0,0,0,90049,2357.488,7,0.2,884.058,2017,9,6,747,2001
0,0,1,0,0,0,0,1,0,1,0,0,0,0,0,0,0,0,0,0,0,0,1,0,0,0,90049,369.544,7,0.2,32.3351,2017,9,6,747,2001
0,0,1,0,0,0,0,1,0,0,0,0,0,0,1,0,0,0,0,0,0,0,0,0,0,0,90049,184.752,3,0.2,-20.7846,2017,9,6,747,2001
1,0,0,1,0,1,0,0,1,0,0,0,0,0,0,0,0,0,0,0,0,0,0,1,0,0,43229,64.96,5,0.2,-4.06,2016,12,0,222,469
1,0,0,1,0,1,0,0,1,0,0,0,0,0,0,0,0,0,0,0,0,0,0,0,1,0,43229,13.52,2,0.2,1.69,2016,12,0,222,469
1,0,0,1,0,1,0,0,0,0,0,0,0,0,1,0,0,0,0,0,0,0,0,0,0,0,43229,458.43,5,0.3,-137.529,2016,12,0,222,469
1,0,0,1,0,1,0,0,1,0,1,0,0,0,0,0,0,0,0,0,0,0,0,0,0,0,43229,387.136,4,0.2,24.196,2016,12,0,222,469
1,0,0,1,0,1,0,0,0,0,0,0,0,0,0,0,0,0,0,0,0,0,0,0,0,1,43229,328.59,3,0.4,-147.8655,2016,12,0,222,469
0,0,1,1,0,0,0,1,0,0,0,0,0,0,1,0,0,0,0,0,0,0,0,0,0,0,83605,338.352,3,0.2,4.2294,2014,12,4,3,21
0,0,1,1,0,0,0,1,1,0,0,0,0,0,0,0,0,0,0,0,0,1,0,0,0,0,83605,25.92,4,0,12.4416,2014,12,4,3,21
0,0,1,1,0,0,0,1,1,0,0,0,0,0,0,0,0,0,0,0,0,1,0,0,0,0,83605,91.36,4,0,42.0256,2014,12,4,3,21
0,0,1,1,0,0,0,1,0,0,0,0,0,0,0,0,0,0,1,0,0,0,0,0,0,0,85023,87.96,3,0.2,7.6965,2014,12,4,63,224
0,0,1,1,0,0,0,1,1,0,0,0,1,0,0,0,0,0,0,0,0,0,0,0,0,0,85023,5.214,2,0.7,-4.1712,2014,12,4,63,224
0,0,1,0,0,0,1,0,1,0,0,0,1,0,0,0,0,0,0,0,0,0,0,0,0,0,33142,12.294,1,0.7,-8.6058,2017,9,6,57,383
0,0,1,0,0,0,0,1,0,0,0,0,0,0,0,0,0,0,1,0,0,0,0,0,0,0,90004,19.76,4,0,8.2992,2017,9,4,747,2001
0,0,1,0,0,1,0,0,0,0,0,0,0,0,1,0,0,0,0,0,0,0,0,0,0,0,12180,109.764,2,0.1,8.5372,2015,11,5,29,1128
0,0,1,1,0,1,0,0,0,1,0,0,0,0,0,0,0,0,0,0,0,0,1,0,0,0,2740,128.85,3,0,3.8655,2017,12,7,5,135
0,0,0,1,0,0,1,0,0,0,0,0,0,0,0,0,0,0,1,0,0,0,0,0,0,0,29501,127.95,3,0,21.7515,2017,4,2,21,42
0,0,1,0,0,0,0,1,1,0,0,0,0,0,0,0,0,0,0,0,0,1,0,0,0,0,90049,68.52,3,0,31.5192,2015,12,4,747,2001
0,0,1,0,0,0,0,1,1,0,0,0,0,0,0,0,0,0,0,0,0,0,0,1,0,0,90049,74.94,3,0,14.2386,2015,12,4,747,2001
0,0,1,0,0,0,0,1,0,1,0,0,0,0,0,0,0,0,0,0,1,0,0,0,0,0,90049,2548.56,6,0.2,286.713,2015,12,4,747,2001
0,0,1,0,0,0,0,1,1,0,0,0,0,0,0,0,1,0,0,0,0,0,0,0,0,0,90049,271.44,3,0,122.148,2015,12,4,747,2001
0,0,1,0,0,0,0,1,0,1,0,0,0,0,0,0,0,0,0,0,0,0,1,0,0,0,90049,287.88,3,0.2,35.985,2015,12,4,747,2001
0,0,0,0,1,0,0,1,1,0,0,0,0,0,0,0,0,0,0,0,0,1,0,0,0,0,90008,14.9,5,0,7.152,2016,3,1,747,2001
0,0,0,0,1,0,0,1,0,1,0,0,0,0,0,0,0,0,0,0,0,0,1,0,0,0,90008,4158.912,8,0.2,363.9048,2016,3,1,747,2001
0,0,1,1,0,0,0,1,0,0,0,0,0,0,0,0,0,0,1,0,0,0,0,0,0,0,90049,91.96,2,0,15.6332,2014,4,6,747,2001
0,0,1,1,0,0,0,1,0,0,0,0,0,0,0,0,0,0,1,0,0,0,0,0,0,0,90049,33.11,7,0,12.9129,2014,4,6,747,2001
0,0,1,1,0,0,0,1,1,0,0,0,0,0,0,0,0,0,0,0,0,1,0,0,0,0,90049,19.44,3,0,9.3312,2014,4,6,747,2001
0,0,1,1,0,0,0,1,1,0,0,0,0,0,0,0,0,0,0,0,0,1,0,0,0,0,90049,55.48,1,0,26.6304,2014,4,6,747,2001
0,1,0,0,0,1,0,0,1,0,1,0,0,0,0,0,0,0,0,0,0,0,0,0,0,0,43229,91.92,5,0.2,11.49,2014,10,5,222,469
1,0,0,0,0,0,1,0,1,0,1,0,0,0,0,0,0,0,0,0,0,0,0,0,0,0,70065,17.34,2,0,4.6818,2016,8,0,2,42
1,0,0,0,0,0,1,0,0,1,0,0,0,0,0,0,0,0,0,0,0,0,0,0,0,0,70065,71.98,2,0,15.1158,2016,8,0,2,42
0,0,1,0,0,0,0,0,1,0,0,0,0,0,0,0,1,0,0,0,0,0,0,0,0,0,75104,7.08,3,0.2,2.478,2014,11,4,2,985
0,0,0,1,0,1,0,0,0,1,0,0,0,0,0,0,0,0,0,0,0,0,0,0,0,0,2908,69.98,2,0,4.8986,2017,4,3,31,56
0,1,0,0,0,1,0,0,1,0,1,0,0,0,0,0,0,0,0,0,0,0,0,0,0,0,43130,646.272,8,0.2,64.6272,2017,8,2,46,469
0,1,0,0,0,1,0,0,1,0,0,0,0,0,0,0,0,0,0,0,0,1,0,0,0,0,43130,10.368,2,0.2,3.7584,2017,8,2,46,469
0,0,1,1,0,0,0,1,1,0,0,0,0,0,0,0,0,1,0,0,0,0,0,0,0,0,98115,8.4,5,0,0.336,2017,2,7,428,506
0,0,1,1,0,0,0,1,0,1,0,0,0,0,0,0,0,0,0,0,0,0,1,0,0,0,98115,71.96,5,0.2,25.186,2017,2,7,428,506
0,0,0,0,0,0,1,0,1,0,0,1,0,0,0,0,0,0,0,0,0,0,0,0,0,0,28540,18.48,2,0.2,6.006,2016,11,2,125,249
0,0,0,0,0,0,0,1,1,0,0,1,0,0,0,0,0,0,0,0,0,0,0,0,0,0,90049,9.84,3,0,2.8536,2016,11,1,747,2001
1,0,0,0,0,0,1,0,0,0,0,0,0,0,1,0,0,0,0,0,0,0,0,0,0,0,33142,239.24,1,0.2,23.924,2017,7,0,57,383
0,0,1,1,0,1,0,0,0,0,0,0,0,0,0,0,0,0,1,0,0,0,0,0,0,0,3060,21.12,4,0,6.5472,2016,12,7,2,27
0,0,0,0,0,1,0,0,1,0,0,0,0,0,0,0,0,0,0,0,0,0,0,0,1,0,10011,54.9,5,0,15.372,2017,4,2,915,1128
0,0,1,0,1,0,0,1,0,0,0,0,0,0,0,0,0,0,1,0,0,0,0,0,0,0,90036,15.24,3,0,5.1816,2015,12,4,747,2001
0,0,1,0,0,0,0,0,1,0,1,0,0,0,0,0,0,0,0,0,0,0,0,0,0,0,75007,19.568,2,0.8,-52.8336,2015,4,6,15,985
0,0,1,0,0,0,0,0,1,0,0,0,1,0,0,0,0,0,0,0,0,0,0,0,0,0,75007,310.392,4,0.8,-512.1468,2015,4,6,15,985
0,0,1,0,0,0,1,0,0,0,0,0,0,0,0,0,0,0,1,0,0,0,0,0,0,0,40324,42.6,3,0,16.614,2016,9,4,8,139
0,0,1,0,0,0,1,0,1,0,0,0,1,0,0,0,0,0,0,0,0,0,0,0,0,0,40324,113.94,6,0,54.6912,2016,9,4,8,139
0,0,1,0,0,0,1,0,1,0,0,0,0,0,0,0,0,0,0,0,0,0,0,1,0,0,40324,129.92,4,0,5.1968,2016,9,4,8,139
0,0,1,0,0,0,1,0,1,0,0,1,0,0,0,0,0,0,0,0,0,0,0,0,0,0,40324,5.28,3,0,2.5344,2016,9,4,8,139
0,0,1,1,0,0,0,1,0,1,0,0,0,0,0,0,0,0,0,0,0,0,1,0,0,0,90008,859.2,3,0.2,75.18,2017,9,5,747,2001
0,0,1,1,0,0,0,1,0,1,0,0,0,0,0,0,0,0,0,0,1,0,0,0,0,0,90008,506.28,3,0.2,177.198,2017,9,5,747,2001
0,0,1,0,0,0,0,1,0,0,0,0,0,0,0,0,0,0,1,0,0,0,0,0,0,0,85635,14.368,2,0.2,3.9512,2016,2,4,3,224
0,1,0,1,0,0,1,0,0,0,0,0,0,0,1,0,0,0,0,0,0,0,0,0,0,0,37918,314.352,3,0.2,-35.3646,2017,5,5,24,183
0,1,0,1,0,0,1,0,1,0,0,0,0,0,0,0,0,0,0,0,0,1,0,0,0,0,37918,27.888,7,0.2,10.1094,2017,5,5,24,183
0,0,1,1,0,0,0,1,0,0,0,0,0,0,0,0,0,0,1,0,0,0,0,0,0,0,85705,238.152,3,0.2,89.307,2015,9,5,32,224
0,0,1,0,1,0,0,0,0,0,0,0,0,0,0,0,0,0,0,0,0,0,0,0,0,1,55407,692.94,3,0,173.235,2016,6,7,23,89
0,0,1,1,0,0,1,0,1,0,0,0,1,0,0,0,0,0,0,0,0,0,0,0,0,0,33142,16.146,9,0.7,-12.9168,2015,11,4,57,383
0,0,1,1,0,0,1,0,1,0,0,0,1,0,0,0,0,0,0,0,0,0,0,0,0,0,33142,1345.485,5,0.7,-1031.5385,2015,11,4,57,383
0,0,0,0,0,0,0,0,1,0,0,0,0,0,0,0,0,0,0,0,0,1,0,0,0,0,77036,173.488,7,0.2,54.215,2016,6,3,377,985
0,0,1,0,0,0,0,0,1,0,0,1,0,0,0,0,0,0,0,0,0,0,0,0,0,0,53209,57.75,5,0,16.17,2015,4,5,45,110
0,0,1,0,0,0,0,0,1,0,1,0,0,0,0,0,0,0,0,0,0,0,0,0,0,0,53209,272.4,5,0,76.272,2015,4,5,45,110
0,1,0,0,1,1,0,0,1,0,0,0,0,0,0,0,0,0,0,0,0,1,0,0,0,0,43130,11.952,3,0.2,4.0338,2016,9,3,46,469
0,1,0,0,1,1,0,0,0,0,0,0,0,0,0,0,0,0,1,0,0,0,0,0,0,0,43130,28,4,0.2,7.7,2016,9,3,46,469
0,1,0,0,1,1,0,0,1,0,0,0,1,0,0,0,0,0,0,0,0,0,0,0,0,0,43130,12.201,7,0.7,-9.7608,2016,9,3,46,469
0,0,0,0,0,0,0,0,1,0,0,0,1,0,0,0,0,0,0,0,0,0,0,0,0,0,78539,2.068,1,0.8,-3.4122,2016,8,2,3,985
0,0,0,0,0,0,0,0,1,0,0,0,0,0,0,0,0,0,0,0,0,1,0,0,0,0,78539,83.84,8,0.2,30.392,2016,8,2,3,985
0,0,1,0,1,1,0,0,1,0,0,0,0,0,0,0,1,0,0,0,0,0,0,0,0,0,10009,11.36,2,0,5.3392,2014,3,6,915,1128
0,0,1,0,1,1,0,0,1,0,0,0,0,0,0,0,0,0,0,0,0,1,0,0,0,0,10009,36.4,5,0,17.472,2014,3,6,915,1128
0,0,1,0,0,1,0,0,0,1,0,0,0,0,0,0,0,0,0,0,0,0,0,0,0,0,19120,27.968,2,0.2,6.992,2014,12,4,537,587
0,0,1,0,1,1,0,0,1,0,0,0,0,0,0,0,0,0,0,0,0,0,0,1,0,0,14609,142.04,4,0,38.3508,2015,4,6,53,1128
0,0,1,0,1,1,0,0,1,0,0,1,0,0,0,0,0,0,0,0,0,0,0,0,0,0,14609,14.67,3,0,6.0147,2015,4,6,53,1128
0,1,0,0,0,0,0,1,0,1,0,0,0,0,0,1,0,0,0,0,0,0,0,0,0,0,92037,1199.96,5,0.2,224.9925,2015,12,5,170,2001
0,1,0,0,0,0,0,1,1,0,0,0,0,0,0,0,0,0,0,0,0,1,0,0,0,0,92037,12.6,3,0,6.174,2015,12,5,170,2001
0,1,0,0,0,0,0,1,1,0,0,0,0,0,0,0,0,0,0,0,0,1,0,0,0,0,92037,17.94,3,0,8.073,2015,12,5,170,2001
0,0,0,0,0,1,0,0,1,0,0,0,0,0,0,0,0,0,0,1,0,0,0,0,0,0,19120,23.904,6,0.2,7.7688,2015,4,2,537,587
0,0,1,0,0,0,1,0,1,0,0,0,0,0,0,0,0,0,0,0,0,0,0,0,1,0,38134,88.96,8,0.2,10.008,2015,1,6,1,183
0,0,1,0,1,0,0,1,0,0,0,0,0,0,1,0,0,0,0,0,0,0,0,0,0,0,90712,518.272,8,0.2,-97.176,2017,5,4,49,2001
0,0,1,0,1,0,0,1,0,0,0,0,0,0,0,0,0,0,1,0,0,0,0,0,0,0,90712,6.98,1,0,3.3504,2017,5,4,49,2001
0,0,1,0,1,0,0,1,0,1,0,0,0,0,0,0,0,0,0,0,1,0,0,0,0,0,90712,343.2,1,0.2,38.61,2017,5,4,49,2001
0,0,1,1,0,1,0,0,1,0,0,0,0,0,0,0,0,0,0,1,0,0,0,0,0,0,19120,17.544,3,0.2,5.9211,2017,8,7,537,587
0,0,1,0,0,0,0,0,1,0,0,0,0,0,0,0,0,0,0,0,0,0,0,1,0,0,78745,152.688,2,0.2,-26.7204,2015,12,4,39,985
0,0,1,0,0,0,0,0,1,0,0,0,0,0,0,0,0,1,0,0,0,0,0,0,0,0,78745,3.488,2,0.2,0.5668,2015,12,4,39,985
0,0,1,0,0,0,0,0,1,0,0,0,0,0,0,0,0,0,0,0,0,0,0,0,1,0,78745,5.888,2,0.2,-1.3248,2015,12,4,39,985
0,0,1,1,0,0,0,1,1,0,0,0,1,0,0,0,0,0,0,0,0,0,0,0,0,0,90008,153.552,3,0.2,51.8238,2017,12,4,747,2001
0,0,1,1,0,0,0,1,1,0,0,0,0,0,0,0,0,0,0,0,0,0,0,1,0,0,90008,270.62,2,0,2.7062,2017,12,4,747,2001
0,0,1,0,0,1,0,0,0,1,0,0,0,0,0,0,0,0,0,0,0,0,0,0,0,0,10011,468.9,6,0,206.316,2016,9,6,915,1128
0,0,1,0,0,1,0,0,0,1,0,0,0,0,0,0,0,0,0,0,0,0,0,0,0,0,10011,72.48,2,0,30.4416,2016,9,6,915,1128
0,0,1,0,0,1,0,0,1,0,0,0,0,0,0,0,0,0,0,0,0,0,0,0,1,0,10011,10.95,3,0,3.285,2016,9,6,915,1128
0,0,1,0,0,1,0,0,0,0,0,0,0,0,0,0,0,0,1,0,0,0,0,0,0,0,10011,191.82,3,0,61.3824,2016,9,6,915,1128
0,0,0,0,1,0,0,0,1,0,0,0,0,0,0,0,0,0,0,0,0,0,0,1,0,0,77070,151.056,9,0.2,7.5528,2017,8,3,377,985
1,0,0,0,0,0,0,0,0,0,0,0,0,0,0,0,0,0,1,0,0,0,0,0,0,0,79424,25.16,5,0.6,-11.322,2014,2,0,6,985
0,0,1,0,0,0,0,0,1,0,0,0,1,0,0,0,0,0,0,0,0,0,0,0,0,0,77095,6.216,6,0.8,-9.6348,2016,11,5,377,985
0,0,1,0,0,0,0,0,1,0,0,1,0,0,0,0,0,0,0,0,0,0,0,0,0,0,77095,23.616,9,0.2,2.6568,2016,11,5,377,985
0,0,1,0,0,0,0,0,0,1,0,0,0,0,0,0,0,0,0,0,0,0,0,0,0,0,77095,24.032,2,0.2,-0.6008,2016,11,5,377,985
0,0,1,0,0,0,0,0,1,0,0,0,0,0,0,0,0,0,0,1,0,0,0,0,0,0,77095,2.088,1,0.2,0.6786,2016,11,5,377,985
0,0,1,0,0,0,0,0,1,0,0,0,1,0,0,0,0,0,0,0,0,0,0,0,0,0,77095,4.488,6,0.8,-6.732,2016,11,5,377,985
0,0,1,0,0,0,0,1,0,0,0,0,0,0,0,0,0,0,1,0,0,0,0,0,0,0,92627,29.22,3,0,12.8568,2015,12,4,11,2001
0,0,1,1,0,0,1,0,1,0,0,0,0,0,0,0,0,0,0,0,0,1,0,0,0,0,30076,6.48,1,0,3.1104,2015,6,4,18,184
0,1,0,1,0,0,0,1,1,0,0,0,1,0,0,0,0,0,0,0,0,0,0,0,0,0,80538,1.188,2,0.7,-0.99,2017,12,3,4,182
0,0,1,0,0,1,0,0,0,0,0,0,0,0,1,0,0,0,0,0,0,0,0,0,0,0,10035,272.646,3,0.1,18.1764,2017,9,6,915,1128
0,0,1,0,0,1,0,0,0,1,0,0,0,0,0,0,0,0,0,0,0,0,0,0,0,0,10035,212.8,2,0,95.76,2017,9,6,915,1128
0,0,1,0,0,1,0,0,1,0,0,0,0,0,0,0,0,0,0,0,0,1,0,0,0,0,10035,38.52,9,0,18.1044,2017,9,6,915,1128
0,0,1,0,0,1,0,0,0,1,0,0,0,0,0,0,0,0,0,0,0,0,0,0,0,0,10035,72.64,2,0,21.792,2017,9,6,915,1128
0,0,1,0,0,1,0,0,1,0,0,0,0,0,0,0,0,0,0,0,0,0,0,1,0,0,10035,45.4,4,0,12.712,2017,9,6,915,1128
0,0,1,0,0,1,0,0,1,0,0,0,0,0,0,0,0,0,0,0,0,1,0,0,0,0,10035,13.76,2,0,6.3296,2017,9,6,915,1128
0,0,1,0,0,1,0,0,0,0,0,0,0,0,1,0,0,0,0,0,0,0,0,0,0,0,10035,80.991,1,0.1,8.0991,2017,9,6,915,1128
0,0,1,0,0,1,0,0,1,0,0,0,1,0,0,0,0,0,0,0,0,0,0,0,0,0,10035,11.784,3,0.2,3.9771,2017,9,6,915,1128
0,0,1,0,0,1,0,0,1,0,0,0,0,0,0,0,0,1,0,0,0,0,0,0,0,0,10035,4.36,2,0,1.7876,2017,9,6,915,1128
0,0,1,0,0,1,0,0,0,0,0,0,0,0,1,0,0,0,0,0,0,0,0,0,0,0,10035,2888.127,11,0.1,609.7157,2017,9,6,915,1128
0,0,1,0,0,1,0,0,0,1,0,0,0,0,0,0,0,0,0,0,0,0,1,0,0,0,10035,1299.66,2,0,350.9082,2017,9,6,915,1128
0,0,1,0,0,1,0,0,0,0,0,0,0,0,1,0,0,0,0,0,0,0,0,0,0,0,10035,2254.41,5,0.1,375.735,2017,9,6,915,1128
0,0,1,0,0,1,0,0,0,1,0,0,0,0,0,0,0,0,0,0,0,0,1,0,0,0,10035,104.85,3,0,28.3095,2017,9,6,915,1128
0,0,1,0,0,1,0,0,0,1,0,0,0,0,0,0,0,0,0,0,0,0,0,0,0,0,10035,59.97,3,0,20.3898,2017,9,6,915,1128
0,0,0,0,1,1,0,0,0,0,0,0,0,0,0,0,0,0,0,0,0,0,0,0,0,1,19143,314.532,2,0.4,-83.8752,2017,8,2,537,587
0,0,1,1,0,0,1,0,1,0,0,1,0,0,0,0,0,0,0,0,0,0,0,0,0,0,33178,13.632,4,0.2,3.5784,2015,6,4,57,383
0,0,1,0,0,0,0,0,1,0,1,0,0,0,0,0,0,0,0,0,0,0,0,0,0,0,75051,19.432,2,0.8,-49.5516,2014,12,5,13,985
0,0,1,0,0,0,0,0,0,1,0,0,0,0,0,0,0,0,0,0,0,0,0,0,0,0,75051,65.44,5,0.2,-8.18,2014,12,5,13,985
0,0,1,0,0,0,0,0,1,0,0,0,0,0,0,0,0,0,0,1,0,0,0,0,0,0,60653,6,2,0.2,2.1,2016,9,5,314,492
0,0,1,0,0,0,0,0,1,0,0,0,1,0,0,0,0,0,0,0,0,0,0,0,0,0,60653,1.908,3,0.8,-3.2436,2016,9,5,314,492
0,0,1,0,0,1,0,0,0,0,0,0,0,0,1,0,0,0,0,0,0,0,0,0,0,0,44134,1474.802,7,0.3,-21.0686,2016,11,4,10,469
0,0,1,0,0,1,0,0,1,0,1,0,0,0,0,0,0,0,0,0,0,0,0,0,0,0,44134,110.096,2,0.2,33.0288,2016,11,4,10,469
0,0,1,0,0,1,0,0,1,0,0,0,0,0,0,0,0,1,0,0,0,0,0,0,0,0,44134,16.752,6,0.2,5.4444,2016,11,4,10,469
0,0,1,0,0,1,0,0,0,0,0,0,0,0,1,0,0,0,0,0,0,0,0,0,0,0,44134,1537.074,9,0.3,0,2016,11,4,10,469
0,0,1,0,0,1,0,0,0,0,0,0,0,0,1,0,0,0,0,0,0,0,0,0,0,0,44134,449.372,2,0.3,-12.8392,2016,11,4,10,469
0,0,1,1,0,0,0,1,1,0,0,0,1,0,0,0,0,0,0,0,0,0,0,0,0,0,94061,41.904,6,0.2,14.1426,2016,3,6,1,2001
0,0,1,0,1,1,0,0,0,1,0,0,0,0,0,0,0,0,0,0,0,0,1,0,0,0,10011,2279.96,4,0,592.7896,2016,11,6,915,1128
0,0,1,0,1,1,0,0,1,0,0,0,0,0,0,0,0,0,0,1,0,0,0,0,0,0,10011,14.94,3,0,6.8724,2016,11,6,915,1128
0,0,1,1,0,0,0,1,0,1,0,0,0,0,0,0,0,0,0,0,0,0,1,0,0,0,97477,191.976,3,0.2,19.1976,2017,9,6,163,124
0,0,1,1,0,0,0,1,1,0,0,1,0,0,0,0,0,0,0,0,0,0,0,0,0,0,97477,23.832,3,0.2,6.5538,2017,9,6,163,124
0,0,1,1,0,0,0,1,0,0,0,0,0,0,0,0,0,0,1,0,0,0,0,0,0,0,97477,409.216,8,0.2,61.3824,2017,9,6,163,124
0,0,1,1,0,0,0,1,0,0,0,0,0,1,0,0,0,0,0,0,0,0,0,0,0,0,97477,72.588,2,0.7,-128.2388,2017,9,6,163,124
0,0,1,0,0,0,0,0,1,0,0,0,0,0,0,0,0,0,0,0,0,0,0,1,0,0,60610,61.568,2,0.2,4.6176,2017,12,5,314,492
0,0,1,0,1,0,0,0,1,0,0,0,0,0,0,0,0,0,0,0,0,1,0,0,0,0,76021,20.96,4,0.2,6.812,2015,8,5,5,985
0,0,1,1,0,0,0,1,0,1,0,0,0,0,0,0,0,0,0,0,0,0,0,0,0,0,90036,44.75,5,0,8.5025,2017,6,4,747,2001
0,0,1,1,0,0,0,1,1,0,0,0,0,0,0,0,0,0,0,0,0,1,0,0,0,0,90036,11.96,2,0,5.382,2017,6,4,747,2001
0,0,1,1,0,0,0,1,1,0,0,0,1,0,0,0,0,0,0,0,0,0,0,0,0,0,90036,3.912,1,0.2,1.2714,2017,6,4,747,2001
0,0,1,0,0,1,0,0,0,0,0,0,0,0,1,0,0,0,0,0,0,0,0,0,0,0,10009,327.996,6,0.1,54.666,2016,3,6,915,1128
0,0,0,1,0,0,0,1,1,0,0,0,1,0,0,0,0,0,0,0,0,0,0,0,0,0,94109,49.408,4,0.2,18.528,2014,10,3,510,2001
0,0,1,0,1,0,1,0,0,1,0,0,0,0,0,0,0,0,0,0,0,0,0,0,0,0,23464,53.25,3,0,20.7675,2017,3,7,16,224
0,0,1,0,1,0,1,0,1,0,0,0,0,0,0,0,0,1,0,0,0,0,0,0,0,0,23464,3.76,2,0,1.316,2017,3,7,16,224
0,0,1,0,1,1,0,0,0,0,0,0,0,0,1,0,0,0,0,0,0,0,0,0,0,0,10011,767.214,14,0.1,161.9674,2014,12,4,915,1128
0,0,1,0,0,0,1,0,1,0,0,0,0,0,0,0,0,0,0,0,0,1,0,0,0,0,37087,163.96,5,0.2,59.4355,2017,9,5,3,183
0,0,0,1,0,0,0,1,0,0,0,0,0,0,0,0,0,0,0,0,0,0,0,0,0,1,90045,161.28,2,0.2,12.096,2016,8,3,747,2001
1,0,0,0,0,0,0,1,1,0,0,1,0,0,0,0,0,0,0,0,0,0,0,0,0,0,91911,192.8,4,0,55.912,2016,11,0,3,2001
0,0,1,0,1,0,0,0,0,1,0,0,0,0,0,0,0,0,0,0,0,0,0,0,0,0,78501,27.696,3,0.2,3.462,2015,10,4,19,985
0,0,1,0,1,0,0,0,1,0,1,0,0,0,0,0,0,0,0,0,0,0,0,0,0,0,78501,73.164,6,0.8,-186.5682,2015,10,4,19,985
0,1,0,0,0,0,1,0,1,0,0,0,0,0,0,0,0,0,0,0,0,1,0,0,0,0,33021,32.064,6,0.2,11.2224,2016,10,4,11,383
0,0,1,0,0,0,0,1,0,0,0,0,0,1,0,0,0,0,0,0,0,0,0,0,0,0,94110,205.666,2,0.15,-12.098,2014,3,5,510,2001
0,0,0,0,0,0,0,1,1,0,0,0,0,0,0,0,0,0,0,0,0,0,0,1,0,0,93454,115.44,3,0,30.0144,2015,4,2,1,2001
0,0,1,0,0,1,0,0,1,0,0,0,0,0,0,0,0,0,0,0,0,1,0,0,0,0,6040,274.8,5,0,134.652,2017,7,6,11,82
0,0,1,0,0,1,0,0,1,0,0,0,0,0,0,0,0,0,0,0,0,0,0,1,0,0,6040,195.64,4,0,3.9128,2017,7,6,11,82
0,0,1,0,0,1,0,0,0,1,0,0,0,0,0,0,0,0,0,0,0,0,1,0,0,0,6040,257.98,2,0,74.8142,2017,7,6,11,82
0,0,1,0,0,1,0,0,1,0,0,1,0,0,0,0,0,0,0,0,0,0,0,0,0,0,6040,119.04,6,0,48.8064,2017,7,6,11,82
0,0,1,0,0,0,0,0,1,0,0,0,0,0,0,0,0,0,0,0,0,1,0,0,0,0,68104,20.07,3,0,9.2322,2017,6,4,28,38
0,0,1,0,0,0,0,1,1,0,0,1,0,0,0,0,0,0,0,0,0,0,0,0,0,0,95123,11.76,4,0,3.1752,2014,12,4,42,2001
0,0,1,1,0,0,0,1,1,0,0,1,0,0,0,0,0,0,0,0,0,0,0,0,0,0,94122,11.76,4,0,3.1752,2017,11,4,510,2001
0,0,1,1,0,0,0,1,1,0,0,0,1,0,0,0,0,0,0,0,0,0,0,0,0,0,94122,40.736,2,0.2,14.7668,2017,11,4,510,2001
0,1,0,0,0,0,0,1,0,1,0,0,0,0,0,0,0,0,0,0,0,0,1,0,0,0,94109,201.584,2,0.2,12.599,2016,6,2,510,2001
0,0,0,1,0,0,0,1,0,0,0,0,0,0,1,0,0,0,0,0,0,0,0,0,0,0,90805,340.704,6,0.2,-34.0704,2017,12,3,61,2001
0,0,0,0,0,0,1,0,0,0,0,0,0,1,0,0,0,0,0,0,0,0,0,0,0,0,31907,354.9,5,0,88.725,2016,4,3,222,184
0,1,0,0,1,0,0,1,0,0,0,0,0,1,0,0,0,0,0,0,0,0,0,0,0,0,94110,1198.33,10,0.15,70.49,2014,3,3,510,2001
0,0,1,0,0,0,0,1,1,0,0,0,0,0,0,0,0,0,0,0,0,0,0,1,0,0,90004,87.92,4,0,0.8792,2017,7,5,747,2001
0,0,0,1,0,1,0,0,0,0,0,0,0,0,0,0,0,0,1,0,0,0,0,0,0,0,19120,51.968,2,0.2,10.3936,2017,4,3,537,587
0,0,0,1,0,1,0,0,1,0,0,0,0,0,0,0,0,0,0,0,0,0,0,1,0,0,19120,51.336,3,0.2,5.7753,2017,4,3,537,587
0,0,0,1,0,1,0,0,1,0,0,0,0,0,0,0,0,0,0,0,0,0,0,1,0,0,19120,332.704,1,0.2,33.2704,2017,4,3,537,587
0,0,0,1,0,1,0,0,0,0,0,0,0,0,0,0,0,0,1,0,0,0,0,0,0,0,19120,42.408,3,0.2,9.5418,2017,4,3,537,587
0,1,0,0,0,0,0,0,1,0,0,0,0,0,0,0,1,0,0,0,0,0,0,0,0,0,74133,81.54,3,0,38.3238,2016,8,2,26,66
0,1,0,0,0,0,0,0,0,1,0,0,0,0,0,0,0,0,0,0,0,0,0,0,0,0,74133,167.28,12,0,23.4192,2016,8,2,26,66
0,0,1,0,0,0,0,1,1,0,0,0,0,0,0,0,0,0,0,0,0,0,0,1,0,0,90049,772.68,4,0,108.1752,2016,12,6,747,2001
0,0,0,1,0,0,1,0,0,1,0,0,0,0,0,0,0,0,0,0,0,0,1,0,0,0,33801,323.976,3,0.2,28.3479,2014,3,2,22,383
0,0,0,1,0,0,1,0,1,0,0,0,0,0,0,0,0,0,0,1,0,0,0,0,0,0,33801,11.808,4,0.2,3.9852,2014,3,2,22,383
0,0,0,1,0,0,1,0,1,0,0,0,0,0,0,0,0,0,0,0,0,0,0,1,0,0,33801,26.16,3,0.2,1.962,2014,3,2,22,383
0,0,0,1,0,0,1,0,1,0,0,0,1,0,0,0,0,0,0,0,0,0,0,0,0,0,33801,33.57,5,0.7,-25.737,2014,3,2,22,383
0,0,0,1,0,0,1,0,0,0,0,0,0,0,0,0,0,0,1,0,0,0,0,0,0,0,33801,4.992,3,0.2,1.3728,2014,3,2,22,383
0,0,0,1,0,0,1,0,0,0,0,0,0,0,0,0,0,0,1,0,0,0,0,0,0,0,33801,20.016,3,0.2,5.5044,2014,3,2,22,383
0,0,0,1,0,0,1,0,0,1,0,0,0,0,0,0,0,0,0,0,0,0,0,0,0,0,33801,170.24,2,0.2,53.2,2014,3,2,22,383
0,0,1,0,0,0,0,0,1,0,0,0,0,0,0,0,0,0,0,0,0,1,0,0,0,0,77036,117.456,3,0.2,44.046,2015,4,5,377,985
0,1,0,1,0,0,0,1,1,0,0,0,0,0,0,0,0,0,0,0,0,1,0,0,0,0,90008,22.96,2,0,11.2504,2015,9,3,747,2001
0,1,0,0,0,0,1,0,1,0,0,0,0,0,0,0,0,0,0,0,0,1,0,0,0,0,22153,13.36,2,0,6.4128,2014,8,3,163,224
0,1,0,1,0,1,0,0,1,0,0,0,1,0,0,0,0,0,0,0,0,0,0,0,0,0,10035,34.248,3,0.2,11.5587,2016,12,5,915,1128
0,1,0,1,0,1,0,0,1,0,0,1,0,0,0,0,0,0,0,0,0,0,0,0,0,0,10035,3.52,2,0,1.0208,2016,12,5,915,1128
0,0,1,0,1,0,0,0,1,0,0,0,1,0,0,0,0,0,0,0,0,0,0,0,0,0,65807,26.7,5,0,12.549,2014,8,6,163,66
0,0,1,0,1,0,0,0,0,1,0,0,0,0,0,0,0,0,0,0,0,0,0,0,0,0,65807,21.2,2,0,9.116,2014,8,6,163,66
0,0,1,0,1,0,0,0,1,0,0,0,0,0,0,0,0,0,0,0,0,0,0,1,0,0,65807,838.38,2,0,226.3626,2014,8,6,163,66
0,0,1,0,0,0,1,0,0,0,0,0,0,0,1,0,0,0,0,0,0,0,0,0,0,0,29203,1690.04,4,0,422.51,2015,9,5,81,42
0,0,1,0,0,0,1,0,1,0,0,0,0,0,0,0,0,0,0,0,0,0,0,1,0,0,29203,85.96,7,0,24.0688,2015,9,5,81,42
0,0,1,0,0,0,1,0,1,0,0,0,0,0,0,0,1,0,0,0,0,0,0,0,0,0,29203,121.96,2,0,57.3212,2015,9,5,81,42
0,0,1,0,0,0,1,0,1,0,0,0,0,0,0,0,0,0,0,0,0,1,0,0,0,0,29203,23.92,4,0,11.7208,2015,9,5,81,42
0,0,1,0,0,0,1,0,1,0,0,0,0,0,0,0,0,0,0,0,0,0,0,1,0,0,29203,63.96,2,0,6.396,2015,9,5,81,42
0,0,1,0,0,0,1,0,0,1,0,0,0,0,0,0,0,0,0,0,0,0,1,0,0,0,29203,629.95,5,0,176.386,2015,9,5,81,42
0,0,1,0,0,0,1,0,0,1,0,0,0,0,0,0,0,0,0,0,0,0,1,0,0,0,29203,113.73,3,0,32.9817,2015,9,5,81,42
0,0,1,0,0,0,1,0,1,0,0,0,1,0,0,0,0,0,0,0,0,0,0,0,0,0,29203,14.6,2,0,6.862,2015,9,5,81,42
0,0,1,0,0,0,1,0,1,0,0,0,0,0,0,0,0,0,0,0,0,0,0,1,0,0,29203,887.84,8,0,17.7568,2015,9,5,81,42
0,0,0,0,1,0,0,1,0,0,0,0,0,0,1,0,0,0,0,0,0,0,0,0,0,0,97206,403.92,5,0.2,25.245,2016,12,2,24,124
0,0,1,0,0,1,0,0,1,0,0,1,0,0,0,0,0,0,0,0,0,0,0,0,0,0,19120,106.8,10,0.2,10.68,2015,8,5,537,587
0,0,0,1,0,1,0,0,1,0,0,0,0,0,0,0,0,0,0,0,0,0,0,1,0,0,10035,70.95,3,0,20.5755,2015,11,2,915,1128
0,0,0,1,0,1,0,0,1,0,0,0,1,0,0,0,0,0,0,0,0,0,0,0,0,0,10035,34.944,6,0.2,11.7936,2015,11,2,915,1128
0,0,0,1,0,1,0,0,1,0,0,1,0,0,0,0,0,0,0,0,0,0,0,0,0,0,10035,119.04,6,0,35.712,2015,11,2,915,1128
0,0,1,0,0,0,0,0,0,1,0,0,0,0,0,0,0,0,0,0,0,0,1,0,0,0,60016,383.84,4,0.2,47.98,2017,4,4,6,492
0,0,1,0,0,1,0,0,0,0,0,0,0,0,0,0,0,0,1,0,0,0,0,0,0,0,10035,799.56,9,0,207.8856,2016,12,4,915,1128
1,0,0,0,0,0,0,1,1,0,0,0,0,0,0,0,0,0,0,0,0,0,0,1,0,0,98103,31.44,3,0,8.4888,2017,12,0,428,506
0,0,1,0,0,0,0,0,1,0,0,0,0,0,0,0,0,0,0,0,0,1,0,0,0,0,77095,25.92,5,0.2,9.072,2017,12,4,377,985
0,0,1,0,0,0,0,0,1,0,0,0,1,0,0,0,0,0,0,0,0,0,0,0,0,0,77095,6.33,5,0.8,-9.8115,2017,12,4,377,985
0,0,1,0,0,0,0,0,1,0,0,0,0,0,0,0,0,0,0,0,0,1,0,0,0,0,77095,75.88,5,0.2,26.558,2017,12,4,377,985
0,0,1,0,0,1,0,0,0,1,0,0,0,0,0,0,0,0,0,0,0,0,1,0,0,0,19143,329.988,2,0.4,-76.9972,2017,10,7,537,587
0,0,1,0,0,1,0,0,1,0,0,0,0,0,0,0,0,0,0,0,0,0,0,1,0,0,19143,71.376,3,0.2,-4.461,2017,10,7,537,587
0,0,1,0,0,0,0,0,1,0,0,0,0,0,0,0,0,0,0,0,0,1,0,0,0,0,47201,63.77,7,0,28.6965,2015,11,4,222,149
0,0,1,0,0,0,0,0,0,1,0,0,0,0,0,0,0,0,0,0,0,0,1,0,0,0,47201,50.97,3,0,13.2522,2015,11,4,222,149
0,0,1,0,0,0,0,0,1,0,0,0,0,0,0,0,0,0,0,0,0,1,0,0,0,0,47201,96.08,2,0,46.1184,2015,11,4,222,149
0,0,1,0,0,0,0,0,0,1,0,0,0,0,0,1,0,0,0,0,0,0,0,0,0,0,60201,1439.968,4,0.2,485.9892,2015,4,4,4,492
0,0,1,0,0,0,0,0,0,1,0,0,0,0,0,0,0,0,0,0,0,0,0,0,0,0,60201,43.56,3,0.2,-4.9005,2015,4,4,4,492
0,0,1,0,0,0,0,1,0,0,0,0,0,0,1,0,0,0,0,0,0,0,0,0,0,0,92307,563.92,5,0.2,7.049,2016,12,7,9,2001
0,0,1,0,0,1,0,0,0,1,0,0,0,0,0,0,0,0,0,0,0,0,1,0,0,0,43229,235.152,8,0.4,-47.0304,2016,10,6,222,469
0,0,0,0,1,1,0,0,0,0,0,0,0,0,0,0,0,0,1,0,0,0,0,0,0,0,43302,7.712,2,0.2,1.7352,2017,12,2,20,469
0,1,0,0,0,0,0,0,1,0,0,0,0,0,0,0,0,0,0,0,0,1,0,0,0,0,77095,51.016,7,0.2,15.9425,2016,10,4,377,985
0,1,0,0,0,0,0,0,1,0,0,0,0,0,0,0,0,1,0,0,0,0,0,0,0,0,77095,25.248,4,0.2,7.89,2016,10,4,377,985
0,1,0,0,0,0,0,0,0,0,0,0,0,0,1,0,0,0,0,0,0,0,0,0,0,0,77095,56.686,1,0.3,-14.5764,2016,10,4,377,985
0,0,1,1,0,1,0,0,1,0,0,0,0,0,0,0,0,0,0,0,0,0,0,1,0,0,43302,51.168,2,0.2,-6.396,2017,9,4,20,469
0,0,1,1,0,0,0,1,1,0,0,0,1,0,0,0,0,0,0,0,0,0,0,0,0,0,98103,2793.528,9,0.2,942.8157,2017,8,7,428,506
0,0,1,1,0,0,0,1,1,0,0,0,0,0,0,0,0,0,0,0,0,0,0,1,0,0,98103,1000.02,7,0,290.0058,2017,8,7,428,506
0,0,1,1,0,0,0,1,0,0,0,0,0,0,0,0,0,0,1,0,0,0,0,0,0,0,98103,65.94,3,0,22.4196,2017,8,7,428,506
0,1,0,0,0,0,0,1,1,0,0,0,0,0,0,0,0,1,0,0,0,0,0,0,0,0,98632,18.24,3,0,9.12,2017,11,4,3,506
0,1,0,0,0,0,0,1,1,0,1,0,0,0,0,0,0,0,0,0,0,0,0,0,0,0,98632,76.12,2,0,22.0748,2017,11,4,3,506
0,0,1,0,0,0,0,1,1,0,0,0,0,0,0,0,1,0,0,0,0,0,0,0,0,0,90278,7.64,1,0,3.7436,2014,10,4,8,2001
0,0,1,1,0,1,0,0,0,0,0,0,0,0,0,0,0,0,1,0,0,0,0,0,0,0,10035,68.16,3,0,27.9456,2015,11,5,915,1128
0,0,1,1,0,1,0,0,1,0,0,0,0,0,0,0,1,0,0,0,0,0,0,0,0,0,10035,62.24,8,0,29.2528,2015,11,5,915,1128
0,0,1,0,0,0,1,0,0,1,0,0,0,0,0,0,0,0,0,0,0,0,1,0,0,0,40214,29.97,3,0,0.2997,2015,7,6,57,139
0,0,1,0,0,0,0,0,0,1,0,0,0,0,0,0,0,0,0,0,0,0,1,0,0,0,48183,125.7,6,0,35.196,2016,10,6,13,255
0,0,1,0,0,0,0,0,0,1,0,0,0,0,0,0,0,0,0,0,0,0,1,0,0,0,48183,191.98,2,0,51.8346,2016,10,6,13,255
0,0,1,0,0,0,0,0,1,0,0,0,0,0,0,0,0,0,0,0,0,0,0,1,0,0,48183,20.86,7,0,1.4602,2016,10,6,13,255
0,1,0,0,0,0,0,1,1,0,0,0,0,0,0,0,0,0,0,1,0,0,0,0,0,0,90045,56.7,9,0,26.082,2017,9,4,747,2001
0,0,1,0,0,0,1,0,0,0,0,0,0,0,0,0,0,0,1,0,0,0,0,0,0,0,37075,72.704,4,0.2,19.0848,2017,12,4,5,183
0,0,1,0,0,0,1,0,1,0,0,1,0,0,0,0,0,0,0,0,0,0,0,0,0,0,37075,12.264,7,0.2,1.0731,2017,12,4,5,183
0,0,1,0,0,0,1,0,1,0,0,0,0,0,0,0,0,0,0,0,0,0,0,1,0,0,37075,218.352,3,0.2,-54.588,2017,12,4,5,183
0,0,1,0,0,0,0,1,0,0,0,0,0,1,0,0,0,0,0,0,0,0,0,0,0,0,97206,66.294,1,0.7,-103.8606,2015,10,4,24,124
0,0,1,0,0,0,0,1,0,0,0,0,0,0,1,0,0,0,0,0,0,0,0,0,0,0,97206,291.168,4,0.2,-14.5584,2015,10,4,24,124
0,0,1,0,0,0,0,0,0,1,0,0,0,0,0,0,0,0,0,0,0,0,1,0,0,0,75061,88.776,3,0.2,7.7679,2014,11,5,8,985
0,0,1,0,1,1,0,0,0,1,0,0,0,0,0,0,0,0,0,0,0,0,1,0,0,0,44105,110.376,4,0.4,-20.2356,2016,1,5,42,469
0,0,1,0,1,1,0,0,0,1,0,0,0,0,0,0,0,0,0,0,0,0,0,0,0,0,44105,55.176,3,0.2,15.8631,2016,1,5,42,469
0,0,1,0,0,0,0,0,1,0,0,1,0,0,0,0,0,0,0,0,0,0,0,0,0,0,50701,30.32,4,0,11.8248,2017,7,6,1,30
1,0,0,0,0,0,0,1,0,0,0,0,0,0,1,0,0,0,0,0,0,0,0,0,0,0,98105,177.568,2,0.2,8.8784,2017,9,0,428,506
1,0,0,0,0,0,0,1,1,0,0,0,0,0,0,0,0,0,0,0,0,1,0,0,0,0,98105,19.44,3,0,9.3312,2017,9,0,428,506
1,0,0,0,0,0,0,1,1,0,0,0,0,0,0,0,0,0,0,0,0,1,0,0,0,0,98105,71.28,11,0,34.2144,2017,9,0,428,506
1,0,0,0,0,0,0,1,1,0,0,0,1,0,0,0,0,0,0,0,0,0,0,0,0,0,98105,1471.96,5,0.2,459.9875,2017,9,0,428,506
1,0,0,0,0,0,0,1,0,1,0,0,0,0,0,0,0,0,0,0,0,0,1,0,0,0,98105,79.96,5,0.2,-17.991,2017,9,0,428,506
0,0,1,1,0,1,0,0,1,0,0,0,0,0,0,0,1,0,0,0,0,0,0,0,0,0,19120,57.576,3,0.2,21.591,2016,2,4,537,587
0,0,1,0,0,1,0,0,1,0,0,0,1,0,0,0,0,0,0,0,0,0,0,0,0,0,10009,26.336,4,0.2,9.2176,2016,1,7,915,1128
0,0,1,0,0,0,0,1,0,0,0,0,0,0,0,0,0,0,1,0,0,0,0,0,0,0,95123,166.5,3,0,21.645,2015,12,4,42,2001
0,0,1,0,0,0,0,1,1,0,0,0,0,0,0,0,0,0,0,0,0,0,0,1,0,0,95123,360.38,2,0,93.6988,2015,12,4,42,2001
0,1,0,0,0,0,0,1,1,0,0,0,1,0,0,0,0,0,0,0,0,0,0,0,0,0,90008,11.744,1,0.2,3.8168,2016,10,3,747,2001
0,1,0,1,0,1,0,0,0,0,0,0,0,0,0,0,0,0,1,0,0,0,0,0,0,0,3301,247.44,8,0,101.4504,2017,5,3,31,27
0,0,1,0,1,0,1,0,1,0,0,0,1,0,0,0,0,0,0,0,0,0,0,0,0,0,38401,18.24,2,0.7,-14.592,2014,12,7,81,183
0,0,1,0,1,0,0,1,1,0,0,0,0,0,0,0,0,0,0,0,0,0,0,0,1,0,98006,25.35,3,0,7.605,2016,11,4,6,506
0,0,1,0,1,0,0,1,1,0,0,1,0,0,0,0,0,0,0,0,0,0,0,0,0,0,98105,119.04,6,0,30.9504,2015,11,5,428,506
0,0,1,0,1,0,0,1,0,0,0,0,0,0,0,0,0,0,1,0,0,0,0,0,0,0,98105,22.14,3,0,6.4206,2015,11,5,428,506
0,0,1,0,1,0,0,1,0,1,0,0,0,0,0,0,0,0,0,0,0,0,0,0,0,0,98105,13.98,2,0,6.0114,2015,11,5,428,506
0,0,1,0,0,0,0,0,1,0,0,0,1,0,0,0,0,0,0,0,0,0,0,0,0,0,47201,43.41,1,0,19.9686,2017,5,6,222,149
0,0,1,0,0,0,0,0,0,0,0,0,0,0,0,0,0,0,1,0,0,0,0,0,0,0,47201,6.24,3,0,2.6208,2017,5,6,222,149
0,0,1,0,0,0,0,0,1,0,1,0,0,0,0,0,0,0,0,0,0,0,0,0,0,0,47201,465.16,2,0,120.9416,2017,5,6,222,149
0,0,1,0,0,0,0,0,1,0,0,0,0,0,0,0,0,0,0,0,0,1,0,0,0,0,47201,7.98,1,0,3.99,2017,5,6,222,149
0,0,0,0,0,0,0,0,1,0,1,0,0,0,0,0,0,0,0,0,0,0,0,0,0,0,60623,2.394,1,0.8,-6.3441,2014,12,2,314,492
1,0,0,0,1,0,1,0,1,0,0,0,0,0,0,0,0,0,0,0,0,1,0,0,0,0,30062,58.32,9,0,27.9936,2014,4,0,7,184
1,0,0,0,1,0,1,0,0,1,0,0,0,0,0,0,0,0,0,0,0,0,1,0,0,0,30062,200.97,3,0,50.2425,2014,4,0,7,184
0,0,1,1,0,0,1,0,0,0,0,0,0,0,0,0,0,0,1,0,0,0,0,0,0,0,36116,21.36,8,0,8.1168,2015,9,6,10,61
0,0,1,1,0,0,0,0,1,0,0,0,0,0,0,0,0,0,0,1,0,0,0,0,0,0,75023,9.856,4,0.2,3.4496,2017,9,6,15,985
0,1,0,0,1,0,1,0,1,0,0,0,1,0,0,0,0,0,0,0,0,0,0,0,0,0,33319,3.444,1,0.7,-2.5256,2015,9,2,4,383
0,1,0,1,0,1,0,0,1,0,0,0,0,0,0,0,0,0,0,0,0,0,0,0,1,0,43229,384.592,2,0.2,-81.7258,2017,11,4,222,469
0,1,0,0,0,1,0,0,1,0,0,0,0,0,0,0,1,0,0,0,0,0,0,0,0,0,10009,22.92,3,0,11.2308,2015,3,2,915,1128
0,1,0,0,0,0,0,0,1,0,0,0,1,0,0,0,0,0,0,0,0,0,0,0,0,0,47374,11.36,4,0,5.5664,2015,8,4,90,149
0,0,1,0,0,0,0,1,1,0,0,0,1,0,0,0,0,0,0,0,0,0,0,0,0,0,98115,14.592,3,0.2,4.9248,2015,5,6,428,506
0,0,1,1,0,1,0,0,1,0,0,0,0,0,0,0,0,0,0,1,0,0,0,0,0,0,11561,41.4,4,0,19.872,2017,7,4,61,1128
0,0,0,1,0,0,0,0,1,0,0,0,1,0,0,0,0,0,0,0,0,0,0,0,0,0,61107,442.372,7,0.8,-729.9138,2016,9,2,11,492
0,0,1,1,0,0,1,0,1,0,0,0,1,0,0,0,0,0,0,0,0,0,0,0,0,0,31907,34.5,3,0,15.525,2017,5,5,222,184
1,0,0,0,0,0,0,0,1,0,0,0,1,0,0,0,0,0,0,0,0,0,0,0,0,0,74133,28.85,5,0,14.425,2016,10,0,26,66
0,0,1,0,0,0,1,0,1,0,0,0,0,0,0,0,0,0,0,0,0,1,0,0,0,0,37211,3.488,2,0.2,1.1772,2014,11,5,29,183
0,0,1,0,0,0,1,0,1,0,0,0,0,0,0,0,0,0,0,0,0,1,0,0,0,0,37211,143.856,9,0.2,48.5514,2014,11,5,29,183
0,1,0,0,1,1,0,0,0,1,0,0,0,0,0,0,0,0,0,0,0,0,1,0,0,0,2138,311.98,2,0,93.594,2015,10,3,6,135
0,1,0,0,1,1,0,0,1,0,0,0,1,0,0,0,0,0,0,0,0,0,0,0,0,0,2138,22.45,5,0,10.327,2015,10,3,6,135
0,0,1,1,0,0,0,1,0,1,0,0,0,0,0,0,0,0,0,0,0,0,1,0,0,0,94601,39.992,1,0.2,-7.9984,2017,12,4,26,2001
0,0,1,1,0,0,0,1,0,0,0,0,0,0,1,0,0,0,0,0,0,0,0,0,0,0,94601,1159.056,9,0.2,43.4646,2017,12,4,26,2001
0,0,1,1,0,0,0,1,1,0,0,1,0,0,0,0,0,0,0,0,0,0,0,0,0,0,94601,179.9,5,0,44.975,2017,12,4,26,2001
0,0,0,1,0,0,0,0,0,1,0,0,0,0,0,0,0,0,0,0,0,0,0,0,0,0,60067,116.312,7,0.2,23.2624,2017,12,1,1,492
0,1,0,0,0,0,0,1,0,0,0,0,0,0,0,0,0,0,1,0,0,0,0,0,0,0,98105,12.42,3,0,4.4712,2016,7,5,428,506
0,1,0,0,0,0,0,1,0,1,0,0,0,0,0,0,0,0,0,0,0,0,0,0,0,0,98105,428.4,3,0,89.964,2016,7,5,428,506
0,1,0,0,0,0,0,1,0,0,0,0,0,0,0,0,0,0,1,0,0,0,0,0,0,0,98105,24.75,5,0,10.89,2016,7,5,428,506
0,1,0,0,0,0,0,1,1,0,0,0,0,0,0,0,0,0,0,1,0,0,0,0,0,0,98105,87.71,7,0,41.2237,2016,7,5,428,506
0,1,0,0,0,0,0,1,1,0,0,0,0,0,0,0,0,0,0,0,0,0,0,1,0,0,98105,69.52,2,0,17.38,2016,7,5,428,506
0,1,0,0,0,0,0,1,0,1,0,0,0,0,0,0,0,0,0,0,0,0,1,0,0,0,98105,20.784,2,0.2,-4.6764,2016,7,5,428,506
0,1,0,0,0,0,0,1,1,0,0,0,1,0,0,0,0,0,0,0,0,0,0,0,0,0,98105,12.816,3,0.2,4.1652,2016,7,5,428,506
0,0,1,0,0,1,0,0,1,0,0,0,0,0,0,0,0,0,0,1,0,0,0,0,0,0,45231,5.904,2,0.2,1.9926,2017,5,4,17,469
0,0,1,0,0,1,0,0,0,0,0,0,0,0,0,0,0,0,1,0,0,0,0,0,0,0,43302,63.824,2,0.2,9.5736,2015,11,6,20,469
0,0,1,0,0,1,0,0,1,0,0,0,0,0,0,0,0,0,0,0,0,0,0,1,0,0,43302,141.552,3,0.2,-26.541,2015,11,6,20,469
0,0,1,1,0,0,0,1,1,0,0,0,0,0,0,0,1,0,0,0,0,0,0,0,0,0,90049,304.9,5,0,143.303,2016,9,4,747,2001
0,0,1,1,0,0,0,1,0,0,0,0,0,0,1,0,0,0,0,0,0,0,0,0,0,0,90049,563.24,5,0.2,56.324,2016,9,4,747,2001
0,0,1,1,0,1,0,0,0,0,0,0,0,0,0,0,0,0,0,0,0,0,0,0,0,1,44107,661.176,2,0.4,-231.4116,2016,10,5,49,469
0,0,1,0,1,0,1,0,0,1,0,0,0,0,0,0,0,0,0,0,0,0,1,0,0,0,37087,239.976,3,0.2,17.9982,2016,10,7,3,183
0,0,1,1,0,0,0,1,0,0,0,0,0,0,0,0,0,0,0,0,0,0,0,0,0,1,94122,502.488,3,0.2,-87.9354,2014,7,4,510,2001
0,0,1,1,0,0,0,1,1,0,0,0,1,0,0,0,0,0,0,0,0,0,0,0,0,0,94122,196.704,6,0.2,68.8464,2014,7,4,510,2001
0,1,0,0,1,0,0,1,0,0,0,0,0,0,1,0,0,0,0,0,0,0,0,0,0,0,95928,915.136,4,0.2,102.9528,2015,3,5,11,2001
0,1,0,0,1,0,0,1,0,0,0,0,0,0,0,0,0,0,1,0,0,0,0,0,0,0,95928,327.76,8,0,91.7728,2015,3,5,11,2001
0,0,0,0,0,0,1,0,0,0,0,0,0,0,1,0,0,0,0,0,0,0,0,0,0,0,24153,701.96,2,0,168.4704,2017,12,3,40,224
0,0,1,0,0,0,0,1,0,1,0,0,0,0,0,0,0,0,0,0,0,0,1,0,0,0,90008,88.776,3,0.2,7.7679,2015,4,4,747,2001
0,0,1,0,0,0,0,1,1,0,0,1,0,0,0,0,0,0,0,0,0,0,0,0,0,0,90008,64.14,3,0,16.6764,2015,4,4,747,2001
0,0,0,1,0,1,0,0,1,0,0,0,1,0,0,0,0,0,0,0,0,0,0,0,0,0,10024,33.552,1,0.2,12.582,2014,9,3,915,1128
0,0,1,1,0,1,0,0,1,0,1,0,0,0,0,0,0,0,0,0,0,0,0,0,0,0,1915,1737.18,6,0,503.7822,2014,12,4,3,135
0,0,1,1,0,1,0,0,1,0,0,0,0,0,0,0,0,0,0,0,0,0,0,1,0,0,1915,704.25,5,0,84.51,2014,12,4,3,135
0,0,1,1,0,1,0,0,1,0,0,0,0,0,0,0,0,0,0,0,0,1,0,0,0,0,1915,141.76,4,0,66.6272,2014,12,4,3,135
0,0,1,1,0,0,0,1,1,0,0,0,1,0,0,0,0,0,0,0,0,0,0,0,0,0,92024,36.36,3,0.2,12.2715,2014,10,5,170,2001
0,0,0,0,1,0,0,1,0,0,0,0,0,0,0,0,0,0,1,0,0,0,0,0,0,0,94109,25.83,3,0,9.5571,2017,11,3,510,2001
0,0,1,0,0,0,0,0,1,0,0,0,1,0,0,0,0,0,0,0,0,0,0,0,0,0,60623,24.588,3,0.8,-38.1114,2014,6,6,314,492
0,0,1,0,0,0,0,0,1,0,0,0,0,0,0,0,1,0,0,0,0,0,0,0,0,0,60623,13.984,2,0.2,4.7196,2014,6,6,314,492
0,0,1,0,0,0,0,0,0,1,0,0,0,0,0,0,0,0,0,0,0,0,1,0,0,0,75220,195.96,5,0.2,19.596,2017,11,4,157,985
0,1,0,0,1,0,0,0,1,0,0,0,0,0,0,0,0,0,0,0,0,1,0,0,0,0,78415,74.352,3,0.2,23.235,2017,6,2,8,985
1,0,0,0,0,1,0,0,1,0,0,0,0,0,0,0,0,0,0,0,0,1,0,0,0,0,10035,6.68,1,0,3.2064,2017,5,0,915,1128
0,1,0,1,0,0,0,1,1,0,0,0,0,0,0,0,0,0,0,0,0,0,0,0,1,0,97405,17.584,7,0.2,-4.1762,2016,11,2,6,124
0,1,0,1,0,0,0,1,0,0,0,0,0,0,1,0,0,0,0,0,0,0,0,0,0,0,97405,104.784,1,0.2,-14.4078,2016,11,2,6,124
0,1,0,1,0,0,0,1,1,0,0,0,0,0,0,0,0,0,0,0,0,1,0,0,0,0,97405,47.952,3,0.2,16.7832,2016,11,2,6,124
0,1,0,1,0,0,0,1,0,0,0,0,0,0,1,0,0,0,0,0,0,0,0,0,0,0,97405,650.352,3,0.2,-97.5528,2016,11,2,6,124
0,1,0,1,0,0,0,1,1,0,0,0,0,0,0,0,0,0,0,1,0,0,0,0,0,0,97405,629.184,8,0.2,228.0792,2016,11,2,6,124
0,1,0,1,0,0,0,1,1,0,0,0,0,0,0,0,0,0,0,0,0,1,0,0,0,0,97405,15.176,1,0.2,5.3116,2016,11,2,6,124
0,0,1,0,0,0,0,1,0,0,0,0,0,0,0,0,0,0,1,0,0,0,0,0,0,0,93030,127.95,3,0,21.7515,2014,9,5,9,2001
0,0,1,1,0,1,0,0,1,0,0,0,0,0,0,0,0,0,0,0,0,0,0,1,0,0,6824,579.51,3,0,81.1314,2017,2,5,45,82
0,0,1,1,0,1,0,0,0,1,0,0,0,0,0,0,0,0,0,0,0,0,1,0,0,0,6824,14.99,1,0,7.3451,2017,2,5,45,82
0,0,1,1,0,0,0,0,1,0,0,1,0,0,0,0,0,0,0,0,0,0,0,0,0,0,49201,151.92,4,0,45.576,2014,11,5,82,255
0,0,1,1,0,0,0,0,1,0,0,0,0,0,0,0,0,0,0,1,0,0,0,0,0,0,49201,196.62,2,0,96.3438,2014,11,5,82,255
0,0,1,1,0,0,0,0,1,0,0,0,0,0,0,0,0,0,0,0,0,1,0,0,0,0,49201,144.12,3,0,69.1776,2014,11,5,82,255
0,0,1,1,0,0,0,0,1,0,0,0,0,0,0,0,0,0,0,0,0,1,0,0,0,0,49201,15.96,2,0,7.98,2014,11,5,82,255
0,1,0,1,0,0,0,1,0,1,0,0,0,0,0,0,0,0,0,0,0,0,1,0,0,0,92677,39.96,5,0.2,3.4965,2017,11,4,4,2001
0,1,0,1,0,0,0,1,1,0,0,0,0,0,0,0,0,0,0,0,0,1,0,0,0,0,92677,34.08,6,0,15.336,2017,11,4,4,2001
0,0,1,1,0,0,1,0,1,0,0,0,0,0,0,0,0,0,0,0,0,1,0,0,0,0,32216,10.368,2,0.2,3.6288,2017,9,4,125,383
0,0,1,1,0,1,0,0,1,0,0,0,1,0,0,0,0,0,0,0,0,0,0,0,0,0,10550,7.752,3,0.2,2.8101,2014,10,4,8,1128
0,1,0,0,1,0,0,0,1,0,0,0,0,0,0,0,1,0,0,0,0,0,0,0,0,0,48640,15.28,2,0,7.4872,2014,6,4,12,255
0,0,1,0,0,1,0,0,0,1,0,0,0,0,0,0,0,0,0,0,1,0,0,0,0,0,19711,65.97,3,0,31.0059,2014,6,6,95,96
0,0,1,1,0,0,0,1,1,0,0,0,0,0,0,0,0,0,0,0,0,1,0,0,0,0,94109,33.4,5,0,16.032,2015,10,4,510,2001
0,0,1,1,0,0,0,1,1,0,0,0,0,0,0,0,1,0,0,0,0,0,0,0,0,0,94109,210.84,4,0,103.3116,2015,10,4,510,2001
0,0,1,0,0,0,0,0,1,0,0,0,0,0,0,0,0,0,0,0,0,0,0,1,0,0,48185,13.98,1,0,4.0542,2014,1,6,13,255
0,0,1,0,0,0,0,0,0,0,0,0,0,0,0,0,0,0,1,0,0,0,0,0,0,0,48185,272.94,3,0,30.0234,2014,1,6,13,255
0,0,1,0,0,0,0,0,1,0,0,0,1,0,0,0,0,0,0,0,0,0,0,0,0,0,48185,19.05,5,0,8.9535,2014,1,6,13,255
0,0,1,0,0,0,0,0,1,0,1,0,0,0,0,0,0,0,0,0,0,0,0,0,0,0,48185,247.716,4,0.1,93.5816,2014,1,6,13,255
0,0,1,0,0,0,0,0,1,0,0,0,0,0,0,0,0,0,0,0,0,0,0,1,0,0,48185,66.58,2,0,15.9792,2014,1,6,13,255
0,0,1,0,0,0,0,0,1,0,0,1,0,0,0,0,0,0,0,0,0,0,0,0,0,0,48185,43.92,3,0,12.7368,2014,1,6,13,255
0,0,1,0,0,0,0,0,0,0,0,0,0,0,0,0,0,0,1,0,0,0,0,0,0,0,48185,14.73,3,0,4.8609,2014,1,6,13,255
0,0,1,0,0,0,0,0,1,0,0,0,1,0,0,0,0,0,0,0,0,0,0,0,0,0,48185,29.7,5,0,13.365,2014,1,6,13,255
0,0,1,0,0,1,0,0,1,0,0,0,0,0,0,0,0,0,0,0,0,1,0,0,0,0,10011,49.12,4,0,23.0864,2014,7,4,915,1128
0,0,1,0,0,1,0,0,1,0,0,0,1,0,0,0,0,0,0,0,0,0,0,0,0,0,10011,18.28,5,0.2,6.398,2014,7,4,915,1128
0,0,1,0,0,0,0,1,0,0,0,0,0,0,0,0,0,0,1,0,0,0,0,0,0,0,90008,47.04,4,0,15.9936,2016,8,7,747,2001
0,0,1,0,0,0,0,1,0,1,0,0,0,0,0,0,0,0,0,0,0,0,1,0,0,0,90008,339.96,5,0.2,42.495,2016,8,7,747,2001
0,0,1,1,0,1,0,0,0,1,0,0,0,0,0,0,0,0,0,0,0,0,1,0,0,0,10035,87.8,4,0,43.9,2017,10,4,915,1128
0,0,1,1,0,1,0,0,0,0,0,0,0,0,1,0,0,0,0,0,0,0,0,0,0,0,10035,221.382,2,0.1,2.4598,2017,10,4,915,1128
0,0,1,1,0,1,0,0,0,1,0,0,0,0,0,0,0,0,0,0,1,0,0,0,0,0,10035,5199.96,4,0,1351.9896,2017,10,4,915,1128
0,0,0,0,0,1,0,0,1,0,0,0,0,0,0,0,0,0,0,0,0,0,0,1,0,0,43130,156.512,4,0.2,-35.2152,2016,12,2,46,469
0,0,0,0,1,1,0,0,0,1,0,0,0,0,0,0,0,0,0,0,0,0,0,0,0,0,19711,119.85,3,0,52.734,2015,3,3,95,96
0,0,0,0,1,1,0,0,1,0,0,0,1,0,0,0,0,0,0,0,0,0,0,0,0,0,19711,30.44,2,0,14.9156,2015,3,3,95,96
0,0,0,0,1,1,0,0,1,0,0,0,1,0,0,0,0,0,0,0,0,0,0,0,0,0,19711,69.28,2,0,33.2544,2015,3,3,95,96
0,0,0,0,1,1,0,0,0,1,0,0,0,0,0,0,0,0,0,0,0,0,1,0,0,0,19711,587.97,3,0,170.5113,2015,3,3,95,96
1,0,0,0,1,1,0,0,1,0,0,0,0,0,0,0,0,0,0,1,0,0,0,0,0,0,10024,24.55,5,0,12.0295,2017,10,0,915,1128
0,0,1,0,0,0,0,1,1,0,0,0,1,0,0,0,0,0,0,0,0,0,0,0,0,0,94109,12.176,1,0.2,4.4138,2015,5,5,510,2001
0,0,1,0,0,0,0,1,1,0,0,0,0,0,0,0,0,0,0,0,0,0,0,1,0,0,94109,37.32,3,0,10.4496,2015,5,5,510,2001
0,0,1,0,0,0,0,1,1,0,0,0,0,0,0,0,0,0,0,0,0,0,0,0,1,0,94109,35.06,2,0,10.518,2015,5,5,510,2001
0,0,1,0,0,0,0,0,0,0,0,0,0,0,0,0,0,0,1,0,0,0,0,0,0,0,75217,108.4,5,0.6,-105.69,2017,9,5,157,985
0,0,1,1,0,0,1,0,0,1,0,0,0,0,0,0,0,0,0,0,0,0,1,0,0,0,33178,361.376,2,0.2,27.1032,2017,11,5,57,383
0,0,1,0,0,1,0,0,1,0,0,0,1,0,0,0,0,0,0,0,0,0,0,0,0,0,19120,2.412,1,0.7,-2.01,2015,9,6,537,587
0,0,1,1,0,1,0,0,1,0,1,0,0,0,0,0,0,0,0,0,0,0,0,0,0,0,10011,8.39,1,0,2.0975,2015,9,6,915,1128
0,0,1,1,0,1,0,0,0,1,0,0,0,0,0,0,0,0,0,0,0,0,1,0,0,0,10011,337.98,2,0,101.394,2015,9,6,915,1128
0,0,1,0,0,1,0,0,1,0,0,0,0,0,0,0,0,0,0,0,0,0,0,1,0,0,19120,83.92,5,0.2,-13.637,2014,10,7,537,587
0,0,1,1,0,0,0,1,1,0,0,0,1,0,0,0,0,0,0,0,0,0,0,0,0,0,98103,19.68,5,0.2,6.888,2017,1,5,428,506
0,0,1,1,0,0,0,1,1,0,0,0,0,0,0,0,0,0,0,0,0,1,0,0,0,0,98103,25.92,4,0,12.4416,2017,1,5,428,506
0,0,1,1,0,0,0,1,1,0,0,0,0,0,0,0,0,0,0,0,0,1,0,0,0,0,98103,6.48,1,0,3.1104,2017,1,5,428,506
0,0,1,1,0,0,0,1,0,1,0,0,0,0,0,0,0,0,0,0,0,0,1,0,0,0,98103,86.352,6,0.2,8.6352,2017,1,5,428,506
0,0,1,0,1,0,0,1,1,0,0,1,0,0,0,0,0,0,0,0,0,0,0,0,0,0,90032,56.3,2,0,15.764,2015,12,5,747,2001
0,0,1,0,0,0,0,1,1,0,0,1,0,0,0,0,0,0,0,0,0,0,0,0,0,0,97477,51.016,7,0.2,8.2901,2014,11,5,163,124
0,0,1,0,0,0,0,1,1,0,0,0,1,0,0,0,0,0,0,0,0,0,0,0,0,0,98059,150.8,5,0.2,56.55,2017,11,4,3,506
0,0,1,0,0,0,0,1,0,1,0,0,0,0,0,0,0,0,0,0,1,0,0,0,0,0,98059,1039.992,1,0.2,103.9992,2017,11,4,3,506
0,0,1,0,0,0,0,1,1,0,0,0,0,0,0,0,0,0,0,0,0,1,0,0,0,0,98059,51.84,8,0,24.8832,2017,11,4,3,506
0,0,0,0,1,1,0,0,0,1,0,0,0,0,0,0,0,0,0,0,0,0,1,0,0,0,10009,41.22,1,0,11.1294,2017,4,1,915,1128
0,0,0,0,1,1,0,0,1,0,0,0,0,0,0,0,0,0,0,0,0,0,0,0,1,0,10009,240.37,1,0,7.2111,2017,4,1,915,1128
0,0,0,0,1,1,0,0,0,1,0,0,0,0,0,0,0,0,0,0,0,0,1,0,0,0,10009,119.02,2,0,33.3256,2017,4,1,915,1128
0,0,1,0,0,0,0,1,1,0,0,0,1,0,0,0,0,0,0,0,0,0,0,0,0,0,95123,133.12,5,0.2,49.92,2017,5,5,42,2001
0,0,1,1,0,0,0,0,0,0,0,0,0,0,0,0,0,0,1,0,0,0,0,0,0,0,75051,38.08,5,0.6,-29.512,2016,10,4,13,985
1,0,0,0,1,1,0,0,0,0,0,0,0,1,0,0,0,0,0,0,0,0,0,0,0,0,10009,113.568,2,0.2,12.7764,2016,11,0,915,1128
0,1,0,0,1,1,0,0,0,0,0,0,0,0,0,0,0,0,1,0,0,0,0,0,0,0,10009,83.92,4,0,21.8192,2017,10,2,915,1128
0,1,0,0,1,1,0,0,1,0,0,1,0,0,0,0,0,0,0,0,0,0,0,0,0,0,10009,6.63,3,0,3.1161,2017,10,2,915,1128
0,1,0,0,1,1,0,0,0,1,0,0,0,0,0,0,0,0,0,0,0,0,0,0,0,0,10009,371.97,3,0,66.9546,2017,10,2,915,1128
0,0,1,1,0,0,1,0,0,0,0,0,0,0,1,0,0,0,0,0,0,0,0,0,0,0,38109,561.584,2,0.2,70.198,2014,4,4,30,183
0,0,1,1,0,0,1,0,1,0,0,0,0,0,0,0,0,0,0,0,0,0,0,1,0,0,38109,99.92,5,0.2,-1.249,2014,4,4,30,183
0,0,0,0,1,1,0,0,1,0,0,0,0,0,0,0,0,0,0,1,0,0,0,0,0,0,19143,4.928,2,0.2,1.7248,2016,10,3,537,587
0,0,1,0,0,0,0,1,0,0,0,0,0,0,0,0,0,0,1,0,0,0,0,0,0,0,90004,14.76,2,0,4.2804,2016,12,7,747,2001
0,0,1,0,1,1,0,0,0,1,0,0,0,0,0,0,0,0,0,0,0,0,0,0,0,0,6708,99.99,1,0,41.9958,2017,4,4,11,82
0,0,1,0,1,1,0,0,1,0,0,0,0,0,0,0,0,0,0,0,0,0,0,1,0,0,6708,286.15,5,0,71.5375,2017,4,4,11,82
0,0,1,0,1,0,0,1,1,0,0,0,0,0,0,0,0,1,0,0,0,0,0,0,0,0,85224,49.792,8,0.2,-11.8256,2014,4,5,7,224
0,0,1,0,0,1,0,0,0,0,0,0,0,1,0,0,0,0,0,0,0,0,0,0,0,0,45503,299.975,5,0.5,-167.986,2016,3,4,163,469
0,0,1,0,0,1,0,0,0,1,0,0,0,0,0,0,0,0,0,0,0,0,1,0,0,0,45503,158.376,4,0.4,-36.9544,2016,3,4,163,469
0,0,0,0,0,0,0,0,1,0,0,0,1,0,0,0,0,0,0,0,0,0,0,0,0,0,78745,32.784,4,0.8,-52.4544,2017,1,3,39,985
0,0,0,0,0,0,0,0,0,1,0,0,0,0,0,0,0,0,0,0,0,0,0,0,0,0,78745,47.984,2,0.2,14.3952,2017,1,3,39,985
0,0,0,0,0,0,0,0,0,1,0,0,0,0,0,0,0,0,0,0,0,0,0,0,0,0,78745,62.592,8,0.2,13.3008,2017,1,3,39,985
0,0,0,0,0,0,0,0,1,0,0,0,1,0,0,0,0,0,0,0,0,0,0,0,0,0,78745,4.276,1,0.8,-6.6278,2017,1,3,39,985
0,0,1,0,0,0,0,0,1,0,0,0,0,0,0,0,0,0,0,0,0,1,0,0,0,0,48234,10.56,2,0,4.752,2014,1,5,115,255
0,0,1,0,0,0,0,0,1,0,0,0,0,0,0,0,0,0,0,0,0,0,0,1,0,0,48234,229.94,2,0,6.8982,2014,1,5,115,255
0,0,1,1,0,0,1,0,1,0,0,0,0,0,0,0,1,0,0,0,0,0,0,0,0,0,22153,311.15,5,0,146.2405,2015,2,4,163,224
0,0,1,1,0,0,1,0,1,0,0,0,0,0,0,0,0,0,0,0,0,1,0,0,0,0,22153,12.96,2,0,6.3504,2015,2,4,163,224
0,0,1,0,0,1,0,0,1,0,0,0,0,0,0,0,0,0,0,0,0,1,0,0,0,0,10011,14.62,2,0,6.7252,2016,12,5,915,1128
0,0,1,0,0,1,0,0,1,0,0,0,0,0,0,0,0,0,0,1,0,0,0,0,0,0,10011,5.76,2,0,2.8224,2016,12,5,915,1128
0,0,1,0,0,1,0,0,1,0,0,0,0,0,0,0,0,1,0,0,0,0,0,0,0,0,10011,21.48,6,0,10.5252,2016,12,5,915,1128
0,0,1,0,0,1,0,0,0,0,0,0,0,0,0,0,0,0,1,0,0,0,0,0,0,0,10011,396.92,4,0,198.46,2016,12,5,915,1128
0,0,1,0,0,1,0,0,1,0,0,0,0,0,0,0,0,0,0,0,0,0,0,1,0,0,10011,17.15,1,0,4.6305,2016,12,5,915,1128
0,0,1,0,0,1,0,0,1,0,0,0,1,0,0,0,0,0,0,0,0,0,0,0,0,0,10011,23.12,2,0.2,7.803,2016,12,5,915,1128
0,0,1,0,1,0,0,0,1,0,0,1,0,0,0,0,0,0,0,0,0,0,0,0,0,0,75217,5.248,2,0.2,0.5904,2017,10,4,157,985
0,0,1,0,1,1,0,0,0,1,0,0,0,0,0,0,0,0,0,0,0,0,1,0,0,0,3301,824.95,5,0,247.485,2017,8,6,31,27
0,0,1,0,1,1,0,0,1,0,0,0,0,0,0,0,0,0,0,1,0,0,0,0,0,0,3301,24.64,8,0,11.8272,2017,8,6,31,27
0,0,1,0,1,1,0,0,1,0,0,1,0,0,0,0,0,0,0,0,0,0,0,0,0,0,3301,227.88,6,0,68.364,2017,8,6,31,27
0,0,0,0,0,0,1,0,0,0,0,0,0,1,0,0,0,0,0,0,0,0,0,0,0,0,70506,241.96,2,0,33.8744,2017,5,1,31,42
0,0,0,0,0,0,1,0,1,0,0,0,1,0,0,0,0,0,0,0,0,0,0,0,0,0,70506,3.89,1,0,1.8672,2017,5,1,31,42
0,0,0,0,0,0,1,0,0,0,0,0,0,0,0,0,0,0,1,0,0,0,0,0,0,0,70506,8.01,3,0,3.0438,2017,5,1,31,42
0,0,1,0,0,0,1,0,0,1,0,0,0,0,0,0,0,0,0,0,0,0,1,0,0,0,27604,177.48,3,0.2,19.9665,2015,11,5,22,249
0,1,0,1,0,0,0,1,0,0,0,0,0,0,1,0,0,0,0,0,0,0,0,0,0,0,99207,569.568,2,0.2,7.1196,2017,8,2,7,506
0,1,0,1,0,0,0,1,1,0,0,0,0,0,0,0,0,0,0,0,0,0,0,1,0,0,99207,149.73,7,0,43.4217,2017,8,2,7,506
0,0,0,0,0,0,0,0,0,0,0,0,0,0,1,0,0,0,0,0,0,0,0,0,0,0,77041,899.43,5,0.3,-12.849,2017,5,1,377,985
0,0,0,0,0,0,0,0,1,0,0,1,0,0,0,0,0,0,0,0,0,0,0,0,0,0,77041,46.2,5,0.2,5.775,2017,5,1,377,985
0,0,0,0,0,0,0,0,1,0,0,0,0,0,0,0,0,0,0,0,0,1,0,0,0,0,77041,47.952,3,0.2,16.1838,2017,5,1,377,985
0,0,0,0,0,0,0,0,0,1,0,0,0,0,0,0,0,0,0,0,0,0,1,0,0,0,77041,7.992,1,0.2,0.6993,2017,5,1,377,985
0,0,0,0,0,0,0,0,1,0,0,0,0,0,0,0,0,0,0,0,0,1,0,0,0,0,77041,76.864,2,0.2,26.9024,2017,5,1,377,985
0,0,1,0,1,0,1,0,1,0,0,0,1,0,0,0,0,0,0,0,0,0,0,0,0,0,40214,102.93,3,0,48.3771,2017,8,6,57,139
0,0,1,0,1,0,1,0,0,1,0,0,0,0,0,0,0,0,0,0,0,0,0,0,0,0,40214,98.16,6,0,9.816,2017,8,6,57,139
0,1,0,0,1,0,1,0,1,0,0,0,1,0,0,0,0,0,0,0,0,0,0,0,0,0,33021,11.52,5,0.7,-7.68,2017,11,4,11,383
1,0,0,1,0,0,0,1,1,0,0,0,0,0,0,0,0,0,0,0,0,1,0,0,0,0,85224,83.88,1,0.2,29.358,2017,8,0,7,224
0,0,1,0,0,1,0,0,0,1,0,0,0,0,0,0,0,0,0,0,0,0,1,0,0,0,19120,108.576,4,0.4,-25.3344,2016,3,4,537,587
0,0,1,0,0,1,0,0,1,0,0,0,0,0,0,0,0,1,0,0,0,0,0,0,0,0,19120,5.984,2,0.2,-1.3464,2016,3,4,537,587
0,0,1,1,0,0,0,0,1,0,0,0,0,0,0,0,0,0,0,0,0,0,0,0,1,0,74133,21.96,2,0,6.1488,2016,10,5,26,66
0,0,1,1,0,0,0,0,0,0,0,0,0,0,1,0,0,0,0,0,0,0,0,0,0,0,74133,368.97,3,0,81.1734,2016,10,5,26,66
0,0,1,1,0,0,0,0,1,0,0,1,0,0,0,0,0,0,0,0,0,0,0,0,0,0,74133,12.39,3,0,3.4692,2016,10,5,26,66
0,0,1,1,0,0,0,0,1,0,0,0,0,0,0,0,0,0,0,0,0,0,0,1,0,0,74133,332.94,3,0,9.9882,2016,10,5,26,66
0,0,1,1,0,0,0,1,0,1,0,0,0,0,0,0,0,0,0,0,0,0,0,0,0,0,84020,111.93,7,0,34.6983,2014,7,6,3,53
0,0,0,0,1,0,0,1,0,0,0,0,0,0,1,0,0,0,0,0,0,0,0,0,0,0,94601,454.272,8,0.2,-73.8192,2015,10,3,26,2001
0,0,1,0,0,1,0,0,1,0,0,0,0,0,0,0,0,0,0,0,0,1,0,0,0,0,1841,19.44,3,0,9.3312,2017,8,5,44,135
0,0,1,0,0,1,0,0,0,1,0,0,0,0,0,1,0,0,0,0,0,0,0,0,0,0,19120,8399.976,4,0.4,1119.9968,2016,5,4,537,587
0,0,1,0,0,1,0,0,1,0,0,0,1,0,0,0,0,0,0,0,0,0,0,0,0,0,19120,6.294,1,0.7,-4.196,2016,5,4,537,587
0,0,1,0,0,1,0,0,1,0,0,0,0,0,0,0,0,0,0,0,0,1,0,0,0,0,19120,10.368,2,0.2,3.6288,2016,5,4,537,587
0,0,1,0,0,1,0,0,0,1,0,0,0,0,0,0,0,0,0,0,0,0,1,0,0,0,19120,122.382,3,0.4,-24.4764,2016,5,4,537,587
0,0,1,0,0,0,1,0,1,0,0,0,0,0,0,0,0,0,0,0,0,0,0,1,0,0,28540,25.984,2,0.2,-1.624,2014,11,4,125,249
0,0,1,0,0,0,1,0,0,0,0,0,0,0,0,0,0,0,0,0,0,0,0,0,0,1,28540,945.036,6,0.4,-299.2614,2014,11,4,125,249
0,0,1,0,0,0,1,0,1,0,0,0,1,0,0,0,0,0,0,0,0,0,0,0,0,0,28540,14.301,7,0.7,-10.4874,2014,11,4,125,249
0,0,1,0,0,0,1,0,0,0,0,0,0,0,0,0,0,0,1,0,0,0,0,0,0,0,28540,410.352,3,0.2,-51.294,2014,11,4,125,249
0,0,1,1,0,0,0,0,1,0,0,0,0,0,0,0,0,0,0,0,0,1,0,0,0,0,60610,23.52,5,0.2,8.526,2015,3,5,314,492
0,0,1,1,0,0,0,0,0,1,0,0,0,0,0,0,0,0,0,0,0,0,1,0,0,0,60610,180.96,5,0.2,13.572,2015,3,5,314,492
0,0,0,0,0,0,0,1,0,0,0,0,0,0,0,0,0,0,1,0,0,0,0,0,0,0,83201,35,4,0,14.7,2017,5,2,7,21
0,0,0,0,0,0,0,1,1,0,0,0,0,0,0,0,0,0,0,0,0,0,0,1,0,0,83201,477.15,5,0,28.629,2017,5,2,7,21
0,0,0,0,0,0,0,1,0,1,0,0,0,0,0,0,0,0,0,0,0,0,1,0,0,0,83201,302.376,3,0.2,22.6782,2017,5,2,7,21
0,0,1,0,0,0,0,0,0,0,0,0,0,0,0,0,0,0,0,0,0,0,0,0,0,1,75023,974.988,4,0.3,-97.4988,2017,12,5,15,985
0,0,0,0,0,1,0,0,0,0,0,0,0,0,1,0,0,0,0,0,0,0,0,0,0,0,10024,589.41,5,0.1,-6.549,2014,10,2,915,1128
0,0,1,1,0,1,0,0,1,0,0,1,0,0,0,0,0,0,0,0,0,0,0,0,0,0,10024,34.7,5,0,12.492,2016,10,7,915,1128
0,0,1,1,0,1,0,0,1,0,0,0,0,0,0,0,0,0,0,0,0,0,0,1,0,0,10024,99.87,3,0,23.9688,2016,10,7,915,1128
0,0,1,1,0,1,0,0,1,0,0,0,0,0,0,0,0,0,0,0,0,1,0,0,0,0,10024,37.94,2,0,18.2112,2016,10,7,915,1128
0,0,1,1,0,1,0,0,1,0,0,0,0,0,0,0,0,0,0,1,0,0,0,0,0,0,10024,24.9,5,0,11.454,2016,10,7,915,1128
0,0,1,1,0,1,0,0,0,0,0,0,0,0,0,0,0,0,1,0,0,0,0,0,0,0,10024,82.26,3,0,33.7266,2016,10,7,915,1128
0,0,1,0,0,0,0,0,1,0,0,0,0,0,0,0,0,1,0,0,0,0,0,0,0,0,60623,7.104,6,0.2,2.4864,2015,3,5,314,492
0,1,0,0,1,0,0,0,0,0,0,0,0,0,0,0,0,0,1,0,0,0,0,0,0,0,77095,103.5,5,0.6,-77.625,2017,3,2,377,985
0,1,0,0,1,0,0,0,1,0,0,0,0,0,0,0,0,0,0,1,0,0,0,0,0,0,77095,2.464,1,0.2,0.8624,2017,3,2,377,985
0,1,0,0,1,0,0,0,1,0,0,0,0,0,0,0,0,0,0,0,0,0,0,1,0,0,77095,8.72,1,0.2,0.654,2017,3,2,377,985
0,0,1,0,0,1,0,0,1,0,0,0,1,0,0,0,0,0,0,0,0,0,0,0,0,0,6450,10.76,2,0,5.1648,2015,9,4,11,82
0,0,1,0,0,1,0,0,1,0,0,0,0,0,0,0,0,0,0,0,0,1,0,0,0,0,6450,45.68,2,0,21.0128,2015,9,4,11,82
0,0,1,0,0,1,0,0,1,0,0,1,0,0,0,0,0,0,0,0,0,0,0,0,0,0,6450,6.7,1,0,2.211,2015,9,4,11,82
0,1,0,0,0,0,0,0,0,1,0,0,0,0,0,0,0,0,0,0,0,0,1,0,0,0,60025,158.376,3,0.2,13.8579,2015,12,4,1,492
0,0,1,0,0,0,0,0,1,0,0,1,0,0,0,0,0,0,0,0,0,0,0,0,0,0,77036,3.44,2,0.2,0.559,2015,10,5,377,985
0,0,0,0,0,0,0,1,1,0,0,0,0,0,0,0,0,0,0,0,0,0,0,1,0,0,94110,56.56,2,0,15.2712,2017,7,3,510,2001
0,0,0,0,0,0,0,1,0,0,0,0,0,0,0,0,0,0,1,0,0,0,0,0,0,0,94110,36.96,7,0,11.4576,2017,7,3,510,2001
0,0,1,1,0,1,0,0,0,1,0,0,0,0,0,0,0,0,0,0,0,0,1,0,0,0,10009,135.99,1,0,36.7173,2014,8,6,915,1128
0,0,1,1,0,1,0,0,1,0,0,1,0,0,0,0,0,0,0,0,0,0,0,0,0,0,10009,15.96,7,0,7.0224,2014,8,6,915,1128
0,0,0,1,0,1,0,0,1,0,0,1,0,0,0,0,0,0,0,0,0,0,0,0,0,0,21215,3.76,2,0,1.0904,2017,5,3,43,105
0,0,0,1,0,1,0,0,1,0,0,1,0,0,0,0,0,0,0,0,0,0,0,0,0,0,21215,14.7,5,0,6.615,2017,5,3,43,105
0,0,0,1,0,1,0,0,1,0,0,1,0,0,0,0,0,0,0,0,0,0,0,0,0,0,21215,37.2,5,0,9.3,2017,5,3,43,105
0,0,0,1,0,1,0,0,0,1,0,0,0,0,0,0,0,0,0,0,0,0,0,0,0,0,21215,89.97,3,0,18.8937,2017,5,3,43,105
0,0,0,1,0,1,0,0,0,0,0,0,0,0,1,0,0,0,0,0,0,0,0,0,0,0,21215,261.96,2,0,23.5764,2017,5,3,43,105
0,0,0,1,0,1,0,0,1,0,0,0,0,0,0,0,0,0,0,1,0,0,0,0,0,0,21215,74,5,0,37,2017,5,3,43,105
0,0,1,0,1,0,1,0,0,0,0,0,0,0,0,0,0,0,1,0,0,0,0,0,0,0,40214,13.28,2,0,6.3744,2016,9,6,57,139
0,0,1,0,0,0,1,0,1,0,0,0,0,0,0,0,0,0,0,0,0,0,0,1,0,0,37087,84.96,6,0.2,6.372,2015,11,4,3,183
0,1,0,0,0,0,0,1,0,1,0,0,0,0,0,0,0,0,0,0,0,0,0,0,0,0,90008,68.46,7,0,25.3302,2017,5,3,747,2001
0,0,1,0,1,1,0,0,1,0,0,0,0,0,0,0,0,0,0,0,0,0,0,1,0,0,2908,2079.4,5,0,582.232,2016,12,6,31,56
0,0,1,0,1,1,0,0,0,1,0,0,0,0,0,0,0,0,0,0,0,0,1,0,0,0,2908,629.95,5,0,176.386,2016,12,6,31,56
0,0,1,0,1,1,0,0,0,0,0,0,0,0,0,0,0,0,1,0,0,0,0,0,0,0,2908,72.42,6,0,23.8986,2016,12,6,31,56
0,0,1,0,1,0,0,0,0,1,0,0,0,0,0,0,0,0,0,0,0,0,1,0,0,0,48234,131.98,2,0,35.6346,2015,8,4,115,255
0,0,1,0,1,0,0,0,0,1,0,0,0,0,0,0,0,0,0,0,0,0,0,0,0,0,48234,114.52,7,0,11.452,2015,8,4,115,255
0,0,1,0,1,0,0,0,1,0,0,0,0,0,0,0,0,0,0,1,0,0,0,0,0,0,77070,100.24,10,0.2,33.831,2014,6,4,377,985
0,1,0,0,0,0,1,0,1,0,1,0,0,0,0,0,0,0,0,0,0,0,0,0,0,0,38401,871.8,3,0.2,87.18,2016,3,2,81,183
0,0,0,1,0,1,0,0,0,0,0,0,0,1,0,0,0,0,0,0,0,0,0,0,0,0,19140,61.96,4,0.5,-53.2856,2014,1,1,537,587
0,0,1,0,0,0,1,0,1,0,0,0,1,0,0,0,0,0,0,0,0,0,0,0,0,0,33024,4.554,3,0.7,-3.4914,2017,6,7,14,383
0,0,1,0,0,0,1,0,1,0,1,0,0,0,0,0,0,0,0,0,0,0,0,0,0,0,33024,5.2,2,0.2,0.585,2017,6,7,14,383
0,0,1,0,0,0,1,0,0,1,0,0,0,0,0,0,0,0,0,0,0,0,0,0,0,0,33024,205.992,1,0.2,-2.5749,2017,6,7,14,383
0,0,1,0,0,0,1,0,1,0,0,0,0,0,0,0,0,0,0,0,0,1,0,0,0,0,33024,15.552,3,0.2,5.4432,2017,6,7,14,383
0,0,1,0,0,0,1,0,0,1,0,0,0,0,0,0,0,0,0,0,0,0,1,0,0,0,33024,503.96,5,0.2,50.396,2017,6,7,14,383
0,0,1,0,0,0,1,0,1,0,1,0,0,0,0,0,0,0,0,0,0,0,0,0,0,0,33024,24.472,7,0.2,1.8354,2017,6,7,14,383
0,0,1,0,0,0,1,0,0,0,0,0,0,1,0,0,0,0,0,0,0,0,0,0,0,0,33024,241.568,2,0.2,0,2017,6,7,14,383
0,0,1,0,0,0,1,0,0,1,0,0,0,0,0,0,0,0,0,0,0,0,0,0,0,0,33024,110.4,2,0.2,-4.14,2017,6,7,14,383
0,0,1,1,0,1,0,0,0,0,0,0,0,0,0,0,0,0,0,0,0,0,0,0,0,1,10011,384.768,2,0.4,-115.4304,2017,6,6,915,1128
0,0,1,1,0,1,0,0,0,1,0,0,0,0,0,0,0,0,0,0,1,0,0,0,0,0,10011,78.66,6,0,36.1836,2017,6,6,915,1128
0,0,1,1,0,1,0,0,1,0,0,0,0,0,0,0,0,0,0,0,0,1,0,0,0,0,10011,45.36,4,0,22.2264,2017,6,6,915,1128
0,0,1,0,0,0,1,0,1,0,1,0,0,0,0,0,0,0,0,0,0,0,0,0,0,0,28540,962.08,4,0.2,156.338,2015,3,5,125,249
0,0,1,0,0,0,1,0,1,0,0,0,1,0,0,0,0,0,0,0,0,0,0,0,0,0,28540,12.843,3,0.7,-9.8463,2015,3,5,125,249
0,0,1,0,0,0,1,0,1,0,0,0,0,0,0,0,0,0,0,0,0,1,0,0,0,0,28540,295.456,14,0.2,96.0232,2015,3,5,125,249
0,0,1,0,0,1,0,0,1,0,0,0,0,0,0,0,0,0,0,0,0,1,0,0,0,0,10011,32.4,5,0,15.552,2017,9,5,915,1128
0,0,1,1,0,1,0,0,0,0,0,0,0,0,0,0,0,0,1,0,0,0,0,0,0,0,19120,103.936,4,0.2,16.8896,2014,9,4,537,587
0,0,1,1,0,0,1,0,0,0,0,0,0,1,0,0,0,0,0,0,0,0,0,0,0,0,32839,289.568,2,0.2,10.8588,2016,11,5,11,383
0,0,1,1,0,0,1,0,1,0,0,0,0,0,0,0,0,0,0,0,0,0,0,1,0,0,32839,39.72,5,0.2,4.4685,2016,11,5,11,383
0,0,1,1,0,0,1,0,0,1,0,0,0,0,0,0,0,0,0,0,0,0,1,0,0,0,32839,244.768,4,0.2,24.4768,2016,11,5,11,383
0,1,0,0,0,0,0,0,0,1,0,0,0,0,0,0,0,0,0,0,0,0,0,0,0,0,77095,24,2,0.2,-2.7,2017,10,4,377,985
0,1,0,0,0,0,0,0,1,0,0,0,0,0,0,0,0,0,0,0,0,1,0,0,0,0,77095,15.552,3,0.2,5.4432,2017,10,4,377,985
0,1,0,0,0,0,0,0,0,1,0,0,0,0,0,0,0,0,0,0,0,0,0,0,0,0,77095,26.176,2,0.2,-3.272,2017,10,4,377,985
0,0,1,0,1,0,1,0,0,0,0,0,0,0,0,0,0,0,1,0,0,0,0,0,0,0,40214,20.94,3,0,6.0726,2015,7,4,57,139
0,0,1,0,1,0,1,0,1,0,0,0,1,0,0,0,0,0,0,0,0,0,0,0,0,0,40214,135.09,9,0,62.1414,2015,7,4,57,139
0,0,1,0,1,0,1,0,0,1,0,0,0,0,0,0,0,0,0,0,0,0,0,0,0,0,40214,279.86,14,0,64.3678,2015,7,4,57,139
0,0,1,0,1,0,1,0,1,0,0,0,1,0,0,0,0,0,0,0,0,0,0,0,0,0,40214,90.06,6,0,41.4276,2015,7,4,57,139
0,0,1,0,0,1,0,0,0,1,0,0,0,0,0,0,0,0,0,0,0,0,1,0,0,0,44256,539.964,6,0.4,-107.9928,2014,11,4,9,469
0,0,1,0,0,1,0,0,0,1,0,0,0,0,0,0,0,0,0,0,0,0,1,0,0,0,44256,50.232,7,0.4,-10.0464,2014,11,4,9,469
0,0,1,0,0,1,0,0,1,0,0,0,1,0,0,0,0,0,0,0,0,0,0,0,0,0,44256,19.242,3,0.7,-13.4694,2014,11,4,9,469
0,1,0,1,0,1,0,0,1,0,0,0,0,0,0,0,0,0,0,0,0,0,0,1,0,0,10011,1247.64,3,0,349.3392,2017,11,5,915,1128
0,0,1,1,0,0,0,0,1,0,0,1,0,0,0,0,0,0,0,0,0,0,0,0,0,0,60653,5.304,3,0.2,0.4641,2016,6,4,314,492
0,1,0,1,0,1,0,0,1,0,0,0,0,0,0,0,0,0,0,0,0,1,0,0,0,0,19143,19.136,4,0.2,5.98,2016,10,2,537,587
0,1,0,1,0,1,0,0,0,0,0,0,0,0,0,0,0,0,1,0,0,0,0,0,0,0,19143,332.832,4,0.2,-24.9624,2016,10,2,537,587
0,0,1,1,0,1,0,0,1,0,0,0,0,0,0,0,0,0,0,0,0,1,0,0,0,0,10009,279.9,5,0,137.151,2017,12,6,915,1128
0,0,1,1,0,1,0,0,1,0,0,0,1,0,0,0,0,0,0,0,0,0,0,0,0,0,10009,50.352,3,0.2,17.6232,2017,12,6,915,1128
0,0,1,1,0,1,0,0,1,0,0,0,0,0,0,0,0,0,0,0,0,1,0,0,0,0,10009,34.02,3,0,16.6698,2017,12,6,915,1128
0,0,1,0,1,0,0,1,1,0,0,1,0,0,0,0,0,0,0,0,0,0,0,0,0,0,94109,23.88,6,0,8.1192,2017,3,4,510,2001
0,0,1,0,1,0,0,1,1,0,0,0,0,0,0,0,0,0,0,1,0,0,0,0,0,0,94109,11.52,4,0,5.6448,2017,3,4,510,2001
0,0,1,0,1,0,0,1,1,0,0,0,0,0,0,0,0,0,0,0,0,1,0,0,0,0,94109,286.93,7,0,140.5957,2017,3,4,510,2001
0,0,1,0,1,0,0,1,0,1,0,0,0,0,0,0,0,0,0,0,0,0,1,0,0,0,94109,206.384,2,0.2,23.2182,2017,3,4,510,2001
0,0,1,0,0,0,0,1,0,0,0,0,0,0,1,0,0,0,0,0,0,0,0,0,0,0,94122,218.352,3,0.2,0,2017,9,4,510,2001
0,0,1,0,0,0,0,1,0,0,0,0,0,0,0,0,0,0,1,0,0,0,0,0,0,0,94122,529.9,5,0,105.98,2017,9,4,510,2001
0,0,1,0,0,0,0,1,1,0,0,1,0,0,0,0,0,0,0,0,0,0,0,0,0,0,94122,99.3,10,0,41.706,2017,9,4,510,2001
0,0,1,0,0,0,0,1,1,0,1,0,0,0,0,0,0,0,0,0,0,0,0,0,0,0,94122,108.96,2,0,30.5088,2017,9,4,510,2001
0,0,1,0,0,0,0,1,1,0,0,0,1,0,0,0,0,0,0,0,0,0,0,0,0,0,94122,2.688,1,0.2,0.84,2017,9,4,510,2001
0,1,0,0,0,0,0,0,1,0,0,0,1,0,0,0,0,0,0,0,0,0,0,0,0,0,49201,5443.96,4,0,2504.2216,2017,1,2,82,255
0,1,0,0,0,0,0,0,0,0,0,0,0,0,1,0,0,0,0,0,0,0,0,0,0,0,49201,302.67,3,0,72.6408,2017,1,2,82,255
0,1,0,0,0,0,0,0,1,0,0,0,0,0,0,0,0,0,0,0,0,1,0,0,0,0,49201,56.07,7,0,25.2315,2017,1,2,82,255
0,0,1,0,1,1,0,0,1,0,0,0,0,0,0,0,0,0,0,1,0,0,0,0,0,0,19120,10.08,2,0.2,3.276,2016,7,6,537,587
0,0,1,0,1,1,0,0,0,1,0,0,0,0,0,0,0,0,0,0,0,0,1,0,0,0,19120,59.994,1,0.4,-12.9987,2016,7,6,537,587
0,0,1,0,1,1,0,0,1,0,0,0,1,0,0,0,0,0,0,0,0,0,0,0,0,0,19120,5.715,5,0.7,-4.7625,2016,7,6,537,587
0,0,1,0,1,1,0,0,1,0,0,0,1,0,0,0,0,0,0,0,0,0,0,0,0,0,19120,9.42,5,0.7,-7.85,2016,7,6,537,587
0,1,0,1,0,1,0,0,0,1,0,0,0,0,0,1,0,0,0,0,0,0,0,0,0,0,2886,1999.96,4,0,899.982,2016,12,5,5,56
0,0,1,0,1,1,0,0,1,0,0,0,0,0,0,0,0,0,0,0,0,0,0,1,0,0,10024,216.4,4,0,56.264,2014,12,4,915,1128
0,0,1,0,1,0,0,0,1,0,0,0,0,0,0,0,0,0,0,1,0,0,0,0,0,0,79907,6.936,3,0.2,2.3409,2014,2,4,19,985
0,0,1,0,1,0,0,0,1,0,0,0,1,0,0,0,0,0,0,0,0,0,0,0,0,0,79907,4.428,3,0.8,-6.8634,2014,2,4,19,985
0,0,1,0,0,0,0,0,1,0,0,1,0,0,0,0,0,0,0,0,0,0,0,0,0,0,55901,8.8,5,0,2.552,2017,12,4,53,89
0,0,1,0,0,0,0,0,0,1,0,0,0,0,0,0,0,0,0,0,0,0,0,0,0,0,55901,142.8,1,0,29.988,2017,12,4,53,89
0,0,1,0,0,0,0,0,0,1,0,0,0,0,0,0,0,0,0,0,0,0,0,0,0,0,55901,399.95,5,0,143.982,2017,12,4,53,89
0,0,1,0,0,1,0,0,1,0,0,0,1,0,0,0,0,0,0,0,0,0,0,0,0,0,14215,2152.776,3,0.2,726.5619,2014,11,5,10,1128
0,0,1,0,0,1,0,0,0,0,0,0,0,1,0,0,0,0,0,0,0,0,0,0,0,0,14215,4007.84,10,0.2,-50.098,2014,11,5,10,1128
0,0,0,1,0,0,1,0,0,0,0,0,0,0,0,0,0,0,0,0,0,0,0,0,0,1,37918,328.59,3,0.4,-147.8655,2014,10,3,24,183
0,0,0,1,0,0,1,0,1,0,0,0,0,0,0,0,0,0,0,0,0,0,0,1,0,0,37918,98.352,3,0.2,-24.588,2014,10,3,24,183
0,0,1,1,0,1,0,0,0,1,0,0,0,0,0,0,0,0,0,0,0,0,1,0,0,0,19711,158.99,1,0,41.3374,2015,10,5,95,96
0,0,1,1,0,1,0,0,0,0,0,0,0,0,1,0,0,0,0,0,0,0,0,0,0,0,19711,291.1,5,0,75.686,2015,10,5,95,96
0,0,0,0,0,0,0,1,1,0,0,0,0,0,0,0,0,0,0,0,0,1,0,0,0,0,98103,73.68,6,0,34.6296,2017,11,3,428,506
0,0,0,0,0,0,0,1,0,0,0,0,0,0,0,0,0,0,1,0,0,0,0,0,0,0,98103,139.92,2,0,23.7864,2017,11,3,428,506
0,0,0,0,0,0,0,1,0,1,0,0,0,0,0,0,0,0,0,0,0,0,1,0,0,0,98103,107.88,3,0.2,10.788,2017,11,3,428,506
0,0,0,0,0,0,0,1,1,0,0,0,0,0,0,0,0,0,0,0,0,0,0,1,0,0,98103,33.29,1,0,7.9896,2017,11,3,428,506
0,0,1,0,0,1,0,0,1,0,0,0,1,0,0,0,0,0,0,0,0,0,0,0,0,0,44105,58.17,5,0.7,-46.536,2017,5,4,42,469
0,0,1,0,0,1,0,0,1,0,0,0,0,0,0,0,0,0,0,1,0,0,0,0,0,0,44105,5.04,2,0.2,1.764,2017,5,4,42,469
0,0,1,0,0,1,0,0,1,0,0,0,0,0,0,0,0,0,0,0,0,1,0,0,0,0,44105,24.784,1,0.2,7.745,2017,5,4,42,469
0,0,1,0,1,0,0,0,0,0,0,0,0,0,1,0,0,0,0,0,0,0,0,0,0,0,60126,634.116,6,0.3,-172.1172,2014,3,4,4,492
0,0,1,0,1,0,0,0,1,0,0,0,0,0,0,0,0,0,0,0,0,1,0,0,0,0,60126,17.472,3,0.2,5.6784,2014,3,4,4,492
0,0,0,0,1,0,0,0,0,0,0,0,0,0,1,0,0,0,0,0,0,0,0,0,0,0,55044,155.88,6,0,38.97,2015,7,2,15,89
0,1,0,0,0,1,0,0,0,0,0,0,0,0,1,0,0,0,0,0,0,0,0,0,0,0,10035,327.564,4,0.1,21.8376,2015,11,2,915,1128
0,1,0,0,1,0,0,1,1,0,0,0,0,0,0,0,0,0,0,0,0,1,0,0,0,0,90036,13.36,2,0,6.4128,2017,12,5,747,2001
0,1,0,0,1,0,0,1,1,0,0,0,0,0,0,0,0,0,0,0,0,0,0,1,0,0,90036,158.9,5,0,7.945,2017,12,5,747,2001
0,1,0,0,1,0,0,0,0,1,0,0,0,0,0,0,0,0,0,0,0,0,0,0,0,0,60653,319.968,4,0.2,71.9928,2014,10,2,314,492
0,1,0,0,1,0,0,0,1,0,0,0,0,0,0,0,0,0,0,0,0,0,0,1,0,0,60653,505.32,3,0.2,31.5825,2014,10,2,314,492
0,1,0,0,1,0,0,0,1,0,0,0,0,0,0,0,0,0,0,0,0,1,0,0,0,0,60653,3.808,1,0.2,1.2376,2014,10,2,314,492
0,1,0,0,1,0,0,0,1,0,0,0,1,0,0,0,0,0,0,0,0,0,0,0,0,0,60653,8.682,1,0.8,-14.7594,2014,10,2,314,492
0,1,0,0,1,0,0,0,1,0,0,0,0,0,0,0,0,0,0,1,0,0,0,0,0,0,60653,24.424,1,0.2,7.9378,2014,10,2,314,492
0,0,1,1,0,1,0,0,0,0,0,0,0,0,1,0,0,0,0,0,0,0,0,0,0,0,14215,1522.638,9,0.1,169.182,2015,6,5,10,1128
0,0,1,1,0,0,0,1,1,0,0,0,0,0,0,0,1,0,0,0,0,0,0,0,0,0,95661,419.9,5,0,197.353,2016,7,5,26,2001
0,0,1,1,0,0,0,1,1,0,0,0,0,0,0,0,0,0,0,1,0,0,0,0,0,0,95661,3.15,1,0,1.512,2016,7,5,26,2001
0,0,0,1,0,0,0,0,1,0,1,0,0,0,0,0,0,0,0,0,0,0,0,0,0,0,76017,33.62,5,0.8,-90.774,2017,3,2,60,985
0,0,1,0,0,1,0,0,1,0,0,0,1,0,0,0,0,0,0,0,0,0,0,0,0,0,1841,16.14,3,0,7.9086,2014,5,5,44,135
0,0,1,0,0,1,0,0,0,0,0,0,0,0,0,0,0,0,0,0,0,0,0,0,0,1,1841,194.25,2,0.3,-38.85,2014,5,5,44,135
0,0,1,0,0,1,0,0,1,0,0,1,0,0,0,0,0,0,0,0,0,0,0,0,0,0,1841,8.64,3,0,2.5056,2014,5,5,44,135
0,0,1,0,0,1,0,0,0,0,0,0,0,0,1,0,0,0,0,0,0,0,0,0,0,0,1841,872.32,4,0,244.2496,2014,5,5,44,135
0,1,0,0,0,0,0,0,1,0,0,0,1,0,0,0,0,0,0,0,0,0,0,0,0,0,76706,243.992,4,0.8,-426.986,2017,2,3,6,985
0,1,0,0,0,0,0,0,1,0,0,1,0,0,0,0,0,0,0,0,0,0,0,0,0,0,76706,7.12,5,0.2,0.712,2017,2,3,6,985
0,0,1,0,0,0,0,0,1,0,0,1,0,0,0,0,0,0,0,0,0,0,0,0,0,0,77095,2.688,2,0.2,1.008,2014,4,4,377,985
0,0,1,0,0,0,0,0,0,0,0,0,0,0,1,0,0,0,0,0,0,0,0,0,0,0,77095,317.058,3,0.3,-18.1176,2014,4,4,377,985
0,0,1,0,0,0,0,0,1,0,0,0,0,0,0,0,1,0,0,0,0,0,0,0,0,0,77095,149.352,3,0.2,50.4063,2014,4,4,377,985
0,0,1,0,0,0,0,0,0,1,0,0,0,0,0,0,0,0,0,0,0,0,0,0,0,0,77095,227.976,3,0.2,28.497,2014,4,4,377,985
0,0,1,0,0,0,0,1,1,0,0,0,0,0,0,0,0,0,0,0,0,1,0,0,0,0,98105,11.96,2,0,5.8604,2016,5,6,428,506
0,0,1,1,0,1,0,0,1,0,0,0,0,0,0,0,0,0,0,0,0,0,0,1,0,0,7060,563.4,4,0,67.608,2016,11,5,13,130
0,0,1,1,0,1,0,0,0,1,0,0,0,0,0,0,0,0,0,0,1,0,0,0,0,0,7060,319.92,8,0,118.3704,2016,11,5,13,130
0,0,1,0,0,0,0,1,0,1,0,0,0,0,0,0,0,0,0,0,0,0,0,0,0,0,90008,1049.44,8,0,440.7648,2017,3,5,747,2001
0,0,1,0,0,0,0,1,0,0,0,0,0,0,1,0,0,0,0,0,0,0,0,0,0,0,90008,170.352,3,0.2,-17.0352,2017,3,5,747,2001
0,1,0,0,0,0,1,0,0,1,0,0,0,0,0,0,0,0,0,0,0,0,1,0,0,0,22204,173.94,6,0,50.4426,2015,12,5,60,224
0,0,1,0,0,0,0,1,0,1,0,0,0,0,0,0,0,0,0,0,0,0,1,0,0,0,98103,1007.944,7,0.2,75.5958,2014,8,5,428,506
1,0,0,0,0,0,0,1,1,0,0,0,0,0,0,0,0,0,0,0,0,1,0,0,0,0,98105,6.68,1,0,3.2064,2016,10,0,428,506
1,0,0,0,0,0,0,1,1,0,0,1,0,0,0,0,0,0,0,0,0,0,0,0,0,0,98105,8.34,3,0,2.2518,2016,10,0,428,506
1,0,0,0,0,0,0,1,0,0,0,0,0,0,0,0,0,0,1,0,0,0,0,0,0,0,98105,101.94,3,0,30.582,2016,10,0,428,506
0,0,1,1,0,0,0,1,0,1,0,0,0,0,0,0,0,0,0,0,0,0,0,0,0,0,98026,179.97,3,0,86.3856,2016,8,4,14,506
0,0,1,0,0,0,1,0,1,0,0,1,0,0,0,0,0,0,0,0,0,0,0,0,0,0,24153,101.94,6,0,29.5626,2017,7,6,40,224
0,0,1,0,0,0,1,0,0,1,0,0,0,0,0,0,0,0,0,0,0,0,1,0,0,0,24153,271.96,4,0,67.99,2017,7,6,40,224
0,0,1,0,0,0,1,0,0,0,0,0,0,0,0,0,0,0,1,0,0,0,0,0,0,0,24153,8.8,5,0,3.872,2017,7,6,40,224
0,0,1,0,0,0,1,0,1,0,0,1,0,0,0,0,0,0,0,0,0,0,0,0,0,0,24153,19.68,6,0,5.7072,2017,7,6,40,224
0,0,1,0,0,0,1,0,0,0,0,0,0,1,0,0,0,0,0,0,0,0,0,0,0,0,24153,302.94,3,0,69.6762,2017,7,6,40,224
0,0,1,0,0,0,1,0,1,0,0,0,1,0,0,0,0,0,0,0,0,0,0,0,0,0,24153,14.94,3,0,7.1712,2017,7,6,40,224
0,0,1,0,0,0,1,0,1,0,0,0,0,0,0,0,0,0,0,0,0,0,0,0,1,0,24153,231.72,2,0,11.586,2017,7,6,40,224
0,0,0,0,0,0,1,0,1,0,0,0,0,0,0,0,0,0,0,1,0,0,0,0,0,0,33445,9.912,3,0.2,3.2214,2014,3,3,3,383
0,0,1,1,0,0,0,1,1,0,0,1,0,0,0,0,0,0,0,0,0,0,0,0,0,0,94110,34.65,3,0,9.702,2015,4,6,510,2001
0,0,1,1,0,0,0,1,0,1,0,0,0,0,0,0,0,0,0,0,0,0,1,0,0,0,94110,19.8,5,0.2,1.7325,2015,4,6,510,2001
0,1,0,0,0,1,0,0,1,0,0,0,1,0,0,0,0,0,0,0,0,0,0,0,0,0,10024,33.568,2,0.2,11.7488,2016,6,3,915,1128
0,0,1,1,0,0,0,0,1,0,0,1,0,0,0,0,0,0,0,0,0,0,0,0,0,0,46203,125.93,7,0,35.2604,2015,5,7,23,149
0,0,0,1,0,1,0,0,1,0,0,0,1,0,0,0,0,0,0,0,0,0,0,0,0,0,43229,11.76,5,0.7,-7.84,2017,4,3,222,469
0,0,0,1,0,1,0,0,1,0,0,0,0,0,0,0,0,0,0,0,0,1,0,0,0,0,43229,5.344,1,0.2,1.8704,2017,4,3,222,469
0,0,1,0,0,0,1,0,1,0,0,0,1,0,0,0,0,0,0,0,0,0,0,0,0,0,32216,1.365,1,0.7,-0.91,2014,6,6,125,383
0,0,1,0,0,0,1,0,1,0,0,0,0,0,0,0,0,0,0,0,0,1,0,0,0,0,32216,62.016,2,0.2,22.4808,2014,6,6,125,383
0,0,1,1,0,1,0,0,0,0,0,0,0,0,0,0,0,0,1,0,0,0,0,0,0,0,20735,60.72,3,0,23.6808,2014,12,5,29,105
0,0,1,1,0,1,0,0,1,0,0,0,0,0,0,0,0,0,0,0,0,1,0,0,0,0,20735,146.82,3,0,73.41,2014,12,5,29,105
0,0,1,1,0,1,0,0,0,0,0,0,0,0,1,0,0,0,0,0,0,0,0,0,0,0,20735,239.84,8,0,64.7568,2014,12,5,29,105
0,0,1,1,0,1,0,0,1,0,0,0,0,0,0,0,0,0,0,1,0,0,0,0,0,0,20735,15.66,6,0,7.2036,2014,12,5,29,105
0,0,0,0,0,0,0,1,1,0,0,0,0,0,0,0,0,0,0,0,0,0,0,1,0,0,80022,146.352,3,0.2,-32.9292,2017,6,3,1,182
0,0,1,0,0,0,0,1,1,0,0,0,0,0,0,0,0,1,0,0,0,0,0,0,0,0,92704,5.94,3,0,0,2016,5,5,14,2001
0,0,1,0,0,0,0,1,1,0,0,0,0,0,0,0,0,0,0,0,0,1,0,0,0,0,92704,45.36,7,0,21.7728,2016,5,5,14,2001
0,0,1,0,0,0,0,1,0,1,0,0,0,0,0,0,0,0,0,0,0,0,1,0,0,0,92704,211.168,4,0.2,23.7564,2016,5,5,14,2001
0,0,1,0,0,0,0,1,0,0,0,0,0,0,1,0,0,0,0,0,0,0,0,0,0,0,92704,484.704,6,0.2,-84.8232,2016,5,5,14,2001
0,0,1,0,0,0,0,1,0,1,0,0,0,0,0,0,0,0,0,0,1,0,0,0,0,0,92704,371.976,3,0.2,116.2425,2016,5,5,14,2001
1,0,0,1,0,1,0,0,1,0,0,0,0,0,0,0,0,0,0,0,0,0,0,1,0,0,20735,89.82,6,0,25.1496,2015,3,0,29,105
0,0,0,1,0,0,0,1,1,0,0,0,1,0,0,0,0,0,0,0,0,0,0,0,0,0,90049,19.296,3,0.2,6.03,2016,10,2,747,2001
0,0,1,0,0,0,1,0,0,0,0,0,0,0,1,0,0,0,0,0,0,0,0,0,0,0,40214,191.96,2,0,51.8292,2015,4,7,57,139
0,0,1,0,0,0,1,0,1,0,0,0,1,0,0,0,0,0,0,0,0,0,0,0,0,0,40214,21.3,3,0,9.798,2015,4,7,57,139
0,0,1,0,0,0,1,0,0,1,0,0,0,0,0,0,0,0,0,0,0,0,1,0,0,0,40214,469.95,5,0,131.586,2015,4,7,57,139
0,0,1,0,0,0,1,0,0,0,0,0,0,0,0,0,0,0,1,0,0,0,0,0,0,0,40214,209.88,3,0,35.6796,2015,4,7,57,139
0,0,0,0,0,0,0,1,0,0,0,0,0,1,0,0,0,0,0,0,0,0,0,0,0,0,90045,239.666,2,0.15,14.098,2016,6,2,747,2001
0,0,0,0,0,0,0,1,1,0,0,0,0,0,0,0,0,0,0,1,0,0,0,0,0,0,90045,22.5,6,0,10.8,2016,6,2,747,2001
0,0,0,0,0,0,0,1,1,0,0,0,0,0,0,0,0,0,0,0,0,1,0,0,0,0,90045,219.84,4,0,107.7216,2016,6,2,747,2001
0,1,0,1,0,0,0,0,1,0,0,0,0,0,0,0,0,0,0,0,0,1,0,0,0,0,65807,32.4,5,0,15.552,2017,1,5,163,66
0,1,0,1,0,0,0,0,1,0,0,1,0,0,0,0,0,0,0,0,0,0,0,0,0,0,65807,209.94,6,0,54.5844,2017,1,5,163,66
0,1,0,1,0,0,0,0,1,0,0,0,0,0,0,0,0,0,0,0,0,0,0,0,1,0,65807,4164.05,5,0,83.281,2017,1,5,163,66
0,1,0,1,0,0,0,0,0,0,0,0,0,1,0,0,0,0,0,0,0,0,0,0,0,0,65807,212.94,3,0,53.235,2017,1,5,163,66
0,0,0,1,0,0,0,1,0,0,0,0,0,0,0,0,0,0,1,0,0,0,0,0,0,0,94109,41.88,6,0,12.1452,2014,9,3,510,2001
0,0,0,1,0,0,0,1,1,0,0,0,0,0,0,0,0,0,0,1,0,0,0,0,0,0,94109,58.48,8,0,27.4856,2014,9,3,510,2001
0,0,1,0,0,0,0,0,0,0,0,0,0,0,0,0,0,0,0,0,0,0,0,0,0,1,77590,102.438,1,0.3,-13.1706,2015,1,4,3,985
0,0,1,0,0,0,0,0,0,0,0,0,0,0,1,0,0,0,0,0,0,0,0,0,0,0,77590,199.304,4,0.3,-8.5416,2015,1,4,3,985
0,0,1,0,0,1,0,0,0,1,0,0,0,0,0,0,0,0,0,0,1,0,0,0,0,0,10024,6999.96,4,0,2239.9872,2014,12,7,915,1128
0,0,1,0,0,0,0,1,1,0,0,0,0,0,0,0,0,0,0,0,0,1,0,0,0,0,98006,12.96,2,0,6.2208,2014,5,4,6,506
0,1,0,0,0,1,0,0,0,1,0,0,0,0,0,0,0,0,0,0,0,0,1,0,0,0,10024,279.86,14,0,134.3328,2015,9,3,915,1128
0,0,1,0,1,0,1,0,1,0,0,0,1,0,0,0,0,0,0,0,0,0,0,0,0,0,27893,7.38,5,0.7,-5.412,2015,10,4,6,249
0,0,1,0,0,0,0,1,0,0,0,0,0,0,1,0,0,0,0,0,0,0,0,0,0,0,98115,698.352,3,0.2,52.3764,2016,12,5,428,506
0,0,1,0,0,0,0,1,0,0,0,0,0,0,0,0,0,0,0,0,0,0,0,0,0,1,98115,1747.25,5,0,629.01,2016,12,5,428,506
0,1,0,0,1,0,0,0,1,0,1,0,0,0,0,0,0,0,0,0,0,0,0,0,0,0,65807,54.48,1,0,15.2544,2016,5,2,163,66
1,0,0,0,0,0,0,1,0,1,0,0,0,0,0,0,0,0,0,0,0,0,0,0,0,0,94109,199.99,1,0,85.9957,2016,10,0,510,2001
1,0,0,0,0,0,1,0,1,0,0,0,1,0,0,0,0,0,0,0,0,0,0,0,0,0,28205,68.541,11,0.7,-52.5481,2017,5,0,52,249
1,0,0,0,0,0,1,0,0,1,0,0,0,0,0,0,0,0,0,0,0,0,1,0,0,0,28205,627.168,4,0.2,70.5564,2017,5,0,52,249
1,0,0,0,0,0,1,0,1,0,0,0,0,0,0,0,0,0,0,1,0,0,0,0,0,0,28205,122.12,5,0.2,39.689,2017,5,0,52,249
0,1,0,0,0,1,0,0,1,0,0,1,0,0,0,0,0,0,0,0,0,0,0,0,0,0,10011,6.99,3,0,2.0271,2017,11,3,915,1128
0,1,0,0,0,1,0,0,1,0,0,0,1,0,0,0,0,0,0,0,0,0,0,0,0,0,10011,107.424,6,0.2,36.2556,2017,11,3,915,1128
0,1,0,1,0,1,0,0,0,0,0,0,0,0,0,0,0,0,0,0,0,0,0,0,0,1,44052,1421.664,8,0.4,-734.5264,2014,10,2,9,469
0,0,1,0,0,0,0,0,1,0,0,0,1,0,0,0,0,0,0,0,0,0,0,0,0,0,46203,125.88,6,0,60.4224,2017,8,4,23,149
0,0,1,0,0,0,0,0,0,1,0,0,0,0,0,0,0,0,0,0,0,0,0,0,0,0,46203,79.78,2,0,29.5186,2017,8,4,23,149
0,0,1,0,0,0,0,0,1,0,0,0,0,0,0,0,0,0,0,1,0,0,0,0,0,0,46203,133.2,9,0,66.6,2017,8,4,23,149
0,0,1,0,0,0,0,1,0,1,0,0,0,0,0,0,0,0,0,0,0,0,1,0,0,0,97756,438.368,4,0.2,38.3572,2015,8,6,11,124
0,0,1,0,0,0,0,1,0,1,0,0,0,0,0,0,0,0,0,0,0,0,1,0,0,0,97756,139.944,7,0.2,-31.4874,2015,8,6,11,124
0,0,1,0,0,0,0,1,1,0,1,0,0,0,0,0,0,0,0,0,0,0,0,0,0,0,97756,133.472,4,0.2,15.0156,2015,8,6,11,124
0,0,1,0,1,0,0,1,0,0,0,0,0,0,0,0,0,0,0,0,0,0,0,0,0,1,97477,564.195,3,0.5,-304.6653,2016,12,6,163,124
0,0,1,0,1,0,0,1,1,0,1,0,0,0,0,0,0,0,0,0,0,0,0,0,0,0,97477,87.168,2,0.2,8.7168,2016,12,6,163,124
0,0,0,1,0,0,0,0,1,0,0,0,1,0,0,0,0,0,0,0,0,0,0,0,0,0,76017,42.616,7,0.8,-68.1856,2017,9,3,60,985
0,0,0,1,0,0,0,0,0,1,0,0,0,0,0,1,0,0,0,0,0,0,0,0,0,0,76017,319.984,2,0.2,107.9946,2017,9,3,60,985
0,0,0,1,0,0,0,0,1,0,0,0,0,0,0,0,0,1,0,0,0,0,0,0,0,0,76017,45.92,5,0.2,15.498,2017,9,3,60,985
0,0,0,1,0,0,0,0,0,0,0,0,0,0,0,0,0,0,1,0,0,0,0,0,0,0,76017,21.184,2,0.6,-11.6512,2017,9,3,60,985
0,0,0,1,0,0,0,0,1,0,0,0,0,0,0,0,0,0,0,0,0,1,0,0,0,0,76017,20.736,4,0.2,7.2576,2017,9,3,60,985
0,0,0,1,0,0,0,0,0,0,0,0,0,0,1,0,0,0,0,0,0,0,0,0,0,0,76017,213.43,5,0.3,-39.637,2017,9,3,60,985
0,0,1,0,1,0,0,1,0,1,0,0,0,0,0,0,0,0,0,0,0,0,1,0,0,0,85234,333.576,3,0.2,25.0182,2017,2,7,15,224
0,0,1,0,1,0,0,1,0,1,0,0,0,0,0,0,0,0,0,0,0,0,0,0,0,0,85234,31.992,1,0.2,4.7988,2017,2,7,15,224
0,0,1,0,1,0,0,1,1,0,0,0,0,0,0,0,0,0,0,0,0,0,0,1,0,0,85234,51.168,2,0.2,-6.396,2017,2,7,15,224
0,0,1,0,1,0,0,1,1,0,0,0,0,0,0,0,1,0,0,0,0,0,0,0,0,0,85234,10.64,5,0.2,3.857,2017,2,7,15,224
0,0,1,0,1,0,0,1,0,0,0,0,0,0,0,0,0,0,1,0,0,0,0,0,0,0,85234,68.704,2,0.2,16.3172,2017,2,7,15,224
0,0,1,0,1,0,0,1,0,0,0,0,0,0,0,0,0,0,0,0,0,0,0,0,0,1,85234,386.91,9,0.5,-185.7168,2017,2,7,15,224
0,1,0,0,0,1,0,0,1,0,0,1,0,0,0,0,0,0,0,0,0,0,0,0,0,0,1841,39.66,2,0,11.898,2015,8,2,44,135
0,1,0,0,0,1,0,0,1,0,1,0,0,0,0,0,0,0,0,0,0,0,0,0,0,0,1841,113.92,2,0,33.0368,2015,8,2,44,135
0,1,0,0,0,1,0,0,1,0,0,0,1,0,0,0,0,0,0,0,0,0,0,0,0,0,1841,447.86,7,0,210.4942,2015,8,2,44,135
0,0,1,0,0,0,1,0,0,0,0,0,0,0,0,0,0,0,0,0,0,0,0,0,0,1,23464,356.85,5,0,60.6645,2017,10,6,16,224
0,0,1,0,0,0,1,0,1,0,0,0,0,0,0,0,1,0,0,0,0,0,0,0,0,0,23464,251.58,7,0,113.211,2017,10,6,16,224
0,1,0,0,0,0,0,0,1,0,0,0,0,0,0,0,0,0,0,0,0,1,0,0,0,0,75061,219.84,5,0.2,79.692,2016,7,4,8,985
0,1,0,0,0,1,0,0,0,0,0,0,0,0,0,0,0,0,1,0,0,0,0,0,0,0,8360,42.85,5,0,15.426,2017,5,2,8,130
0,1,0,0,0,1,0,0,1,0,0,0,0,0,0,0,0,0,0,1,0,0,0,0,0,0,8360,6.16,2,0,2.9568,2017,5,2,8,130
0,1,0,0,0,1,0,0,1,0,0,0,0,0,0,0,0,0,0,0,0,0,0,0,1,0,8360,17,2,0,4.42,2017,5,2,8,130
0,1,0,0,0,1,0,0,0,1,0,0,0,0,0,0,0,0,0,0,0,0,0,0,0,0,8360,87.4,5,0,34.96,2017,5,2,8,130
0,0,1,0,1,0,1,0,1,0,0,0,1,0,0,0,0,0,0,0,0,0,0,0,0,0,31907,29.84,2,0,13.428,2017,5,4,222,184
0,1,0,1,0,0,0,1,1,0,0,0,1,0,0,0,0,0,0,0,0,0,0,0,0,0,90032,49.568,2,0.2,17.3488,2014,8,4,747,2001
0,0,1,1,0,0,0,1,1,0,0,1,0,0,0,0,0,0,0,0,0,0,0,0,0,0,92024,265.86,7,0,79.758,2015,9,5,170,2001
0,0,1,0,1,0,1,0,0,0,0,0,0,0,0,0,0,0,1,0,0,0,0,0,0,0,22901,67.96,4,0,12.2328,2015,9,7,2,224
0,1,0,0,0,0,0,0,1,0,0,1,0,0,0,0,0,0,0,0,0,0,0,0,0,0,46226,10.92,6,0,4.914,2015,11,2,44,149
0,1,0,0,0,0,0,0,0,1,0,0,0,0,0,0,0,0,0,0,1,0,0,0,0,0,46226,83.9,2,0,22.653,2015,11,2,44,149
0,1,0,0,0,0,0,0,1,0,1,0,0,0,0,0,0,0,0,0,0,0,0,0,0,0,46226,19.75,5,0,5.135,2015,11,2,44,149
0,1,0,0,0,0,0,0,0,1,0,0,0,0,0,0,0,0,0,0,0,0,0,0,0,0,46226,393.54,3,0,165.2868,2015,11,2,44,149
0,0,1,0,1,0,0,1,0,0,0,0,0,0,0,0,0,0,1,0,0,0,0,0,0,0,85023,46.872,7,0.2,3.5154,2014,10,4,63,224
0,1,0,0,0,1,0,0,1,0,0,0,0,0,0,0,0,0,0,0,0,0,0,1,0,0,6450,10.9,1,0,2.834,2017,9,5,11,82
0,1,0,0,0,1,0,0,1,0,0,0,0,0,0,0,0,0,0,0,0,1,0,0,0,0,6450,79.92,4,0,37.5624,2017,9,5,11,82
0,1,0,0,0,1,0,0,1,0,0,0,0,0,0,0,0,0,0,0,0,1,0,0,0,0,6450,146.82,3,0,73.41,2017,9,5,11,82
0,0,0,0,1,0,0,0,1,0,0,0,1,0,0,0,0,0,0,0,0,0,0,0,0,0,53132,3.6,2,0,1.728,2017,1,1,37,110
0,0,1,0,1,0,0,1,0,0,0,0,0,0,0,0,0,0,1,0,0,0,0,0,0,0,90008,20.04,6,0,8.8176,2014,11,5,747,2001
0,0,1,0,0,0,0,0,1,0,0,0,0,0,0,0,0,0,0,0,0,0,0,1,0,0,61701,180.016,1,0.2,-15.7514,2015,12,5,15,492
0,0,1,0,0,0,0,0,0,0,0,0,0,0,0,0,0,0,1,0,0,0,0,0,0,0,61701,41.552,2,0.6,-19.7372,2015,12,5,15,492
0,0,1,0,0,0,0,0,1,0,0,1,0,0,0,0,0,0,0,0,0,0,0,0,0,0,61701,13.12,5,0.2,1.476,2015,12,5,15,492
0,0,1,0,0,0,0,1,1,0,0,0,0,0,0,0,0,0,0,0,0,0,0,1,0,0,90032,1117.92,4,0,55.896,2015,5,7,747,2001
0,1,0,1,0,0,0,1,0,1,0,0,0,0,0,0,0,0,0,0,0,0,0,0,0,0,94109,111.96,4,0,21.2724,2017,3,5,510,2001
0,0,1,1,0,0,0,0,1,0,0,1,0,0,0,0,0,0,0,0,0,0,0,0,0,0,77095,12.16,5,0.2,2.128,2017,12,7,377,985
0,0,1,1,0,0,0,0,1,0,0,0,1,0,0,0,0,0,0,0,0,0,0,0,0,0,53209,17.52,4,0,8.4096,2017,7,5,45,110
0,0,1,1,0,0,0,0,1,0,1,0,0,0,0,0,0,0,0,0,0,0,0,0,0,0,53209,155.88,6,0,54.558,2017,7,5,45,110
0,1,0,0,1,0,1,0,1,0,0,0,1,0,0,0,0,0,0,0,0,0,0,0,0,0,70601,477.51,11,0,219.6546,2017,8,2,3,42
0,1,0,0,0,1,0,0,1,0,0,0,0,0,0,0,0,0,0,0,0,1,0,0,0,0,21215,164.88,3,0,80.7912,2017,9,2,43,105
0,0,1,0,1,0,0,0,0,1,0,0,0,0,0,0,0,0,0,0,0,0,0,0,0,0,53132,47.97,3,0,14.8707,2016,8,4,37,110
0,0,1,0,0,1,0,0,1,0,0,0,1,0,0,0,0,0,0,0,0,0,0,0,0,0,10024,415.176,3,0.2,134.9322,2016,12,5,915,1128
0,0,1,0,0,1,0,0,1,0,0,0,1,0,0,0,0,0,0,0,0,0,0,0,0,0,10024,35.232,3,0.2,11.4504,2016,12,5,915,1128
0,0,1,0,0,1,0,0,1,0,0,0,0,0,0,0,0,0,0,0,0,1,0,0,0,0,10024,54.96,1,0,26.9304,2016,12,5,915,1128
0,0,1,0,0,0,0,1,1,0,0,0,0,0,0,0,0,0,0,0,0,1,0,0,0,0,92024,16.34,2,0,7.6798,2017,7,4,170,2001
0,0,1,0,0,0,0,1,0,0,0,0,0,0,1,0,0,0,0,0,0,0,0,0,0,0,92024,225.296,2,0.2,22.5296,2017,7,4,170,2001
0,0,1,0,0,0,0,1,1,0,0,0,1,0,0,0,0,0,0,0,0,0,0,0,0,0,92024,50.352,3,0.2,17.6232,2017,7,4,170,2001
0,0,1,0,0,0,1,0,0,0,0,0,0,0,0,0,0,0,1,0,0,0,0,0,0,0,27893,163.136,4,0.2,20.392,2015,5,4,6,249
0,0,1,0,0,0,1,0,1,0,0,0,1,0,0,0,0,0,0,0,0,0,0,0,0,0,27893,6.408,4,0.7,-4.9128,2015,5,4,6,249
0,0,1,0,0,0,0,1,0,1,0,0,0,0,0,0,0,0,0,0,0,0,1,0,0,0,90805,217.584,2,0.2,19.0386,2015,6,5,61,2001
0,0,1,0,0,0,0,1,1,0,0,0,0,0,0,0,0,1,0,0,0,0,0,0,0,0,90805,5.43,3,0,1.7919,2015,6,5,61,2001
0,0,1,0,0,0,0,1,0,1,0,0,0,0,0,0,0,0,0,0,0,0,1,0,0,0,90805,143.976,3,0.2,8.9985,2015,6,5,61,2001
0,0,1,1,0,0,1,0,0,1,0,0,0,0,0,0,0,0,0,0,0,0,1,0,0,0,33311,519.68,7,0.2,58.464,2016,9,5,15,383
0,0,1,0,1,1,0,0,1,0,0,0,0,0,0,0,0,0,0,1,0,0,0,0,0,0,21215,7.83,3,0,3.6018,2014,4,5,43,105
0,0,1,0,0,0,0,1,0,0,0,0,0,0,1,0,0,0,0,0,0,0,0,0,0,0,87124,883.84,4,0.2,99.432,2015,11,5,2,37
0,0,1,0,0,0,0,1,0,0,0,0,0,0,1,0,0,0,0,0,0,0,0,0,0,0,87124,230.352,3,0.2,20.1558,2015,11,5,2,37
0,0,0,1,0,0,0,1,1,0,0,0,1,0,0,0,0,0,0,0,0,0,0,0,0,0,95207,273.92,8,0.2,99.296,2016,12,3,6,2001
0,1,0,0,0,1,0,0,1,0,0,1,0,0,0,0,0,0,0,0,0,0,0,0,0,0,43229,9.912,3,0.2,1.239,2017,8,3,222,469
1,0,0,0,0,0,0,0,0,0,0,0,0,0,0,0,0,0,1,0,0,0,0,0,0,0,60076,266.352,6,0.6,-292.9872,2017,12,0,11,492
1,0,0,0,0,0,0,0,0,0,0,0,0,0,0,0,0,0,1,0,0,0,0,0,0,0,60076,56.328,3,0.6,-26.7558,2017,12,0,11,492
1,0,0,0,0,0,0,0,0,1,0,0,0,0,0,0,0,0,0,0,0,0,0,0,0,0,60076,39.264,3,0.2,-4.908,2017,12,0,11,492
1,0,0,0,0,0,0,0,1,0,0,1,0,0,0,0,0,0,0,0,0,0,0,0,0,0,60076,95.232,6,0.2,24.9984,2017,12,0,11,492
0,0,1,0,1,0,1,0,1,0,0,0,0,0,0,0,0,1,0,0,0,0,0,0,0,0,71901,30,6,0,14.4,2016,4,7,4,60
0,0,1,0,1,0,1,0,1,0,0,0,0,0,0,0,0,0,0,0,0,1,0,0,0,0,71901,25.92,4,0,12.7008,2016,4,7,4,60
0,0,1,0,1,0,1,0,0,0,0,0,0,0,0,0,0,0,1,0,0,0,0,0,0,0,71901,159.92,4,0,31.984,2016,4,7,4,60
0,0,0,0,0,0,1,0,1,0,1,0,0,0,0,0,0,0,0,0,0,0,0,0,0,0,27534,34.944,3,0.2,3.0576,2016,12,3,1,249
0,0,1,1,0,0,0,1,0,1,0,0,0,0,0,0,0,0,0,0,0,0,0,0,0,0,90032,149.95,5,0,31.4895,2017,9,5,747,2001
0,0,1,1,0,0,0,1,1,0,0,1,0,0,0,0,0,0,0,0,0,0,0,0,0,0,90032,23.32,2,0,6.0632,2017,9,5,747,2001
0,0,1,1,0,0,0,1,1,0,0,1,0,0,0,0,0,0,0,0,0,0,0,0,0,0,90032,16.74,3,0,4.8546,2017,9,5,747,2001
0,1,0,0,0,1,0,0,1,0,0,0,0,0,0,0,0,1,0,0,0,0,0,0,0,0,3060,14.82,6,0,6.9654,2017,9,2,2,27
0,0,1,0,0,0,0,1,1,0,0,0,0,0,0,0,0,1,0,0,0,0,0,0,0,0,98103,10.47,3,0,4.8162,2016,9,4,428,506
0,0,1,0,0,0,0,1,1,0,0,0,0,0,0,0,0,0,0,1,0,0,0,0,0,0,98103,11.07,3,0,5.2029,2016,9,4,428,506
0,0,1,0,0,0,0,1,1,0,0,0,1,0,0,0,0,0,0,0,0,0,0,0,0,0,98103,20.704,4,0.2,7.764,2016,9,4,428,506
0,1,0,1,0,0,0,0,1,0,0,0,0,0,0,0,0,0,0,0,0,1,0,0,0,0,47374,177.2,5,0,83.284,2017,8,5,90,149
0,0,1,1,0,0,1,0,0,0,0,0,0,0,0,0,0,0,1,0,0,0,0,0,0,0,33180,50.496,6,0.2,8.2056,2016,11,5,57,383
0,0,0,1,0,0,1,0,1,0,0,0,1,0,0,0,0,0,0,0,0,0,0,0,0,0,37167,6.129,3,0.7,-4.4946,2015,6,2,24,183
0,0,0,1,0,0,1,0,0,0,0,0,0,0,1,0,0,0,0,0,0,0,0,0,0,0,37167,643.136,4,0.2,56.2744,2015,6,2,24,183
0,0,0,1,0,0,1,0,1,0,0,0,0,0,0,0,0,0,0,0,0,1,0,0,0,0,37167,20.736,4,0.2,7.2576,2015,6,2,24,183
0,0,0,1,0,0,0,1,1,0,0,0,0,0,0,0,0,0,0,0,0,1,0,0,0,0,80013,177.536,4,0.2,62.1376,2014,7,3,68,182
0,0,0,1,0,0,0,1,1,0,1,0,0,0,0,0,0,0,0,0,0,0,0,0,0,0,80013,32.432,2,0.2,3.2432,2014,7,3,68,182
0,0,1,0,1,0,1,0,1,0,0,0,0,0,0,0,0,0,0,1,0,0,0,0,0,0,33142,11.696,2,0.2,3.9474,2015,12,5,57,383
0,0,1,0,0,0,0,1,1,0,1,0,0,0,0,0,0,0,0,0,0,0,0,0,0,0,94122,113.76,3,0,44.3664,2016,4,7,510,2001
0,0,1,0,0,0,0,1,1,0,0,0,0,0,0,0,0,0,0,0,0,0,0,1,0,0,94122,579.51,3,0,81.1314,2016,4,7,510,2001
0,0,1,0,0,0,0,1,1,0,0,0,0,0,0,0,0,0,0,0,0,0,0,1,0,0,94122,150.66,9,0,6.0264,2016,4,7,510,2001
0,0,1,0,0,0,0,1,1,0,0,0,1,0,0,0,0,0,0,0,0,0,0,0,0,0,94122,48.032,4,0.2,15.6104,2016,4,7,510,2001
0,0,1,0,0,0,0,0,1,0,0,0,0,0,0,0,0,0,0,0,0,0,0,1,0,0,60623,102.624,3,0.2,7.6968,2014,5,5,314,492
0,0,1,0,0,0,0,0,0,0,0,0,0,0,1,0,0,0,0,0,0,0,0,0,0,0,60623,359.772,2,0.3,-5.1396,2014,5,5,314,492
0,0,1,0,0,0,0,0,1,0,0,1,0,0,0,0,0,0,0,0,0,0,0,0,0,0,60623,13.392,3,0.2,3.1806,2014,5,5,314,492
0,0,1,0,0,0,0,1,0,0,0,0,0,0,1,0,0,0,0,0,0,0,0,0,0,0,90008,122.136,3,0.2,-13.7403,2017,7,5,747,2001
0,0,1,1,0,1,0,0,1,0,0,0,0,0,0,0,0,0,0,0,0,1,0,0,0,0,3820,35.88,6,0,16.146,2015,2,4,19,27
0,1,0,0,0,1,0,0,0,1,0,0,0,0,0,0,0,0,0,0,0,0,0,0,0,0,43017,479.952,6,0.2,107.9892,2017,6,2,14,469
0,1,0,0,0,1,0,0,1,0,0,1,0,0,0,0,0,0,0,0,0,0,0,0,0,0,43017,23.92,5,0.2,1.794,2017,6,2,14,469
0,0,0,1,0,1,0,0,0,1,0,0,0,0,0,0,0,0,0,0,0,0,1,0,0,0,10009,629.95,5,0,163.787,2017,11,3,915,1128
0,0,1,0,0,1,0,0,1,0,0,0,1,0,0,0,0,0,0,0,0,0,0,0,0,0,10035,14.952,1,0.2,5.0463,2017,12,4,915,1128
0,0,1,0,0,1,0,0,1,0,0,0,0,0,0,0,0,0,0,0,0,1,0,0,0,0,10035,17.94,3,0,8.073,2017,12,4,915,1128
0,0,1,0,0,1,0,0,0,1,0,0,0,0,0,0,0,0,0,0,0,0,1,0,0,0,10035,116.98,2,0,29.245,2017,12,4,915,1128
0,1,0,0,0,1,0,0,0,0,0,0,0,0,1,0,0,0,0,0,0,0,0,0,0,0,7501,121.96,2,0,20.7332,2016,6,2,20,130
0,1,0,0,0,1,0,0,1,0,1,0,0,0,0,0,0,0,0,0,0,0,0,0,0,0,7501,8.74,2,0,2.2724,2016,6,2,20,130
0,1,0,0,0,1,0,0,1,0,0,0,0,0,0,0,0,0,0,0,0,1,0,0,0,0,7501,61.96,2,0,27.882,2016,6,2,20,130
0,1,0,0,0,1,0,0,1,0,0,0,1,0,0,0,0,0,0,0,0,0,0,0,0,0,7501,7.96,2,0,3.7412,2016,6,2,20,130
0,1,0,0,0,1,0,0,1,0,1,0,0,0,0,0,0,0,0,0,0,0,0,0,0,0,7501,275.24,4,0,121.1056,2016,6,2,20,130
0,0,1,1,0,1,0,0,0,0,0,0,0,0,0,0,0,0,1,0,0,0,0,0,0,0,8701,47.4,5,0,18.96,2017,9,4,49,130
0,0,1,1,0,1,0,0,0,0,0,0,0,0,1,0,0,0,0,0,0,0,0,0,0,0,8701,512.96,4,0,143.6288,2017,9,4,49,130
0,0,1,1,0,1,0,0,0,1,0,0,0,0,0,0,0,0,0,0,0,0,1,0,0,0,8701,395.94,6,0,102.9444,2017,9,4,49,130
0,0,1,1,0,1,0,0,1,0,0,0,0,0,0,0,0,0,0,0,0,0,0,1,0,0,8701,81.96,2,0,0,2017,9,4,49,130
0,0,1,0,0,0,1,0,1,0,0,1,0,0,0,0,0,0,0,0,0,0,0,0,0,0,27405,32.776,1,0.2,2.4582,2017,12,6,13,249
0,0,1,0,0,1,0,0,1,0,0,0,0,0,0,0,0,0,0,0,0,0,0,1,0,0,10035,272.94,3,0,0,2017,6,4,915,1128
0,1,0,1,0,1,0,0,0,0,0,0,0,0,1,0,0,0,0,0,0,0,0,0,0,0,10035,253.764,2,0.1,31.0156,2016,7,2,915,1128
0,0,1,0,0,0,0,0,1,0,0,0,0,0,0,0,0,0,0,1,0,0,0,0,0,0,60623,29.24,5,0.2,9.8685,2016,9,6,314,492
0,0,1,0,0,0,0,0,1,0,0,0,0,0,0,0,0,0,0,0,0,0,0,1,0,0,60623,35.168,2,0.2,-8.3524,2016,9,6,314,492
0,0,1,0,0,0,0,0,0,1,0,0,0,0,0,0,0,0,0,0,1,0,0,0,0,0,60623,1362.9,3,0.3,-19.47,2016,9,6,314,492
0,0,1,0,0,0,0,0,0,0,0,0,0,0,1,0,0,0,0,0,0,0,0,0,0,0,60653,317.058,3,0.3,-18.1176,2017,4,4,314,492
0,0,1,0,0,0,0,0,1,0,0,1,0,0,0,0,0,0,0,0,0,0,0,0,0,0,60653,15.76,2,0.2,3.546,2017,4,4,314,492
0,0,1,0,0,0,0,0,0,0,0,0,0,0,0,0,0,0,1,0,0,0,0,0,0,0,60653,14.56,5,0.6,-6.188,2017,4,4,314,492
0,0,1,1,0,1,0,0,1,0,0,0,1,0,0,0,0,0,0,0,0,0,0,0,0,0,8701,196.21,7,0,98.105,2014,8,4,49,130
0,0,1,0,1,0,1,0,1,0,0,1,0,0,0,0,0,0,0,0,0,0,0,0,0,0,31907,35.4,5,0,13.452,2017,9,4,222,184
0,0,1,1,0,0,0,1,1,0,0,0,0,0,0,0,0,0,0,0,0,1,0,0,0,0,85023,419.4,5,0.2,146.79,2017,12,4,63,224
0,0,1,1,0,0,0,1,1,0,0,0,1,0,0,0,0,0,0,0,0,0,0,0,0,0,85023,13.005,3,0.7,-9.9705,2017,12,4,63,224
0,0,1,0,1,0,0,1,1,0,0,0,1,0,0,0,0,0,0,0,0,0,0,0,0,0,90004,7.712,2,0.2,2.7956,2016,11,4,747,2001
0,0,1,0,1,0,0,1,1,0,0,0,1,0,0,0,0,0,0,0,0,0,0,0,0,0,90004,4.176,1,0.2,1.305,2016,11,4,747,2001
0,0,1,0,1,0,0,1,1,0,0,0,0,0,0,0,0,0,0,0,0,1,0,0,0,0,90004,38.88,6,0,18.6624,2016,11,4,747,2001
0,0,1,0,0,1,0,0,1,0,0,0,0,0,0,0,0,0,0,0,0,1,0,0,0,0,10024,17.64,4,0,8.1144,2015,3,6,915,1128
0,0,1,0,0,0,0,0,1,0,0,0,0,0,0,0,0,0,0,0,0,0,0,1,0,0,78207,93.456,3,0.2,-17.523,2016,9,6,59,985
0,0,1,0,1,1,0,0,0,1,0,0,0,0,0,0,0,0,0,0,0,0,0,0,0,0,10009,449.91,9,0,157.4685,2017,1,4,915,1128
0,1,0,0,0,1,0,0,0,0,0,0,0,1,0,0,0,0,0,0,0,0,0,0,0,0,21215,344.94,3,0,31.0446,2016,9,5,43,105
0,1,0,0,0,1,0,0,0,0,0,0,0,0,0,0,0,0,1,0,0,0,0,0,0,0,21215,14.76,2,0,4.2804,2016,9,5,43,105
0,1,0,0,0,1,0,0,1,0,0,0,1,0,0,0,0,0,0,0,0,0,0,0,0,0,21215,12.76,2,0,5.8696,2016,9,5,43,105
0,1,0,0,0,1,0,0,1,0,0,0,0,0,0,0,0,0,0,1,0,0,0,0,0,0,21215,58.48,8,0,27.4856,2016,9,5,43,105
0,1,0,0,0,1,0,0,0,0,0,0,0,0,0,0,0,0,1,0,0,0,0,0,0,0,19143,20.096,4,0.2,3.0144,2017,7,3,537,587
0,1,0,0,0,1,0,0,1,0,0,0,0,0,0,0,0,0,0,0,0,0,0,0,1,0,19143,37.752,3,0.2,4.2471,2017,7,3,537,587
0,1,0,0,0,1,0,0,0,0,0,0,0,0,0,0,0,0,0,0,0,0,0,0,0,1,19143,138.588,1,0.4,-34.647,2017,7,3,537,587
0,1,0,0,0,1,0,0,1,0,0,0,0,0,0,0,0,0,0,0,0,0,0,1,0,0,19143,259.92,5,0.2,-25.992,2017,7,3,537,587
0,1,0,0,0,1,0,0,1,0,0,0,0,0,0,0,0,0,0,0,0,1,0,0,0,0,19143,20.736,4,0.2,7.2576,2017,7,3,537,587
0,0,1,0,0,0,1,0,0,0,0,0,0,0,0,0,0,0,1,0,0,0,0,0,0,0,30318,129.93,3,0,12.993,2015,9,7,39,184
0,0,1,0,0,0,1,0,1,0,0,0,0,0,0,0,0,0,0,0,0,1,0,0,0,0,30318,69.93,7,0,31.4685,2015,9,7,39,184
0,1,0,1,0,0,1,0,1,0,0,1,0,0,0,0,0,0,0,0,0,0,0,0,0,0,27707,140.736,4,0.2,12.3144,2015,9,2,9,249
0,0,0,0,0,0,0,1,1,0,0,0,1,0,0,0,0,0,0,0,0,0,0,0,0,0,95661,8.32,5,0.2,2.808,2016,11,1,26,2001
0,0,1,0,1,0,0,1,0,0,0,0,0,0,0,0,0,0,1,0,0,0,0,0,0,0,95823,9.98,1,0,2.7944,2016,11,5,13,2001
0,0,0,0,0,1,0,0,1,0,0,0,1,0,0,0,0,0,0,0,0,0,0,0,0,0,6824,62.94,3,0,30.2112,2014,8,3,45,82
0,0,1,1,0,0,0,0,1,0,0,0,0,0,0,0,0,0,0,0,0,0,0,1,0,0,60610,21.488,2,0.2,1.6116,2015,11,4,314,492
0,0,1,1,0,0,0,0,0,1,0,0,0,0,0,0,0,0,0,0,0,0,1,0,0,0,60610,239.976,3,0.2,26.9973,2015,11,4,314,492
0,0,1,1,0,0,0,0,0,0,0,0,0,0,0,0,0,0,1,0,0,0,0,0,0,0,60610,34.504,2,0.6,-15.5268,2015,11,4,314,492
1,0,0,0,0,0,0,0,0,0,0,0,0,0,0,0,0,0,1,0,0,0,0,0,0,0,77041,20.104,2,0.6,-16.5858,2015,8,0,377,985
1,0,0,0,0,0,0,0,1,0,0,0,1,0,0,0,0,0,0,0,0,0,0,0,0,0,77041,3.798,1,0.8,-6.0768,2015,8,0,377,985
1,0,0,0,0,0,0,0,0,0,0,0,0,0,0,0,0,0,1,0,0,0,0,0,0,0,77041,7.88,5,0.6,-3.94,2015,8,0,377,985
0,0,1,1,0,0,0,1,0,0,0,0,0,0,0,0,0,0,0,0,0,0,0,0,0,1,85023,35.445,1,0.5,-24.1026,2016,12,7,63,224
0,0,1,1,0,0,0,1,0,1,0,0,0,0,0,0,0,0,0,0,1,0,0,0,0,0,85023,269.97,2,0.7,-386.957,2016,12,7,63,224
0,0,1,1,0,0,0,1,0,1,0,0,0,0,0,0,0,0,0,0,0,0,0,0,0,0,85023,45.12,3,0.2,-7.896,2016,12,7,63,224
0,0,1,1,0,0,0,1,0,1,0,0,0,0,0,0,0,0,0,0,0,0,0,0,0,0,85023,100.8,2,0.2,21.42,2016,12,7,63,224
0,0,1,1,0,0,0,1,0,0,0,0,0,0,1,0,0,0,0,0,0,0,0,0,0,0,85023,47.968,2,0.2,4.1972,2016,12,7,63,224
0,0,0,0,0,0,0,1,0,1,0,0,0,0,0,0,0,0,0,0,0,0,0,0,0,0,91767,99.98,2,0,34.993,2014,10,1,7,2001
0,0,0,1,0,0,1,0,1,0,0,0,0,0,0,0,0,0,0,0,0,1,0,0,0,0,30318,9.96,2,0,4.8804,2014,11,3,39,184
0,0,1,1,0,0,0,1,1,0,0,0,1,0,0,0,0,0,0,0,0,0,0,0,0,0,98208,3.856,1,0.2,1.3978,2017,12,4,22,506
0,0,1,1,0,0,0,0,1,0,0,0,0,0,0,0,0,0,0,0,0,1,0,0,0,0,77095,98.376,3,0.2,35.6613,2015,3,5,377,985
0,0,1,1,0,0,0,0,0,0,0,0,0,0,0,0,0,0,1,0,0,0,0,0,0,0,77095,22.38,3,0.6,-7.833,2015,3,5,377,985
0,0,0,0,0,1,0,0,1,0,0,0,1,0,0,0,0,0,0,0,0,0,0,0,0,0,19140,3.882,2,0.7,-2.588,2017,9,1,537,587
0,0,0,0,0,1,0,0,0,1,0,0,0,0,0,0,0,0,0,0,1,0,0,0,0,0,19140,12.585,1,0.7,-18.0385,2017,9,1,537,587
0,0,0,0,0,1,0,0,0,0,0,0,0,0,1,0,0,0,0,0,0,0,0,0,0,0,19140,113.372,2,0.3,-29.1528,2017,9,1,537,587
0,0,0,0,0,1,0,0,1,0,0,0,1,0,0,0,0,0,0,0,0,0,0,0,0,0,19140,18.312,4,0.7,-12.208,2017,9,1,537,587
0,0,0,0,0,1,0,0,0,0,0,0,0,0,0,0,0,0,1,0,0,0,0,0,0,0,19140,127.936,8,0.2,4.7976,2017,9,1,537,587
0,0,0,0,0,1,0,0,0,1,0,0,0,0,0,0,0,0,0,0,1,0,0,0,0,0,19140,241.17,2,0.7,-168.819,2017,9,1,537,587
0,0,1,0,0,0,0,1,0,0,0,0,0,0,0,0,0,0,1,0,0,0,0,0,0,0,98105,6.24,3,0,2.6208,2014,6,4,428,506
0,0,1,0,0,0,0,1,1,0,0,0,0,0,0,0,0,1,0,0,0,0,0,0,0,0,98105,17.9,5,0,8.95,2014,6,4,428,506
0,0,1,0,0,0,0,1,1,0,0,0,1,0,0,0,0,0,0,0,0,0,0,0,0,0,98105,3266.376,3,0.2,1061.5722,2014,6,4,428,506
0,0,1,1,0,0,0,0,1,0,0,0,1,0,0,0,0,0,0,0,0,0,0,0,0,0,61604,1.68,5,0.8,-2.688,2017,12,4,23,492
0,0,1,1,0,0,0,0,0,0,0,0,0,0,0,0,0,0,1,0,0,0,0,0,0,0,61604,7.968,3,0.6,-2.3904,2017,12,4,23,492
0,0,1,1,0,0,0,0,0,0,0,0,0,0,1,0,0,0,0,0,0,0,0,0,0,0,61604,113.372,2,0.3,-3.2392,2017,12,4,23,492
0,0,1,1,0,0,0,0,0,0,0,0,0,0,0,0,0,0,1,0,0,0,0,0,0,0,61604,2.96,2,0.6,-1.406,2017,12,4,23,492
0,0,1,0,0,0,0,1,1,0,1,0,0,0,0,0,0,0,0,0,0,0,0,0,0,0,90036,168.1,5,0,43.706,2017,11,5,747,2001
0,0,1,1,0,0,1,0,1,0,0,0,0,0,0,0,1,0,0,0,0,0,0,0,0,0,36116,98.46,9,0,49.23,2015,7,4,10,61
0,0,1,1,0,0,1,0,0,0,0,0,0,0,0,0,0,0,0,0,0,0,0,0,0,1,36116,358.58,2,0,39.4438,2015,7,4,10,61
0,0,1,1,0,0,0,0,1,0,0,0,0,0,0,0,0,0,0,0,0,0,0,1,0,0,47905,32.48,2,0,4.872,2016,10,7,31,149
0,0,1,1,0,0,0,0,0,1,0,0,0,0,0,1,0,0,0,0,0,0,0,0,0,0,47905,17499.95,5,0,8399.976,2016,10,7,31,149
0,0,1,1,0,0,0,0,1,0,0,0,1,0,0,0,0,0,0,0,0,0,0,0,0,0,47905,735.98,2,0,331.191,2016,10,7,31,149
0,0,1,1,0,0,0,0,1,0,0,0,1,0,0,0,0,0,0,0,0,0,0,0,0,0,47905,34.37,7,0,16.8413,2016,10,7,31,149
0,0,1,1,0,0,0,0,1,0,0,1,0,0,0,0,0,0,0,0,0,0,0,0,0,0,47905,33.96,2,0,9.5088,2016,10,7,31,149
0,1,0,1,0,1,0,0,0,1,0,0,0,0,0,0,0,0,0,0,0,0,1,0,0,0,10009,197.97,3,0,53.4519,2016,12,3,915,1128
0,0,1,0,0,1,0,0,1,0,1,0,0,0,0,0,0,0,0,0,0,0,0,0,0,0,10024,17.48,4,0,4.5448,2017,7,6,915,1128
0,0,1,0,0,0,0,0,1,0,0,1,0,0,0,0,0,0,0,0,0,0,0,0,0,0,60610,8.016,3,0.2,1.002,2015,10,7,314,492
1,0,0,0,0,0,0,1,0,0,0,0,0,0,0,0,0,0,0,0,0,0,0,0,0,1,92704,146.04,1,0.2,-12.7785,2016,9,0,14,2001
0,0,1,1,0,0,0,1,0,1,0,0,0,0,0,0,0,0,0,0,0,0,0,0,0,0,90640,27.88,2,0,3.9032,2016,11,4,1,2001
0,0,1,1,0,0,0,1,1,0,0,0,0,0,0,0,0,0,0,1,0,0,0,0,0,0,91360,152.65,5,0,70.219,2017,10,5,5,2001
0,0,1,1,0,0,0,1,0,0,0,0,0,0,0,0,0,0,1,0,0,0,0,0,0,0,91360,22.72,1,0,9.3152,2017,10,5,5,2001
0,0,1,1,0,1,0,0,1,0,0,1,0,0,0,0,0,0,0,0,0,0,0,0,0,0,8360,11.12,4,0,2.8912,2015,7,6,8,130
0,0,1,1,0,0,0,1,1,0,1,0,0,0,0,0,0,0,0,0,0,0,0,0,0,0,90503,1640.7,5,0,459.396,2017,2,4,4,2001
0,0,1,1,0,0,0,1,0,1,0,0,0,0,0,0,0,0,0,0,0,0,1,0,0,0,90503,371.2,5,0.2,41.76,2017,2,4,4,2001
0,0,0,0,1,1,0,0,1,0,0,0,1,0,0,0,0,0,0,0,0,0,0,0,0,0,45373,14.832,3,0.7,-10.3824,2015,12,1,29,469
0,0,1,1,0,0,1,0,0,1,0,0,0,0,0,0,0,0,0,0,0,0,0,0,0,0,22153,20.7,3,0,1.656,2016,9,5,163,224
0,0,1,1,0,0,1,0,1,0,0,0,0,0,0,0,0,1,0,0,0,0,0,0,0,0,22153,11.34,3,0,5.2164,2016,9,5,163,224
0,0,1,1,0,0,1,0,1,0,0,0,0,0,0,0,0,0,0,0,0,0,0,1,0,0,22153,67.9,5,0,0.679,2016,9,5,163,224
0,0,1,1,0,0,1,0,0,0,0,0,0,0,1,0,0,0,0,0,0,0,0,0,0,0,22153,1059.12,4,0,307.1448,2016,9,5,163,224
0,0,1,0,1,0,0,1,0,0,0,0,0,0,1,0,0,0,0,0,0,0,0,0,0,0,92020,478.48,2,0.2,47.848,2014,7,6,2,2001
0,0,1,1,0,0,0,1,1,0,0,0,0,0,0,0,0,0,0,0,0,1,0,0,0,0,90036,32.04,4,0,14.418,2016,5,5,747,2001
0,0,1,0,0,0,0,1,0,1,0,0,0,0,0,0,0,0,0,0,0,0,1,0,0,0,85023,55.992,1,0.2,3.4995,2016,7,4,63,224
0,0,0,0,0,0,0,0,1,0,0,0,0,0,0,0,0,0,0,0,0,1,0,0,0,0,60423,76.864,2,0.2,26.9024,2016,6,3,2,492
0,0,1,0,0,0,0,1,0,0,0,0,0,0,0,0,0,0,1,0,0,0,0,0,0,0,90045,59.92,4,0,27.5632,2014,4,5,747,2001
0,0,1,1,0,0,0,0,0,0,0,0,0,1,0,0,0,0,0,0,0,0,0,0,0,0,53132,1565.88,6,0,407.1288,2016,1,4,37,110
0,0,1,1,0,0,0,0,1,0,0,0,1,0,0,0,0,0,0,0,0,0,0,0,0,0,53132,106.05,7,0,49.8435,2016,1,4,37,110
0,1,0,1,0,0,1,0,1,0,0,0,0,0,0,0,0,0,0,0,0,0,0,1,0,0,72209,62.04,4,0,17.3712,2017,12,5,24,60
0,1,0,1,0,0,1,0,0,1,0,0,0,0,0,0,0,0,0,0,0,0,1,0,0,0,72209,494.97,3,0,148.491,2017,12,5,24,60
0,1,0,1,0,0,1,0,1,0,0,0,0,0,0,0,0,0,0,0,0,0,0,1,0,0,72209,367.96,4,0,14.7184,2017,12,5,24,60
0,1,0,1,0,0,1,0,1,0,0,0,0,0,0,0,0,0,0,0,0,1,0,0,0,0,72209,44.96,2,0,20.6816,2017,12,5,24,60
0,1,0,1,0,0,1,0,1,0,0,0,0,0,0,0,1,0,0,0,0,0,0,0,0,0,72209,182.94,3,0,85.9818,2017,12,5,24,60
0,0,1,0,0,0,0,1,1,0,0,0,0,0,0,0,0,0,0,0,0,1,0,0,0,0,90008,28.14,3,0,13.5072,2017,4,5,747,2001
0,0,1,0,0,0,0,1,1,0,0,0,0,0,0,0,0,0,0,1,0,0,0,0,0,0,90008,7.38,2,0,3.4686,2017,4,5,747,2001
0,0,1,0,0,0,0,1,1,0,0,0,0,0,0,0,0,1,0,0,0,0,0,0,0,0,90008,10.9,5,0,3.597,2017,4,5,747,2001
0,0,1,0,0,0,0,1,0,1,0,0,0,0,0,0,0,0,0,0,0,0,0,0,0,0,90008,274.89,11,0,46.7313,2017,4,5,747,2001
0,0,1,0,0,0,0,1,1,0,0,0,0,0,0,0,0,0,0,1,0,0,0,0,0,0,90008,23.04,8,0,11.2896,2017,4,5,747,2001
0,0,1,0,0,0,0,1,0,0,0,0,0,0,1,0,0,0,0,0,0,0,0,0,0,0,90008,218.352,3,0.2,-19.1058,2017,4,5,747,2001
0,0,1,1,0,0,0,0,1,0,0,0,0,0,0,0,0,0,0,0,0,1,0,0,0,0,78207,10.368,2,0.2,3.6288,2017,12,7,59,985
0,0,1,1,0,0,0,1,1,0,0,0,1,0,0,0,0,0,0,0,0,0,0,0,0,0,90004,12.672,2,0.2,4.752,2016,8,7,747,2001
0,0,1,1,0,0,0,1,0,1,0,0,0,0,0,0,0,0,0,0,0,0,1,0,0,0,90004,91.96,5,0.2,-20.691,2016,8,7,747,2001
0,0,1,1,0,0,0,1,0,1,0,0,0,0,0,0,0,0,0,0,0,0,0,0,0,0,90004,254.97,3,0,91.7892,2016,8,7,747,2001
0,0,1,1,0,0,0,1,0,1,0,0,0,0,0,0,0,0,0,0,0,0,1,0,0,0,90004,31.984,2,0.2,-7.996,2016,8,7,747,2001
0,0,1,1,0,0,0,1,0,0,0,0,0,0,0,0,0,0,0,0,0,0,0,0,0,1,90004,2887.056,9,0.2,180.441,2016,8,7,747,2001
0,0,1,1,0,0,0,1,1,0,0,0,0,0,0,0,0,0,0,0,0,1,0,0,0,0,90004,12.96,2,0,6.2208,2016,8,7,747,2001
0,0,1,1,0,0,0,1,1,0,0,0,0,0,0,0,0,0,0,0,0,1,0,0,0,0,90004,47.52,9,0,21.384,2016,8,7,747,2001
0,1,0,1,0,0,0,0,1,0,0,0,0,0,0,0,0,0,0,1,0,0,0,0,0,0,60610,11.952,3,0.2,3.8844,2016,12,3,314,492
0,0,0,0,0,0,0,1,1,0,0,0,0,0,0,0,0,0,0,0,0,1,0,0,0,0,98105,4.98,1,0,2.3406,2015,12,3,428,506
0,1,0,0,0,0,0,0,1,0,0,0,1,0,0,0,0,0,0,0,0,0,0,0,0,0,77705,10.78,5,0.8,-17.248,2014,10,5,5,985
0,1,0,0,0,0,0,0,0,1,0,0,0,0,0,0,0,0,0,0,0,0,0,0,0,0,77705,119.976,3,0.2,-17.9964,2014,10,5,5,985
0,0,1,0,0,0,1,0,1,0,0,0,0,0,0,0,0,0,0,1,0,0,0,0,0,0,23320,25.06,2,0,11.7782,2016,9,5,18,224
0,0,1,0,0,0,1,0,0,0,0,0,0,0,0,0,0,0,0,0,0,0,0,0,0,1,23320,1652.94,3,0,314.0586,2016,9,5,18,224
1,0,0,0,0,0,0,0,0,0,0,0,0,0,0,0,0,0,1,0,0,0,0,0,0,0,75217,131.376,6,0.6,-95.2476,2015,10,0,157,985
1,0,0,0,0,0,0,0,1,0,0,0,0,0,0,0,0,0,0,0,0,1,0,0,0,0,75217,5.344,1,0.2,1.8704,2015,10,0,157,985
0,1,0,0,1,0,0,1,0,0,0,0,0,0,1,0,0,0,0,0,0,0,0,0,0,0,98105,2003.92,5,0.2,125.245,2015,12,4,428,506
0,1,0,0,1,0,0,1,1,0,0,0,0,0,0,0,0,0,0,0,0,1,0,0,0,0,98105,32.4,5,0,15.552,2015,12,4,428,506
0,1,0,0,1,0,0,1,0,0,0,0,0,0,0,0,0,0,0,0,0,0,0,0,0,1,98105,1913.4,9,0,401.814,2015,12,4,428,506
0,1,0,0,1,0,0,1,1,0,0,0,0,0,0,0,0,0,0,0,0,0,0,1,0,0,98105,146.73,3,0,2.9346,2015,12,4,428,506
0,1,0,0,1,0,0,1,1,0,0,0,0,0,0,0,0,0,0,0,0,1,0,0,0,0,98105,114.2,5,0,52.532,2015,12,4,428,506
0,0,1,0,0,0,0,0,0,0,0,0,0,0,1,0,0,0,0,0,0,0,0,0,0,0,55407,2567.84,8,0,770.352,2015,5,4,23,89
0,0,1,0,0,1,0,0,0,1,0,0,0,0,0,0,0,0,0,0,0,0,0,0,0,0,45503,37.056,4,0.2,8.8008,2017,9,7,163,469
0,0,1,0,0,1,0,0,0,1,0,0,0,0,0,0,0,0,0,0,0,0,1,0,0,0,45503,259.896,2,0.4,-56.3108,2017,9,7,163,469
0,0,1,0,0,0,0,1,1,0,0,0,0,0,0,0,0,0,0,0,0,1,0,0,0,0,90032,19.05,3,0,8.763,2017,4,7,747,2001
0,0,1,0,0,0,0,1,1,0,0,0,1,0,0,0,0,0,0,0,0,0,0,0,0,0,90032,73.344,3,0.2,27.504,2017,4,7,747,2001
0,0,1,1,0,0,1,0,0,1,0,0,0,0,0,0,0,0,0,0,0,0,1,0,0,0,31907,95.68,8,0,26.7904,2017,9,4,222,184
0,0,1,1,0,0,1,0,1,0,0,0,0,0,0,0,0,0,0,0,0,1,0,0,0,0,31907,50.96,7,0,24.4608,2017,9,4,222,184
0,0,1,1,0,0,1,0,1,0,0,1,0,0,0,0,0,0,0,0,0,0,0,0,0,0,31907,113.94,3,0,34.182,2017,9,4,222,184
0,0,1,1,0,0,1,0,1,0,0,0,0,0,0,0,0,0,0,0,0,1,0,0,0,0,31907,25.92,4,0,12.4416,2017,9,4,222,184
0,0,1,1,0,0,1,0,0,0,0,0,0,0,0,0,0,0,1,0,0,0,0,0,0,0,31907,20.32,4,0,6.9088,2017,9,4,222,184
0,0,1,1,0,0,1,0,0,1,0,0,0,0,0,0,0,0,0,0,0,0,1,0,0,0,31907,411.98,2,0,119.4742,2017,9,4,222,184
0,0,1,1,0,0,1,0,1,0,0,0,0,0,0,0,0,0,0,0,0,0,0,0,1,0,31907,34.48,2,0,9.9992,2017,9,4,222,184
0,0,1,1,0,0,1,0,1,0,0,0,0,0,0,0,0,0,0,0,0,1,0,0,0,0,31907,244.55,5,0,114.9385,2017,9,4,222,184
0,0,1,0,0,1,0,0,1,0,0,0,1,0,0,0,0,0,0,0,0,0,0,0,0,0,44107,10.782,3,0.7,-7.9068,2017,8,7,49,469
0,1,0,0,0,0,0,0,0,0,0,0,0,0,1,0,0,0,0,0,0,0,0,0,0,0,60540,602.651,7,0.3,-163.5767,2015,5,2,8,492
0,1,0,0,0,0,0,0,1,0,0,0,1,0,0,0,0,0,0,0,0,0,0,0,0,0,60540,7.656,6,0.8,-13.0152,2015,5,2,8,492
0,0,1,0,1,1,0,0,0,1,0,0,0,0,0,0,0,0,0,0,0,0,0,0,0,0,10009,559.93,7,0,167.979,2015,9,4,915,1128
1,0,0,1,0,0,0,1,0,1,0,0,0,0,0,1,0,0,0,0,0,0,0,0,0,0,92646,2399.96,5,0.2,839.986,2017,7,0,6,2001
0,0,1,1,0,0,0,0,1,0,0,0,0,0,0,0,0,1,0,0,0,0,0,0,0,0,60653,16,4,0.2,5.6,2017,9,6,314,492
0,0,1,1,0,0,0,0,1,0,1,0,0,0,0,0,0,0,0,0,0,0,0,0,0,0,60653,5.588,2,0.8,-15.0876,2017,9,6,314,492
0,0,1,1,0,0,0,0,1,0,0,0,0,0,0,0,0,0,0,0,0,0,0,1,0,0,60653,235.92,5,0.2,-44.235,2017,9,6,314,492
0,1,0,1,0,0,0,1,1,0,0,0,0,0,0,0,0,0,0,0,0,0,0,1,0,0,94513,10.68,1,0,2.8836,2017,12,2,16,2001
1,0,0,1,0,0,0,0,1,0,0,0,1,0,0,0,0,0,0,0,0,0,0,0,0,0,48183,41.28,2,0,19.8144,2017,5,0,13,255
0,0,1,0,0,0,0,1,0,1,0,0,0,0,0,0,0,0,0,0,0,0,1,0,0,0,98103,1001.584,2,0.2,125.198,2016,9,6,428,506
0,0,1,1,0,0,1,0,0,0,0,0,0,0,0,0,0,0,1,0,0,0,0,0,0,0,29406,14.76,2,0,4.2804,2017,12,5,2,42
0,1,0,0,0,1,0,0,1,0,0,0,1,0,0,0,0,0,0,0,0,0,0,0,0,0,43229,2.502,3,0.7,-2.0016,2014,9,5,222,469
0,0,1,0,0,0,0,1,0,0,0,0,0,1,0,0,0,0,0,0,0,0,0,0,0,0,98103,115.96,2,0,25.5112,2017,7,4,428,506
0,1,0,0,0,0,0,1,1,0,0,0,0,0,0,0,0,0,0,0,0,0,0,1,0,0,94109,186.54,3,0,50.3658,2017,8,4,510,2001
0,1,0,1,0,0,0,1,0,1,0,0,0,0,0,0,0,0,0,0,0,0,0,0,0,0,90049,159.56,4,0,59.0372,2017,5,3,747,2001
0,0,1,0,0,0,1,0,0,1,0,0,0,0,0,0,0,0,0,0,0,0,1,0,0,0,33407,55.984,2,0.2,4.1988,2015,6,4,3,383
0,0,1,0,0,0,0,0,1,0,0,0,0,0,0,0,0,0,0,0,0,0,0,1,0,0,60623,132.16,1,0.2,9.912,2014,12,7,314,492
0,0,1,0,0,0,0,0,1,0,0,0,1,0,0,0,0,0,0,0,0,0,0,0,0,0,60623,17.904,6,0.8,-31.332,2014,12,7,314,492
0,0,1,0,0,0,0,0,1,0,0,0,0,0,0,0,0,0,0,0,0,1,0,0,0,0,60623,124.032,4,0.2,44.9616,2014,12,7,314,492
0,0,1,1,0,0,0,1,0,0,0,0,0,0,1,0,0,0,0,0,0,0,0,0,0,0,95823,1403.92,5,0.2,70.196,2014,12,5,13,2001
0,1,0,0,0,0,0,1,1,0,0,0,0,0,0,0,0,0,0,0,0,0,0,0,1,0,98115,28.8,3,0,0.864,2016,4,2,428,506
0,0,1,1,0,1,0,0,1,0,0,0,1,0,0,0,0,0,0,0,0,0,0,0,0,0,19143,24.588,2,0.7,-18.0312,2015,5,7,537,587
0,0,1,0,0,0,0,1,1,0,1,0,0,0,0,0,0,0,0,0,0,0,0,0,0,0,93101,356.79,7,0,99.9012,2017,2,4,8,2001
0,0,1,0,1,1,0,0,1,0,0,0,0,0,0,0,1,0,0,0,0,0,0,0,0,0,10011,16.98,1,0,8.49,2017,4,6,915,1128
0,1,0,0,0,0,1,0,1,0,0,0,0,0,0,0,0,0,0,1,0,0,0,0,0,0,36830,491.55,5,0,240.8595,2015,3,3,24,61
0,1,0,0,0,0,1,0,1,0,0,0,0,0,0,0,1,0,0,0,0,0,0,0,0,0,36830,7.38,2,0,3.3948,2015,3,3,24,61
0,0,1,0,0,1,0,0,1,0,0,0,0,0,0,0,0,0,0,0,0,1,0,0,0,0,10035,23.66,7,0,10.8836,2015,11,4,915,1128
0,0,1,0,0,1,0,0,0,0,0,0,0,1,0,0,0,0,0,0,0,0,0,0,0,0,10035,681.408,12,0.2,42.588,2015,11,4,915,1128
0,0,1,0,0,0,0,1,1,0,0,0,0,0,0,0,0,0,0,1,0,0,0,0,0,0,90032,18.9,3,0,8.694,2016,7,6,747,2001
0,1,0,0,0,0,0,1,1,0,0,0,0,0,0,0,0,0,0,0,0,0,0,1,0,0,94109,93.68,4,0,25.2936,2016,6,2,510,2001
0,1,0,0,0,0,0,1,1,0,0,0,0,0,0,0,0,0,0,1,0,0,0,0,0,0,94109,21.93,3,0,10.3071,2016,6,2,510,2001
0,1,0,0,0,0,0,1,0,1,0,0,0,0,0,0,0,0,0,0,0,0,1,0,0,0,94109,862.344,7,0.2,97.0137,2016,6,2,510,2001
0,1,0,0,0,0,0,1,1,0,0,0,0,0,0,0,0,0,0,0,0,1,0,0,0,0,94109,19.98,1,0,9.3906,2016,6,2,510,2001
0,0,1,0,0,1,0,0,0,1,0,0,0,0,0,0,0,0,0,0,0,0,1,0,0,0,19140,13.494,1,0.4,-2.249,2014,7,4,537,587
0,0,1,0,0,1,0,0,0,1,0,0,0,0,0,0,0,0,0,0,0,0,1,0,0,0,19140,23.988,2,0.4,-13.993,2014,7,4,537,587
0,0,1,0,0,1,0,0,0,0,0,0,0,0,0,0,0,0,1,0,0,0,0,0,0,0,19140,31.984,2,0.2,1.1994,2014,7,4,537,587
0,0,1,0,0,1,0,0,1,0,0,1,0,0,0,0,0,0,0,0,0,0,0,0,0,0,19140,41.584,2,0.2,4.6782,2014,7,4,537,587
0,1,0,1,0,0,0,0,0,1,0,0,0,0,0,0,0,0,0,0,0,0,0,0,0,0,79907,95.976,3,0.2,-10.7973,2017,11,3,19,985
0,0,0,0,1,0,0,0,0,0,0,0,0,0,0,0,0,0,1,0,0,0,0,0,0,0,60653,84.272,2,0.6,-75.8448,2016,9,2,314,492
1,0,0,0,0,0,0,0,1,0,0,0,0,0,0,0,0,0,0,0,0,1,0,0,0,0,79907,36.544,2,0.2,11.8768,2014,6,0,19,985
0,0,1,0,0,0,0,1,0,1,0,0,0,0,0,0,0,0,0,0,0,0,0,0,0,0,98105,479.72,4,0,52.7692,2016,11,4,428,506
0,0,1,1,0,1,0,0,1,0,0,0,1,0,0,0,0,0,0,0,0,0,0,0,0,0,10009,102.368,2,0.2,37.1084,2017,6,4,915,1128
0,0,1,1,0,1,0,0,1,0,0,0,0,0,0,0,0,0,0,0,0,0,0,0,1,0,10009,28.4,5,0,8.236,2017,6,4,915,1128
0,0,1,1,0,1,0,0,1,0,0,0,0,0,0,0,0,0,0,0,0,0,0,1,0,0,10009,713.88,4,0,214.164,2017,6,4,915,1128
0,0,1,1,0,1,0,0,1,0,0,0,0,0,0,0,0,0,0,0,0,1,0,0,0,0,10009,68.52,3,0,31.5192,2017,6,4,915,1128
0,0,1,0,0,0,0,1,0,1,0,0,0,0,0,0,0,0,0,0,0,0,1,0,0,0,90032,623.96,5,0.2,38.9975,2015,7,5,747,2001
0,0,1,1,0,1,0,0,1,0,0,0,1,0,0,0,0,0,0,0,0,0,0,0,0,0,19711,11.12,4,0,5.4488,2014,9,4,95,96
0,0,1,0,0,1,0,0,0,0,0,0,0,1,0,0,0,0,0,0,0,0,0,0,0,0,10011,523.92,5,0.2,-26.196,2016,9,4,915,1128
0,0,1,0,1,0,0,1,1,0,0,0,0,0,0,0,0,1,0,0,0,0,0,0,0,0,95661,2.48,2,0,1.1656,2015,11,4,26,2001
0,0,1,0,0,0,0,0,1,0,0,0,0,0,0,0,0,0,0,0,0,0,0,1,0,0,60505,221.024,2,0.2,-55.256,2015,4,4,68,492
0,0,1,0,0,0,0,0,0,0,0,0,0,0,1,0,0,0,0,0,0,0,0,0,0,0,60505,128.058,3,0.3,-23.7822,2015,4,4,68,492
1,0,0,0,1,1,0,0,1,0,0,0,1,0,0,0,0,0,0,0,0,0,0,0,0,0,10011,58.408,7,0.2,18.2525,2017,11,0,915,1128
1,0,0,0,1,1,0,0,0,0,0,0,0,0,0,0,0,0,0,0,0,0,0,0,0,1,10011,79.974,3,0.4,-29.3238,2017,11,0,915,1128
0,0,1,1,0,0,0,0,0,1,0,0,0,0,0,0,0,0,0,0,1,0,0,0,0,0,75217,479.988,2,0.4,55.9986,2015,11,4,157,985
0,0,0,0,0,0,0,1,1,0,0,0,1,0,0,0,0,0,0,0,0,0,0,0,0,0,90008,11.808,3,0.2,4.1328,2015,10,1,747,2001
0,0,0,0,0,0,0,1,1,0,0,0,1,0,0,0,0,0,0,0,0,0,0,0,0,0,90008,53.568,4,0.2,19.4184,2015,10,1,747,2001
0,0,0,0,0,0,0,1,0,1,0,0,0,0,0,0,0,0,0,0,0,0,1,0,0,0,90008,503.96,5,0.2,50.396,2015,10,1,747,2001
0,0,1,1,0,0,0,1,1,0,0,0,0,0,0,0,1,0,0,0,0,0,0,0,0,0,90004,21.34,2,0,9.8164,2015,4,7,747,2001
0,0,1,0,0,0,1,0,1,0,0,0,1,0,0,0,0,0,0,0,0,0,0,0,0,0,31907,36.4,5,0,17.108,2016,7,5,222,184
0,0,1,0,0,0,1,0,0,0,0,0,0,0,0,0,0,0,1,0,0,0,0,0,0,0,31907,51.75,1,0,15.525,2016,7,5,222,184
0,1,0,0,1,0,0,1,1,0,0,0,0,0,0,0,0,0,0,0,0,0,0,1,0,0,94110,15.51,1,0,4.3428,2015,9,2,510,2001
0,1,0,0,1,0,0,1,1,0,0,0,0,0,0,0,0,0,0,0,0,1,0,0,0,0,94110,146.82,3,0,73.41,2015,9,2,510,2001
0,1,0,0,1,0,0,1,1,0,0,0,0,0,0,0,0,0,0,0,0,1,0,0,0,0,94110,12.96,2,0,6.2208,2015,9,2,510,2001
1,0,0,0,1,0,0,1,1,0,0,1,0,0,0,0,0,0,0,0,0,0,0,0,0,0,92503,7.8,3,0,2.106,2017,11,0,14,2001
0,1,0,1,0,0,1,0,1,0,0,0,0,0,0,0,1,0,0,0,0,0,0,0,0,0,29203,10.2,5,0,4.794,2016,7,4,81,42
0,1,0,1,0,0,1,0,1,0,0,1,0,0,0,0,0,0,0,0,0,0,0,0,0,0,29203,22.32,3,0,5.58,2016,7,4,81,42
0,1,0,1,0,0,1,0,1,0,0,0,1,0,0,0,0,0,0,0,0,0,0,0,0,0,29203,24.1,5,0,11.086,2016,7,4,81,42
0,1,0,1,0,0,1,0,0,1,0,0,0,0,0,0,0,0,0,0,0,0,0,0,0,0,29203,75.98,2,0,18.2352,2016,7,4,81,42
0,1,0,1,0,0,1,0,1,0,0,0,1,0,0,0,0,0,0,0,0,0,0,0,0,0,29203,6.46,2,0,3.1654,2016,7,4,81,42
0,1,0,1,0,0,1,0,1,0,0,0,0,0,0,0,0,0,0,0,0,1,0,0,0,0,29203,60.12,9,0,28.8576,2016,7,4,81,42
0,1,0,1,0,1,0,0,0,1,0,0,0,0,0,0,0,0,0,0,0,0,1,0,0,0,10011,824.97,3,0,214.4922,2015,10,4,915,1128
0,1,0,0,0,0,0,1,0,0,0,0,0,0,0,0,0,0,1,0,0,0,0,0,0,0,98632,24.85,5,0,7.7035,2016,1,3,3,506
0,0,1,0,0,0,0,1,1,0,0,0,0,0,0,0,0,0,0,0,0,0,0,1,0,0,85023,12.624,2,0.2,-2.5248,2017,9,6,63,224
0,0,1,0,0,0,0,1,0,1,0,0,0,0,0,0,0,0,0,0,0,0,0,0,0,0,85023,89.584,2,0.2,4.4792,2017,9,6,63,224
0,0,1,0,0,0,0,1,0,1,0,0,0,0,0,0,0,0,0,0,0,0,1,0,0,0,85023,471.92,2,0.2,29.495,2017,9,6,63,224
0,0,1,0,0,0,0,1,1,0,0,0,1,0,0,0,0,0,0,0,0,0,0,0,0,0,85023,18.18,4,0.7,-13.938,2017,9,6,63,224
0,0,1,0,0,0,0,0,1,0,0,1,0,0,0,0,0,0,0,0,0,0,0,0,0,0,77095,31.744,2,0.2,8.3328,2017,9,4,377,985
0,0,1,1,0,0,0,1,1,0,0,0,0,0,0,0,0,0,0,1,0,0,0,0,0,0,85234,5.904,2,0.2,1.9926,2015,6,4,15,224
0,0,1,1,0,0,0,1,0,0,0,0,0,0,0,0,0,0,1,0,0,0,0,0,0,0,85234,621.76,4,0.2,46.632,2015,6,4,15,224
0,0,0,0,0,0,1,0,0,1,0,0,0,0,0,0,0,0,0,0,0,0,1,0,0,0,72401,59.98,2,0,17.994,2016,11,3,11,60
0,1,0,0,0,0,1,0,1,0,0,0,0,0,0,0,0,0,0,0,0,1,0,0,0,0,30318,48.87,9,0,23.9463,2017,11,4,39,184
0,0,1,0,0,0,0,1,1,0,0,0,0,0,0,0,0,0,0,0,0,1,0,0,0,0,90036,154.9,5,0,69.705,2017,1,5,747,2001
0,0,0,1,0,1,0,0,1,0,0,0,0,0,0,0,0,1,0,0,0,0,0,0,0,0,10024,5.92,4,0,2.8416,2014,11,1,915,1128
0,0,0,1,0,1,0,0,1,0,0,0,0,0,0,0,0,0,0,0,0,1,0,0,0,0,10024,30.18,3,0,13.8828,2014,11,1,915,1128
0,0,1,0,0,0,0,0,1,0,0,0,1,0,0,0,0,0,0,0,0,0,0,0,0,0,48227,24.1,5,0,11.086,2016,9,4,115,255
0,0,1,0,0,0,0,0,0,1,0,0,0,0,0,0,0,0,0,0,0,0,1,0,0,0,48227,8.78,1,0,2.2828,2016,9,4,115,255
0,0,1,0,0,0,0,0,1,0,1,0,0,0,0,0,0,0,0,0,0,0,0,0,0,0,48227,376.74,4,0.1,71.162,2016,9,4,115,255
0,0,1,0,0,0,0,0,1,0,0,0,1,0,0,0,0,0,0,0,0,0,0,0,0,0,48227,29.52,4,0,14.4648,2016,9,4,115,255
0,0,1,0,0,0,0,0,1,0,0,1,0,0,0,0,0,0,0,0,0,0,0,0,0,0,48227,11.96,2,0,2.99,2016,9,4,115,255
0,0,1,0,0,0,0,0,1,0,0,0,1,0,0,0,0,0,0,0,0,0,0,0,0,0,48227,26.4,5,0,12.672,2016,9,4,115,255
0,1,0,1,0,0,1,0,1,0,1,0,0,0,0,0,0,0,0,0,0,0,0,0,0,0,33311,1158.12,5,0.2,130.2885,2017,11,5,15,383
0,0,0,0,0,0,0,0,1,0,1,0,0,0,0,0,0,0,0,0,0,0,0,0,0,0,79605,1.392,2,0.8,-3.7584,2017,12,2,1,985
0,1,0,0,0,0,1,0,1,0,1,0,0,0,0,0,0,0,0,0,0,0,0,0,0,0,23666,44.43,3,0,18.6606,2015,11,5,11,224
0,1,0,0,0,0,1,0,0,1,0,0,0,0,0,0,0,0,0,0,0,0,1,0,0,0,23666,226.2,5,0,58.812,2015,11,5,11,224
0,1,0,0,0,0,1,0,0,0,0,0,0,0,0,0,0,0,1,0,0,0,0,0,0,0,23666,186.54,3,0,41.0388,2015,11,5,11,224
0,1,0,0,0,0,1,0,1,0,0,1,0,0,0,0,0,0,0,0,0,0,0,0,0,0,23666,265.86,7,0,79.758,2015,11,5,11,224
0,1,0,0,0,0,1,0,1,0,0,1,0,0,0,0,0,0,0,0,0,0,0,0,0,0,23666,27.9,5,0,6.975,2015,11,5,11,224
0,0,1,1,0,0,0,1,1,0,1,0,0,0,0,0,0,0,0,0,0,0,0,0,0,0,89115,31.08,4,0,8.3916,2015,11,7,13,39
0,1,0,1,0,0,0,0,1,0,0,0,1,0,0,0,0,0,0,0,0,0,0,0,0,0,61107,13.84,4,0.8,-22.144,2017,12,2,11,492
0,1,0,1,0,0,0,0,1,0,0,0,0,0,0,0,0,0,0,0,0,1,0,0,0,0,61107,175.872,4,0.2,63.7536,2017,12,2,11,492
0,0,1,0,1,0,0,1,1,0,0,0,0,0,0,0,0,0,0,0,0,1,0,0,0,0,92677,12.96,2,0,6.3504,2016,9,6,4,2001
0,0,0,1,0,0,1,0,1,0,1,0,0,0,0,0,0,0,0,0,0,0,0,0,0,0,40214,208.44,3,0,62.532,2017,5,3,57,139
0,0,0,1,0,0,1,0,1,0,0,0,0,0,0,0,0,0,0,0,0,0,0,0,1,0,40214,25.76,2,0,0.7728,2017,5,3,57,139
0,0,1,0,1,0,0,0,0,0,0,0,0,0,1,0,0,0,0,0,0,0,0,0,0,0,61761,366.744,4,0.3,-110.0232,2015,3,4,1,492
0,1,0,1,0,0,0,1,0,0,0,0,0,0,0,0,0,0,1,0,0,0,0,0,0,0,90045,289.24,7,0,26.0316,2014,8,2,747,2001
0,1,0,1,0,0,0,1,1,0,0,0,1,0,0,0,0,0,0,0,0,0,0,0,0,0,90045,69.456,2,0.2,22.5732,2014,8,2,747,2001
0,0,1,1,0,0,0,0,1,0,0,0,0,0,0,0,0,0,0,0,0,1,0,0,0,0,77642,5.184,1,0.2,1.8144,2014,12,5,6,985
0,0,1,0,0,1,0,0,0,0,0,0,0,0,1,0,0,0,0,0,0,0,0,0,0,0,10009,205.164,2,0.1,13.6776,2015,11,4,915,1128
0,0,1,1,0,0,0,0,0,0,0,0,0,0,0,0,0,0,1,0,0,0,0,0,0,0,60623,8.544,2,0.6,-7.476,2014,12,6,314,492
0,0,1,1,0,1,0,0,1,0,0,0,1,0,0,0,0,0,0,0,0,0,0,0,0,0,45503,12.828,2,0.7,-8.9796,2015,8,4,163,469
0,0,1,1,0,1,0,0,0,0,0,0,0,0,1,0,0,0,0,0,0,0,0,0,0,0,45503,598.458,3,0.3,-42.747,2015,8,4,163,469
0,0,1,1,0,1,0,0,0,0,0,0,0,0,0,0,0,0,1,0,0,0,0,0,0,0,45503,25.984,1,0.2,-3.8976,2015,8,4,163,469
0,0,1,0,0,1,0,0,1,0,0,0,1,0,0,0,0,0,0,0,0,0,0,0,0,0,10035,17.96,5,0.2,5.837,2014,5,4,915,1128
0,0,1,0,0,1,0,0,1,0,0,0,0,0,0,0,0,0,0,0,0,0,0,0,1,0,10035,5.04,2,0,0.1512,2014,5,4,915,1128
0,0,1,0,0,1,0,0,1,0,1,0,0,0,0,0,0,0,0,0,0,0,0,0,0,0,10035,208.16,1,0,56.2032,2014,5,4,915,1128
0,1,0,0,1,0,0,1,0,0,0,0,0,1,0,0,0,0,0,0,0,0,0,0,0,0,93905,148.257,3,0.15,15.6978,2017,12,2,8,2001
0,1,0,1,0,0,1,0,1,0,1,0,0,0,0,0,0,0,0,0,0,0,0,0,0,0,40475,146.76,3,0,38.1576,2014,3,2,90,139
0,1,0,1,0,0,1,0,0,1,0,0,0,0,0,0,0,0,0,0,0,0,0,0,0,0,40475,32.96,2,0,14.1728,2014,3,2,90,139
0,1,0,1,0,0,1,0,0,1,0,0,0,0,0,0,0,0,0,0,0,0,1,0,0,0,40475,587.97,3,0,164.6316,2014,3,2,90,139
0,1,0,1,0,0,1,0,1,0,0,0,0,0,0,0,0,0,0,0,0,1,0,0,0,0,40475,14.94,3,0,7.0218,2014,3,2,90,139
0,1,0,0,0,1,0,0,1,0,0,0,0,0,0,0,0,0,0,1,0,0,0,0,0,0,10035,25.83,7,0,12.1401,2016,6,4,915,1128
0,0,1,0,0,0,0,1,1,0,0,0,0,0,0,0,0,0,0,0,0,1,0,0,0,0,80219,15.552,3,0.2,5.4432,2014,8,4,44,182
0,0,1,0,0,0,0,1,1,0,0,0,0,0,0,0,0,0,0,0,0,0,0,0,1,0,80219,6.8,1,0.2,0.51,2014,8,4,44,182
0,0,1,0,0,0,0,1,0,0,0,0,0,0,0,0,0,0,1,0,0,0,0,0,0,0,80219,4.224,3,0.2,1.2672,2014,8,4,44,182
0,0,1,0,0,0,0,1,0,1,0,0,0,0,0,0,0,0,0,0,0,0,1,0,0,0,80219,143.64,9,0.2,10.773,2014,8,4,44,182
0,0,1,0,0,0,0,1,1,0,0,0,0,0,0,0,0,0,0,0,0,1,0,0,0,0,80219,31.104,6,0.2,10.8864,2014,8,4,44,182
0,0,1,0,0,0,0,1,1,0,0,0,0,0,0,0,0,0,0,0,0,1,0,0,0,0,80219,223.056,9,0.2,69.705,2014,8,4,44,182
0,0,1,1,0,1,0,0,0,1,0,0,0,0,0,0,0,0,0,0,0,0,1,0,0,0,10024,227.46,6,0,65.9634,2017,2,6,915,1128
0,0,1,1,0,1,0,0,1,0,0,0,1,0,0,0,0,0,0,0,0,0,0,0,0,0,10024,46.24,4,0.2,15.606,2017,2,6,915,1128
0,0,1,0,0,1,0,0,1,0,0,0,0,0,0,0,0,0,0,1,0,0,0,0,0,0,10011,5.22,2,0,2.4012,2017,1,7,915,1128
0,1,0,0,0,0,0,0,1,0,0,0,0,0,0,0,0,0,0,0,0,1,0,0,0,0,68025,33.9,5,0,15.594,2016,12,3,8,38
0,0,1,1,0,1,0,0,1,0,0,0,0,0,0,0,0,0,0,0,0,0,0,1,0,0,10011,28.14,3,0,7.8792,2016,11,5,915,1128
0,0,1,1,0,1,0,0,0,1,0,0,0,0,0,0,0,0,0,0,0,0,0,0,0,0,10011,36,2,0,6.48,2016,11,5,915,1128
0,0,1,1,0,1,0,0,1,0,0,1,0,0,0,0,0,0,0,0,0,0,0,0,0,0,10011,92.94,3,0,25.0938,2016,11,5,915,1128
0,0,1,1,0,1,0,0,0,0,0,0,0,0,1,0,0,0,0,0,0,0,0,0,0,0,10011,245.646,3,0.1,8.1882,2016,11,5,915,1128
0,0,1,1,0,1,0,0,1,0,0,0,1,0,0,0,0,0,0,0,0,0,0,0,0,0,10011,55.008,3,0.2,17.19,2016,11,5,915,1128
0,0,1,1,0,1,0,0,1,0,0,0,1,0,0,0,0,0,0,0,0,0,0,0,0,0,10011,35.232,3,0.2,11.4504,2016,11,5,915,1128
0,0,1,1,0,0,0,1,0,0,0,0,0,0,1,0,0,0,0,0,0,0,0,0,0,0,92105,523.392,3,0.2,52.3392,2017,11,4,170,2001
0,1,0,0,0,0,1,0,0,1,0,0,0,0,0,1,0,0,0,0,0,0,0,0,0,0,33801,479.984,2,0.2,89.997,2014,5,2,22,383
0,0,1,0,0,0,1,0,1,0,0,0,0,0,0,0,0,0,0,0,0,1,0,0,0,0,30080,12.96,2,0,6.2208,2017,9,5,24,184
0,0,1,0,0,0,1,0,1,0,0,1,0,0,0,0,0,0,0,0,0,0,0,0,0,0,30080,17.94,3,0,6.4584,2017,9,5,24,184
0,0,1,0,0,1,0,0,1,0,0,0,0,0,0,0,0,0,0,0,0,0,0,1,0,0,10009,166.72,2,0,41.68,2017,12,6,915,1128
0,0,1,0,0,1,0,0,1,0,0,0,1,0,0,0,0,0,0,0,0,0,0,0,0,0,10009,24.816,3,0.2,8.3754,2017,12,6,915,1128
0,0,1,0,0,1,0,0,0,0,0,0,0,0,0,0,0,0,1,0,0,0,0,0,0,0,10009,124.36,2,0,27.3592,2017,12,6,915,1128
0,0,1,0,0,1,0,0,0,1,0,0,0,0,0,1,0,0,0,0,0,0,0,0,0,0,19134,599.97,5,0.4,69.9965,2017,7,5,537,587
0,0,1,0,0,1,0,0,0,0,0,0,0,0,1,0,0,0,0,0,0,0,0,0,0,0,19134,198.744,4,0.3,-14.196,2017,7,5,537,587
0,0,1,0,0,1,0,0,1,0,0,0,0,0,0,0,0,0,0,0,0,0,0,0,1,0,19134,9.184,2,0.2,1.148,2017,7,5,537,587
0,0,1,1,0,0,0,0,1,0,0,0,0,0,0,0,0,0,0,0,0,1,0,0,0,0,75217,9.248,2,0.2,3.3524,2016,11,6,157,985
0,0,1,0,1,0,0,1,0,0,0,0,0,0,0,0,0,0,0,0,0,0,0,0,0,1,94521,99.592,1,0.2,2.4898,2014,4,4,31,2001
0,0,1,0,1,0,0,1,0,1,0,0,0,0,0,0,0,0,0,0,0,0,0,0,0,0,94521,399.96,4,0,139.986,2014,4,4,31,2001
0,0,0,0,0,0,1,0,1,0,0,0,0,0,0,0,0,0,0,0,0,1,0,0,0,0,37211,15.552,3,0.2,5.4432,2016,8,2,29,183
0,0,1,0,1,0,0,1,1,0,0,1,0,0,0,0,0,0,0,0,0,0,0,0,0,0,80013,14.576,2,0.2,2.3686,2014,9,5,68,182
1,0,0,0,0,0,0,1,1,0,0,0,1,0,0,0,0,0,0,0,0,0,0,0,0,0,92804,209.6,5,0.2,68.12,2016,12,0,27,2001
1,0,0,0,0,0,0,1,1,0,0,1,0,0,0,0,0,0,0,0,0,0,0,0,0,0,92804,23.32,2,0,6.0632,2016,12,0,27,2001
1,0,0,0,0,0,0,1,1,0,0,0,0,0,0,0,0,0,0,0,0,1,0,0,0,0,92804,30.98,1,0,13.941,2016,12,0,27,2001
1,0,0,0,0,0,0,1,0,1,0,0,0,0,0,0,0,0,0,0,0,0,0,0,0,0,92804,119.96,4,0,25.1916,2016,12,0,27,2001
1,0,0,0,0,0,0,1,0,0,0,0,0,0,1,0,0,0,0,0,0,0,0,0,0,0,92804,363.92,5,0.2,-31.843,2016,12,0,27,2001
1,0,0,0,0,0,0,1,1,0,0,0,1,0,0,0,0,0,0,0,0,0,0,0,0,0,92804,35.808,3,0.2,11.19,2016,12,0,27,2001
1,0,0,0,0,0,0,1,1,0,0,0,1,0,0,0,0,0,0,0,0,0,0,0,0,0,92804,122.688,9,0.2,39.8736,2016,12,0,27,2001
1,0,0,0,0,0,0,1,0,0,0,0,0,0,0,0,0,0,0,0,0,0,0,0,0,1,92804,892.136,7,0.2,111.517,2016,12,0,27,2001
1,0,0,0,0,0,0,1,1,0,0,0,0,0,0,0,0,0,0,0,0,0,0,1,0,0,92804,50.22,3,0,2.0088,2016,12,0,27,2001
1,0,0,0,0,0,0,1,1,0,1,0,0,0,0,0,0,0,0,0,0,0,0,0,0,0,92804,83.42,2,0,24.1918,2016,12,0,27,2001
1,0,0,0,0,0,0,1,1,0,0,0,1,0,0,0,0,0,0,0,0,0,0,0,0,0,92804,5.872,2,0.2,2.1286,2016,12,0,27,2001
0,1,0,1,0,0,0,1,1,0,0,0,1,0,0,0,0,0,0,0,0,0,0,0,0,0,84062,12.144,3,0.2,4.0986,2015,2,2,7,53
0,1,0,0,0,0,0,1,1,0,0,0,0,0,0,0,1,0,0,0,0,0,0,0,0,0,97477,27.792,3,0.2,10.422,2016,12,2,163,124
0,0,1,0,1,0,0,1,1,0,0,0,0,0,0,0,0,0,0,0,0,0,0,0,1,0,97301,6.208,2,0.2,0.6984,2017,8,5,40,124
0,0,1,0,0,1,0,0,1,0,1,0,0,0,0,0,0,0,0,0,0,0,0,0,0,0,14609,32.67,3,0,8.4942,2017,2,5,53,1128
0,0,0,1,0,0,0,1,1,0,0,0,0,0,0,0,0,0,0,0,0,0,0,1,0,0,90008,1261.33,7,0,327.9458,2014,12,2,747,2001
0,0,1,0,1,0,0,1,1,0,0,0,0,0,0,0,0,0,0,0,0,1,0,0,0,0,90049,38.88,6,0,18.6624,2016,5,4,747,2001
0,0,1,1,0,0,0,0,1,0,0,0,1,0,0,0,0,0,0,0,0,0,0,0,0,0,75081,1.964,2,0.8,-3.2406,2016,5,5,157,985
0,0,1,1,0,0,0,0,1,0,0,0,0,0,0,0,0,0,0,0,0,1,0,0,0,0,75081,82.656,9,0.2,30.996,2016,5,5,157,985
0,0,1,0,0,0,0,1,1,0,0,0,0,0,0,0,0,0,0,0,0,1,0,0,0,0,93727,5.98,1,0,2.691,2014,8,5,26,2001
0,1,0,0,1,0,0,0,1,0,0,0,0,0,0,0,0,0,0,0,0,1,0,0,0,0,60653,9.248,2,0.2,3.3524,2016,9,5,314,492
0,0,1,0,0,0,0,0,1,0,0,1,0,0,0,0,0,0,0,0,0,0,0,0,0,0,78501,4.448,2,0.2,0.3336,2016,7,5,19,985
0,0,1,0,0,0,0,0,1,0,0,0,0,0,0,0,0,0,0,0,0,1,0,0,0,0,78501,5.184,1,0.2,1.8144,2016,7,5,19,985
0,0,1,0,0,0,0,0,1,0,0,1,0,0,0,0,0,0,0,0,0,0,0,0,0,0,78501,175.92,5,0.2,15.393,2016,7,5,19,985
0,0,1,0,0,0,0,0,1,0,0,0,1,0,0,0,0,0,0,0,0,0,0,0,0,0,78501,4.752,4,0.8,-8.316,2016,7,5,19,985
0,0,1,0,0,0,0,0,1,0,0,0,0,0,0,0,0,0,0,0,0,0,0,0,1,0,78501,13.344,2,0.2,1.0008,2016,7,5,19,985
0,0,1,0,0,0,0,1,1,0,0,0,0,0,0,0,1,0,0,0,0,0,0,0,0,0,98105,54.9,5,0,26.901,2016,5,5,428,506
0,0,1,0,0,0,1,0,1,0,0,0,1,0,0,0,0,0,0,0,0,0,0,0,0,0,28205,22.911,7,0.7,-17.5651,2016,9,4,52,249
0,0,1,0,0,0,1,0,1,0,1,0,0,0,0,0,0,0,0,0,0,0,0,0,0,0,28205,309.456,9,0.2,34.8138,2016,9,4,52,249
0,0,1,0,0,0,1,0,1,0,0,1,0,0,0,0,0,0,0,0,0,0,0,0,0,0,28205,19.456,4,0.2,3.4048,2016,9,4,52,249
0,0,1,0,0,0,1,0,0,0,0,0,0,0,0,0,0,0,0,0,0,0,0,0,0,1,28205,472.518,3,0.4,-149.6307,2016,9,4,52,249
0,0,1,0,0,0,1,0,0,1,0,0,0,0,0,0,0,0,0,0,0,0,0,0,0,0,28205,1012.68,3,0.2,303.804,2016,9,4,52,249
0,0,1,0,0,0,1,0,1,0,0,0,1,0,0,0,0,0,0,0,0,0,0,0,0,0,28205,17.22,5,0.7,-12.628,2016,9,4,52,249
0,1,0,1,0,0,0,1,1,0,0,1,0,0,0,0,0,0,0,0,0,0,0,0,0,0,94521,3.52,2,0,1.6896,2017,7,4,31,2001
0,1,0,1,0,0,0,1,0,1,0,0,0,0,0,0,0,0,0,0,0,0,1,0,0,0,94521,1626.192,9,0.2,121.9644,2017,7,4,31,2001
0,0,0,1,0,1,0,0,1,0,0,0,1,0,0,0,0,0,0,0,0,0,0,0,0,0,19013,8.595,5,0.7,-6.303,2017,9,3,16,587
0,0,0,1,0,1,0,0,1,0,0,0,0,0,0,0,0,0,0,0,0,0,0,0,1,0,19013,190.896,2,0.2,-42.9516,2017,9,3,16,587
0,1,0,0,0,0,0,1,1,0,0,0,0,0,0,0,0,0,0,0,0,0,0,1,0,0,90004,99.87,3,0,23.9688,2017,8,3,747,2001
0,1,0,0,0,0,0,1,1,0,0,1,0,0,0,0,0,0,0,0,0,0,0,0,0,0,89431,79.36,4,0,23.808,2015,10,2,3,39
0,1,0,1,0,0,0,1,0,1,0,0,0,0,0,0,0,0,0,0,0,0,1,0,0,0,90032,119.96,1,0.2,7.4975,2017,6,4,747,2001
0,0,1,0,0,0,1,0,1,0,0,0,0,0,0,0,0,0,0,0,0,1,0,0,0,0,42420,106.32,3,0,49.9704,2015,1,4,51,139
0,0,1,0,0,0,1,0,1,0,1,0,0,0,0,0,0,0,0,0,0,0,0,0,0,0,42420,163.44,3,0,45.7632,2015,1,4,51,139
0,0,1,0,0,0,1,0,1,0,0,1,0,0,0,0,0,0,0,0,0,0,0,0,0,0,42420,42.76,2,0,11.1176,2015,1,4,51,139
0,0,1,0,0,0,1,0,1,0,0,0,0,0,0,0,0,0,0,0,0,1,0,0,0,0,42420,51.55,5,0,24.2285,2015,1,4,51,139
0,1,0,0,0,0,0,0,0,1,0,0,0,0,0,0,0,0,0,0,0,0,0,0,0,0,62521,479.952,6,0.2,89.991,2015,2,4,35,492
0,0,0,0,0,1,0,0,1,0,0,0,1,0,0,0,0,0,0,0,0,0,0,0,0,0,10009,146.688,6,0.2,55.008,2016,8,1,915,1128
0,0,0,0,0,1,0,0,1,0,0,0,1,0,0,0,0,0,0,0,0,0,0,0,0,0,10009,276.784,2,0.2,89.9548,2016,8,1,915,1128
0,0,0,0,0,1,0,0,1,0,0,0,1,0,0,0,0,0,0,0,0,0,0,0,0,0,10009,25.32,5,0.2,9.1785,2016,8,1,915,1128
0,0,1,0,0,1,0,0,1,0,0,0,0,0,0,0,0,0,0,0,0,1,0,0,0,0,10011,318.96,9,0,149.9112,2017,11,4,915,1128
0,1,0,0,0,1,0,0,1,0,0,0,0,0,0,0,0,0,0,0,0,1,0,0,0,0,10009,212.64,6,0,99.9408,2015,12,4,915,1128
0,0,1,0,0,0,0,1,1,0,0,0,0,0,0,0,1,0,0,0,0,0,0,0,0,0,85254,23.472,3,0.2,8.802,2014,11,5,12,224
0,1,0,1,0,0,0,0,1,0,0,0,0,0,0,0,0,0,0,0,0,1,0,0,0,0,79109,19.648,2,0.2,6.6312,2016,8,4,10,985
0,0,0,0,0,1,0,0,1,0,0,0,1,0,0,0,0,0,0,0,0,0,0,0,0,0,19140,6.57,3,0.7,-5.037,2014,9,3,537,587
0,0,1,0,0,0,0,1,1,0,0,0,0,0,0,0,0,0,0,0,0,0,0,1,0,0,92704,421.1,2,0,105.275,2017,9,4,14,2001
0,1,0,1,0,1,0,0,0,0,0,0,0,0,1,0,0,0,0,0,0,0,0,0,0,0,43055,760.116,6,0.3,-43.4352,2017,6,2,95,469
0,1,0,1,0,1,0,0,0,0,0,0,0,0,0,0,0,0,1,0,0,0,0,0,0,0,43055,38.784,3,0.2,7.272,2017,6,2,95,469
0,1,0,1,0,1,0,0,0,1,0,0,0,0,0,0,0,0,0,0,0,0,0,0,0,0,43055,122.328,9,0.2,1.5291,2017,6,2,95,469
0,0,1,0,0,1,0,0,0,1,0,0,0,0,0,0,0,0,0,0,0,0,1,0,0,0,10035,25.98,2,0,0.7794,2016,4,7,915,1128
0,0,1,0,0,1,0,0,1,0,0,1,0,0,0,0,0,0,0,0,0,0,0,0,0,0,10035,3.28,2,0,1.476,2016,4,7,915,1128
0,0,1,0,0,1,0,0,1,0,0,0,0,0,0,0,0,0,0,0,0,0,0,1,0,0,10035,459.88,4,0,13.7964,2016,4,7,915,1128
0,0,1,0,0,1,0,0,1,0,0,0,0,0,0,0,0,0,0,0,0,0,0,0,1,0,10035,7.76,2,0,2.2504,2016,4,7,915,1128
0,0,1,0,0,1,0,0,1,0,0,1,0,0,0,0,0,0,0,0,0,0,0,0,0,0,10035,71.96,2,0,17.99,2016,4,7,915,1128
0,0,1,0,0,1,0,0,1,0,0,0,0,0,0,0,0,0,0,0,0,0,0,0,1,0,10035,54.9,5,0,15.372,2016,4,7,915,1128
0,0,1,0,0,1,0,0,1,0,0,0,1,0,0,0,0,0,0,0,0,0,0,0,0,0,10035,9.28,2,0.2,3.248,2016,4,7,915,1128
0,0,0,1,0,0,0,1,0,0,0,0,0,0,0,0,0,0,0,0,0,0,0,0,0,1,89015,1685.88,6,0,320.3172,2016,5,1,51,39
0,0,0,1,0,0,0,1,1,0,0,0,1,0,0,0,0,0,0,0,0,0,0,0,0,0,89015,5.728,2,0.2,2.0048,2016,5,1,51,39
0,1,0,0,0,0,0,1,1,0,0,0,0,0,0,0,0,0,0,0,0,1,0,0,0,0,98103,61.96,2,0,27.882,2014,10,5,428,506
0,1,0,0,0,0,0,1,1,0,0,0,1,0,0,0,0,0,0,0,0,0,0,0,0,0,98103,1.344,1,0.2,0.4704,2014,10,5,428,506
0,0,1,1,0,1,0,0,1,0,0,0,0,0,0,0,0,0,0,0,0,1,0,0,0,0,10009,17.94,3,0,8.7906,2017,2,4,915,1128
0,0,1,1,0,0,0,1,1,0,0,0,1,0,0,0,0,0,0,0,0,0,0,0,0,0,98103,13.904,2,0.2,4.5188,2017,11,7,428,506
0,0,1,1,0,0,1,0,1,0,0,0,1,0,0,0,0,0,0,0,0,0,0,0,0,0,37167,67.194,1,0.7,-51.5154,2014,1,6,24,183
0,0,1,0,0,0,0,1,1,0,0,0,0,0,0,0,0,0,0,0,0,1,0,0,0,0,98105,41.86,7,0,18.837,2017,12,7,428,506
0,0,1,0,0,0,0,1,0,0,0,0,0,1,0,0,0,0,0,0,0,0,0,0,0,0,98105,141.96,2,0,41.1684,2017,12,7,428,506
0,0,1,1,0,1,0,0,0,0,0,0,0,0,0,0,0,0,1,0,0,0,0,0,0,0,10035,10.02,3,0,4.4088,2015,8,7,915,1128
0,0,1,1,0,1,0,0,1,0,0,0,0,0,0,0,0,0,0,0,0,1,0,0,0,0,10035,144.12,3,0,69.1776,2015,8,7,915,1128
0,1,0,0,0,0,1,0,1,0,0,0,0,0,0,0,0,0,0,0,0,1,0,0,0,0,30318,17.94,3,0,8.7906,2016,9,2,39,184
0,1,0,0,0,0,1,0,1,0,0,1,0,0,0,0,0,0,0,0,0,0,0,0,0,0,30318,13.89,3,0,4.5837,2016,9,2,39,184
0,0,1,0,0,1,0,0,1,0,0,0,0,0,0,0,0,0,0,0,0,1,0,0,0,0,19711,16.45,5,0,7.567,2016,11,6,95,96
0,0,1,0,0,1,0,0,0,0,0,0,0,0,0,0,0,0,1,0,0,0,0,0,0,0,19711,19.92,4,0,6.5736,2016,11,6,95,96
0,0,1,0,0,0,1,0,0,1,0,0,0,0,0,0,0,0,0,0,0,0,0,0,0,0,37211,35.168,4,0.2,8.3524,2016,4,6,29,183
0,0,1,0,0,0,1,0,1,0,0,0,0,0,0,0,0,0,0,0,0,1,0,0,0,0,37211,123.088,7,0.2,40.0036,2016,4,6,29,183
0,0,1,0,1,0,0,0,0,0,0,0,0,0,0,0,0,0,0,0,0,0,0,0,0,1,47374,257.94,3,0,67.0644,2017,11,5,90,149
0,0,1,0,1,0,0,0,0,1,0,0,0,0,0,0,0,0,0,0,0,0,1,0,0,0,47374,1879.96,4,0,545.1884,2017,11,5,90,149
0,0,1,0,1,0,0,0,0,0,0,0,0,0,0,0,0,0,1,0,0,0,0,0,0,0,47374,27.46,2,0,9.8856,2017,11,5,90,149
0,0,1,0,1,0,0,0,0,1,0,0,0,0,0,0,0,0,0,0,0,0,1,0,0,0,47374,89.98,2,0,43.1904,2017,11,5,90,149
0,0,1,0,1,0,0,0,0,0,0,0,0,0,1,0,0,0,0,0,0,0,0,0,0,0,47374,828.6,3,0,240.294,2017,11,5,90,149
0,0,1,0,0,0,1,0,1,0,0,0,1,0,0,0,0,0,0,0,0,0,0,0,0,0,33180,7.23,5,0.7,-5.784,2015,11,7,57,383
0,0,1,0,0,0,1,0,1,0,0,0,0,0,0,0,0,0,0,0,0,0,0,1,0,0,33180,17.44,2,0.2,1.308,2015,11,7,57,383
0,0,1,0,0,0,1,0,1,0,0,0,1,0,0,0,0,0,0,0,0,0,0,0,0,0,33180,62.88,4,0.7,-50.304,2015,11,7,57,383
0,0,1,0,0,0,1,0,0,0,0,0,0,1,0,0,0,0,0,0,0,0,0,0,0,0,33180,290.352,3,0.2,-36.294,2015,11,7,57,383
1,0,0,0,0,0,0,0,0,1,0,0,0,0,0,0,0,0,0,0,0,0,0,0,0,0,63301,113.52,4,0,46.5432,2017,9,0,10,66
1,0,0,0,0,0,0,0,0,0,0,0,0,0,0,0,0,0,1,0,0,0,0,0,0,0,63301,135.3,5,0,37.884,2017,9,0,10,66
0,0,1,0,1,0,1,0,0,0,0,0,0,0,0,0,0,0,1,0,0,0,0,0,0,0,23464,111.15,5,0,48.906,2014,11,5,16,224
0,0,1,0,1,1,0,0,0,1,0,0,0,0,0,0,0,0,0,0,0,0,1,0,0,0,19140,776.85,5,0.4,-181.265,2017,3,5,537,587
0,0,1,0,1,1,0,0,1,0,0,0,1,0,0,0,0,0,0,0,0,0,0,0,0,0,19140,12.294,1,0.7,-8.6058,2017,3,5,537,587
0,0,1,0,1,1,0,0,0,0,0,0,0,0,0,0,0,0,0,0,0,0,0,0,0,1,19140,154.764,3,0.4,-46.4292,2017,3,5,537,587
0,0,1,0,1,1,0,0,1,0,0,0,0,0,0,0,0,0,0,0,0,0,0,1,0,0,19140,43.28,1,0.2,3.246,2017,3,5,537,587
0,0,1,0,0,1,0,0,1,0,0,0,0,0,0,0,0,0,0,0,0,1,0,0,0,0,11561,92.94,3,0,41.823,2016,6,5,61,1128
0,0,1,0,0,1,0,0,1,0,1,0,0,0,0,0,0,0,0,0,0,0,0,0,0,0,11561,52.56,3,0,18.396,2016,6,5,61,1128
0,0,1,0,0,0,0,0,0,1,0,0,0,0,0,0,0,0,0,0,0,0,1,0,0,0,77070,971.88,3,0.2,109.3365,2015,6,4,377,985
0,0,1,0,1,0,1,0,0,0,0,0,0,0,1,0,0,0,0,0,0,0,0,0,0,0,35401,141.96,2,0,35.49,2017,12,4,2,61
0,1,0,0,0,0,0,1,0,0,0,0,0,0,0,0,0,0,0,0,0,0,0,0,0,1,85204,182.55,2,0.5,-135.087,2017,12,3,28,224
0,0,1,1,0,0,1,0,1,0,0,0,0,0,0,0,0,0,0,0,0,1,0,0,0,0,28540,88.768,2,0.2,31.0688,2014,10,6,125,249
0,0,1,0,0,0,0,0,1,0,1,0,0,0,0,0,0,0,0,0,0,0,0,0,0,0,60610,53.088,7,0.8,-108.8304,2015,12,5,314,492
0,1,0,0,0,0,1,0,0,0,0,0,0,0,0,0,0,0,1,0,0,0,0,0,0,0,31907,275.88,6,0,46.8996,2015,12,2,222,184
0,1,0,0,0,0,1,0,1,0,0,0,1,0,0,0,0,0,0,0,0,0,0,0,0,0,31907,157.9,5,0,74.213,2015,12,2,222,184
0,0,1,0,0,1,0,0,1,0,0,0,0,0,0,0,0,0,0,1,0,0,0,0,0,0,7050,4.91,1,0,2.4059,2017,4,5,6,130
0,1,0,0,0,0,0,1,1,0,0,0,0,0,0,0,0,0,0,0,0,0,0,1,0,0,90032,87.92,4,0,0.8792,2016,3,3,747,2001
0,1,0,0,0,0,0,1,1,0,0,0,0,0,0,0,0,0,0,0,0,1,0,0,0,0,90032,5.98,1,0,2.9302,2016,3,3,747,2001
0,1,0,0,1,0,0,0,0,1,0,0,0,0,0,0,0,0,0,0,0,0,1,0,0,0,60623,222.384,2,0.2,16.6788,2015,5,5,314,492
0,1,0,0,1,0,0,0,1,0,0,0,0,0,0,0,0,1,0,0,0,0,0,0,0,0,60623,16,4,0.2,5.6,2015,5,5,314,492
0,0,1,0,0,0,1,0,1,0,0,0,0,0,0,0,0,0,0,0,0,1,0,0,0,0,23223,21.84,3,0,10.92,2014,7,5,90,224
0,0,1,0,0,0,1,0,1,0,0,0,1,0,0,0,0,0,0,0,0,0,0,0,0,0,23223,15.6,5,0,7.644,2014,7,5,90,224
0,1,0,1,0,1,0,0,1,0,0,0,0,0,0,0,1,0,0,0,0,0,0,0,0,0,12180,247.84,8,0,121.4416,2014,4,2,29,1128
0,1,0,1,0,1,0,0,1,0,0,0,1,0,0,0,0,0,0,0,0,0,0,0,0,0,12180,9.912,3,0.2,3.3453,2014,4,2,29,1128
0,0,0,0,0,1,0,0,1,0,0,0,0,0,0,0,0,0,0,0,0,0,0,1,0,0,2908,69.52,2,0,17.38,2016,9,3,31,56
0,1,0,0,0,0,0,1,1,0,0,1,0,0,0,0,0,0,0,0,0,0,0,0,0,0,94122,11.52,4,0,3.2256,2014,7,2,510,2001
0,1,0,0,0,0,0,1,0,0,0,0,0,0,1,0,0,0,0,0,0,0,0,0,0,0,94122,717.72,3,0.2,71.772,2014,7,2,510,2001
0,1,0,0,0,0,0,1,1,0,0,0,0,0,0,0,0,0,0,0,0,0,0,1,0,0,94122,236.5,10,0,68.585,2014,7,2,510,2001
0,1,0,0,0,0,0,1,0,0,0,0,0,0,0,0,0,0,0,0,0,0,0,0,0,1,94122,170.352,3,0.2,19.1646,2014,7,2,510,2001
0,0,1,0,0,1,0,0,0,0,0,0,0,0,1,0,0,0,0,0,0,0,0,0,0,0,10009,145.764,2,0.1,3.2392,2017,10,6,915,1128
0,1,0,0,0,0,0,1,0,1,0,0,0,0,0,0,0,0,0,0,0,0,0,0,0,0,94109,107.97,3,0,22.6737,2017,4,2,510,2001
0,0,1,1,0,0,0,0,0,1,0,0,0,0,0,0,0,0,0,0,0,0,0,0,0,0,77070,143.96,5,0.2,1.7995,2017,3,4,377,985
0,0,1,1,0,0,0,0,0,1,0,0,0,0,0,1,0,0,0,0,0,0,0,0,0,0,77070,2399.96,5,0.2,569.9905,2017,3,4,377,985
0,0,1,1,0,0,0,0,1,0,0,0,0,0,0,0,0,0,0,0,0,1,0,0,0,0,77070,74.352,3,0.2,23.235,2017,3,4,377,985
0,0,1,1,0,0,0,0,1,0,1,0,0,0,0,0,0,0,0,0,0,0,0,0,0,0,77070,87.168,8,0.8,-226.6368,2017,3,4,377,985
0,0,1,1,0,0,0,0,1,0,0,0,0,0,0,0,0,0,0,0,0,0,0,1,0,0,77070,32.232,3,0.2,2.4174,2017,3,4,377,985
0,0,1,1,0,1,0,0,1,0,0,0,1,0,0,0,0,0,0,0,0,0,0,0,0,0,19140,2.202,2,0.7,-1.5414,2017,5,6,537,587
0,0,1,1,0,1,0,0,1,0,0,0,1,0,0,0,0,0,0,0,0,0,0,0,0,0,19140,9.396,3,0.7,-7.5168,2017,5,6,537,587
0,0,1,0,0,1,0,0,0,1,0,0,0,0,0,0,0,0,0,0,0,0,1,0,0,0,21215,89.97,3,0,25.1916,2016,11,4,43,105
0,0,0,1,0,0,1,0,1,0,0,1,0,0,0,0,0,0,0,0,0,0,0,0,0,0,30605,12.78,3,0,5.2398,2014,1,1,8,184
0,1,0,0,0,1,0,0,0,1,0,0,0,0,0,0,0,0,0,0,0,0,0,0,0,0,43130,40,2,0.2,0.5,2016,12,3,46,469
0,0,1,0,1,0,0,1,1,0,0,0,1,0,0,0,0,0,0,0,0,0,0,0,0,0,90032,23.24,5,0.2,7.553,2017,4,4,747,2001
0,0,0,0,0,1,0,0,0,0,0,0,0,0,1,0,0,0,0,0,0,0,0,0,0,0,21215,908.82,9,0,227.205,2017,4,2,43,105
0,0,1,0,1,0,0,0,1,0,0,0,0,0,0,0,0,0,0,0,0,0,0,0,1,0,77095,5.552,2,0.2,-1.041,2017,8,7,377,985
0,0,1,0,1,0,0,0,1,0,0,1,0,0,0,0,0,0,0,0,0,0,0,0,0,0,77095,8.016,3,0.2,1.002,2017,8,7,377,985
0,0,1,0,1,0,0,0,0,0,0,0,0,0,1,0,0,0,0,0,0,0,0,0,0,0,77095,74.592,4,0.3,-2.1312,2017,8,7,377,985
0,0,1,0,1,0,0,0,0,0,0,0,0,0,0,0,0,0,1,0,0,0,0,0,0,0,77095,16.784,2,0.6,-22.2388,2017,8,7,377,985
0,0,1,0,1,0,0,0,1,0,1,0,0,0,0,0,0,0,0,0,0,0,0,0,0,0,77095,38.864,4,0.8,-99.1032,2017,8,7,377,985
0,0,0,0,1,0,0,1,0,1,0,0,0,0,0,0,0,0,0,0,0,0,1,0,0,0,92024,203.976,3,0.2,25.497,2016,11,3,170,2001
0,0,0,0,1,0,0,1,0,0,0,0,0,0,0,0,0,0,0,0,0,0,0,0,0,1,92024,674.352,3,0.2,-8.4294,2016,11,3,170,2001
0,1,0,0,0,0,1,0,1,0,0,0,1,0,0,0,0,0,0,0,0,0,0,0,0,0,33012,5.388,4,0.7,-4.49,2016,10,5,18,383
0,1,0,0,0,0,1,0,1,0,0,1,0,0,0,0,0,0,0,0,0,0,0,0,0,0,33012,30.976,8,0.2,5.0336,2016,10,5,18,383
0,0,0,0,0,0,1,0,1,0,0,0,0,0,0,0,0,0,0,0,0,0,0,1,0,0,30318,1350.12,6,0,175.5156,2016,2,2,39,184
0,0,0,0,0,0,1,0,1,0,0,0,1,0,0,0,0,0,0,0,0,0,0,0,0,0,30318,15.92,4,0,7.4824,2016,2,2,39,184
0,0,1,0,1,0,0,1,0,0,0,0,0,0,0,0,0,0,1,0,0,0,0,0,0,0,98103,19.54,2,0,7.2298,2016,11,4,428,506
0,0,1,0,1,0,0,1,1,0,0,1,0,0,0,0,0,0,0,0,0,0,0,0,0,0,90036,21.4,5,0,6.206,2014,4,4,747,2001
0,0,1,0,1,0,0,1,1,0,0,0,0,0,0,0,0,0,0,1,0,0,0,0,0,0,90036,12.6,2,0,5.796,2014,4,4,747,2001
0,0,1,0,1,1,0,0,1,0,0,1,0,0,0,0,0,0,0,0,0,0,0,0,0,0,10035,11.96,2,0,3.1096,2015,8,4,915,1128
0,0,1,0,1,1,0,0,0,1,0,0,0,0,0,0,0,0,0,0,0,0,1,0,0,0,10035,138,2,0,34.5,2015,8,4,915,1128
0,0,1,0,0,0,1,0,0,1,0,0,0,0,0,0,0,0,0,0,0,0,1,0,0,0,33311,116.76,1,0.2,14.595,2016,11,6,15,383
0,0,1,0,0,0,1,0,0,0,0,0,0,0,0,0,0,0,0,0,0,0,0,0,0,1,33311,331.023,7,0.45,-114.3534,2016,11,6,15,383
1,0,0,1,0,1,0,0,0,0,0,0,0,0,0,0,0,0,1,0,0,0,0,0,0,0,14609,756.8,5,0,75.68,2016,10,0,53,1128
0,0,1,0,1,0,0,0,0,0,0,0,0,0,0,0,0,0,1,0,0,0,0,0,0,0,60174,8.736,3,0.6,-4.8048,2014,12,4,10,492
0,0,1,0,0,1,0,0,1,0,0,1,0,0,0,0,0,0,0,0,0,0,0,0,0,0,10024,6.08,2,0,2.0672,2015,9,7,915,1128
0,0,1,0,0,0,0,1,0,0,0,0,0,0,0,0,0,0,1,0,0,0,0,0,0,0,94109,17.46,2,0,5.9364,2017,10,4,510,2001
0,0,1,0,0,0,0,1,0,1,0,0,0,0,0,0,0,0,0,0,1,0,0,0,0,0,94109,369.16,11,0.2,32.3015,2017,10,4,510,2001
0,0,0,1,0,0,0,1,1,0,0,1,0,0,0,0,0,0,0,0,0,0,0,0,0,0,85023,2.912,2,0.2,0.91,2016,9,2,63,224
0,0,0,1,0,0,0,1,1,0,0,0,0,0,0,0,0,0,0,0,0,1,0,0,0,0,85023,20.736,4,0.2,7.2576,2016,9,2,63,224
0,0,0,1,0,0,0,1,1,0,0,0,0,0,0,0,0,0,0,0,0,1,0,0,0,0,85023,9.568,2,0.2,2.99,2016,9,2,63,224
0,0,1,1,0,0,0,1,1,0,0,0,0,0,0,0,0,0,0,0,0,1,0,0,0,0,98115,30.18,3,0,13.8828,2016,6,4,428,506
0,0,1,1,0,0,0,1,1,0,0,0,1,0,0,0,0,0,0,0,0,0,0,0,0,0,98115,51.648,12,0.2,18.7224,2016,6,4,428,506
0,0,1,1,0,0,0,1,1,0,0,0,1,0,0,0,0,0,0,0,0,0,0,0,0,0,98115,11.232,3,0.2,3.9312,2016,6,4,428,506
0,0,1,0,0,0,0,1,1,0,0,0,0,0,0,0,0,0,0,1,0,0,0,0,0,0,93010,14.73,3,0,7.2177,2017,10,4,5,2001
0,1,0,1,0,0,0,0,1,0,0,1,0,0,0,0,0,0,0,0,0,0,0,0,0,0,48205,16.4,5,0,4.756,2015,9,3,115,255
0,1,0,1,0,0,0,0,1,0,0,0,0,0,0,0,0,0,0,0,0,1,0,0,0,0,48205,25.92,4,0,12.4416,2015,9,3,115,255
0,0,0,0,0,0,0,1,1,0,0,1,0,0,0,0,0,0,0,0,0,0,0,0,0,0,94109,8.82,3,0,2.5578,2015,5,3,510,2001
0,0,0,0,0,0,0,1,1,0,0,0,1,0,0,0,0,0,0,0,0,0,0,0,0,0,94109,62.496,2,0.2,21.8736,2015,5,3,510,2001
0,0,0,0,0,0,0,1,0,1,0,0,0,0,0,0,0,0,0,0,0,0,0,0,0,0,94109,339.96,4,0,122.3856,2015,5,3,510,2001
0,0,0,0,0,0,0,1,1,0,0,0,1,0,0,0,0,0,0,0,0,0,0,0,0,0,94109,49.568,2,0.2,17.3488,2015,5,3,510,2001
0,0,1,0,0,1,0,0,1,0,0,0,1,0,0,0,0,0,0,0,0,0,0,0,0,0,19140,274.491,3,0.7,-228.7425,2017,1,4,537,587
0,0,1,0,0,1,0,0,0,1,0,0,0,0,0,0,0,0,0,0,0,0,1,0,0,0,10035,137.94,3,0,35.8644,2017,1,4,915,1128
0,0,1,0,0,0,0,0,0,1,0,0,0,0,0,0,0,0,0,0,0,0,0,0,0,0,60623,40.68,3,0.2,-7.119,2017,9,4,314,492
0,0,1,0,0,0,0,1,0,1,0,0,0,0,0,0,0,0,0,0,0,0,1,0,0,0,94122,110.376,3,0.2,12.4173,2016,7,4,510,2001
0,0,1,0,0,0,0,1,1,0,1,0,0,0,0,0,0,0,0,0,0,0,0,0,0,0,94122,151.62,7,0,50.0346,2016,7,4,510,2001
0,0,1,0,0,0,0,1,0,0,0,0,0,0,0,0,0,0,1,0,0,0,0,0,0,0,94122,30.8,4,0,10.164,2016,7,4,510,2001
0,0,1,1,0,1,0,0,1,0,0,0,0,0,0,0,0,0,0,0,0,1,0,0,0,0,19134,123.92,5,0.2,38.725,2017,2,4,537,587
0,0,1,1,0,1,0,0,0,1,0,0,0,0,0,0,0,0,0,0,0,0,0,0,0,0,19134,1319.8,5,0.2,214.4675,2017,2,4,537,587
0,0,0,0,0,0,0,1,1,0,0,0,1,0,0,0,0,0,0,0,0,0,0,0,0,0,94122,89.712,6,0.2,30.2778,2014,7,2,510,2001
0,0,0,0,0,0,0,1,1,0,0,0,0,0,0,0,0,0,0,0,0,1,0,0,0,0,94122,22.83,3,0,10.7301,2014,7,2,510,2001
0,0,0,0,0,1,0,0,1,0,0,0,1,0,0,0,0,0,0,0,0,0,0,0,0,0,6824,30.88,2,0,15.44,2017,3,2,45,82
0,0,0,0,0,1,0,0,1,0,1,0,0,0,0,0,0,0,0,0,0,0,0,0,0,0,6824,465.16,2,0,120.9416,2017,3,2,45,82
0,0,0,0,0,1,0,0,1,0,0,0,0,0,0,0,0,0,0,0,0,1,0,0,0,0,6824,27.12,4,0,12.4752,2017,3,2,45,82
0,0,1,0,0,1,0,0,0,0,0,0,0,0,0,0,0,0,1,0,0,0,0,0,0,0,10011,113.6,8,0,44.304,2016,3,4,915,1128
0,0,1,0,0,1,0,0,1,0,0,0,0,0,0,0,0,0,0,0,0,1,0,0,0,0,10011,12.96,2,0,6.3504,2016,3,4,915,1128
0,0,1,0,0,1,0,0,1,0,0,0,1,0,0,0,0,0,0,0,0,0,0,0,0,0,10011,69.456,2,0.2,22.5732,2016,3,4,915,1128
0,0,0,0,0,0,0,1,1,0,0,1,0,0,0,0,0,0,0,0,0,0,0,0,0,0,90049,8.64,3,0,2.4192,2014,12,3,747,2001
1,0,0,1,0,1,0,0,0,1,0,0,0,0,0,0,0,0,0,0,1,0,0,0,0,0,19143,341.991,3,0.7,-319.1916,2016,7,0,537,587
0,0,1,0,0,0,0,1,0,0,0,0,0,0,0,0,0,0,1,0,0,0,0,0,0,0,95123,43.96,7,0,18.4632,2016,12,6,42,2001
0,0,1,0,0,0,0,1,1,0,0,0,0,0,0,0,1,0,0,0,0,0,0,0,0,0,95123,39.76,7,0,18.6872,2016,12,6,42,2001
0,1,0,0,0,0,0,1,0,0,0,0,0,0,0,0,0,0,1,0,0,0,0,0,0,0,91104,66.36,7,0,26.544,2017,4,2,42,2001
0,1,0,0,0,0,0,1,1,0,0,0,1,0,0,0,0,0,0,0,0,0,0,0,0,0,91104,92.88,6,0.2,30.186,2017,4,2,42,2001
0,1,0,0,0,0,0,1,0,0,0,0,0,0,0,0,0,0,1,0,0,0,0,0,0,0,91104,24.14,2,0,7.9662,2017,4,2,42,2001
0,1,0,0,0,1,0,0,0,0,0,0,0,0,1,0,0,0,0,0,0,0,0,0,0,0,19134,4416.174,9,0.3,-630.882,2017,8,5,537,587
0,0,0,0,0,0,0,1,1,0,0,1,0,0,0,0,0,0,0,0,0,0,0,0,0,0,90049,49.56,7,0,18.8328,2017,5,3,747,2001
0,0,1,0,0,0,0,1,1,0,0,0,0,0,0,0,0,0,0,0,0,0,0,1,0,0,90032,354.9,5,0,17.745,2017,2,4,747,2001
0,0,1,1,0,1,0,0,1,0,0,0,0,0,0,0,0,0,0,1,0,0,0,0,0,0,43229,15.12,3,0.2,4.914,2014,3,5,222,469
0,0,1,1,0,1,0,0,0,0,0,0,0,1,0,0,0,0,0,0,0,0,0,0,0,0,43229,302.45,5,0.5,-199.617,2014,3,5,222,469
0,0,1,1,0,1,0,0,1,0,0,0,0,0,0,0,0,0,0,0,0,0,0,1,0,0,43229,44.672,8,0.2,-10.0512,2014,3,5,222,469
0,1,0,0,0,0,0,1,0,1,0,0,0,0,0,0,0,0,0,0,0,0,0,0,0,0,90008,119.98,2,0,35.994,2015,6,5,747,2001
0,1,0,0,0,0,0,1,0,1,0,0,0,0,0,0,0,0,0,0,0,0,0,0,0,0,90008,989.97,3,0,395.988,2015,6,5,747,2001
0,0,1,1,0,0,1,0,1,0,0,0,0,0,0,0,0,0,0,1,0,0,0,0,0,0,33021,9.216,4,0.2,3.3408,2016,8,6,11,383
0,0,1,1,0,0,0,0,1,0,0,0,0,0,0,0,0,0,0,0,0,1,0,0,0,0,48066,68.52,3,0,31.5192,2016,9,6,26,255
0,0,1,0,1,0,0,0,1,0,1,0,0,0,0,0,0,0,0,0,0,0,0,0,0,0,54880,364.74,3,0,109.422,2016,5,5,9,110
0,0,1,0,1,0,0,0,0,0,0,0,0,0,0,0,0,0,1,0,0,0,0,0,0,0,54880,47.4,5,0,21.33,2016,5,5,9,110
0,0,1,0,1,0,0,0,1,0,0,0,0,0,0,0,0,0,0,0,0,0,0,1,0,0,54880,49.76,4,0,13.9328,2016,5,5,9,110
0,0,1,0,1,0,0,0,1,0,0,1,0,0,0,0,0,0,0,0,0,0,0,0,0,0,54880,5.56,2,0,1.4456,2016,5,5,9,110
0,0,1,0,1,0,0,0,1,0,0,0,0,0,0,0,0,0,0,0,0,1,0,0,0,0,54880,629.1,6,0,301.968,2016,5,5,9,110
0,0,1,0,1,0,0,0,1,0,0,1,0,0,0,0,0,0,0,0,0,0,0,0,0,0,54880,14.7,5,0,3.969,2016,5,5,9,110
0,0,1,0,1,0,0,0,1,0,0,0,0,0,0,0,0,0,0,0,0,1,0,0,0,0,54880,45.36,7,0,21.7728,2016,5,5,9,110
0,0,1,0,1,0,0,0,0,1,0,0,0,0,0,0,0,0,0,0,0,0,1,0,0,0,54880,125.99,1,0,35.2772,2016,5,5,9,110
0,1,0,1,0,0,0,1,1,0,0,1,0,0,0,0,0,0,0,0,0,0,0,0,0,0,91360,14.7,7,0,4.116,2017,6,3,5,2001
0,0,1,1,0,1,0,0,0,1,0,0,0,0,0,0,0,0,0,0,0,0,1,0,0,0,19134,32.7,5,0.4,-6.54,2017,10,6,537,587
0,0,1,1,0,1,0,0,1,0,0,0,0,0,0,0,1,0,0,0,0,0,0,0,0,0,19134,31.68,4,0.2,11.088,2017,10,6,537,587
0,0,1,0,0,0,1,0,1,0,0,1,0,0,0,0,0,0,0,0,0,0,0,0,0,0,22153,181.86,7,0,50.9208,2017,6,4,163,224
0,1,0,1,0,0,0,0,0,0,0,0,0,0,1,0,0,0,0,0,0,0,0,0,0,0,77095,155.372,2,0.3,-35.5136,2014,11,3,377,985
1,0,0,0,0,0,1,0,1,0,0,0,1,0,0,0,0,0,0,0,0,0,0,0,0,0,38401,13.428,3,0.7,-11.19,2017,8,0,81,183
1,0,0,0,0,0,1,0,1,0,0,0,0,0,0,0,0,0,0,0,0,0,0,1,0,0,38401,67.136,4,0.2,-0.8392,2017,8,0,81,183
0,0,1,0,0,0,1,0,1,0,0,0,0,0,0,0,0,0,0,0,0,1,0,0,0,0,28027,89.568,2,0.2,32.4684,2016,1,6,31,249
0,0,1,0,0,0,1,0,0,0,0,0,0,0,0,0,0,0,1,0,0,0,0,0,0,0,28027,315.776,8,0.2,31.5776,2016,1,6,31,249
0,0,1,1,0,0,0,1,0,0,0,0,0,1,0,0,0,0,0,0,0,0,0,0,0,0,95123,273.666,2,0.15,-12.8784,2016,9,6,42,2001
0,0,1,1,0,0,0,1,1,0,1,0,0,0,0,0,0,0,0,0,0,0,0,0,0,0,95123,17.48,4,0,4.5448,2016,9,6,42,2001
0,0,1,1,0,0,1,0,1,0,0,0,0,0,0,0,0,0,0,0,0,0,0,0,1,0,27405,20.608,2,0.2,-4.3792,2016,10,4,13,249
0,0,1,1,0,0,1,0,1,0,0,0,1,0,0,0,0,0,0,0,0,0,0,0,0,0,27405,4.095,3,0.7,-2.73,2016,10,4,13,249
0,0,1,0,1,0,0,1,0,1,0,0,0,0,0,0,0,0,0,0,0,0,1,0,0,0,59601,339.96,5,0.2,42.495,2015,11,4,3,15
0,0,1,0,1,0,0,1,0,0,0,0,0,0,0,0,0,0,1,0,0,0,0,0,0,0,59601,63.98,7,0,21.7532,2015,11,4,3,15
0,0,1,0,1,0,1,0,0,1,0,0,0,0,0,0,0,0,0,0,0,0,0,0,0,0,33311,799.92,10,0.2,239.976,2014,11,4,15,383
0,0,0,0,1,0,0,1,0,1,0,0,0,0,0,0,0,0,0,0,0,0,1,0,0,0,94110,35.984,2,0.2,4.498,2016,7,2,510,2001
0,0,0,0,1,0,0,1,0,1,0,0,0,0,0,0,0,0,0,0,0,0,0,0,0,0,94110,389.97,3,0,132.5898,2016,7,2,510,2001
1,0,0,1,0,0,0,1,0,1,0,0,0,0,0,0,0,0,0,0,0,0,0,0,0,0,85364,185.528,7,0.2,48.7011,2016,5,0,4,224
0,0,1,0,0,1,0,0,1,0,0,0,1,0,0,0,0,0,0,0,0,0,0,0,0,0,21044,2541.98,2,0,1270.99,2015,2,6,81,105
0,0,1,0,1,0,0,1,0,1,0,0,0,0,0,0,0,0,0,0,1,0,0,0,0,0,85364,599.985,5,0.7,-479.988,2017,10,5,4,224
0,0,1,0,0,0,0,0,1,0,0,0,1,0,0,0,0,0,0,0,0,0,0,0,0,0,60653,3.036,3,0.8,-5.0094,2017,6,7,314,492
0,0,1,0,0,1,0,0,1,0,0,1,0,0,0,0,0,0,0,0,0,0,0,0,0,0,44105,25.92,5,0.2,3.888,2017,9,4,42,469
0,0,1,0,0,1,0,0,0,0,0,0,0,0,0,0,0,0,1,0,0,0,0,0,0,0,44105,66.112,2,0.2,-9.0904,2017,9,4,42,469
0,0,1,0,0,0,0,1,0,1,0,0,0,0,0,0,0,0,0,0,0,0,0,0,0,0,94110,46.36,4,0,15.2988,2017,10,5,510,2001
0,0,1,1,0,0,0,0,0,1,0,0,0,0,0,0,0,0,0,0,0,0,0,0,0,0,73120,6.9,1,0,0.552,2016,6,5,23,66
0,0,1,1,0,0,0,0,0,0,0,0,0,0,0,0,0,0,1,0,0,0,0,0,0,0,73120,57.69,3,0,23.6529,2016,6,5,23,66
0,0,1,1,0,0,0,0,0,1,0,0,0,0,0,0,0,0,0,0,1,0,0,0,0,0,77095,559.71,3,0.4,-121.2705,2014,9,5,377,985
0,0,0,0,0,0,0,1,1,0,0,0,0,0,0,0,0,0,0,0,0,0,0,1,0,0,94122,305.01,9,0,76.2525,2016,1,1,510,2001
0,0,0,0,0,0,0,1,1,0,0,0,1,0,0,0,0,0,0,0,0,0,0,0,0,0,94122,50.784,2,0.2,17.7744,2016,1,1,510,2001
0,0,0,0,0,0,0,1,1,0,0,0,0,0,0,0,0,0,0,1,0,0,0,0,0,0,94122,26.01,9,0,12.2247,2016,1,1,510,2001
0,0,1,0,0,0,1,0,0,1,0,0,0,0,0,0,0,0,0,0,1,0,0,0,0,0,37211,649,2,0.5,-272.58,2017,12,5,29,183
0,0,1,0,0,0,0,1,0,0,0,0,0,0,0,0,0,0,1,0,0,0,0,0,0,0,90036,59.99,7,0,21.5964,2016,1,6,747,2001
0,0,1,0,0,0,0,1,0,0,0,0,0,0,0,0,0,0,1,0,0,0,0,0,0,0,98006,20.24,1,0,7.8936,2015,5,5,6,506
0,0,0,0,0,0,0,0,1,0,0,1,0,0,0,0,0,0,0,0,0,0,0,0,0,0,77036,37.84,2,0.2,2.838,2014,5,1,377,985
0,0,0,0,0,0,0,0,1,0,0,0,0,0,0,0,0,1,0,0,0,0,0,0,0,0,77036,5.472,6,0.2,1.8468,2014,5,1,377,985
0,1,0,1,0,1,0,0,1,0,0,0,0,0,0,0,0,0,0,0,0,0,0,1,0,0,19143,77.24,5,0.2,7.724,2015,2,4,537,587
0,0,0,0,0,0,0,0,0,0,0,0,0,0,0,0,0,0,0,0,0,0,0,0,0,1,60016,292.1,4,0.5,-175.26,2014,11,3,6,492
0,0,0,0,0,0,0,0,0,0,0,0,0,0,0,0,0,0,1,0,0,0,0,0,0,0,60016,8.544,2,0.6,-7.476,2014,11,3,6,492
0,0,0,0,0,0,0,0,0,0,0,0,0,1,0,0,0,0,0,0,0,0,0,0,0,0,60016,424.116,6,0.3,-30.294,2014,11,3,6,492
0,0,0,0,0,0,0,0,1,0,0,0,1,0,0,0,0,0,0,0,0,0,0,0,0,0,60016,2.892,3,0.8,-4.9164,2014,11,3,6,492
0,0,0,0,0,0,0,0,1,0,0,0,0,0,0,0,0,0,0,0,0,0,0,1,0,0,60016,381.72,5,0.2,-66.801,2014,11,3,6,492
0,0,1,0,0,0,1,0,0,0,0,0,0,0,1,0,0,0,0,0,0,0,0,0,0,0,33437,97.184,2,0.2,6.074,2017,9,4,10,383
0,0,1,0,0,0,1,0,1,0,0,0,0,0,0,0,0,0,0,0,0,1,0,0,0,0,33437,10.368,2,0.2,3.6288,2017,9,4,10,383
0,0,1,0,0,0,0,0,0,0,0,0,0,0,0,0,0,0,0,0,0,0,0,0,0,1,75023,890.841,3,0.3,-152.7156,2014,3,4,15,985
0,1,0,0,0,0,0,1,0,1,0,0,0,0,0,0,0,0,0,0,0,0,0,0,0,0,95123,72,4,0,12.96,2016,11,2,42,2001
0,1,0,0,0,0,0,1,0,0,0,0,0,0,1,0,0,0,0,0,0,0,0,0,0,0,95123,113.888,2,0.2,9.9652,2016,11,2,42,2001
0,1,0,0,0,0,0,1,1,0,0,0,0,0,0,0,1,0,0,0,0,0,0,0,0,0,95123,158.13,3,0,77.4837,2016,11,2,42,2001
0,1,0,1,0,1,0,0,1,0,0,0,0,0,0,0,0,1,0,0,0,0,0,0,0,0,10024,14.13,3,0,0.7065,2017,6,4,915,1128
0,0,1,0,0,0,0,0,1,0,0,0,1,0,0,0,0,0,0,0,0,0,0,0,0,0,48227,64.75,5,0,29.1375,2015,8,4,115,255
0,0,1,0,0,0,1,0,1,0,0,0,1,0,0,0,0,0,0,0,0,0,0,0,0,0,33178,1.872,2,0.7,-1.3104,2015,10,4,57,383
0,0,1,0,0,0,1,0,1,0,0,0,1,0,0,0,0,0,0,0,0,0,0,0,0,0,33178,11.214,2,0.7,-8.5974,2015,10,4,57,383
0,0,1,0,0,0,1,0,1,0,0,1,0,0,0,0,0,0,0,0,0,0,0,0,0,0,33178,37.376,8,0.2,7.4752,2015,10,4,57,383
0,0,1,0,1,0,0,0,0,1,0,0,0,0,0,0,0,0,0,0,0,0,1,0,0,0,60068,286.4,1,0.2,25.06,2016,5,5,3,492
0,1,0,0,0,1,0,0,1,0,0,1,0,0,0,0,0,0,0,0,0,0,0,0,0,0,10024,43.92,3,0,12.7368,2017,5,5,915,1128
0,0,1,1,0,1,0,0,0,0,0,0,0,0,0,0,0,0,0,0,0,0,0,0,0,1,10011,142.182,1,0.4,-37.9152,2016,10,4,915,1128
0,0,1,1,0,0,0,1,1,0,0,0,0,0,0,0,0,0,0,0,0,1,0,0,0,0,97123,19.608,3,0.2,6.6177,2017,11,4,4,124
0,0,1,1,0,0,0,1,1,0,0,0,1,0,0,0,0,0,0,0,0,0,0,0,0,0,97123,4.158,7,0.7,-3.465,2017,11,4,4,124
0,1,0,0,0,1,0,0,0,1,0,0,0,0,0,0,0,0,0,0,0,0,1,0,0,0,10009,979.95,5,0,264.5865,2017,11,3,915,1128
0,1,0,0,0,1,0,0,0,0,0,0,0,0,0,0,0,0,1,0,0,0,0,0,0,0,10009,135.3,5,0,37.884,2017,11,3,915,1128
0,0,1,1,0,0,0,0,1,0,0,0,0,0,0,0,0,0,0,0,0,1,0,0,0,0,60623,8.904,3,0.2,3.339,2017,9,4,314,492
0,0,1,1,0,0,0,0,0,1,0,0,0,0,0,0,0,0,0,0,0,0,0,0,0,0,60623,100.8,2,0.2,21.42,2017,9,4,314,492
0,0,0,0,0,1,0,0,0,0,0,0,0,0,0,0,0,0,1,0,0,0,0,0,0,0,10024,41.96,2,0,10.9096,2017,12,3,915,1128
0,0,0,0,0,1,0,0,1,0,0,0,0,0,0,0,0,0,0,1,0,0,0,0,0,0,10024,9.45,3,0,4.536,2017,12,3,915,1128
0,0,1,0,0,0,0,1,1,0,1,0,0,0,0,0,0,0,0,0,0,0,0,0,0,0,99301,400.8,5,0,112.224,2017,11,7,6,506
0,0,1,0,0,0,0,1,1,0,0,0,1,0,0,0,0,0,0,0,0,0,0,0,0,0,99301,28.792,1,0.2,10.0772,2017,11,7,6,506
0,0,1,0,1,0,0,1,0,0,0,0,0,0,0,0,0,0,1,0,0,0,0,0,0,0,91505,111,2,0,14.43,2014,3,6,3,2001
0,0,1,0,1,0,0,1,0,1,0,0,0,0,0,0,0,0,0,0,1,0,0,0,0,0,91505,1279.968,4,0.2,415.9896,2014,3,6,3,2001
0,0,1,0,1,0,0,1,1,0,0,0,0,0,0,0,0,0,0,0,0,0,0,1,0,0,91505,1856.19,7,0,334.1142,2014,3,6,3,2001
0,0,0,1,0,0,0,0,0,0,0,0,0,0,0,0,0,0,1,0,0,0,0,0,0,0,60623,22.752,6,0.6,-8.532,2016,11,1,314,492
0,0,1,1,0,1,0,0,0,1,0,0,0,0,0,0,0,0,0,0,0,0,1,0,0,0,17602,61.542,1,0.4,-13.3341,2017,10,4,46,587
0,0,1,1,0,1,0,0,1,0,0,0,1,0,0,0,0,0,0,0,0,0,0,0,0,0,17602,81.438,7,0.7,-65.1504,2017,10,4,46,587
0,0,1,0,0,0,1,0,0,0,0,0,0,0,0,0,0,0,1,0,0,0,0,0,0,0,33614,67.36,2,0.2,10.104,2015,4,6,36,383
0,0,1,0,0,0,1,0,0,0,0,0,0,0,0,0,0,0,1,0,0,0,0,0,0,0,33614,54.528,3,0.2,14.3136,2015,4,6,36,383
0,0,1,0,0,1,0,0,0,1,0,0,0,0,0,0,0,0,0,0,0,0,0,0,0,0,10024,843.9,2,0,371.316,2015,12,5,915,1128
0,0,1,0,0,1,0,0,0,0,0,0,0,1,0,0,0,0,0,0,0,0,0,0,0,0,10024,449.568,2,0.2,56.196,2015,12,5,915,1128
0,0,0,1,0,0,0,1,1,0,0,0,0,0,0,0,0,0,0,0,0,0,0,1,0,0,90045,15.51,1,0,3.8775,2017,9,2,747,2001
0,1,0,1,0,1,0,0,0,0,0,0,0,0,1,0,0,0,0,0,0,0,0,0,0,0,10035,192.186,3,0.1,36.3018,2014,12,3,915,1128
0,0,0,1,0,1,0,0,1,0,0,1,0,0,0,0,0,0,0,0,0,0,0,0,0,0,10009,5.76,2,0,1.6128,2015,7,3,915,1128
0,0,1,0,0,0,1,0,0,0,0,0,0,0,1,0,0,0,0,0,0,0,0,0,0,0,30318,67.88,2,0,18.3276,2014,7,6,39,184
0,0,1,0,0,0,1,0,1,0,0,0,0,0,0,0,0,0,0,1,0,0,0,0,0,0,30318,162.89,13,0,76.5583,2014,7,6,39,184
0,0,1,0,0,0,1,0,0,0,0,0,0,0,0,0,0,0,1,0,0,0,0,0,0,0,30318,25.71,3,0,9.2556,2014,7,6,39,184
0,0,1,0,0,1,0,0,1,0,0,0,0,0,0,0,0,0,0,0,0,0,0,1,0,0,10009,191.88,6,0,19.188,2014,12,6,915,1128
0,0,1,1,0,0,1,0,0,0,0,0,0,0,0,0,0,0,0,0,0,0,0,0,0,1,32216,721.875,6,0.45,-420,2017,12,6,125,383
0,0,1,1,0,0,1,0,0,1,0,0,0,0,0,0,0,0,0,0,0,0,1,0,0,0,32216,73.568,4,0.2,-16.5528,2017,12,6,125,383
0,0,1,1,0,0,1,0,1,0,0,1,0,0,0,0,0,0,0,0,0,0,0,0,0,0,32216,13.584,1,0.2,1.3584,2017,12,6,125,383
0,0,1,1,0,0,1,0,0,0,0,0,0,0,1,0,0,0,0,0,0,0,0,0,0,0,32216,64.784,1,0.2,-12.147,2017,12,6,125,383
0,0,1,0,0,0,0,0,1,0,1,0,0,0,0,0,0,0,0,0,0,0,0,0,0,0,77095,176.772,3,0.8,-459.6072,2014,3,4,377,985
0,0,1,1,0,0,0,0,1,0,0,0,1,0,0,0,0,0,0,0,0,0,0,0,0,0,53209,38.82,6,0,19.41,2017,10,6,45,110
0,0,1,1,0,0,0,0,1,0,0,0,1,0,0,0,0,0,0,0,0,0,0,0,0,0,53209,21.9,5,0,10.512,2017,10,6,45,110
0,0,1,0,0,0,0,1,0,1,0,0,0,0,0,0,0,0,0,0,0,0,0,0,0,0,95351,111.79,7,0,43.5981,2017,11,6,3,2001
0,1,0,0,1,1,0,0,0,1,0,0,0,0,0,0,0,0,0,0,0,0,1,0,0,0,44107,445.44,8,0.4,-81.664,2017,3,2,49,469
0,0,1,0,1,1,0,0,1,0,0,0,0,0,0,0,0,0,0,1,0,0,0,0,0,0,19134,16.52,5,0.2,5.369,2016,9,7,537,587
0,0,1,0,1,0,0,1,1,0,0,0,0,0,0,0,0,0,0,0,0,1,0,0,0,0,94109,29.9,5,0,13.455,2017,2,7,510,2001
0,1,0,1,0,0,0,0,1,0,0,0,1,0,0,0,0,0,0,0,0,0,0,0,0,0,48205,116.4,8,0,52.38,2015,12,2,115,255
0,0,1,0,1,0,0,1,1,0,0,1,0,0,0,0,0,0,0,0,0,0,0,0,0,0,85023,1.408,1,0.2,0.1584,2016,10,5,63,224
0,0,1,0,1,0,0,1,0,0,0,0,0,0,0,0,0,0,1,0,0,0,0,0,0,0,85023,169.568,2,0.2,0,2016,10,5,63,224
0,1,0,1,0,1,0,0,0,1,0,0,0,0,0,0,0,0,0,0,0,0,1,0,0,0,19143,251.964,6,0.4,-50.3928,2014,12,4,537,587
0,1,0,1,0,1,0,0,0,0,0,0,0,0,0,0,0,0,0,0,0,0,0,0,0,1,19143,523.764,3,0.4,-192.0468,2014,12,4,537,587
0,0,0,0,0,0,0,1,1,0,0,0,0,0,0,0,0,0,0,0,0,1,0,0,0,0,90036,19.44,3,0,9.3312,2016,4,2,747,2001
0,0,0,0,0,0,0,1,0,0,0,0,0,0,1,0,0,0,0,0,0,0,0,0,0,0,90036,194.352,3,0.2,-36.441,2016,4,2,747,2001
0,0,0,0,0,0,0,1,1,0,0,0,1,0,0,0,0,0,0,0,0,0,0,0,0,0,90036,36.624,3,0.2,13.734,2016,4,2,747,2001
0,0,1,1,0,1,0,0,0,1,0,0,0,0,0,0,0,0,0,0,0,0,1,0,0,0,19140,340.182,3,0.4,-73.7061,2016,11,6,537,587
0,0,1,1,0,1,0,0,1,0,0,0,0,0,0,0,0,1,0,0,0,0,0,0,0,0,19140,12.672,8,0.2,2.6928,2016,11,6,537,587
0,0,1,1,0,1,0,0,1,0,0,0,1,0,0,0,0,0,0,0,0,0,0,0,0,0,19140,6.888,2,0.7,-5.0512,2016,11,6,537,587
0,0,1,1,0,1,0,0,1,0,0,0,0,0,0,0,0,0,0,0,0,0,0,1,0,0,19140,32.544,2,0.2,-7.7292,2016,11,6,537,587
0,0,1,1,0,1,0,0,0,0,0,0,0,0,1,0,0,0,0,0,0,0,0,0,0,0,19140,347.802,7,0.3,-24.843,2016,11,6,537,587
0,0,0,1,0,0,1,0,1,0,0,0,1,0,0,0,0,0,0,0,0,0,0,0,0,0,33180,15.57,3,0.7,-11.937,2017,4,2,57,383
0,1,0,0,0,0,1,0,1,0,0,0,0,0,0,0,0,0,0,1,0,0,0,0,0,0,27604,4.608,2,0.2,1.6704,2015,3,2,22,249
0,0,1,1,0,0,0,0,0,1,0,0,0,0,0,0,0,0,0,0,0,0,1,0,0,0,67846,257.98,2,0,74.8142,2014,10,4,5,24
0,1,0,0,0,0,0,1,1,0,0,0,0,0,0,0,0,0,0,0,0,0,0,1,0,0,90805,153.78,11,0,44.5962,2017,1,2,61,2001
0,1,0,0,0,0,0,1,1,0,0,0,0,0,0,0,0,0,0,0,0,0,0,1,0,0,90805,61.02,3,0,0.6102,2017,1,2,61,2001
0,1,0,0,0,0,0,1,1,0,0,0,0,0,0,0,0,0,0,0,0,0,0,0,1,0,90805,110.11,7,0,31.9319,2017,1,2,61,2001
0,1,0,0,0,0,0,1,1,0,0,0,0,0,0,0,0,1,0,0,0,0,0,0,0,0,90805,7.89,1,0,3.5505,2017,1,2,61,2001
0,0,1,1,0,0,0,1,1,0,0,0,1,0,0,0,0,0,0,0,0,0,0,0,0,0,92037,36.024,3,0.2,11.7078,2017,8,7,170,2001
0,0,0,1,0,0,0,0,1,0,0,1,0,0,0,0,0,0,0,0,0,0,0,0,0,0,61701,54.336,4,0.2,5.4336,2017,11,3,15,492
0,0,1,1,0,0,0,1,1,0,0,0,0,0,0,0,0,0,0,0,0,0,0,1,0,0,98115,92.52,6,0,24.9804,2014,9,4,428,506
1,0,0,0,0,0,1,0,1,0,0,1,0,0,0,0,0,0,0,0,0,0,0,0,0,0,28314,10.272,3,0.2,1.1556,2015,5,0,41,249
0,0,1,0,0,0,0,0,1,0,0,0,0,0,0,0,0,0,0,0,0,0,0,1,0,0,68104,40.74,3,0,0.4074,2016,9,5,28,38
0,0,1,0,0,0,0,0,1,0,0,0,0,0,0,0,0,0,0,1,0,0,0,0,0,0,68104,14.4,5,0,7.056,2016,9,5,28,38
0,0,1,0,0,0,0,0,0,1,0,0,0,0,0,0,0,0,0,0,0,0,1,0,0,0,68104,149.95,5,0,41.986,2016,9,5,28,38
0,0,1,0,0,0,0,0,1,0,0,0,0,0,0,0,0,0,0,0,0,0,0,0,1,0,68104,16.9,2,0,5.07,2016,9,5,28,38
0,0,1,0,0,0,0,0,1,0,0,0,0,0,0,0,0,0,0,0,0,1,0,0,0,0,68104,17.61,3,0,8.4528,2016,9,5,28,38
0,0,1,0,0,0,0,0,1,0,1,0,0,0,0,0,0,0,0,0,0,0,0,0,0,0,68104,378,2,0,136.08,2016,9,5,28,38
0,0,1,0,0,0,0,0,1,0,0,0,0,0,0,0,0,0,0,0,0,1,0,0,0,0,68104,17.64,3,0,8.6436,2016,9,5,28,38
0,0,1,0,0,0,0,0,1,0,0,0,0,0,0,0,0,0,0,0,0,0,0,1,0,0,68104,373.08,6,0,100.7316,2016,9,5,28,38
0,0,1,0,0,0,0,0,0,0,0,0,0,0,0,0,0,0,1,0,0,0,0,0,0,0,68104,1336.44,14,0,387.5676,2016,9,5,28,38
0,0,1,0,0,0,0,0,0,1,0,0,0,0,0,0,0,0,0,0,0,0,1,0,0,0,68104,29.97,3,0,0.2997,2016,9,5,28,38
0,0,1,0,0,0,1,0,0,0,0,0,0,0,1,0,0,0,0,0,0,0,0,0,0,0,37421,390.368,2,0.2,48.796,2017,11,4,10,183
0,0,1,0,0,0,1,0,0,0,0,0,0,0,0,0,0,0,1,0,0,0,0,0,0,0,37421,101.52,5,0.2,19.035,2017,11,4,10,183
0,1,0,0,0,1,0,0,1,0,0,0,0,0,0,0,0,0,0,0,0,1,0,0,0,0,45014,74.352,3,0.2,23.235,2017,12,3,45,469
0,0,1,0,0,0,0,1,1,0,0,0,0,0,0,0,0,0,0,0,0,1,0,0,0,0,90049,15.7,5,0,7.065,2017,5,4,747,2001
0,0,1,0,0,0,0,1,1,0,0,1,0,0,0,0,0,0,0,0,0,0,0,0,0,0,90049,59.52,3,0,15.4752,2017,5,4,747,2001
0,0,1,0,0,0,0,1,1,0,0,0,0,0,0,0,0,0,0,0,0,1,0,0,0,0,90049,34.4,5,0,15.824,2017,5,4,747,2001
0,0,1,1,0,1,0,0,0,0,0,0,0,0,0,0,0,0,0,0,0,0,0,0,0,1,10024,313.176,2,0.4,-120.0508,2016,12,5,915,1128
0,0,1,1,0,1,0,0,0,0,0,0,0,0,1,0,0,0,0,0,0,0,0,0,0,0,10024,866.646,3,0.1,173.3292,2016,12,5,915,1128
1,0,0,1,0,1,0,0,1,0,1,0,0,0,0,0,0,0,0,0,0,0,0,0,0,0,45014,795.408,6,0.2,59.6556,2014,9,0,45,469
0,1,0,0,0,0,0,0,1,0,0,0,0,0,0,0,0,0,0,0,0,1,0,0,0,0,60610,35.856,9,0.2,12.9978,2014,7,3,314,492
0,1,0,0,0,0,0,0,0,1,0,0,0,0,0,0,0,0,0,0,0,0,0,0,0,0,60610,23.84,4,0.2,3.278,2014,7,3,314,492
0,0,1,0,0,0,0,1,0,0,0,0,0,0,0,0,0,0,1,0,0,0,0,0,0,0,98103,43.13,1,0,14.6642,2016,9,5,428,506
0,0,1,0,0,0,0,1,1,0,0,0,0,0,0,0,0,0,0,0,0,1,0,0,0,0,98103,30.87,7,0,14.2002,2016,9,5,428,506
0,0,1,0,0,1,0,0,1,0,0,0,0,0,0,0,0,0,0,0,0,0,0,0,1,0,10011,70.12,4,0,21.036,2017,8,4,915,1128
0,0,1,1,0,0,0,1,0,0,0,0,0,1,0,0,0,0,0,0,0,0,0,0,0,0,93010,509.9575,5,0.15,41.9965,2015,5,5,5,2001
0,0,1,1,0,0,0,1,0,0,0,0,0,0,0,0,0,0,1,0,0,0,0,0,0,0,93010,122.91,3,0,34.4148,2015,5,5,5,2001
0,0,1,1,0,0,0,1,0,0,0,0,0,0,1,0,0,0,0,0,0,0,0,0,0,0,93010,97.568,2,0.2,-6.098,2015,5,5,5,2001
0,0,1,1,0,0,0,1,0,0,0,0,0,0,1,0,0,0,0,0,0,0,0,0,0,0,93010,722.352,3,0.2,81.2646,2015,5,5,5,2001
0,0,0,0,0,0,0,0,1,0,0,0,0,0,0,0,0,0,0,1,0,0,0,0,0,0,60653,11.52,5,0.2,4.176,2017,1,1,314,492
0,0,1,1,0,0,0,1,0,0,0,0,0,0,0,0,0,0,1,0,0,0,0,0,0,0,90032,167.84,8,0,11.7488,2016,5,7,747,2001
0,0,1,0,0,1,0,0,0,0,0,0,0,0,0,0,0,0,0,0,0,0,0,0,0,1,43615,172.11,1,0.4,-94.6605,2014,4,4,32,469
0,0,0,0,0,1,0,0,0,1,0,0,0,0,0,0,0,0,0,0,0,0,0,0,0,0,10011,99.98,2,0,7.9984,2014,7,1,915,1128
0,0,1,0,1,0,0,1,0,1,0,0,0,0,0,0,0,0,0,0,0,0,1,0,0,0,97224,156.792,1,0.2,17.6391,2017,5,4,8,124
0,0,1,0,1,0,0,1,0,1,0,0,0,0,0,0,0,0,0,0,0,0,0,0,0,0,97224,35.36,2,0.2,-3.094,2017,5,4,8,124
0,0,1,0,1,0,0,1,0,0,0,0,0,0,0,0,0,0,1,0,0,0,0,0,0,0,97224,13.592,1,0.2,-0.3398,2017,5,4,8,124
0,1,0,1,0,1,0,0,0,0,0,0,0,0,1,0,0,0,0,0,0,0,0,0,0,0,19134,386.68,2,0.3,-5.524,2016,3,2,537,587
0,1,0,1,0,1,0,0,0,1,0,0,0,0,0,0,0,0,0,0,0,0,0,0,0,0,19134,379.96,5,0.2,47.495,2016,3,2,537,587
0,1,0,1,0,1,0,0,0,1,0,0,0,0,0,0,0,0,0,0,0,0,1,0,0,0,19134,539.91,3,0.4,-116.9805,2016,3,2,537,587
0,1,0,1,0,1,0,0,1,0,0,0,0,0,0,0,0,0,0,0,0,1,0,0,0,0,19134,41.24,5,0.2,13.9185,2016,3,2,537,587
0,1,0,1,0,1,0,0,1,0,0,0,1,0,0,0,0,0,0,0,0,0,0,0,0,0,19134,51.897,1,0.7,-41.5176,2016,3,2,537,587
0,1,0,1,0,1,0,0,1,0,0,0,0,0,0,0,0,0,0,0,0,0,0,1,0,0,19134,552.56,5,0.2,-138.14,2016,3,2,537,587
0,1,0,1,0,1,0,0,1,0,0,0,1,0,0,0,0,0,0,0,0,0,0,0,0,0,19134,23.16,5,0.7,-15.44,2016,3,2,537,587
0,1,0,1,0,1,0,0,1,0,0,0,0,0,0,0,0,0,0,0,0,0,0,1,0,0,19134,126.08,2,0.2,-28.368,2016,3,2,537,587
0,1,0,1,0,1,0,0,0,1,0,0,0,0,0,0,0,0,0,0,1,0,0,0,0,0,19134,449.1,3,0.7,-643.71,2016,3,2,537,587
0,0,1,0,0,1,0,0,1,0,1,0,0,0,0,0,0,0,0,0,0,0,0,0,0,0,19143,195.104,4,0.2,21.9492,2017,4,4,537,587
0,0,1,0,0,1,0,0,0,0,0,0,0,0,0,0,0,0,1,0,0,0,0,0,0,0,19143,36.672,3,0.2,6.4176,2017,4,4,537,587
0,1,0,0,0,0,0,0,0,0,0,0,0,0,1,0,0,0,0,0,0,0,0,0,0,0,77070,85.246,2,0.3,-6.089,2016,6,2,377,985
0,1,0,0,0,0,0,0,0,0,0,0,0,0,0,0,0,0,1,0,0,0,0,0,0,0,77070,32.712,2,0.6,-26.1696,2016,6,2,377,985
0,0,1,1,0,0,1,0,1,0,0,0,1,0,0,0,0,0,0,0,0,0,0,0,0,0,39212,11.43,3,0,5.3721,2014,3,4,82,53
0,0,1,1,0,0,1,0,1,0,0,0,1,0,0,0,0,0,0,0,0,0,0,0,0,0,39212,30.44,2,0,14.9156,2014,3,4,82,53
0,0,1,1,0,0,1,0,1,0,0,0,0,0,0,0,0,0,0,0,0,1,0,0,0,0,39212,12.96,2,0,6.3504,2014,3,4,82,53
0,0,1,1,0,0,1,0,1,0,0,0,0,0,0,0,0,0,0,0,0,1,0,0,0,0,39212,16,4,0,7.68,2014,3,4,82,53
0,0,1,1,0,0,1,0,1,0,1,0,0,0,0,0,0,0,0,0,0,0,0,0,0,0,39212,32.67,3,0,8.4942,2014,3,4,82,53
0,0,1,0,0,0,0,1,1,0,0,0,0,0,0,0,0,1,0,0,0,0,0,0,0,0,85023,4.464,3,0.2,-0.9486,2014,8,4,63,224
0,0,1,0,0,0,0,1,1,0,0,0,1,0,0,0,0,0,0,0,0,0,0,0,0,0,85023,9.345,5,0.7,-6.5415,2014,8,4,63,224
0,0,1,1,0,0,0,1,1,0,0,0,1,0,0,0,0,0,0,0,0,0,0,0,0,0,93030,9.144,3,0.2,3.0861,2015,7,5,9,2001
0,0,1,1,0,0,0,1,1,0,0,0,1,0,0,0,0,0,0,0,0,0,0,0,0,0,93030,23.136,6,0.2,8.3868,2015,7,5,9,2001
0,0,1,1,0,0,0,1,1,0,0,1,0,0,0,0,0,0,0,0,0,0,0,0,0,0,93030,99.2,5,0,25.792,2015,7,5,9,2001
0,0,1,1,0,0,0,1,1,0,0,0,1,0,0,0,0,0,0,0,0,0,0,0,0,0,98105,21.36,5,0.2,7.209,2014,2,4,428,506
0,1,0,1,0,0,0,1,0,0,0,0,0,0,0,0,0,0,1,0,0,0,0,0,0,0,98042,46.9,5,0,13.132,2015,3,3,4,506
0,0,1,0,0,0,0,1,1,0,0,0,1,0,0,0,0,0,0,0,0,0,0,0,0,0,90049,18.72,5,0.2,6.552,2017,9,4,747,2001
0,0,1,0,0,0,0,1,0,0,0,0,0,0,0,0,0,0,0,0,0,0,0,0,0,1,90049,236.528,2,0.2,-2.9566,2017,9,4,747,2001
0,0,0,1,0,0,0,1,1,0,0,0,0,0,0,0,0,0,0,1,0,0,0,0,0,0,92105,18.9,3,0,8.694,2015,11,2,170,2001
0,0,0,1,0,0,0,0,1,0,0,0,0,0,0,0,0,0,0,0,0,1,0,0,0,0,78521,10.688,2,0.2,3.7408,2014,12,2,7,985
0,0,0,1,0,0,0,0,1,0,0,0,0,0,0,0,0,0,0,0,0,0,0,1,0,0,78521,237.096,3,0.2,20.7459,2014,12,2,7,985
0,1,0,0,1,0,0,0,1,0,0,0,0,0,0,0,0,0,0,0,0,1,0,0,0,0,60610,5.184,1,0.2,1.8144,2017,2,4,314,492
0,1,0,0,1,0,0,0,1,0,0,0,0,0,0,0,0,0,0,0,0,1,0,0,0,0,60610,65.584,2,0.2,23.7742,2017,2,4,314,492
0,1,0,0,1,0,0,0,0,0,0,0,0,0,0,0,0,0,1,0,0,0,0,0,0,0,60610,22.2,1,0.6,-26.085,2017,2,4,314,492
0,1,0,0,1,0,0,0,1,0,0,0,0,0,0,0,0,0,0,0,0,1,0,0,0,0,60610,419.4,5,0.2,146.79,2017,2,4,314,492
0,0,0,0,0,0,1,0,0,0,0,0,0,0,0,0,0,0,1,0,0,0,0,0,0,0,37918,88.92,5,0.2,14.4495,2017,11,3,24,183
0,1,0,0,1,0,0,0,1,0,0,1,0,0,0,0,0,0,0,0,0,0,0,0,0,0,77036,9.912,3,0.2,3.2214,2017,9,5,377,985
0,1,0,0,1,0,0,0,0,0,0,0,0,0,1,0,0,0,0,0,0,0,0,0,0,0,77036,318.43,5,0.3,-77.333,2017,9,5,377,985
0,1,0,0,1,0,0,0,1,0,0,0,1,0,0,0,0,0,0,0,0,0,0,0,0,0,77036,5.8,5,0.8,-10.15,2017,9,5,377,985
0,1,0,0,1,0,0,0,0,1,0,0,0,0,0,0,0,0,0,0,0,0,1,0,0,0,77036,1415.76,6,0.2,88.485,2017,9,5,377,985
0,0,1,0,0,0,0,0,0,1,0,0,0,0,0,0,0,0,0,0,0,0,1,0,0,0,60440,148.48,2,0.2,16.704,2017,6,6,6,492
0,0,1,0,0,0,0,0,1,0,0,0,0,0,0,0,0,0,0,1,0,0,0,0,0,0,60623,9.248,4,0.2,3.1212,2016,7,5,314,492
0,0,1,0,0,0,0,0,1,0,0,0,0,0,0,0,0,0,0,0,0,0,0,1,0,0,60623,1036.624,2,0.2,51.8312,2016,7,5,314,492
0,0,0,0,0,0,1,0,0,1,0,0,0,0,0,0,0,0,0,0,0,0,1,0,0,0,22980,569.64,2,0,148.1064,2015,4,2,10,224
0,0,0,0,0,0,1,0,1,0,0,0,1,0,0,0,0,0,0,0,0,0,0,0,0,0,22980,9.14,1,0,4.57,2015,4,2,10,224
0,0,0,0,0,0,1,0,0,0,0,0,0,0,0,0,0,0,1,0,0,0,0,0,0,0,22980,1196.86,7,0,119.686,2015,4,2,10,224
0,0,0,0,0,0,1,0,0,0,0,0,0,1,0,0,0,0,0,0,0,0,0,0,0,0,22980,523.26,9,0,125.5824,2015,4,2,10,224
0,1,0,0,0,0,0,1,0,1,0,0,0,0,0,1,0,0,0,0,0,0,0,0,0,0,90004,639.968,4,0.2,215.9892,2015,4,3,747,2001
0,1,0,0,0,0,0,1,1,0,0,0,0,0,0,0,0,0,0,0,0,1,0,0,0,0,90004,52.76,2,0,24.2696,2015,4,3,747,2001
0,1,0,0,0,0,0,1,0,1,0,0,0,0,0,0,0,0,0,0,0,0,0,0,0,0,98105,538.92,9,0,80.838,2015,2,2,428,506
0,0,1,0,0,0,0,1,1,0,0,1,0,0,0,0,0,0,0,0,0,0,0,0,0,0,93277,14.88,2,0,3.72,2016,9,7,4,2001
0,0,1,0,0,0,0,1,1,0,0,0,0,0,0,0,0,0,0,0,0,1,0,0,0,0,93277,34.24,8,0,15.408,2016,9,7,4,2001
0,0,1,0,0,0,0,1,1,0,0,0,0,0,0,0,0,0,0,0,0,0,0,1,0,0,93277,261.74,2,0,65.435,2016,9,7,4,2001
0,0,1,1,0,0,0,1,1,0,1,0,0,0,0,0,0,0,0,0,0,0,0,0,0,0,90008,87.84,8,0,23.7168,2016,5,4,747,2001
0,1,0,0,1,0,0,1,0,0,0,0,0,0,0,0,0,0,1,0,0,0,0,0,0,0,90045,34.92,4,0,11.8728,2017,11,4,747,2001
0,0,1,0,0,1,0,0,1,0,0,0,0,0,0,0,0,0,0,0,0,1,0,0,0,0,10011,14.94,3,0,7.0218,2014,9,5,915,1128
0,0,1,0,0,1,0,0,0,0,0,0,0,0,0,0,0,0,1,0,0,0,0,0,0,0,10011,14.56,2,0,6.2608,2014,9,5,915,1128
0,0,1,1,0,1,0,0,1,0,0,0,1,0,0,0,0,0,0,0,0,0,0,0,0,0,19143,3.576,4,0.7,-2.8608,2015,9,5,537,587
0,0,1,1,0,1,0,0,1,0,0,0,0,0,0,0,0,0,0,0,0,0,0,1,0,0,19143,147.184,2,0.2,-29.4368,2015,9,5,537,587
0,0,0,0,1,0,0,1,0,1,0,0,0,0,0,1,0,0,0,0,0,0,0,0,0,0,84043,1499.95,5,0,449.985,2016,7,2,2,53
0,0,1,1,0,0,0,0,1,0,0,1,0,0,0,0,0,0,0,0,0,0,0,0,0,0,60653,13.568,4,0.2,3.2224,2016,4,5,314,492
0,0,1,0,1,0,1,0,0,0,0,0,0,0,1,0,0,0,0,0,0,0,0,0,0,0,42420,2573.82,9,0,746.4078,2014,1,4,51,139
0,0,1,0,1,0,1,0,1,0,0,0,1,0,0,0,0,0,0,0,0,0,0,0,0,0,42420,609.98,2,0,274.491,2014,1,4,51,139
0,0,1,0,1,0,1,0,1,0,0,1,0,0,0,0,0,0,0,0,0,0,0,0,0,0,42420,5.48,2,0,1.4796,2014,1,4,51,139
0,0,1,0,1,0,1,0,0,1,0,0,0,0,0,0,0,0,0,0,0,0,1,0,0,0,42420,391.98,2,0,113.6742,2014,1,4,51,139
0,0,1,0,1,0,1,0,0,1,0,0,0,0,0,0,0,0,0,0,0,0,1,0,0,0,42420,755.96,4,0,204.1092,2014,1,4,51,139
0,0,1,0,1,0,1,0,1,0,0,0,0,0,0,0,0,1,0,0,0,0,0,0,0,0,42420,31.12,4,0,0.3112,2014,1,4,51,139
0,0,1,0,1,0,1,0,1,0,0,0,0,0,0,0,0,0,0,0,0,1,0,0,0,0,42420,6.54,1,0,3.0084,2014,1,4,51,139
0,1,0,0,1,0,0,1,1,0,0,0,0,0,0,0,1,0,0,0,0,0,0,0,0,0,92646,12.78,1,0,5.751,2016,9,2,6,2001
0,0,1,0,1,1,0,0,1,0,0,0,1,0,0,0,0,0,0,0,0,0,0,0,0,0,10011,18.464,4,0.2,6.924,2014,9,7,915,1128
0,1,0,1,0,1,0,0,0,0,0,0,0,0,1,0,0,0,0,0,0,0,0,0,0,0,19140,445.802,7,0.3,-108.2662,2014,12,2,537,587
0,0,1,0,1,0,0,0,1,0,0,1,0,0,0,0,0,0,0,0,0,0,0,0,0,0,58103,2.48,1,0,0.868,2017,12,5,7,7
0,0,1,0,1,0,0,0,1,0,0,0,1,0,0,0,0,0,0,0,0,0,0,0,0,0,58103,25.9,5,0,12.691,2017,12,5,7,7
0,1,0,0,1,1,0,0,1,0,0,0,0,0,0,0,0,0,0,0,0,1,0,0,0,0,3820,29.9,5,0,14.651,2015,12,5,19,27
0,1,0,0,1,1,0,0,0,1,0,0,0,0,0,0,0,0,0,0,0,0,0,0,0,0,3820,2249.91,9,0,517.4793,2015,12,5,19,27
0,1,0,0,1,1,0,0,0,0,0,0,0,0,0,0,0,0,0,0,0,0,0,0,0,1,3820,1053.164,4,0.3,-105.3164,2015,12,5,19,27
0,0,1,0,0,0,0,1,1,0,0,0,0,0,0,0,0,0,0,0,0,1,0,0,0,0,92105,12.96,2,0,6.2208,2017,11,4,170,2001
0,0,1,1,0,0,0,1,0,0,0,0,0,0,0,0,0,0,1,0,0,0,0,0,0,0,90032,106.68,6,0,33.0708,2015,9,6,747,2001
1,0,0,0,0,1,0,0,0,1,0,0,0,0,0,0,0,0,0,0,0,0,1,0,0,0,13501,119.94,6,0,5.997,2017,11,0,8,1128
0,0,1,0,0,0,0,0,1,0,0,0,0,0,0,0,0,0,0,0,0,1,0,0,0,0,77070,10.272,3,0.2,3.21,2017,9,5,377,985
0,0,1,0,0,0,0,0,0,0,0,0,0,0,0,0,0,0,0,0,0,0,0,0,0,1,77070,512.19,5,0.3,-65.853,2017,9,5,377,985
0,0,1,0,0,0,0,0,1,0,1,0,0,0,0,0,0,0,0,0,0,0,0,0,0,0,77070,1.556,2,0.8,-4.2012,2017,9,5,377,985
0,0,1,0,0,0,0,1,1,0,0,0,1,0,0,0,0,0,0,0,0,0,0,0,0,0,92683,4.448,2,0.2,1.4456,2017,7,4,17,2001
0,0,1,0,0,0,0,1,0,0,0,0,0,0,0,0,0,0,1,0,0,0,0,0,0,0,92683,276.69,3,0,49.8042,2017,7,4,17,2001
0,0,1,0,0,0,0,1,1,0,0,0,0,0,0,0,0,1,0,0,0,0,0,0,0,0,92683,4.96,4,0,2.3312,2017,7,4,17,2001
0,0,1,0,0,0,0,1,1,0,0,1,0,0,0,0,0,0,0,0,0,0,0,0,0,0,92683,71.92,4,0,20.8568,2017,7,4,17,2001
0,0,1,0,0,0,0,1,0,0,0,0,0,0,0,0,0,0,1,0,0,0,0,0,0,0,92683,18.84,3,0,7.9128,2017,7,4,17,2001
0,0,1,0,0,0,0,1,0,1,0,0,0,0,0,0,0,0,0,0,0,0,0,0,0,0,92683,140.97,3,0,19.7358,2017,7,4,17,2001
0,0,1,0,0,0,0,1,0,1,0,0,0,0,0,0,0,0,0,0,0,0,1,0,0,0,92683,470.376,3,0.2,52.9173,2017,7,4,17,2001
1,0,0,0,0,0,0,1,1,0,0,1,0,0,0,0,0,0,0,0,0,0,0,0,0,0,90036,6.08,2,0,2.0672,2017,3,0,747,2001
1,0,0,0,0,0,0,1,0,1,0,0,0,0,0,0,0,0,0,0,0,0,1,0,0,0,90036,164.792,1,0.2,18.5391,2017,3,0,747,2001
0,1,0,1,0,1,0,0,1,0,0,0,0,0,0,0,1,0,0,0,0,0,0,0,0,0,8401,23.36,2,0,11.68,2016,1,4,1,130
0,0,1,0,0,0,0,0,1,0,0,0,1,0,0,0,0,0,0,0,0,0,0,0,0,0,60076,12.176,4,0.8,-18.8728,2017,6,5,11,492
0,0,1,0,0,0,0,1,0,1,0,0,0,0,0,0,0,0,0,0,0,0,1,0,0,0,94122,46.384,2,0.2,5.2182,2014,11,4,510,2001
0,0,1,0,0,0,0,1,1,0,0,0,0,0,0,0,0,0,0,0,0,0,0,1,0,0,94122,362.92,2,0,105.2468,2014,11,4,510,2001
0,0,1,0,0,1,0,0,1,0,0,0,0,0,0,0,0,0,0,0,0,1,0,0,0,0,43229,9.248,2,0.2,3.3524,2017,7,4,222,469
0,0,1,0,0,1,0,0,0,1,0,0,0,0,0,0,0,0,0,0,0,0,1,0,0,0,43229,1889.946,9,0.4,-377.9892,2017,7,4,222,469
0,0,1,0,0,1,0,0,1,0,0,0,0,0,0,0,0,0,0,0,0,0,0,1,0,0,43229,62.04,5,0.2,4.653,2017,7,4,222,469
0,0,1,0,0,1,0,0,0,0,0,0,0,0,0,0,0,0,1,0,0,0,0,0,0,0,43229,396.92,5,0.2,148.845,2017,7,4,222,469
0,0,1,0,0,1,0,0,1,0,0,0,0,0,0,0,0,0,0,0,0,0,0,1,0,0,43229,239.456,7,0.2,17.9592,2017,7,4,222,469
0,0,1,0,0,1,0,0,1,0,0,1,0,0,0,0,0,0,0,0,0,0,0,0,0,0,43229,13.12,5,0.2,2.132,2017,7,4,222,469
0,1,0,0,0,0,1,0,1,0,0,0,1,0,0,0,0,0,0,0,0,0,0,0,0,0,40475,29.36,2,0,13.5056,2017,12,3,90,139
0,1,0,0,0,0,1,0,1,0,1,0,0,0,0,0,0,0,0,0,0,0,0,0,0,0,40475,214.9,5,0,62.321,2017,12,3,90,139
0,1,0,0,0,0,1,0,1,0,0,0,1,0,0,0,0,0,0,0,0,0,0,0,0,0,40475,15.92,4,0,7.4824,2017,12,3,90,139
0,1,0,0,0,0,1,0,0,1,0,0,0,0,0,0,0,0,0,0,0,0,0,0,0,0,40475,146.45,5,0,48.3285,2017,12,3,90,139
0,1,0,0,0,0,1,0,1,0,0,0,0,0,0,0,0,0,0,0,0,0,0,1,0,0,40475,15.14,1,0,0.6056,2017,12,3,90,139
0,1,0,0,0,0,1,0,1,0,0,0,0,0,0,0,0,0,0,1,0,0,0,0,0,0,40475,5.76,2,0,2.6496,2017,12,3,90,139
0,1,0,0,0,0,1,0,0,1,0,0,0,0,0,1,0,0,0,0,0,0,0,0,0,0,40475,1399.98,2,0,629.991,2017,12,3,90,139
0,0,1,0,0,1,0,0,1,0,0,0,1,0,0,0,0,0,0,0,0,0,0,0,0,0,43130,8.952,2,0.7,-7.46,2016,9,6,46,469
0,0,1,0,0,1,0,0,1,0,0,0,1,0,0,0,0,0,0,0,0,0,0,0,0,0,43130,8.856,6,0.7,-6.4944,2016,9,6,46,469
0,0,1,0,0,1,0,0,0,0,0,0,0,0,1,0,0,0,0,0,0,0,0,0,0,0,43130,85.246,2,0.3,-1.2178,2016,9,6,46,469
0,0,1,0,0,0,0,1,1,0,0,0,0,0,0,0,1,0,0,0,0,0,0,0,0,0,97030,21.728,7,0.2,7.6048,2014,9,6,5,124
0,0,1,0,0,0,0,1,0,0,0,0,0,0,1,0,0,0,0,0,0,0,0,0,0,0,97030,1487.04,5,0.2,148.704,2014,9,6,5,124
1,0,0,1,0,0,0,1,1,0,0,0,0,0,0,0,1,0,0,0,0,0,0,0,0,0,94109,71.88,6,0,33.0648,2017,9,0,510,2001
1,0,0,1,0,0,0,1,0,0,0,0,0,0,0,0,0,0,1,0,0,0,0,0,0,0,94109,9.24,3,0,2.9568,2017,9,0,510,2001
1,0,0,1,0,0,0,1,1,0,0,0,0,0,0,0,0,0,0,0,0,1,0,0,0,0,94109,35.88,6,0,16.146,2017,9,0,510,2001
1,0,0,1,0,0,0,1,1,0,0,0,1,0,0,0,0,0,0,0,0,0,0,0,0,0,94109,17.04,3,0.2,5.538,2017,9,0,510,2001
1,0,0,1,0,0,0,1,1,0,0,0,1,0,0,0,0,0,0,0,0,0,0,0,0,0,94109,931.176,3,0.2,314.2719,2017,9,0,510,2001
0,0,0,0,0,0,0,1,0,0,0,0,0,0,0,0,0,0,1,0,0,0,0,0,0,0,80501,266.352,3,0.2,-13.3176,2016,6,2,3,182
0,0,0,0,0,0,0,1,0,0,0,0,0,0,1,0,0,0,0,0,0,0,0,0,0,0,80501,483.136,4,0.2,54.3528,2016,6,2,3,182
0,0,1,0,0,0,1,0,0,0,0,0,0,0,1,0,0,0,0,0,0,0,0,0,0,0,27834,196.784,2,0.2,-22.1382,2017,2,4,9,249
0,0,1,0,0,0,1,0,0,0,0,0,0,1,0,0,0,0,0,0,0,0,0,0,0,0,27834,231.92,5,0.2,5.798,2017,2,4,9,249
0,0,1,1,0,0,0,1,1,0,0,0,0,0,0,0,0,0,0,0,0,0,0,0,1,0,90004,29.7,3,0,8.019,2017,3,7,747,2001
0,0,1,0,0,0,0,0,0,0,0,0,0,0,0,0,0,0,1,0,0,0,0,0,0,0,77041,13.592,2,0.6,-14.2716,2017,12,5,377,985
0,1,0,0,0,0,0,1,1,0,0,0,0,0,0,0,0,0,0,0,0,1,0,0,0,0,94109,70.88,2,0,33.3136,2016,2,3,510,2001
0,0,1,1,0,0,0,1,1,0,0,0,0,0,0,0,0,0,0,0,0,0,0,1,0,0,80219,114.288,1,0.2,12.8574,2017,12,4,44,182
0,0,1,1,0,0,0,1,1,0,0,0,1,0,0,0,0,0,0,0,0,0,0,0,0,0,80219,36.624,8,0.7,-24.416,2017,12,4,44,182
0,0,1,1,0,0,0,1,0,0,0,0,0,1,0,0,0,0,0,0,0,0,0,0,0,0,80219,242.352,8,0.7,-363.528,2017,12,4,44,182
0,0,1,1,0,0,0,1,0,1,0,0,0,0,0,0,0,0,0,0,0,0,1,0,0,0,80219,49.616,2,0.2,4.9616,2017,12,4,44,182
0,0,1,1,0,0,0,1,0,0,0,0,0,0,0,0,0,0,1,0,0,0,0,0,0,0,80219,508.704,6,0.2,0,2017,12,4,44,182
0,0,1,1,0,0,0,1,0,1,0,0,0,0,0,0,0,0,0,0,0,0,1,0,0,0,80219,57.36,6,0.2,-14.34,2017,12,4,44,182
0,0,1,1,0,0,0,1,0,0,0,0,0,0,1,0,0,0,0,0,0,0,0,0,0,0,80219,906.68,5,0.2,68.001,2017,12,4,44,182
0,0,1,1,0,0,0,0,0,1,0,0,0,0,0,0,0,0,0,0,0,0,1,0,0,0,77340,719.952,6,0.2,71.9952,2014,10,5,36,985
0,0,1,1,0,0,0,0,0,1,0,0,0,0,0,0,0,0,0,0,0,0,1,0,0,0,77340,755.944,7,0.2,66.1451,2014,10,5,36,985
0,0,1,1,0,0,0,0,1,0,0,0,1,0,0,0,0,0,0,0,0,0,0,0,0,0,77340,11.98,5,0.8,-19.168,2014,10,5,36,985
0,0,1,1,0,0,0,0,1,0,0,0,1,0,0,0,0,0,0,0,0,0,0,0,0,0,77340,0.898,1,0.8,-1.5715,2014,10,5,36,985
0,0,0,1,0,0,0,0,0,0,0,0,0,0,0,0,0,0,1,0,0,0,0,0,0,0,77036,21.204,3,0.6,-11.6622,2016,9,2,377,985
0,0,1,1,0,1,0,0,1,0,0,0,0,0,0,0,1,0,0,0,0,0,0,0,0,0,10024,34.74,3,0,17.37,2014,11,5,915,1128
0,0,1,1,0,1,0,0,0,1,0,0,0,0,0,0,0,0,0,0,0,0,1,0,0,0,10024,833.94,6,0,216.8244,2014,11,5,915,1128
0,0,1,1,0,1,0,0,1,0,0,0,1,0,0,0,0,0,0,0,0,0,0,0,0,0,10024,12.96,3,0.2,4.536,2014,11,5,915,1128
0,0,1,1,0,1,0,0,1,0,0,0,0,0,0,0,0,0,0,0,0,1,0,0,0,0,10024,25.92,4,0,12.4416,2014,11,5,915,1128
0,1,0,0,0,1,0,0,0,0,0,0,0,1,0,0,0,0,0,0,0,0,0,0,0,0,19134,349.965,7,0.5,-216.9783,2014,5,4,537,587
0,1,0,0,0,1,0,0,1,0,0,1,0,0,0,0,0,0,0,0,0,0,0,0,0,0,19134,22.32,5,0.2,5.301,2014,5,4,537,587
0,0,1,1,0,0,0,0,1,0,0,0,0,0,0,0,0,0,0,0,0,1,0,0,0,0,47201,158.28,6,0,72.8088,2017,11,5,222,149
0,0,1,1,0,0,0,0,1,0,0,0,1,0,0,0,0,0,0,0,0,0,0,0,0,0,47201,497.94,3,0,224.073,2017,11,5,222,149
0,0,1,0,0,1,0,0,1,0,1,0,0,0,0,0,0,0,0,0,0,0,0,0,0,0,11561,533.94,3,0,154.8426,2014,11,4,61,1128
0,0,1,0,0,1,0,0,1,0,0,0,0,0,0,0,0,0,0,0,0,1,0,0,0,0,11561,167.94,3,0,82.2906,2014,11,4,61,1128
0,0,1,0,0,1,0,0,0,0,0,0,0,0,0,0,0,0,1,0,0,0,0,0,0,0,11561,31.68,6,0,9.8208,2014,11,4,61,1128
0,0,0,0,0,1,0,0,0,0,0,0,0,0,1,0,0,0,0,0,0,0,0,0,0,0,17602,170.786,1,0.3,0,2016,12,2,46,587
0,0,1,0,0,0,0,0,0,0,0,0,0,1,0,0,0,0,0,0,0,0,0,0,0,0,60610,198.744,4,0.3,0,2016,9,4,314,492
0,0,0,0,1,0,0,1,0,1,0,0,0,0,0,0,0,0,0,0,0,0,0,0,0,0,80219,63.824,2,0.2,13.5626,2017,10,2,44,182
0,1,0,0,0,0,0,1,0,0,0,0,0,0,1,0,0,0,0,0,0,0,0,0,0,0,98103,435.168,4,0.2,-59.8356,2016,1,2,428,506
0,1,0,0,0,0,0,1,0,0,0,0,0,1,0,0,0,0,0,0,0,0,0,0,0,0,98103,48.58,1,0,7.7728,2016,1,2,428,506
0,0,0,1,0,0,0,0,0,1,0,0,0,0,0,0,0,0,0,0,0,0,0,0,0,0,77070,47.976,3,0.2,8.3958,2017,4,2,377,985
0,0,0,1,0,0,0,0,1,0,0,0,0,0,0,0,0,0,0,0,0,1,0,0,0,0,77070,20.736,4,0.2,7.2576,2017,4,2,377,985
0,0,1,0,0,0,0,1,1,0,0,1,0,0,0,0,0,0,0,0,0,0,0,0,0,0,90045,26.46,9,0,11.907,2014,12,5,747,2001
0,0,1,0,0,0,0,1,1,0,0,0,0,0,0,0,0,0,0,0,0,1,0,0,0,0,90045,49.12,4,0,23.0864,2014,12,5,747,2001
0,0,1,0,0,0,0,1,1,0,0,0,0,0,0,0,0,1,0,0,0,0,0,0,0,0,90045,15,3,0,7.2,2014,12,5,747,2001
0,0,1,1,0,0,1,0,1,0,0,0,0,0,0,0,0,0,0,0,0,0,0,1,0,0,23602,194.7,5,0,9.735,2014,10,5,12,224
0,0,1,1,0,0,1,0,0,0,0,0,0,0,0,0,0,0,0,0,0,0,0,0,0,1,23602,591.32,4,0,112.3508,2014,10,5,12,224
0,0,1,1,0,0,1,0,1,0,0,1,0,0,0,0,0,0,0,0,0,0,0,0,0,0,23602,2.84,1,0,0.8804,2014,10,5,12,224
0,0,1,1,0,0,0,1,1,0,0,0,0,0,0,0,0,0,0,0,0,0,0,1,0,0,90036,221.96,2,0,4.4392,2015,12,4,747,2001
0,0,1,1,0,0,0,1,0,1,0,0,0,0,0,0,0,0,0,0,0,0,0,0,0,0,90036,236,4,0,40.12,2015,12,4,747,2001
0,1,0,1,0,0,0,1,0,1,0,0,0,0,0,0,0,0,0,0,0,0,0,0,0,0,98115,41.94,2,0,15.0984,2014,11,5,428,506
0,1,0,1,0,0,0,1,0,1,0,0,0,0,0,0,0,0,0,0,0,0,1,0,0,0,98115,52.792,1,0.2,4.6193,2014,11,5,428,506
0,0,0,0,1,0,0,0,0,0,0,0,0,0,1,0,0,0,0,0,0,0,0,0,0,0,68104,563.94,3,0,112.788,2016,12,3,28,38
0,1,0,0,0,1,0,0,1,0,1,0,0,0,0,0,0,0,0,0,0,0,0,0,0,0,7960,2625.12,8,0,735.0336,2015,11,4,7,130
0,1,0,0,0,1,0,0,1,0,0,1,0,0,0,0,0,0,0,0,0,0,0,0,0,0,7960,17.94,3,0,4.485,2015,11,4,7,130
0,0,0,0,0,1,0,0,1,0,0,0,0,0,0,0,0,0,0,0,0,0,0,1,0,0,19143,422.856,3,0.2,15.8571,2015,8,3,537,587
0,0,1,1,0,1,0,0,0,0,0,0,0,0,1,0,0,0,0,0,0,0,0,0,0,0,10024,127.764,2,0.1,2.8392,2015,4,5,915,1128
0,0,1,1,0,0,1,0,0,1,0,0,0,0,0,0,0,0,0,0,0,0,1,0,0,0,22153,3499.93,7,0,909.9818,2014,3,4,163,224
0,0,1,1,0,0,1,0,1,0,0,0,0,0,0,0,0,0,0,1,0,0,0,0,0,0,22153,14.4,5,0,6.624,2014,3,4,163,224
0,0,1,1,0,0,1,0,1,0,0,0,0,0,0,0,0,0,0,0,0,1,0,0,0,0,22153,122.97,3,0,60.2553,2014,3,4,163,224
0,0,1,1,0,0,1,0,1,0,0,1,0,0,0,0,0,0,0,0,0,0,0,0,0,0,22153,9.32,4,0,2.7028,2014,3,4,163,224
0,0,1,1,0,0,1,0,1,0,0,0,1,0,0,0,0,0,0,0,0,0,0,0,0,0,22153,122.94,3,0,59.0112,2014,3,4,163,224
0,0,1,0,0,0,0,1,0,0,0,0,0,0,0,0,0,0,1,0,0,0,0,0,0,0,95661,17.31,3,0,5.193,2017,11,6,26,2001
0,0,1,0,0,0,0,0,1,0,0,1,0,0,0,0,0,0,0,0,0,0,0,0,0,0,61107,128.744,7,0.2,12.8744,2015,9,4,11,492
0,0,1,0,0,1,0,0,0,0,0,0,0,0,0,0,0,0,1,0,0,0,0,0,0,0,19134,58.248,9,0.2,11.6496,2016,9,4,537,587
0,0,1,0,0,1,0,0,0,0,0,0,0,0,1,0,0,0,0,0,0,0,0,0,0,0,19134,71.246,2,0.3,-19.3382,2016,9,4,537,587
0,0,1,0,0,1,0,0,1,0,0,1,0,0,0,0,0,0,0,0,0,0,0,0,0,0,19134,7.872,3,0.2,0.5904,2016,9,4,537,587
0,0,1,0,0,1,0,0,0,0,0,0,0,0,1,0,0,0,0,0,0,0,0,0,0,0,19134,887.271,3,0.3,-63.3765,2016,9,4,537,587
0,0,1,0,0,0,0,0,1,0,0,0,1,0,0,0,0,0,0,0,0,0,0,0,0,0,48234,146.86,7,0,70.4928,2017,4,4,115,255
0,0,1,0,0,0,0,0,1,0,0,0,1,0,0,0,0,0,0,0,0,0,0,0,0,0,48234,36.56,4,0,18.28,2017,4,4,115,255
0,0,1,1,0,0,0,1,0,1,0,0,0,0,0,0,0,0,0,0,0,0,1,0,0,0,90004,225.576,3,0.2,22.5576,2015,6,4,747,2001
0,0,1,0,0,0,0,1,1,0,0,1,0,0,0,0,0,0,0,0,0,0,0,0,0,0,97477,5.248,2,0.2,0.4592,2014,9,5,163,124
0,0,1,0,0,0,0,1,1,0,0,1,0,0,0,0,0,0,0,0,0,0,0,0,0,0,97477,38.256,3,0.2,4.782,2014,9,5,163,124
0,0,1,0,0,0,0,1,1,0,0,0,0,0,0,0,0,0,0,0,0,1,0,0,0,0,97477,40.24,5,0.2,13.078,2014,9,5,163,124
0,0,1,0,0,0,0,1,0,1,0,0,0,0,0,0,0,0,0,0,1,0,0,0,0,0,97477,29.925,5,0.7,-21.945,2014,9,5,163,124
0,0,1,0,0,0,0,1,1,0,0,0,0,0,0,0,0,0,0,0,0,1,0,0,0,0,97477,148.704,6,0.2,46.47,2014,9,5,163,124
0,0,1,0,0,0,0,1,0,1,0,0,0,0,0,0,0,0,0,0,0,0,0,0,0,0,97477,55.92,10,0.2,16.776,2014,9,5,163,124
0,0,1,1,0,1,0,0,1,0,0,0,0,0,0,0,0,0,0,0,0,1,0,0,0,0,2908,12.96,2,0,6.2208,2016,7,4,31,56
0,0,1,0,0,0,0,0,0,0,0,0,0,0,0,0,0,0,1,0,0,0,0,0,0,0,60623,25.176,3,0.6,-33.3582,2016,5,4,314,492
0,0,1,0,0,0,0,0,0,0,0,0,0,0,0,0,0,0,1,0,0,0,0,0,0,0,60623,5.584,2,0.6,-1.6752,2016,5,4,314,492
0,0,1,0,0,0,0,0,1,0,0,0,0,0,0,0,0,0,0,0,0,0,0,1,0,0,60623,1297.368,9,0.2,97.3026,2016,5,4,314,492
0,0,0,0,0,0,0,0,1,0,0,0,0,0,0,0,0,0,0,0,0,0,0,1,0,0,75220,264.32,2,0.2,19.824,2017,12,3,157,985
0,0,1,0,0,0,0,1,1,0,0,0,0,0,0,0,0,0,0,0,0,1,0,0,0,0,94122,25.92,4,0,12.4416,2017,5,4,510,2001
0,0,1,0,0,0,0,1,1,0,0,1,0,0,0,0,0,0,0,0,0,0,0,0,0,0,94122,22.96,7,0,6.6584,2017,5,4,510,2001
0,0,0,0,0,0,0,1,1,0,0,0,0,0,0,0,0,0,0,0,0,1,0,0,0,0,92553,19.44,3,0,9.3312,2014,2,2,10,2001
0,0,0,0,0,0,0,0,1,0,0,0,0,0,0,0,0,0,0,0,0,1,0,0,0,0,67846,9.54,2,0,4.293,2015,2,3,5,24
0,0,0,0,0,0,0,0,1,0,0,0,0,0,0,0,0,1,0,0,0,0,0,0,0,0,67846,5.81,1,0,1.8011,2015,2,3,5,24
0,0,0,0,0,0,0,0,1,0,0,1,0,0,0,0,0,0,0,0,0,0,0,0,0,0,67846,5.76,2,0,1.728,2015,2,3,5,24
0,1,0,0,0,1,0,0,0,0,0,0,0,0,0,0,0,0,1,0,0,0,0,0,0,0,10035,14.91,3,0,4.6221,2015,8,4,915,1128
0,0,1,1,0,0,1,0,1,0,0,0,1,0,0,0,0,0,0,0,0,0,0,0,0,0,32839,6.642,9,0.7,-4.428,2014,11,4,11,383
0,0,1,0,0,1,0,0,1,0,0,0,0,0,0,0,0,0,0,0,0,1,0,0,0,0,13601,18.54,2,0,8.7138,2016,12,6,10,1128
0,0,1,0,0,1,0,0,1,0,0,0,1,0,0,0,0,0,0,0,0,0,0,0,0,0,13601,679.96,5,0.2,220.987,2016,12,6,10,1128
0,0,0,1,0,0,0,1,0,0,0,0,0,0,0,0,0,0,0,0,0,0,0,0,0,1,90032,189.576,1,0.2,9.4788,2017,10,2,747,2001
0,0,0,1,0,0,0,1,0,1,0,0,0,0,0,0,0,0,0,0,0,0,1,0,0,0,90032,71.96,5,0.2,7.196,2017,10,2,747,2001
0,0,1,0,0,0,0,1,0,1,0,0,0,0,0,0,0,0,0,0,0,0,1,0,0,0,90004,539.92,5,0.2,47.243,2014,11,4,747,2001
0,0,1,0,0,0,0,1,0,0,0,0,0,0,1,0,0,0,0,0,0,0,0,0,0,0,90004,725.344,4,0.2,54.4008,2014,11,4,747,2001
0,0,1,0,0,0,0,1,1,0,0,1,0,0,0,0,0,0,0,0,0,0,0,0,0,0,90004,7.44,3,0,2.604,2014,11,4,747,2001
0,0,1,0,1,1,0,0,1,0,1,0,0,0,0,0,0,0,0,0,0,0,0,0,0,0,19711,39.48,1,0,11.0544,2014,7,6,95,96
0,1,0,0,1,0,0,0,1,0,1,0,0,0,0,0,0,0,0,0,0,0,0,0,0,0,48234,850.5,5,0.1,245.7,2015,5,4,115,255
0,1,0,0,1,0,0,0,0,0,0,0,0,0,0,0,0,0,1,0,0,0,0,0,0,0,48234,75.33,9,0,19.5858,2015,5,4,115,255
0,1,0,1,0,0,0,1,1,0,1,0,0,0,0,0,0,0,0,0,0,0,0,0,0,0,85023,325.632,6,0.2,28.4928,2015,11,2,63,224
0,1,0,1,0,0,0,1,0,1,0,0,0,0,0,0,0,0,0,0,0,0,0,0,0,0,85023,23.344,2,0.2,-1.459,2015,11,2,63,224
0,1,0,1,0,0,0,1,1,0,0,0,0,0,0,0,0,0,0,1,0,0,0,0,0,0,85023,16.52,5,0.2,5.369,2015,11,2,63,224
0,0,0,0,1,0,0,0,1,0,0,0,0,0,0,0,1,0,0,0,0,0,0,0,0,0,78521,335.72,5,0.2,113.3055,2014,3,2,7,985
0,0,0,0,1,0,0,0,0,1,0,0,0,0,0,0,0,0,0,0,0,0,1,0,0,0,78521,251.944,7,0.2,88.1804,2014,3,2,7,985
0,0,0,0,1,0,0,0,0,0,0,0,0,0,1,0,0,0,0,0,0,0,0,0,0,0,78521,127.302,7,0.3,-9.093,2014,3,2,7,985
0,1,0,0,0,0,1,0,0,0,0,0,0,0,1,0,0,0,0,0,0,0,0,0,0,0,40214,1207.84,8,0,314.0384,2017,12,3,57,139
0,1,0,0,0,0,1,0,1,0,0,0,1,0,0,0,0,0,0,0,0,0,0,0,0,0,40214,12.53,1,0,5.8891,2017,12,3,57,139
0,1,0,0,0,0,1,0,1,0,0,1,0,0,0,0,0,0,0,0,0,0,0,0,0,0,40214,34.58,1,0,10.0282,2017,12,3,57,139
0,1,0,0,0,0,1,0,0,0,0,0,0,0,1,0,0,0,0,0,0,0,0,0,0,0,40214,300.98,1,0,87.2842,2017,12,3,57,139
0,1,0,0,0,0,1,0,0,0,0,0,0,0,1,0,0,0,0,0,0,0,0,0,0,0,40214,258.75,3,0,77.625,2017,12,3,57,139
0,0,1,1,0,1,0,0,1,0,0,1,0,0,0,0,0,0,0,0,0,0,0,0,0,0,19711,59.52,3,0,15.4752,2017,3,6,95,96
0,0,1,1,0,1,0,0,1,0,0,0,0,0,0,0,1,0,0,0,0,0,0,0,0,0,19711,57.96,7,0,27.2412,2017,3,6,95,96
0,0,1,1,0,1,0,0,0,0,0,0,0,1,0,0,0,0,0,0,0,0,0,0,0,0,19711,441.96,2,0,101.6508,2017,3,6,95,96
0,0,1,1,0,1,0,0,1,0,0,0,0,0,0,0,0,0,0,0,0,1,0,0,0,0,19711,68.04,6,0,33.3396,2017,3,6,95,96
0,0,0,0,1,0,0,1,0,1,0,0,0,0,0,0,0,0,0,0,1,0,0,0,0,0,81001,703.71,6,0.7,-938.28,2016,10,1,8,182
0,0,0,0,1,0,0,1,1,0,0,0,1,0,0,0,0,0,0,0,0,0,0,0,0,0,81001,17.904,4,0.7,-14.92,2016,10,1,8,182
0,0,0,0,1,0,0,1,1,0,0,0,1,0,0,0,0,0,0,0,0,0,0,0,0,0,81001,11.976,4,0.7,-9.1816,2016,10,1,8,182
0,0,0,0,1,0,0,1,0,1,0,0,0,0,0,0,0,0,0,0,0,0,0,0,0,0,81001,67.96,5,0.2,0.8495,2016,10,1,8,182
0,0,1,1,0,0,0,1,0,0,0,0,0,0,1,0,0,0,0,0,0,0,0,0,0,0,90036,892.224,3,0.2,89.2224,2015,4,6,747,2001
0,0,1,0,0,0,1,0,0,1,0,0,0,0,0,0,0,0,0,0,1,0,0,0,0,0,27834,1299.99,2,0.5,-571.9956,2014,9,4,9,249
0,0,0,1,0,0,0,1,1,0,0,0,1,0,0,0,0,0,0,0,0,0,0,0,0,0,94110,4.544,2,0.2,1.6472,2016,3,1,510,2001
0,0,0,1,0,0,0,1,0,0,0,0,0,0,1,0,0,0,0,0,0,0,0,0,0,0,94110,1352.032,4,0.2,84.502,2016,3,1,510,2001
0,0,1,1,0,1,0,0,0,0,0,0,0,0,0,0,0,0,0,0,0,0,0,0,0,1,43302,1548.99,9,0.4,-464.697,2015,12,4,20,469
0,0,1,1,0,1,0,0,1,0,0,0,0,0,0,0,1,0,0,0,0,0,0,0,0,0,43302,19.872,3,0.2,6.7068,2015,12,4,20,469
0,0,0,0,0,0,0,0,0,1,0,0,0,0,0,0,0,0,0,0,0,0,0,0,0,0,75081,119.448,3,0.2,-13.4379,2017,8,1,157,985
0,0,0,0,0,0,0,0,1,0,0,0,0,0,0,0,0,0,0,0,0,0,0,1,0,0,75081,118.16,2,0.2,-25.109,2017,8,1,157,985
0,0,1,1,0,0,1,0,1,0,0,1,0,0,0,0,0,0,0,0,0,0,0,0,0,0,35810,19.56,4,0,5.4768,2015,3,5,36,61
0,1,0,0,0,0,0,1,0,0,0,0,0,0,0,0,0,0,1,0,0,0,0,0,0,0,89115,80.96,4,0,29.1456,2015,11,2,13,39
0,1,0,0,0,0,0,1,1,0,0,0,0,0,0,0,0,0,0,0,0,1,0,0,0,0,89115,25.92,4,0,12.4416,2015,11,2,13,39
1,0,0,0,1,0,0,1,1,0,1,0,0,0,0,0,0,0,0,0,0,0,0,0,0,0,90049,106.96,2,0,31.0184,2014,4,0,747,2001
1,0,0,0,1,0,0,1,0,0,0,0,0,0,0,0,0,0,1,0,0,0,0,0,0,0,90049,187.76,4,0,76.9816,2014,4,0,747,2001
0,0,0,0,1,1,0,0,1,0,0,0,1,0,0,0,0,0,0,0,0,0,0,0,0,0,44107,76.776,4,0.7,-53.7432,2017,7,3,49,469
0,0,1,1,0,0,0,0,1,0,0,0,1,0,0,0,0,0,0,0,0,0,0,0,0,0,68025,53.9,5,0,25.872,2017,6,4,8,38
0,0,1,0,0,0,0,0,0,0,0,0,0,0,0,0,0,0,1,0,0,0,0,0,0,0,77340,76.728,3,0.6,-53.7096,2014,1,5,36,985
0,0,1,0,0,0,0,0,1,0,0,0,1,0,0,0,0,0,0,0,0,0,0,0,0,0,77340,10.43,7,0.8,-18.2525,2014,1,5,36,985
0,0,0,0,0,0,0,1,1,0,0,1,0,0,0,0,0,0,0,0,0,0,0,0,0,0,90036,99.2,5,0,25.792,2017,9,2,747,2001
0,0,1,0,0,0,1,0,1,0,0,1,0,0,0,0,0,0,0,0,0,0,0,0,0,0,28806,15.92,5,0.2,2.786,2017,9,6,7,249
0,0,1,1,0,0,1,0,0,0,0,0,0,0,0,0,0,0,1,0,0,0,0,0,0,0,71111,129.92,4,0,10.3936,2014,10,4,6,42
0,0,1,0,1,1,0,0,1,0,0,0,1,0,0,0,0,0,0,0,0,0,0,0,0,0,2908,30.4,1,0,13.984,2016,10,4,31,56
0,0,1,0,1,1,0,0,0,1,0,0,0,0,0,1,0,0,0,0,0,0,0,0,0,0,2908,5399.91,9,0,2591.9568,2016,10,4,31,56
0,0,1,0,1,1,0,0,1,0,0,0,0,0,0,0,0,0,0,0,0,0,0,1,0,0,2908,119.1,3,0,34.539,2016,10,4,31,56
0,1,0,0,1,1,0,0,1,0,0,0,0,0,0,0,0,0,0,0,0,1,0,0,0,0,2149,40.08,6,0,19.2384,2015,11,2,22,135
0,1,0,0,1,1,0,0,1,0,0,0,0,0,0,0,0,0,0,0,0,1,0,0,0,0,2149,59.94,3,0,28.1718,2015,11,2,22,135
0,1,0,0,1,1,0,0,0,1,0,0,0,0,0,0,0,0,0,0,0,0,0,0,0,0,2149,259.98,2,0,88.3932,2015,11,2,22,135
0,1,0,0,1,1,0,0,0,0,0,0,0,1,0,0,0,0,0,0,0,0,0,0,0,0,2149,170.98,1,0,32.4862,2015,11,2,22,135
0,1,0,0,1,1,0,0,0,0,0,0,0,0,0,0,0,0,1,0,0,0,0,0,0,0,2149,38.97,3,0,4.6764,2015,11,2,22,135
0,1,0,0,1,1,0,0,1,0,0,0,0,0,0,0,0,0,0,0,0,1,0,0,0,0,2149,154.9,5,0,69.705,2015,11,2,22,135
0,1,0,0,1,1,0,0,0,0,0,0,0,0,0,0,0,0,0,0,0,0,0,0,0,1,2149,446.068,4,0.3,0,2015,11,2,22,135
0,1,0,0,0,0,0,1,1,0,1,0,0,0,0,0,0,0,0,0,0,0,0,0,0,0,91730,152.94,3,0,41.2938,2017,5,3,4,2001
1,0,0,0,0,0,1,0,0,1,0,0,0,0,0,0,0,0,0,0,0,0,0,0,0,0,28205,23.472,3,0.2,4.9878,2014,10,0,52,249
0,0,1,0,1,1,0,0,1,0,0,0,0,0,0,0,0,0,0,0,0,1,0,0,0,0,2908,195.64,4,0,91.9508,2014,12,7,31,56
0,0,1,0,1,1,0,0,1,0,0,0,0,0,0,0,0,0,0,0,0,1,0,0,0,0,2908,14.94,3,0,7.0218,2014,12,7,31,56
0,0,1,0,1,1,0,0,0,1,0,0,0,0,0,0,0,0,0,0,0,0,0,0,0,0,2908,1687.8,4,0,742.632,2014,12,7,31,56
0,0,1,0,1,1,0,0,0,0,0,0,0,1,0,0,0,0,0,0,0,0,0,0,0,0,2908,341.96,2,0,78.6508,2014,12,7,31,56
0,0,1,0,1,1,0,0,0,0,0,0,0,0,1,0,0,0,0,0,0,0,0,0,0,0,2908,605.88,6,0,151.47,2014,12,7,31,56
0,0,0,0,1,0,0,0,1,0,1,0,0,0,0,0,0,0,0,0,0,0,0,0,0,0,48640,186.732,1,0.1,41.496,2015,4,3,12,255
0,0,0,0,1,0,0,0,1,0,0,0,1,0,0,0,0,0,0,0,0,0,0,0,0,0,48640,3812.97,3,0,1906.485,2015,4,3,12,255
0,0,1,0,0,1,0,0,1,0,0,0,1,0,0,0,0,0,0,0,0,0,0,0,0,0,14609,26.424,9,0.2,9.5787,2015,2,7,53,1128
0,0,1,0,0,1,0,0,0,1,0,0,0,0,0,0,0,0,0,0,0,0,1,0,0,0,14609,625.99,1,0,187.797,2015,2,7,53,1128
0,0,1,1,0,0,0,0,0,0,0,0,0,0,0,0,0,0,0,0,0,0,0,0,0,1,49201,1568.61,9,0,329.4081,2016,11,4,82,255
0,0,1,1,0,0,0,0,1,0,0,0,1,0,0,0,0,0,0,0,0,0,0,0,0,0,49201,17.3,1,0,8.304,2016,11,4,82,255
0,0,1,1,0,0,0,0,0,1,0,0,0,0,0,0,0,0,0,0,0,0,0,0,0,0,49201,160,8,0,62.4,2016,11,4,82,255
0,0,0,1,0,0,1,0,1,0,1,0,0,0,0,0,0,0,0,0,0,0,0,0,0,0,23434,179.94,3,0,50.3832,2017,7,2,10,224
0,0,0,1,0,0,1,0,0,0,0,0,0,0,0,0,0,0,0,0,0,0,0,0,0,1,23434,872.94,3,0,157.1292,2017,7,2,10,224
0,0,0,1,0,0,1,0,1,0,0,0,0,0,0,0,0,0,0,0,0,1,0,0,0,0,23434,12.96,2,0,6.2208,2017,7,2,10,224
0,0,1,0,0,0,0,1,1,0,0,0,0,0,0,0,0,0,0,1,0,0,0,0,0,0,94513,88.8,6,0,44.4,2014,12,5,16,2001
0,0,1,0,0,0,0,1,0,1,0,0,0,0,0,0,0,0,0,0,0,0,1,0,0,0,94513,319.968,4,0.2,35.9964,2014,12,5,16,2001
1,0,0,0,0,0,0,1,0,0,0,0,0,0,1,0,0,0,0,0,0,0,0,0,0,0,98103,167.888,7,0.2,14.6902,2016,3,0,428,506
0,0,0,0,1,0,0,0,1,0,0,0,0,0,0,0,0,0,0,0,0,1,0,0,0,0,77036,163.96,5,0.2,59.4355,2017,7,3,377,985
0,0,0,0,1,0,0,0,1,0,0,0,1,0,0,0,0,0,0,0,0,0,0,0,0,0,77036,5.232,4,0.8,-8.1096,2017,7,3,377,985
0,0,1,0,1,1,0,0,0,1,0,0,0,0,0,1,0,0,0,0,0,0,0,0,0,0,1841,1199.98,2,0,467.9922,2017,12,4,44,135
0,0,1,0,1,1,0,0,1,0,0,0,0,0,0,0,0,0,0,0,0,0,0,1,0,0,1841,73.85,1,0,2.2155,2017,12,4,44,135
0,0,1,0,1,1,0,0,1,0,0,0,0,0,0,0,0,0,0,0,0,0,0,0,1,0,1841,25.71,3,0,6.6846,2017,12,4,44,135
0,0,1,0,1,1,0,0,1,0,0,0,0,0,0,0,0,1,0,0,0,0,0,0,0,0,1841,17.28,6,0,8.1216,2017,12,4,44,135
0,0,1,0,1,1,0,0,0,0,0,0,0,0,0,0,0,0,0,0,0,0,0,0,0,1,1841,526.582,2,0.3,-52.6582,2017,12,4,44,135
0,0,1,0,0,0,0,0,1,0,0,0,0,0,0,0,0,0,0,0,0,1,0,0,0,0,48234,11.56,2,0,5.6644,2016,8,7,115,255
0,0,1,0,0,0,0,0,0,1,0,0,0,0,0,0,0,0,0,0,0,0,1,0,0,0,48234,209.97,3,0,58.7916,2016,8,7,115,255
0,0,1,0,0,0,0,0,0,0,0,0,0,0,0,0,0,0,0,0,0,0,0,0,0,1,48234,447.84,4,0,98.5248,2016,8,7,115,255
0,0,1,0,0,0,0,0,0,1,0,0,0,0,0,0,0,0,0,0,0,0,0,0,0,0,48234,479.97,3,0,163.1898,2016,8,7,115,255
0,0,1,0,0,0,0,0,1,0,0,1,0,0,0,0,0,0,0,0,0,0,0,0,0,0,48234,8.64,3,0,2.5056,2016,8,7,115,255
0,0,1,1,0,0,0,1,1,0,0,1,0,0,0,0,0,0,0,0,0,0,0,0,0,0,84057,11.68,2,0,4.2048,2017,10,4,9,53
0,0,1,0,0,1,0,0,0,1,0,0,0,0,0,0,0,0,0,0,0,0,0,0,0,0,19120,40.776,3,0.2,0.5097,2014,10,4,537,587
0,0,1,0,0,1,0,0,1,0,0,0,1,0,0,0,0,0,0,0,0,0,0,0,0,0,19120,13.698,3,0.7,-9.5886,2014,10,4,537,587
0,0,1,0,0,0,0,1,0,1,0,0,0,0,0,0,0,0,0,0,0,0,1,0,0,0,85204,87.8,5,0.2,32.925,2015,4,5,28,224
0,1,0,0,0,0,1,0,0,0,0,0,0,0,0,0,0,0,1,0,0,0,0,0,0,0,28314,77.952,3,0.2,15.5904,2017,10,2,41,249
0,1,0,0,0,0,1,0,1,0,0,0,0,0,0,0,0,0,0,0,0,0,0,1,0,0,28314,147.184,2,0.2,-29.4368,2017,10,2,41,249
0,1,0,0,0,0,1,0,1,0,0,0,0,0,0,0,0,0,0,0,0,1,0,0,0,0,28314,47.952,3,0.2,16.1838,2017,10,2,41,249
0,0,0,0,0,0,0,1,1,0,1,0,0,0,0,0,0,0,0,0,0,0,0,0,0,0,90032,250.26,6,0,72.5754,2014,12,2,747,2001
0,0,1,0,0,1,0,0,0,1,0,0,0,0,0,0,0,0,0,0,0,0,0,0,0,0,19140,40.776,3,0.2,0.5097,2017,11,5,537,587
0,0,1,1,0,0,0,1,1,0,0,0,0,0,0,0,0,0,0,0,0,1,0,0,0,0,80906,29.6,5,0.2,9.25,2015,1,6,25,182
0,0,1,1,0,0,0,1,1,0,0,0,1,0,0,0,0,0,0,0,0,0,0,0,0,0,80906,1.938,2,0.7,-1.3566,2015,1,6,25,182
0,0,1,1,0,0,0,1,0,1,0,0,0,0,0,0,0,0,0,0,0,0,0,0,0,0,90032,159.96,4,0,51.1872,2017,9,5,747,2001
0,0,1,1,0,1,0,0,1,0,0,1,0,0,0,0,0,0,0,0,0,0,0,0,0,0,10009,59.52,3,0,15.4752,2015,1,5,915,1128
0,0,1,1,0,1,0,0,1,0,0,0,0,0,0,0,1,0,0,0,0,0,0,0,0,0,10009,17.48,2,0,8.2156,2015,1,5,915,1128
0,0,1,1,0,1,0,0,1,0,0,0,1,0,0,0,0,0,0,0,0,0,0,0,0,0,10009,13.168,2,0.2,4.6088,2015,1,5,915,1128
0,0,1,0,1,0,0,1,1,0,1,0,0,0,0,0,0,0,0,0,0,0,0,0,0,0,94109,40.74,3,0,12.222,2017,4,4,510,2001
0,0,1,1,0,0,0,0,0,0,0,0,0,0,1,0,0,0,0,0,0,0,0,0,0,0,78745,179.886,1,0.3,-2.5698,2015,9,4,39,985
0,0,1,0,0,1,0,0,1,0,1,0,0,0,0,0,0,0,0,0,0,0,0,0,0,0,44105,286.256,1,0.2,17.891,2016,9,4,42,469
0,0,1,0,0,1,0,0,1,0,0,0,0,0,0,0,0,0,0,0,0,0,0,1,0,0,44105,24.224,2,0.2,-4.8448,2016,9,4,42,469
0,0,1,0,0,1,0,0,1,0,0,0,0,0,0,0,0,0,0,0,0,0,0,1,0,0,44105,331.536,3,0.2,-82.884,2016,9,4,42,469
0,1,0,0,1,1,0,0,1,0,0,1,0,0,0,0,0,0,0,0,0,0,0,0,0,0,10009,17.52,3,0,6.3072,2015,3,4,915,1128
0,0,1,0,0,0,0,0,1,0,0,1,0,0,0,0,0,0,0,0,0,0,0,0,0,0,79907,17.856,4,0.2,4.2408,2016,11,6,19,985
0,0,1,0,1,0,1,0,0,1,0,0,0,0,0,0,0,0,0,0,0,0,0,0,0,0,32303,431.976,3,0.2,-75.5958,2016,9,5,17,383
0,0,1,0,1,0,0,1,0,0,0,0,0,0,1,0,0,0,0,0,0,0,0,0,0,0,98103,291.136,4,0.2,-25.4744,2017,6,6,428,506
0,0,0,0,1,0,0,0,1,0,0,0,0,0,0,0,1,0,0,0,0,0,0,0,0,0,75220,114.848,4,0.2,35.89,2017,9,3,157,985
0,0,1,0,0,0,0,0,1,0,0,0,0,0,0,0,0,0,0,0,0,1,0,0,0,0,77070,10.688,2,0.2,3.7408,2017,6,6,377,985
0,1,0,0,0,1,0,0,1,0,0,0,0,0,0,0,0,0,0,0,0,1,0,0,0,0,45503,15.232,4,0.2,5.5216,2016,5,4,163,469
0,0,1,0,0,0,0,1,1,0,0,1,0,0,0,0,0,0,0,0,0,0,0,0,0,0,98103,12.42,3,0,5.2164,2017,9,5,428,506
0,0,1,1,0,0,0,1,1,0,0,0,0,0,0,0,0,0,0,0,0,1,0,0,0,0,98105,19.44,3,0,9.3312,2016,8,4,428,506
0,0,1,0,0,1,0,0,1,0,0,0,1,0,0,0,0,0,0,0,0,0,0,0,0,0,10024,70.368,4,0.2,26.388,2014,5,7,915,1128
0,0,0,0,0,0,1,0,1,0,0,1,0,0,0,0,0,0,0,0,0,0,0,0,0,0,28205,12.672,9,0.2,1.4256,2017,12,2,52,249
0,0,1,0,0,1,0,0,0,1,0,0,0,0,0,0,0,0,0,0,0,0,1,0,0,0,21215,89.95,5,0,43.176,2017,7,7,43,105
0,0,1,0,1,0,0,1,1,0,0,0,0,0,0,0,0,0,0,0,0,1,0,0,0,0,94110,6.58,2,0,3.0268,2014,11,5,510,2001
0,0,1,0,1,0,0,1,0,1,0,0,0,0,0,0,0,0,0,0,0,0,0,0,0,0,94110,94.99,1,0,28.497,2014,11,5,510,2001
0,1,0,0,0,0,0,1,0,1,0,0,0,0,0,0,0,0,0,0,0,0,1,0,0,0,85705,35.12,2,0.2,13.17,2015,9,2,32,224
0,0,1,0,0,0,0,1,1,0,0,0,0,0,0,0,0,0,0,0,0,1,0,0,0,0,90036,25.92,4,0,12.4416,2017,8,7,747,2001
0,0,1,1,0,1,0,0,1,0,0,0,1,0,0,0,0,0,0,0,0,0,0,0,0,0,6708,7.96,2,0,3.7412,2016,6,5,11,82
0,0,1,1,0,1,0,0,0,1,0,0,0,0,0,0,0,0,0,0,0,0,1,0,0,0,6708,566.97,3,0,153.0819,2016,6,5,11,82
0,0,1,1,0,1,0,0,1,0,0,1,0,0,0,0,0,0,0,0,0,0,0,0,0,0,6708,9.84,3,0,2.8536,2016,6,5,11,82
0,0,1,0,1,0,0,0,0,1,0,0,0,0,0,0,0,0,0,0,0,0,0,0,0,0,60610,25.488,2,0.2,4.779,2015,12,4,314,492
0,1,0,0,1,1,0,0,1,0,0,0,0,0,0,0,0,1,0,0,0,0,0,0,0,0,11561,7.56,6,0,0.3024,2015,5,2,61,1128
0,0,1,0,0,0,1,0,0,0,0,0,0,0,0,0,0,0,1,0,0,0,0,0,0,0,22204,60.84,3,0,19.4688,2015,6,6,60,224
0,0,1,0,0,0,1,0,1,0,0,0,0,0,0,0,0,0,0,0,0,0,0,1,0,0,22204,450.04,2,0,58.5052,2015,6,6,60,224
0,0,1,0,0,0,1,0,1,0,0,0,1,0,0,0,0,0,0,0,0,0,0,0,0,0,22204,34.6,2,0,16.608,2015,6,6,60,224
0,0,1,0,0,0,1,0,0,1,0,0,0,0,0,0,0,0,0,0,0,0,1,0,0,0,22204,467.97,3,0,140.391,2015,6,6,60,224
0,0,1,0,0,0,1,0,1,0,0,0,1,0,0,0,0,0,0,0,0,0,0,0,0,0,22204,33.02,2,0,15.8496,2015,6,6,60,224
0,0,0,1,0,0,1,0,0,0,0,0,0,0,0,0,0,0,1,0,0,0,0,0,0,0,28540,17.088,2,0.2,1.068,2015,11,3,125,249
0,1,0,1,0,1,0,0,1,0,0,1,0,0,0,0,0,0,0,0,0,0,0,0,0,0,43229,3.008,2,0.2,0.3384,2015,12,2,222,469
0,0,1,0,0,0,1,0,1,0,0,0,0,0,0,0,0,0,0,0,0,1,0,0,0,0,28205,268.24,7,0.2,93.884,2017,11,4,52,249
0,0,1,0,0,0,1,0,0,1,0,0,0,0,0,0,0,0,0,0,0,0,0,0,0,0,28205,431.16,5,0.2,107.79,2017,11,4,52,249
0,1,0,1,0,1,0,0,0,1,0,0,0,0,0,0,0,0,0,0,0,0,1,0,0,0,14215,43.6,4,0,12.208,2017,11,3,10,1128
0,1,0,1,0,1,0,0,0,0,0,0,0,0,0,0,0,0,1,0,0,0,0,0,0,0,14215,154.95,3,0,30.99,2017,11,3,10,1128
0,0,1,1,0,0,0,0,1,0,0,0,0,0,0,0,0,0,0,0,0,1,0,0,0,0,77041,15.552,3,0.2,5.4432,2016,10,4,377,985
0,0,1,0,0,0,1,0,1,0,0,0,0,0,0,0,0,0,0,0,0,1,0,0,0,0,38109,42.208,2,0.2,13.7176,2014,12,5,30,183
0,0,0,0,0,0,0,0,1,0,0,0,0,0,0,0,0,0,0,0,0,1,0,0,0,0,75023,10.368,2,0.2,3.6288,2017,12,3,15,985
0,0,0,0,1,0,0,1,1,0,0,1,0,0,0,0,0,0,0,0,0,0,0,0,0,0,97301,2.224,1,0.2,0.556,2017,9,2,40,124
0,0,1,0,0,0,1,0,1,0,0,0,0,0,0,0,1,0,0,0,0,0,0,0,0,0,31907,74.52,9,0,35.0244,2015,2,4,222,184
1,0,0,1,0,1,0,0,1,0,0,1,0,0,0,0,0,0,0,0,0,0,0,0,0,0,21044,17.52,3,0,5.256,2017,8,0,81,105
1,0,0,1,0,1,0,0,0,0,0,0,0,0,1,0,0,0,0,0,0,0,0,0,0,0,21044,1779.9,5,0,373.779,2017,8,0,81,105
1,0,0,1,0,1,0,0,1,0,0,1,0,0,0,0,0,0,0,0,0,0,0,0,0,0,21044,219.9,5,0,59.373,2017,8,0,81,105
0,0,0,0,0,0,0,1,1,0,0,1,0,0,0,0,0,0,0,0,0,0,0,0,0,0,97206,7.152,3,0.2,0.7152,2015,8,2,24,124
0,0,1,0,0,0,1,0,1,0,0,0,0,0,0,0,0,0,0,0,0,1,0,0,0,0,32303,26.72,5,0.2,9.352,2017,11,5,17,383
1,0,0,1,0,0,0,1,0,1,0,0,0,0,0,0,0,0,0,0,0,0,1,0,0,0,92503,1039.728,2,0.2,90.9762,2016,8,0,14,2001
1,0,0,1,0,0,0,1,1,0,1,0,0,0,0,0,0,0,0,0,0,0,0,0,0,0,92503,45.96,2,0,13.788,2016,8,0,14,2001
0,0,1,0,0,1,0,0,1,0,0,0,1,0,0,0,0,0,0,0,0,0,0,0,0,0,43130,456.588,2,0.7,-304.392,2016,11,7,46,469
0,0,1,0,0,1,0,0,0,1,0,0,0,0,0,0,0,0,0,0,1,0,0,0,0,0,43130,4499.985,5,0.7,-6599.978,2016,11,7,46,469
0,0,1,0,0,1,0,0,0,1,0,0,0,0,0,0,0,0,0,0,0,0,0,0,0,0,43130,59.976,3,0.2,11.9952,2016,11,7,46,469
0,0,0,0,0,0,0,1,1,0,0,0,0,0,0,0,1,0,0,0,0,0,0,0,0,0,94109,6.12,3,0,2.8764,2016,4,2,510,2001
0,0,1,0,1,0,0,1,1,0,1,0,0,0,0,0,0,0,0,0,0,0,0,0,0,0,92553,10.98,1,0,2.9646,2014,12,4,10,2001
0,0,1,0,1,0,0,1,1,0,0,0,0,0,0,0,0,1,0,0,0,0,0,0,0,0,92553,7.86,3,0,3.6156,2014,12,4,10,2001
0,0,1,0,1,0,0,1,1,0,0,0,0,0,0,0,0,0,0,0,0,0,0,1,0,0,92553,51.45,3,0,13.8915,2014,12,4,10,2001
0,0,1,0,1,0,0,1,1,0,0,0,1,0,0,0,0,0,0,0,0,0,0,0,0,0,92553,37.056,3,0.2,13.896,2014,12,4,10,2001
0,0,1,0,0,0,1,0,1,0,1,0,0,0,0,0,0,0,0,0,0,0,0,0,0,0,23320,203.92,4,0,55.0584,2016,4,4,18,224
0,0,1,0,0,0,1,0,0,1,0,0,0,0,0,0,0,0,0,0,0,0,1,0,0,0,23320,29.56,4,0,7.9812,2016,4,4,18,224
0,0,1,0,0,0,0,0,1,0,0,0,1,0,0,0,0,0,0,0,0,0,0,0,0,0,60623,8.568,3,0.8,-14.5656,2015,3,4,314,492
0,1,0,1,0,0,1,0,1,0,0,0,0,0,0,0,0,0,0,0,0,0,0,1,0,0,28205,45.248,2,0.2,3.9592,2016,11,2,52,249
0,1,0,1,0,0,1,0,0,0,0,0,0,0,0,0,0,0,0,0,0,0,0,0,0,1,28205,876.3,10,0.4,-292.1,2016,11,2,52,249
0,1,0,1,0,0,1,0,1,0,0,0,0,0,0,0,0,0,0,0,0,0,0,0,1,0,28205,185.376,2,0.2,-34.758,2016,11,2,52,249
0,0,1,0,0,1,0,0,1,0,0,0,0,0,0,0,0,0,0,1,0,0,0,0,0,0,10009,25.06,2,0,11.7782,2014,11,7,915,1128
0,0,0,0,0,0,0,0,1,0,0,0,1,0,0,0,0,0,0,0,0,0,0,0,0,0,60653,2.89,1,0.8,-4.7685,2016,5,3,314,492
0,0,0,0,0,0,0,0,1,0,0,0,0,0,0,0,0,1,0,0,0,0,0,0,0,0,60653,7.896,3,0.2,2.4675,2016,5,3,314,492
0,0,0,0,0,0,0,0,0,0,0,0,0,0,0,0,0,0,1,0,0,0,0,0,0,0,60653,22.608,3,0.6,-10.1736,2016,5,3,314,492
0,0,0,0,0,0,0,0,1,0,0,0,0,0,0,0,0,0,0,0,0,1,0,0,0,0,60653,30.528,8,0.2,9.54,2016,5,3,314,492
1,0,0,0,1,1,0,0,1,0,0,0,1,0,0,0,0,0,0,0,0,0,0,0,0,0,19120,4.842,3,0.7,-3.3894,2017,9,0,537,587
0,0,1,1,0,0,0,0,1,0,0,0,1,0,0,0,0,0,0,0,0,0,0,0,0,0,60623,1.8,5,0.8,-2.88,2016,12,5,314,492
0,0,0,1,0,0,0,0,0,1,0,0,0,0,0,0,0,0,0,0,0,0,0,0,0,0,75217,39.984,2,0.2,-1.4994,2017,10,3,157,985
0,1,0,1,0,0,0,1,1,0,0,0,0,0,0,0,0,0,0,0,0,1,0,0,0,0,89115,32.4,5,0,15.876,2015,12,3,13,39
0,1,0,1,0,0,0,1,1,0,0,0,0,0,0,0,0,0,0,0,0,1,0,0,0,0,89115,97.88,2,0,48.94,2015,12,3,13,39
0,0,1,0,0,0,0,0,0,1,0,0,0,0,0,0,0,0,0,0,0,0,1,0,0,0,79109,307.168,4,0.2,30.7168,2015,7,6,10,985
0,0,1,1,0,1,0,0,1,0,0,0,1,0,0,0,0,0,0,0,0,0,0,0,0,0,6457,26.9,5,0,13.181,2015,10,4,9,82
0,0,0,1,0,1,0,0,1,0,0,0,0,0,0,0,1,0,0,0,0,0,0,0,0,0,10035,47.01,3,0,22.0947,2017,3,3,915,1128
0,0,0,1,0,1,0,0,0,1,0,0,0,0,0,0,0,0,0,0,0,0,1,0,0,0,10035,469.99,1,0,136.2971,2017,3,3,915,1128
0,0,0,1,0,1,0,0,0,0,0,0,0,0,1,0,0,0,0,0,0,0,0,0,0,0,10035,207.846,3,0.1,2.3094,2017,3,3,915,1128
0,0,1,0,0,1,0,0,1,0,0,0,0,0,0,0,0,0,0,0,0,0,0,1,0,0,19120,324.744,3,0.2,-77.1267,2017,6,5,537,587
0,1,0,0,0,0,0,1,0,0,0,0,0,0,0,0,0,0,1,0,0,0,0,0,0,0,93727,40.48,2,0,14.5728,2014,3,5,26,2001
0,0,1,0,1,0,1,0,1,0,0,0,0,0,0,0,0,0,0,1,0,0,0,0,0,0,37064,12,4,0.2,4.2,2015,9,4,37,183
0,0,1,0,1,0,1,0,1,0,0,0,0,0,0,0,0,0,0,0,0,0,0,1,0,0,37064,720.064,4,0.2,-63.0056,2015,9,4,37,183
0,0,1,0,1,0,1,0,1,0,0,0,0,0,0,0,0,0,0,0,0,0,0,1,0,0,37064,25.424,1,0.2,-4.767,2015,9,4,37,183
0,0,1,0,1,0,1,0,1,0,0,1,0,0,0,0,0,0,0,0,0,0,0,0,0,0,37064,2.816,2,0.2,0.3168,2015,9,4,37,183
0,0,1,0,1,0,1,0,1,0,0,0,1,0,0,0,0,0,0,0,0,0,0,0,0,0,37064,3.204,2,0.7,-2.5632,2015,9,4,37,183
0,0,1,0,0,0,1,0,1,0,0,0,1,0,0,0,0,0,0,0,0,0,0,0,0,0,27604,30.828,7,0.7,-24.6624,2016,1,5,22,249
0,0,1,0,0,0,1,0,1,0,0,1,0,0,0,0,0,0,0,0,0,0,0,0,0,0,27604,47.616,3,0.2,5.952,2016,1,5,22,249
0,0,1,0,0,0,1,0,0,1,0,0,0,0,0,0,0,0,0,0,0,0,1,0,0,0,27604,108.784,2,0.2,10.8784,2016,1,5,22,249
0,0,0,0,0,1,0,0,1,0,0,0,0,0,0,0,0,0,0,0,0,1,0,0,0,0,20735,4.77,1,0,2.1465,2016,2,1,29,105
0,0,0,0,0,1,0,0,1,0,0,1,0,0,0,0,0,0,0,0,0,0,0,0,0,0,20735,7.98,3,0,2.0748,2016,2,1,29,105
0,0,0,0,0,1,0,0,0,0,0,0,0,0,0,0,0,0,0,0,0,0,0,0,0,1,20735,550.431,3,0.3,-47.1798,2016,2,1,29,105
0,0,0,0,0,1,0,0,0,0,0,0,0,0,0,0,0,0,1,0,0,0,0,0,0,0,20735,10.56,6,0,4.6464,2016,2,1,29,105
0,0,0,0,1,0,0,1,0,0,0,0,0,1,0,0,0,0,0,0,0,0,0,0,0,0,90049,1497.666,2,0.15,140.9568,2017,6,2,747,2001
0,0,0,0,1,0,0,1,0,1,0,0,0,0,0,0,0,0,0,0,0,0,1,0,0,0,90049,17.52,2,0.2,-3.504,2017,6,2,747,2001
0,1,0,0,1,0,0,1,1,0,0,1,0,0,0,0,0,0,0,0,0,0,0,0,0,0,89031,113.22,3,0,29.4372,2016,10,5,16,39
0,1,0,0,1,0,0,1,1,0,0,0,0,0,0,0,0,0,0,0,0,1,0,0,0,0,89031,35.88,6,0,17.5812,2016,10,5,16,39
0,1,0,0,1,0,0,1,1,0,0,0,1,0,0,0,0,0,0,0,0,0,0,0,0,0,89031,4535.976,3,0.2,1644.2913,2016,10,5,16,39
0,0,1,0,0,0,0,1,1,0,0,0,0,0,0,0,0,1,0,0,0,0,0,0,0,0,94109,11.84,8,0,5.6832,2017,1,4,510,2001
0,1,0,0,1,1,0,0,1,0,0,0,0,0,0,0,0,0,0,0,0,0,0,1,0,0,2920,592.74,6,0,160.0398,2017,12,2,16,56
0,1,0,0,0,0,1,0,1,0,0,0,0,0,0,0,0,0,0,0,0,0,0,1,0,0,38301,111.672,9,0.2,6.9795,2016,10,3,82,183
0,0,1,0,1,1,0,0,1,0,0,1,0,0,0,0,0,0,0,0,0,0,0,0,0,0,19711,8.64,3,0,2.5056,2014,8,6,95,96
0,0,1,0,1,1,0,0,0,1,0,0,0,0,0,0,0,0,0,0,0,0,0,0,0,0,19711,149.97,3,0,52.4895,2014,8,6,95,96
0,0,1,1,0,0,0,1,0,0,0,0,0,0,1,0,0,0,0,0,0,0,0,0,0,0,90036,232.88,5,0.2,17.466,2014,5,7,747,2001
0,0,1,1,0,1,0,0,0,0,0,0,0,0,1,0,0,0,0,0,0,0,0,0,0,0,13440,90.882,1,0.1,15.147,2015,2,4,6,1128
0,0,1,1,0,0,0,0,0,1,0,0,0,0,0,0,0,0,0,0,0,0,1,0,0,0,60610,508.768,4,0.2,38.1576,2017,10,5,314,492
0,0,1,1,0,0,0,0,1,0,0,0,0,0,0,0,1,0,0,0,0,0,0,0,0,0,60610,9.912,3,0.2,3.2214,2017,10,5,314,492
0,0,1,1,0,0,0,1,0,0,0,0,0,0,1,0,0,0,0,0,0,0,0,0,0,0,92105,63.936,3,0.2,6.3936,2015,4,5,170,2001
0,0,1,1,0,0,0,1,1,0,0,1,0,0,0,0,0,0,0,0,0,0,0,0,0,0,92105,59.52,3,0,15.4752,2015,4,5,170,2001
0,0,1,1,0,0,0,1,0,1,0,0,0,0,0,0,0,0,0,0,0,0,1,0,0,0,92105,311.976,3,0.2,38.997,2015,4,5,170,2001
0,0,1,1,0,0,0,1,1,0,0,0,1,0,0,0,0,0,0,0,0,0,0,0,0,0,92105,50.352,3,0.2,17.6232,2015,4,5,170,2001
0,0,1,0,0,0,0,0,0,1,0,0,0,0,0,0,0,0,0,0,0,0,1,0,0,0,77036,19.136,2,0.2,1.9136,2016,5,4,377,985
0,0,1,0,1,0,1,0,1,0,0,1,0,0,0,0,0,0,0,0,0,0,0,0,0,0,33407,13.12,5,0.2,2.132,2015,1,4,3,383
0,1,0,0,0,0,0,1,0,0,0,0,0,0,0,0,0,0,0,0,0,0,0,0,0,1,90045,241.568,2,0.2,-15.098,2015,4,4,747,2001
0,1,0,0,0,0,0,1,0,1,0,0,0,0,0,0,0,0,0,0,0,0,1,0,0,0,90045,479.92,2,0.2,41.993,2015,4,4,747,2001
0,0,1,1,0,0,0,1,0,0,0,0,0,0,1,0,0,0,0,0,0,0,0,0,0,0,98103,307.136,4,0.2,-11.5176,2015,9,5,428,506
0,0,1,1,0,0,0,1,1,0,0,0,0,0,0,0,0,0,0,1,0,0,0,0,0,0,98103,12.6,2,0,5.796,2015,9,5,428,506
0,0,1,1,0,0,0,1,0,1,0,0,0,0,0,0,0,0,0,0,0,0,0,0,0,0,98103,159.98,2,0,57.5928,2015,9,5,428,506
0,0,1,0,0,0,0,0,1,0,0,0,0,0,0,0,1,0,0,0,0,0,0,0,0,0,50315,6.12,3,0,2.8764,2014,3,5,19,30
0,0,1,0,0,0,0,0,0,0,0,0,0,0,0,0,0,0,0,0,0,0,0,0,0,1,50315,1184.72,4,0,106.6248,2014,3,5,19,30
0,0,1,0,0,1,0,0,1,0,1,0,0,0,0,0,0,0,0,0,0,0,0,0,0,0,10024,45.96,2,0,13.788,2016,7,5,915,1128
0,1,0,0,0,0,1,0,1,0,0,0,1,0,0,0,0,0,0,0,0,0,0,0,0,0,22204,58.05,3,0,26.703,2014,4,4,60,224
0,1,0,0,0,0,1,0,1,0,0,0,0,0,0,0,0,0,0,0,0,1,0,0,0,0,22204,71.28,11,0,34.2144,2014,4,4,60,224
0,0,1,0,0,0,0,0,0,0,0,0,0,0,0,0,0,0,0,0,0,0,0,0,0,1,78577,124.404,4,0.3,-21.3264,2017,7,4,4,985
0,0,1,0,0,0,1,0,1,0,0,0,0,0,0,0,0,0,0,0,0,1,0,0,0,0,22204,154.9,5,0,69.705,2015,9,5,60,224
0,0,1,0,0,0,1,0,0,1,0,0,0,0,0,0,0,0,0,0,0,0,1,0,0,0,22204,1871.88,12,0,561.564,2015,9,5,60,224
0,0,1,0,0,0,0,0,0,0,0,0,0,0,0,0,0,0,1,0,0,0,0,0,0,0,77070,16.192,2,0.6,-6.8816,2016,2,4,377,985
0,0,1,0,0,0,0,0,1,0,0,0,0,0,0,0,0,0,0,0,0,0,0,1,0,0,75061,18.936,3,0.2,-3.7872,2016,5,4,8,985
0,0,1,0,0,0,0,0,1,0,0,0,0,0,0,0,0,0,0,0,0,0,0,1,0,0,75061,12.672,3,0.2,-3.168,2016,5,4,8,985
0,0,1,0,0,0,0,0,1,0,0,0,0,0,0,0,0,0,0,1,0,0,0,0,0,0,75061,5.04,2,0.2,1.764,2016,5,4,8,985
0,0,1,1,0,0,0,0,1,0,0,0,0,0,0,0,0,0,0,0,0,1,0,0,0,0,60653,8.448,2,0.2,2.9568,2014,12,6,314,492
0,0,1,1,0,0,0,0,1,0,1,0,0,0,0,0,0,0,0,0,0,0,0,0,0,0,60653,20.388,2,0.8,-53.0088,2014,12,6,314,492
0,0,1,0,1,0,0,1,1,0,0,0,0,0,0,0,0,0,0,0,0,1,0,0,0,0,90049,9.96,2,0,4.8804,2015,12,4,747,2001
0,0,1,0,0,0,1,0,1,0,1,0,0,0,0,0,0,0,0,0,0,0,0,0,0,0,39401,320.64,4,0,89.7792,2017,12,5,9,53
0,0,1,0,0,0,1,0,0,1,0,0,0,0,0,0,0,0,0,0,0,0,0,0,0,0,39401,52,4,0,23.4,2017,12,5,9,53
0,0,0,1,0,1,0,0,1,0,0,0,1,0,0,0,0,0,0,0,0,0,0,0,0,0,10024,25.584,2,0.2,8.9544,2014,5,2,915,1128
0,0,0,1,0,1,0,0,0,1,0,0,0,0,0,0,0,0,0,0,0,0,1,0,0,0,10024,464,5,0,134.56,2014,5,2,915,1128
0,0,0,1,0,1,0,0,1,0,1,0,0,0,0,0,0,0,0,0,0,0,0,0,0,0,10024,235.95,3,0,77.8635,2014,5,2,915,1128
0,0,0,1,0,1,0,0,1,0,0,0,0,0,0,0,0,0,0,0,0,1,0,0,0,0,10024,39.96,4,0,17.982,2014,5,2,915,1128
0,0,1,0,0,1,0,0,1,0,0,0,1,0,0,0,0,0,0,0,0,0,0,0,0,0,44221,18.528,4,0.7,-12.352,2017,3,4,3,469
0,0,1,0,0,0,0,1,0,1,0,0,0,0,0,0,0,0,0,0,0,0,0,0,0,0,98103,17.9,2,0,3.401,2015,10,5,428,506
0,0,1,0,0,0,0,1,1,0,0,0,0,0,0,0,0,0,0,0,0,0,0,1,0,0,98103,81.96,2,0,0,2015,10,5,428,506
0,1,0,0,0,0,0,1,1,0,0,0,0,0,0,0,0,0,0,0,0,0,0,1,0,0,85204,272.736,3,0.2,-64.7748,2015,7,5,28,224
0,1,0,0,0,0,0,1,1,0,0,0,0,0,0,0,0,0,0,0,0,1,0,0,0,0,85204,18.496,4,0.2,6.7048,2015,7,5,28,224
0,1,0,0,0,0,0,1,0,0,0,0,0,0,1,0,0,0,0,0,0,0,0,0,0,0,85204,441.92,2,0.2,49.716,2015,7,5,28,224
0,1,0,0,0,0,0,1,0,0,0,0,0,1,0,0,0,0,0,0,0,0,0,0,0,0,85204,127.764,6,0.7,-191.646,2015,7,5,28,224
0,1,0,0,1,0,0,1,1,0,0,0,0,0,0,0,0,0,0,0,0,1,0,0,0,0,84106,166.44,3,0,79.8912,2014,11,5,8,53
0,0,1,0,0,0,0,1,1,0,0,0,0,0,0,0,0,0,0,0,0,1,0,0,0,0,90045,13.38,2,0,6.1548,2016,5,6,747,2001
0,0,1,0,0,0,1,0,0,1,0,0,0,0,0,0,0,0,0,0,0,0,0,0,0,0,28540,24,2,0.2,-2.7,2017,7,6,125,249
0,0,1,1,0,1,0,0,1,0,0,0,0,0,0,0,1,0,0,0,0,0,0,0,0,0,44107,24.448,4,0.2,8.8624,2017,9,4,49,469
0,0,1,0,1,0,0,1,1,0,0,0,0,0,0,0,0,0,0,1,0,0,0,0,0,0,92630,6.16,2,0,2.9568,2016,10,4,6,2001
0,0,1,0,1,0,0,1,0,0,0,0,0,0,1,0,0,0,0,0,0,0,0,0,0,0,92630,915.136,4,0.2,102.9528,2016,10,4,6,2001
0,0,1,0,1,0,0,1,1,0,0,0,0,0,0,0,0,0,0,0,0,1,0,0,0,0,92630,8.56,2,0,3.852,2016,10,4,6,2001
0,0,1,0,1,0,0,1,1,0,0,0,0,0,0,0,0,0,0,0,0,1,0,0,0,0,92630,97.82,2,0,45.9754,2016,10,4,6,2001
0,0,1,1,0,0,0,1,1,0,0,0,0,0,0,0,0,0,0,0,0,1,0,0,0,0,97206,31.104,6,0.2,11.2752,2017,9,6,24,124
0,0,1,1,0,0,0,1,1,0,1,0,0,0,0,0,0,0,0,0,0,0,0,0,0,0,97206,11.176,1,0.2,0.8382,2017,9,6,24,124
0,0,1,0,0,0,1,0,1,0,0,0,0,0,0,0,0,0,0,1,0,0,0,0,0,0,28205,5.04,2,0.2,1.764,2015,3,6,52,249
0,1,0,0,1,0,0,0,0,0,0,0,0,0,0,0,0,0,1,0,0,0,0,0,0,0,60505,242.176,4,0.6,-302.72,2016,11,5,68,492
0,0,1,1,0,1,0,0,0,0,0,0,0,0,0,0,0,0,0,0,0,0,0,0,0,1,19140,337.176,2,0.4,-118.0116,2016,6,7,537,587
0,1,0,0,0,0,0,1,1,0,0,1,0,0,0,0,0,0,0,0,0,0,0,0,0,0,80229,13.344,6,0.2,1.0008,2017,12,3,10,182
0,1,0,0,0,0,0,1,0,1,0,0,0,0,0,0,0,0,0,0,0,0,0,0,0,0,80229,76.752,6,0.2,10.5534,2017,12,3,10,182
0,1,0,0,0,0,0,1,0,1,0,0,0,0,0,0,0,0,0,0,0,0,0,0,0,0,80229,102.336,8,0.2,14.0712,2017,12,3,10,182
0,1,0,0,0,0,0,1,1,0,0,0,0,0,0,0,0,0,0,0,0,1,0,0,0,0,80229,10.32,2,0.2,3.741,2017,12,3,10,182
0,1,0,0,0,0,0,1,1,0,0,0,0,0,0,0,0,0,0,0,0,0,0,0,1,0,80229,47.32,7,0.2,5.915,2017,12,3,10,182
0,1,0,0,0,0,0,1,0,0,0,0,0,0,0,0,0,0,1,0,0,0,0,0,0,0,80229,23.376,3,0.2,7.0128,2017,12,3,10,182
0,1,0,0,0,0,0,1,0,0,0,0,0,0,0,0,0,0,1,0,0,0,0,0,0,0,80229,16.72,5,0.2,3.344,2017,12,3,10,182
0,1,0,0,0,0,0,1,0,0,0,0,0,0,0,0,0,0,1,0,0,0,0,0,0,0,80229,16.192,1,0.2,4.6552,2017,12,3,10,182
0,0,1,0,0,0,0,1,1,0,0,0,0,0,0,0,0,0,0,0,0,1,0,0,0,0,95616,32.4,5,0,15.552,2016,8,6,1,2001
0,0,1,0,0,0,1,0,1,0,0,1,0,0,0,0,0,0,0,0,0,0,0,0,0,0,72701,19.89,9,0,5.3703,2016,12,4,41,60
0,0,1,0,0,0,1,0,0,1,0,0,0,0,0,0,0,0,0,0,0,0,0,0,0,0,72701,399.98,2,0,171.9914,2016,12,4,41,60
0,0,1,0,0,0,1,0,0,0,0,0,0,0,0,0,0,0,1,0,0,0,0,0,0,0,72701,343.85,5,0,137.54,2016,12,4,41,60
0,0,1,0,0,0,1,0,1,0,0,0,0,0,0,0,0,0,0,0,0,1,0,0,0,0,72701,106.32,3,0,49.9704,2016,12,4,41,60
0,0,1,0,1,1,0,0,1,0,0,0,1,0,0,0,0,0,0,0,0,0,0,0,0,0,10011,13.92,3,0.2,4.35,2017,7,7,915,1128
0,0,1,0,1,1,0,0,1,0,0,0,1,0,0,0,0,0,0,0,0,0,0,0,0,0,26003,82.4,5,0,40.376,2017,6,4,7,4
0,0,1,0,1,1,0,0,1,0,0,0,1,0,0,0,0,0,0,0,0,0,0,0,0,0,26003,6.24,2,0,3.0576,2017,6,4,7,4
0,0,1,0,1,1,0,0,1,0,0,0,0,0,0,0,0,0,0,0,0,1,0,0,0,0,26003,447.84,8,0,219.4416,2017,6,4,7,4
0,0,1,0,0,0,1,0,1,0,1,0,0,0,0,0,0,0,0,0,0,0,0,0,0,0,38109,272.048,7,0.2,30.6054,2017,8,5,30,183
0,0,1,0,0,0,1,0,1,0,0,0,1,0,0,0,0,0,0,0,0,0,0,0,0,0,38109,1614.582,6,0.7,-1237.8462,2017,8,5,30,183
0,0,1,0,0,0,1,0,1,0,0,0,0,0,0,0,0,1,0,0,0,0,0,0,0,0,38109,24.32,5,0.2,9.12,2017,8,5,30,183
0,0,1,0,0,0,1,0,0,1,0,0,0,0,0,0,0,0,0,0,0,0,0,0,0,0,38109,1.584,2,0.2,0.4752,2017,8,5,30,183
0,0,1,0,0,0,1,0,0,0,0,0,0,0,0,0,0,0,1,0,0,0,0,0,0,0,38109,31.984,1,0.2,0,2017,8,5,30,183
0,0,1,0,0,0,1,0,1,0,0,0,0,0,0,0,1,0,0,0,0,0,0,0,0,0,38109,14.76,5,0.2,4.797,2017,8,5,30,183
0,0,1,0,0,0,1,0,0,0,0,0,0,0,1,0,0,0,0,0,0,0,0,0,0,0,38109,423.648,2,0.2,47.6604,2017,8,5,30,183
0,0,1,0,0,0,0,0,1,0,0,0,0,0,0,0,0,0,0,0,0,1,0,0,0,0,77036,76.64,2,0.2,26.824,2015,11,6,377,985
0,0,1,0,1,0,0,0,1,0,0,0,0,0,0,0,1,0,0,0,0,0,0,0,0,0,75217,4.464,1,0.2,1.674,2015,10,7,157,985
0,0,1,0,1,0,0,0,1,0,0,0,1,0,0,0,0,0,0,0,0,0,0,0,0,0,75217,3.96,10,0.8,-6.93,2015,10,7,157,985
0,0,0,1,0,0,0,1,1,0,1,0,0,0,0,0,0,0,0,0,0,0,0,0,0,0,94122,715.64,2,0,178.91,2016,7,3,510,2001
0,0,1,0,0,0,0,1,0,0,0,0,0,0,0,0,0,0,0,0,0,0,0,0,0,1,95037,268.704,3,0.2,6.7176,2016,12,4,4,2001
0,0,1,0,0,0,0,1,1,0,0,1,0,0,0,0,0,0,0,0,0,0,0,0,0,0,95037,21.92,8,0,5.9184,2016,12,4,4,2001
0,0,1,0,0,0,0,1,1,0,0,0,0,0,0,0,0,0,0,0,0,0,0,1,0,0,95037,48.72,3,0,7.308,2016,12,4,4,2001
0,0,1,0,0,0,0,1,0,0,0,0,0,1,0,0,0,0,0,0,0,0,0,0,0,0,95037,205.666,2,0.15,-12.098,2016,12,4,4,2001
0,1,0,0,0,0,0,0,0,0,0,0,0,0,0,0,0,0,1,0,0,0,0,0,0,0,60174,30.344,2,0.6,-31.8612,2016,4,2,10,492
0,0,0,0,0,1,0,0,1,0,0,0,0,0,0,0,0,0,0,0,0,0,0,1,0,0,44105,25.696,2,0.2,1.9272,2017,8,2,42,469
0,0,1,0,1,1,0,0,0,1,0,0,0,0,0,0,0,0,0,0,1,0,0,0,0,0,10024,3404.5,5,0,1668.205,2017,6,4,915,1128
0,0,1,0,1,1,0,0,0,1,0,0,0,0,0,0,0,0,0,0,0,0,0,0,0,0,10024,101.34,3,0,8.1072,2017,6,4,915,1128
0,0,1,0,1,1,0,0,0,0,0,0,0,0,1,0,0,0,0,0,0,0,0,0,0,0,19140,344.372,4,0.3,-93.4724,2015,11,4,537,587
0,1,0,0,1,0,0,0,1,0,0,1,0,0,0,0,0,0,0,0,0,0,0,0,0,0,75043,30.384,1,0.2,3.798,2017,9,4,4,985
0,1,0,0,1,0,0,1,1,0,0,0,1,0,0,0,0,0,0,0,0,0,0,0,0,0,92024,22.848,2,0.2,7.4256,2015,7,4,170,2001
0,0,1,0,1,1,0,0,1,0,0,0,0,0,0,0,0,0,0,0,0,0,0,1,0,0,6708,38.62,2,0,10.8136,2017,9,6,11,82
0,0,1,0,1,1,0,0,0,1,0,0,0,0,0,0,0,0,0,0,0,0,0,0,0,0,6708,59.98,2,0,10.7964,2017,9,6,11,82
0,0,1,0,0,1,0,0,1,0,0,0,1,0,0,0,0,0,0,0,0,0,0,0,0,0,21044,174.3,3,0,81.921,2017,3,4,81,105
0,0,1,0,1,0,1,0,0,1,0,0,0,0,0,0,0,0,0,0,0,0,1,0,0,0,33021,383.96,5,0.2,38.396,2017,9,5,11,383
0,0,1,0,1,0,1,0,1,0,0,0,1,0,0,0,0,0,0,0,0,0,0,0,0,0,33021,15.57,3,0.7,-11.418,2017,9,5,11,383
0,0,0,0,0,0,1,0,1,0,0,0,1,0,0,0,0,0,0,0,0,0,0,0,0,0,22153,22.32,4,0,10.7136,2016,8,3,163,224
0,0,0,0,0,0,1,0,1,0,0,0,0,0,0,0,0,0,0,1,0,0,0,0,0,0,22153,103.6,7,0,51.8,2016,8,3,163,224
0,1,0,1,0,1,0,0,0,1,0,0,0,0,0,0,0,0,0,0,0,0,0,0,0,0,10035,2.97,3,0,1.3365,2017,11,4,915,1128
0,1,0,1,0,1,0,0,0,1,0,0,0,0,0,0,0,0,0,0,0,0,1,0,0,0,10035,569.99,1,0,170.997,2017,11,4,915,1128
0,1,0,1,0,1,0,0,0,0,0,0,0,0,0,0,0,0,1,0,0,0,0,0,0,0,10035,50.97,3,0,9.1746,2017,11,4,915,1128
0,0,0,0,1,0,0,0,0,0,0,0,0,0,0,0,0,0,0,0,0,0,0,0,0,1,75217,298.116,6,0.3,-4.2588,2017,7,2,157,985
0,1,0,1,0,1,0,0,1,0,0,1,0,0,0,0,0,0,0,0,0,0,0,0,0,0,10024,59.52,3,0,17.856,2016,3,2,915,1128
0,0,1,1,0,0,0,1,0,0,0,0,0,0,1,0,0,0,0,0,0,0,0,0,0,0,97206,230.28,3,0.2,23.028,2016,7,5,24,124
0,0,1,1,0,0,0,1,1,0,0,0,0,0,0,0,0,0,0,0,0,1,0,0,0,0,97206,105.52,5,0.2,34.294,2016,7,5,24,124
0,0,1,1,0,0,0,1,1,0,0,0,0,0,0,0,1,0,0,0,0,0,0,0,0,0,94513,23.36,2,0,11.68,2017,8,7,16,2001
0,0,1,1,0,0,0,1,0,1,0,0,0,0,0,0,0,0,0,0,0,0,1,0,0,0,94513,71.976,3,0.2,8.997,2017,8,7,16,2001
0,0,1,1,0,0,0,1,1,0,0,0,0,0,0,0,0,0,0,0,0,1,0,0,0,0,94513,8.56,2,0,3.852,2017,8,7,16,2001
0,0,1,1,0,0,0,1,1,0,0,0,1,0,0,0,0,0,0,0,0,0,0,0,0,0,94513,13.92,3,0.2,4.872,2017,8,7,16,2001
0,0,1,1,0,0,0,1,1,0,1,0,0,0,0,0,0,0,0,0,0,0,0,0,0,0,94513,2518.29,9,0,654.7554,2017,8,7,16,2001
0,0,1,1,0,0,0,1,1,0,0,0,0,0,0,0,0,0,0,0,0,0,0,1,0,0,94513,540.57,3,0,140.5482,2017,8,7,16,2001
0,0,1,1,0,0,0,1,1,0,0,0,1,0,0,0,0,0,0,0,0,0,0,0,0,0,94513,221.056,8,0.2,77.3696,2017,8,7,16,2001
0,0,0,1,0,0,0,1,0,0,0,0,0,0,1,0,0,0,0,0,0,0,0,0,0,0,92037,81.424,2,0.2,-9.1602,2016,12,3,170,2001
0,0,0,1,0,0,0,1,1,0,0,0,0,0,0,0,0,0,0,0,0,0,0,1,0,0,92037,134.8,10,0,35.048,2016,12,3,170,2001
0,0,1,0,0,0,0,0,1,0,0,0,1,0,0,0,0,0,0,0,0,0,0,0,0,0,75081,39.582,9,0.8,-59.373,2017,12,7,157,985
0,0,1,0,0,0,0,0,1,0,0,0,0,0,0,0,0,0,0,0,0,0,0,0,1,0,75081,44.688,7,0.2,5.0274,2017,12,7,157,985
0,0,1,0,0,0,0,0,1,0,0,1,0,0,0,0,0,0,0,0,0,0,0,0,0,0,75081,31.744,2,0.2,2.3808,2017,12,7,157,985
0,0,1,0,0,0,0,0,1,0,0,0,1,0,0,0,0,0,0,0,0,0,0,0,0,0,75081,40.98,5,0.8,-65.568,2017,12,7,157,985
0,0,1,0,0,0,0,0,1,0,0,0,1,0,0,0,0,0,0,0,0,0,0,0,0,0,75081,3.168,3,0.8,-5.0688,2017,12,7,157,985
0,0,1,0,0,0,0,0,1,0,0,0,0,0,0,0,0,1,0,0,0,0,0,0,0,0,79907,18.84,5,0.2,-3.5325,2014,3,4,19,985
0,0,1,0,0,0,0,0,0,0,0,0,0,0,1,0,0,0,0,0,0,0,0,0,0,0,79907,362.25,6,0.3,0,2014,3,4,19,985
0,0,1,0,0,0,0,0,0,0,0,0,0,0,0,0,0,0,1,0,0,0,0,0,0,0,79907,63.552,6,0.6,-34.9536,2014,3,4,19,985
0,0,1,0,0,0,0,0,1,0,0,0,0,0,0,0,0,0,0,0,0,0,0,1,0,0,79907,129.552,3,0.2,-22.6716,2014,3,4,19,985
0,0,1,0,0,1,0,0,1,0,0,0,1,0,0,0,0,0,0,0,0,0,0,0,0,0,10035,5.984,2,0.2,2.244,2015,11,5,915,1128
0,0,1,0,0,1,0,0,0,1,0,0,0,0,0,0,0,0,0,0,0,0,1,0,0,0,10035,861.76,4,0,249.9104,2015,11,5,915,1128
0,0,1,1,0,1,0,0,1,0,0,0,0,0,0,0,0,0,0,0,0,0,0,1,0,0,2151,66.96,4,0,2.6784,2014,4,5,7,135
0,0,1,1,0,1,0,0,1,0,0,0,1,0,0,0,0,0,0,0,0,0,0,0,0,0,2151,6.24,2,0,3.0576,2014,4,5,7,135
0,0,1,1,0,0,0,1,0,0,0,0,0,0,1,0,0,0,0,0,0,0,0,0,0,0,95928,435.168,4,0.2,-59.8356,2017,10,5,11,2001
0,0,1,1,0,0,0,1,1,0,0,0,0,0,0,0,0,1,0,0,0,0,0,0,0,0,95928,14.9,5,0,6.854,2017,10,5,11,2001
0,0,1,1,0,0,0,1,1,0,1,0,0,0,0,0,0,0,0,0,0,0,0,0,0,0,95928,15.8,4,0,4.108,2017,10,5,11,2001
0,0,1,1,0,0,0,1,0,0,0,0,0,0,0,0,0,0,1,0,0,0,0,0,0,0,95928,72.9,5,0,26.973,2017,10,5,11,2001
0,0,1,1,0,0,0,1,0,0,0,0,0,0,0,0,0,0,0,0,0,0,0,0,0,1,95928,206.352,3,0.2,5.1588,2017,10,5,11,2001
0,0,1,1,0,0,0,1,0,1,0,0,0,0,0,0,0,0,0,0,0,0,1,0,0,0,95928,7.992,1,0.2,2.6973,2017,10,5,11,2001
0,1,0,1,0,0,1,0,1,0,0,0,0,0,0,0,0,0,0,0,0,0,0,1,0,0,33023,81.36,5,0.2,-19.323,2017,11,5,8,383
0,1,0,1,0,0,1,0,1,0,0,0,1,0,0,0,0,0,0,0,0,0,0,0,0,0,33023,20.232,8,0.7,-16.1856,2017,11,5,8,383
0,1,0,1,0,0,1,0,1,0,1,0,0,0,0,0,0,0,0,0,0,0,0,0,0,0,33023,389.056,4,0.2,48.632,2017,11,5,8,383
0,1,0,1,0,0,1,0,1,0,0,0,0,0,0,0,0,0,0,0,0,1,0,0,0,0,33023,20.736,4,0.2,7.2576,2017,11,5,8,383
0,1,0,1,0,0,1,0,1,0,0,0,0,0,0,0,0,0,0,0,0,1,0,0,0,0,33023,41.472,8,0.2,14.5152,2017,11,5,8,383
0,0,1,1,0,0,0,1,1,0,0,0,0,0,0,0,0,0,0,0,0,1,0,0,0,0,90049,33.36,4,0,16.68,2015,3,7,747,2001
0,0,0,1,0,0,0,1,0,0,0,0,0,1,0,0,0,0,0,0,0,0,0,0,0,0,80219,90.882,3,0.7,-190.8522,2016,10,2,44,182
0,0,0,1,0,0,0,1,0,1,0,0,0,0,0,0,0,0,0,0,0,0,1,0,0,0,80219,15.992,1,0.2,-2.9985,2016,10,2,44,182
0,0,0,1,0,0,0,1,0,0,0,0,0,0,1,0,0,0,0,0,0,0,0,0,0,0,80219,120.784,1,0.2,13.5882,2016,10,2,44,182
0,0,1,1,0,1,0,0,0,1,0,0,0,0,0,0,0,0,0,0,0,0,1,0,0,0,19134,519.792,4,0.4,-112.6216,2015,8,4,537,587
0,0,1,1,0,1,0,0,0,1,0,0,0,0,0,0,0,0,0,0,0,0,0,0,0,0,19134,31.176,3,0.2,-5.4558,2015,8,4,537,587
0,0,1,1,0,1,0,0,1,0,0,0,0,0,0,0,0,0,0,0,0,1,0,0,0,0,19134,10.368,2,0.2,3.6288,2015,8,4,537,587
0,0,1,1,0,1,0,0,1,0,0,0,1,0,0,0,0,0,0,0,0,0,0,0,0,0,19134,2.724,2,0.7,-1.9068,2015,8,4,537,587
0,0,1,1,0,1,0,0,0,0,0,0,0,0,0,0,0,0,1,0,0,0,0,0,0,0,19134,254.352,3,0.2,0,2015,8,4,537,587
0,0,1,1,0,1,0,0,1,0,0,0,1,0,0,0,0,0,0,0,0,0,0,0,0,0,19134,3.762,3,0.7,-2.7588,2015,8,4,537,587
0,0,1,1,0,1,0,0,1,0,0,0,0,0,0,0,0,0,0,0,0,1,0,0,0,0,19134,10.272,3,0.2,3.21,2015,8,4,537,587
0,0,1,0,0,0,1,0,0,1,0,0,0,0,0,0,0,0,0,0,0,0,1,0,0,0,39212,659.97,3,0,197.991,2014,5,5,82,53
0,0,1,0,0,0,1,0,0,1,0,0,0,0,0,0,0,0,0,0,0,0,1,0,0,0,39212,113.73,3,0,32.9817,2014,5,5,82,53
0,0,1,0,1,0,0,1,1,0,0,0,1,0,0,0,0,0,0,0,0,0,0,0,0,0,90045,5.104,1,0.2,1.6588,2015,8,4,747,2001
0,0,1,0,0,0,0,0,1,0,0,0,0,0,0,0,0,0,0,0,0,1,0,0,0,0,77095,16.448,2,0.2,5.5512,2014,1,4,377,985
0,0,0,0,0,1,0,0,1,0,1,0,0,0,0,0,0,0,0,0,0,0,0,0,0,0,7011,81.92,4,0,22.1184,2014,9,3,2,130
0,0,0,0,0,1,0,0,0,0,0,0,0,0,0,0,0,0,1,0,0,0,0,0,0,0,7011,254.9,5,0,76.47,2014,9,3,2,130
0,1,0,1,0,0,0,0,1,0,0,0,0,0,0,0,0,1,0,0,0,0,0,0,0,0,60623,15.12,5,0.2,4.914,2017,1,3,314,492
0,1,0,1,0,0,0,0,1,0,0,1,0,0,0,0,0,0,0,0,0,0,0,0,0,0,60623,7.872,3,0.2,0.8856,2017,1,3,314,492
0,0,0,0,0,0,0,1,1,0,0,0,1,0,0,0,0,0,0,0,0,0,0,0,0,0,98115,8.32,5,0.2,2.808,2016,4,3,428,506
0,1,0,0,0,1,0,0,0,1,0,0,0,0,0,0,0,0,0,0,0,0,1,0,0,0,11561,89.95,5,0,43.176,2016,7,3,61,1128
0,0,1,0,1,0,0,0,1,0,0,0,0,0,0,0,0,0,0,1,0,0,0,0,0,0,53081,25.2,4,0,11.592,2016,8,6,4,110
0,0,1,0,1,0,0,0,1,0,0,0,0,0,0,0,0,0,0,1,0,0,0,0,0,0,53081,37.59,3,0,17.6673,2016,8,6,4,110
0,0,1,0,1,0,0,0,1,0,0,0,0,0,0,0,0,0,0,0,0,0,0,1,0,0,53081,14.97,1,0,4.1916,2016,8,6,4,110
0,0,1,0,1,0,0,0,0,1,0,0,0,0,0,0,0,0,0,0,0,0,0,0,0,0,53081,1.98,2,0,0.891,2016,8,6,4,110
0,0,0,0,0,0,1,0,1,0,0,0,1,0,0,0,0,0,0,0,0,0,0,0,0,0,33433,39.936,4,0.7,-26.624,2016,6,3,3,383
0,0,0,0,0,0,1,0,0,1,0,0,0,0,0,0,0,0,0,0,0,0,0,0,0,0,33433,18.464,2,0.2,2.308,2016,6,3,3,383
0,1,0,0,0,0,0,1,1,0,0,0,1,0,0,0,0,0,0,0,0,0,0,0,0,0,80013,4.896,3,0.7,-3.4272,2015,11,3,68,182
0,1,0,0,0,0,0,1,0,0,0,0,0,1,0,0,0,0,0,0,0,0,0,0,0,0,80013,145.764,6,0.7,-247.7988,2015,11,3,68,182
0,1,0,0,0,0,0,1,1,0,0,0,1,0,0,0,0,0,0,0,0,0,0,0,0,0,80013,9.612,6,0.7,-7.3692,2015,11,3,68,182
0,0,0,0,1,0,0,1,0,1,0,0,0,0,0,0,0,0,0,0,0,0,0,0,0,0,92037,199.75,5,0,87.89,2017,11,2,170,2001
0,0,0,0,1,0,0,1,0,0,0,0,0,0,0,0,0,0,0,0,0,0,0,0,0,1,92037,1673.184,12,0.2,20.9148,2017,11,2,170,2001
0,0,0,1,0,0,0,1,0,0,0,0,0,0,0,0,0,0,1,0,0,0,0,0,0,0,98105,12.18,7,0,3.8976,2014,5,3,428,506
0,0,0,1,0,0,0,1,1,0,1,0,0,0,0,0,0,0,0,0,0,0,0,0,0,0,98105,57.68,4,0,19.0344,2014,5,3,428,506
0,0,1,0,0,0,0,0,0,1,0,0,0,0,0,0,0,0,0,0,0,0,1,0,0,0,52001,263.96,4,0,76.5484,2015,11,4,3,30
0,0,0,0,0,0,0,1,0,1,0,0,0,0,0,0,0,0,0,0,0,0,0,0,0,0,90032,299.94,6,0,128.9742,2015,12,3,747,2001
0,0,0,0,0,0,0,1,1,0,0,0,0,0,0,0,0,0,0,0,0,0,0,0,1,0,90032,25.76,7,0,0.5152,2015,12,3,747,2001
0,0,0,0,0,1,0,0,0,1,0,0,0,0,0,0,0,0,0,0,0,0,1,0,0,0,1852,271.9,2,0,78.851,2014,12,2,16,135
0,0,0,0,0,1,0,0,0,0,0,0,0,0,0,0,0,0,1,0,0,0,0,0,0,0,1852,45.84,3,0,15.5856,2014,12,2,16,135
0,0,0,0,0,1,0,0,0,0,0,0,0,0,0,0,0,0,1,0,0,0,0,0,0,0,1852,9.82,2,0,3.2406,2014,12,2,16,135
0,0,1,0,0,0,0,1,1,0,0,0,0,0,0,0,0,1,0,0,0,0,0,0,0,0,98270,93.36,12,0,0.9336,2016,10,4,2,506
0,0,1,0,0,0,0,0,1,0,0,0,0,0,0,0,0,0,0,0,0,0,0,1,0,0,73120,541.24,4,0,5.4124,2015,11,7,23,66
0,0,1,0,0,0,0,0,1,0,0,0,0,0,0,0,0,0,0,0,0,1,0,0,0,0,73120,106.32,3,0,49.9704,2015,11,7,23,66
0,0,1,0,0,0,0,0,0,0,0,0,0,0,1,0,0,0,0,0,0,0,0,0,0,0,73120,1323.9,5,0,383.931,2015,11,7,23,66
0,1,0,1,0,1,0,0,1,0,0,0,0,0,0,0,0,0,0,0,0,1,0,0,0,0,19134,126.624,6,0.2,41.1528,2014,3,3,537,587
0,0,0,0,0,0,0,1,0,1,0,0,0,0,0,0,0,0,0,0,0,0,1,0,0,0,80013,125.944,7,0.2,15.743,2015,6,3,68,182
1,0,0,0,0,1,0,0,1,0,0,0,1,0,0,0,0,0,0,0,0,0,0,0,0,0,10009,663.92,5,0.2,207.475,2017,5,0,915,1128
1,0,0,0,0,1,0,0,0,1,0,0,0,0,0,0,0,0,0,0,0,0,0,0,0,0,10009,120,8,0,13.2,2017,5,0,915,1128
1,0,0,0,0,1,0,0,1,0,0,0,0,0,0,0,0,1,0,0,0,0,0,0,0,0,10009,3.29,1,0,1.4805,2017,5,0,915,1128
1,0,0,0,0,1,0,0,0,0,0,0,0,0,0,0,0,0,1,0,0,0,0,0,0,0,10009,18.84,3,0,6.0288,2017,5,0,915,1128
0,0,0,0,1,1,0,0,0,0,0,0,0,0,0,0,0,0,1,0,0,0,0,0,0,0,43130,60.672,6,0.2,12.8928,2014,9,2,46,469
0,0,0,0,1,1,0,0,1,0,0,1,0,0,0,0,0,0,0,0,0,0,0,0,0,0,43130,30.816,9,0.2,2.6964,2014,9,2,46,469
0,1,0,1,0,0,0,1,0,1,0,0,0,0,0,0,0,0,0,0,0,0,1,0,0,0,95351,52.792,1,0.2,4.6193,2017,10,2,3,2001
0,0,0,0,0,0,0,0,1,0,1,0,0,0,0,0,0,0,0,0,0,0,0,0,0,0,63116,83.9,10,0,20.975,2017,11,3,5,66
0,0,0,0,0,0,0,0,1,0,0,0,0,0,0,0,0,0,0,0,0,1,0,0,0,0,63116,11.76,2,0,5.7624,2017,11,3,5,66
0,0,1,1,0,0,0,0,1,0,1,0,0,0,0,0,0,0,0,0,0,0,0,0,0,0,75217,4.992,3,0.8,-12.9792,2014,7,4,157,985
0,0,1,1,0,0,0,0,1,0,0,0,0,0,0,0,1,0,0,0,0,0,0,0,0,0,75217,87.92,5,0.2,29.673,2014,7,4,157,985
0,0,1,1,0,0,0,0,0,0,0,0,0,0,1,0,0,0,0,0,0,0,0,0,0,0,75217,657.93,5,0.3,-93.99,2014,7,4,157,985
0,0,1,1,0,0,0,0,1,0,0,0,1,0,0,0,0,0,0,0,0,0,0,0,0,0,75217,1.044,1,0.8,-1.827,2014,7,4,157,985
0,1,0,1,0,1,0,0,0,0,0,0,0,0,0,0,0,0,1,0,0,0,0,0,0,0,10035,210.68,2,0,50.5632,2015,9,4,915,1128
0,1,0,1,0,1,0,0,1,0,0,0,0,0,0,0,0,0,0,0,0,0,0,1,0,0,10035,78.8,1,0,1.576,2015,9,4,915,1128
0,1,0,1,0,1,0,0,0,1,0,0,0,0,0,0,0,0,0,0,0,0,0,0,0,0,10035,19.99,1,0,6.7966,2015,9,4,915,1128
0,1,0,1,0,1,0,0,1,0,0,0,0,0,0,0,0,0,0,0,0,0,0,1,0,0,10035,772.68,4,0,108.1752,2015,9,4,915,1128
0,0,1,0,0,0,0,0,0,1,0,0,0,0,0,0,0,0,0,0,0,0,0,0,0,0,78207,106.08,6,0.2,-9.282,2016,10,4,59,985
0,0,1,0,0,0,0,0,0,0,0,0,0,0,0,0,0,0,1,0,0,0,0,0,0,0,79109,23.076,3,0.6,-10.9611,2016,1,4,10,985
0,0,1,0,0,0,0,0,1,0,0,0,0,0,0,0,0,0,0,0,0,1,0,0,0,0,79109,25.92,5,0.2,9.072,2016,1,4,10,985
0,0,0,0,0,0,0,0,1,0,0,0,0,0,0,0,0,0,0,0,0,1,0,0,0,0,77041,47.952,3,0.2,16.1838,2015,6,3,377,985
0,0,0,0,0,0,0,0,1,0,0,0,1,0,0,0,0,0,0,0,0,0,0,0,0,0,77041,0.984,2,0.8,-1.476,2015,6,3,377,985
0,0,0,0,0,0,0,0,0,0,0,0,0,0,0,0,0,0,1,0,0,0,0,0,0,0,77041,75.384,9,0.6,-20.7306,2015,6,3,377,985
0,0,0,0,0,0,0,0,1,0,0,0,0,0,0,0,0,0,0,1,0,0,0,0,0,0,77041,4.608,2,0.2,1.6704,2015,6,3,377,985
0,0,0,0,0,1,0,0,1,0,0,0,1,0,0,0,0,0,0,0,0,0,0,0,0,0,1841,37.68,6,0,16.956,2015,9,2,44,135
0,0,1,1,0,0,1,0,1,0,1,0,0,0,0,0,0,0,0,0,0,0,0,0,0,0,31907,41.91,3,0,10.8966,2017,7,4,222,184
0,1,0,0,0,0,0,1,0,0,0,0,0,1,0,0,0,0,0,0,0,0,0,0,0,0,90032,435.999,3,0.15,5.1294,2017,6,2,747,2001
0,1,0,1,0,0,0,1,0,0,0,0,0,0,1,0,0,0,0,0,0,0,0,0,0,0,98115,388.704,6,0.2,38.8704,2017,8,4,428,506
0,1,0,1,0,0,0,1,1,0,0,0,0,0,0,0,0,0,0,0,0,0,0,1,0,0,98115,572.58,6,0,34.3548,2017,8,4,428,506
0,1,0,1,0,0,0,1,0,1,0,0,0,0,0,0,0,0,0,0,0,0,0,0,0,0,98115,33.18,2,0,11.613,2017,8,4,428,506
0,0,1,0,1,1,0,0,0,1,0,0,0,0,0,0,0,0,0,0,0,0,0,0,0,0,2138,63.88,4,0,24.9132,2017,3,4,6,135
0,0,1,0,1,1,0,0,0,0,0,0,0,0,0,0,0,0,1,0,0,0,0,0,0,0,2138,26.72,1,0,11.7568,2017,3,4,6,135
0,1,0,0,0,0,0,1,1,0,0,0,1,0,0,0,0,0,0,0,0,0,0,0,0,0,84106,295.056,9,0.2,106.9578,2017,9,2,8,53
0,0,1,0,0,1,0,0,1,0,1,0,0,0,0,0,0,0,0,0,0,0,0,0,0,0,10035,393.25,5,0,129.7725,2016,9,4,915,1128
0,1,0,0,0,1,0,0,1,0,0,0,1,0,0,0,0,0,0,0,0,0,0,0,0,0,44221,2.214,3,0.7,-1.476,2016,12,2,3,469
0,1,0,0,0,0,1,0,1,0,0,0,0,0,0,0,0,0,0,0,0,1,0,0,0,0,28403,16.272,3,0.2,5.2884,2017,11,3,36,249
0,0,1,1,0,1,0,0,1,0,1,0,0,0,0,0,0,0,0,0,0,0,0,0,0,0,10035,706.86,7,0,197.9208,2016,7,4,915,1128
0,0,1,1,0,1,0,0,1,0,0,0,1,0,0,0,0,0,0,0,0,0,0,0,0,0,19140,5.97,5,0.7,-4.577,2014,9,4,537,587
0,0,1,1,0,1,0,0,0,0,0,0,0,0,0,0,0,0,1,0,0,0,0,0,0,0,19140,21.184,1,0.2,4.7664,2014,9,4,537,587
0,0,1,1,0,1,0,0,1,0,1,0,0,0,0,0,0,0,0,0,0,0,0,0,0,0,19140,41.376,6,0.2,3.1032,2014,9,4,537,587
0,1,0,1,0,1,0,0,1,0,0,1,0,0,0,0,0,0,0,0,0,0,0,0,0,0,10009,17.94,3,0,4.485,2014,7,3,915,1128
0,0,1,1,0,1,0,0,1,0,0,0,1,0,0,0,0,0,0,0,0,0,0,0,0,0,19134,2.655,1,0.7,-1.8585,2017,9,7,537,587
0,0,1,0,0,0,0,1,1,0,0,0,0,0,0,0,0,0,0,0,0,0,0,1,0,0,90049,892.35,5,0,267.705,2015,8,7,747,2001
0,0,1,0,0,0,0,1,0,0,0,0,0,1,0,0,0,0,0,0,0,0,0,0,0,0,90049,307.666,2,0.15,28.9568,2015,8,7,747,2001
0,0,1,0,0,0,0,1,1,0,0,0,0,0,0,0,0,0,0,0,0,0,0,1,0,0,90049,728.82,9,0,29.1528,2015,8,7,747,2001
0,0,1,0,0,0,0,1,1,0,0,0,1,0,0,0,0,0,0,0,0,0,0,0,0,0,90049,41.36,5,0.2,13.959,2015,8,7,747,2001
0,0,1,0,0,0,0,1,0,1,0,0,0,0,0,0,0,0,0,0,0,0,1,0,0,0,90049,43.176,3,0.2,15.1116,2015,8,7,747,2001
0,0,1,0,0,0,0,1,0,0,0,0,0,0,0,0,0,0,1,0,0,0,0,0,0,0,90049,4.16,2,0,1.7472,2015,8,7,747,2001
0,0,1,1,0,1,0,0,1,0,0,0,0,0,0,0,0,0,0,0,0,1,0,0,0,0,11561,61.4,5,0,28.858,2015,9,6,61,1128
0,0,1,1,0,1,0,0,1,0,0,0,1,0,0,0,0,0,0,0,0,0,0,0,0,0,11561,24.448,2,0.2,8.8624,2015,9,6,61,1128
0,0,0,0,0,1,0,0,0,1,0,0,0,0,0,0,0,0,0,0,0,0,1,0,0,0,14609,263.96,4,0,71.2692,2016,11,2,53,1128
0,0,0,0,0,1,0,0,0,1,0,0,0,0,0,0,0,0,0,0,0,0,1,0,0,0,14609,359.97,3,0,100.7916,2016,11,2,53,1128
0,0,0,0,0,1,0,0,1,0,0,0,0,0,0,0,0,0,0,0,0,1,0,0,0,0,14609,12.96,2,0,6.2208,2016,11,2,53,1128
0,0,0,0,0,1,0,0,1,0,0,0,0,0,0,0,0,0,0,0,0,0,0,1,0,0,14609,116.82,3,0,5.841,2016,11,2,53,1128
0,0,0,0,0,1,0,0,1,0,0,0,1,0,0,0,0,0,0,0,0,0,0,0,0,0,14609,276.784,2,0.2,89.9548,2016,11,2,53,1128
0,0,1,1,0,0,0,1,0,1,0,0,0,0,0,0,0,0,0,0,0,0,0,0,0,0,94109,239.97,3,0,86.3892,2015,10,4,510,2001
0,0,1,1,0,0,0,1,0,0,0,0,0,0,0,0,0,0,1,0,0,0,0,0,0,0,94109,16.02,6,0,6.0876,2015,10,4,510,2001
0,0,1,0,0,0,0,0,1,0,0,0,0,0,0,0,0,0,0,0,0,0,0,1,0,0,77340,454.56,5,0.2,-107.958,2017,1,4,36,985
0,0,1,0,0,0,0,0,0,0,0,0,0,0,0,0,0,0,1,0,0,0,0,0,0,0,77340,141.42,5,0.6,-187.3815,2017,1,4,36,985
0,0,1,0,0,0,0,0,0,0,0,0,0,0,1,0,0,0,0,0,0,0,0,0,0,0,77340,310.744,4,0.3,-26.6352,2017,1,4,36,985
0,0,1,0,0,0,0,0,1,0,0,1,0,0,0,0,0,0,0,0,0,0,0,0,0,0,77340,12.736,4,0.2,2.2288,2017,1,4,36,985
0,0,1,0,0,0,0,0,1,0,0,0,1,0,0,0,0,0,0,0,0,0,0,0,0,0,77340,6.47,5,0.8,-9.705,2017,1,4,36,985
0,0,1,0,0,0,0,0,1,0,0,0,1,0,0,0,0,0,0,0,0,0,0,0,0,0,77340,13.748,14,0.8,-22.6842,2017,1,4,36,985
0,0,1,0,0,0,0,0,1,0,1,0,0,0,0,0,0,0,0,0,0,0,0,0,0,0,77340,15.224,2,0.8,-38.8212,2017,1,4,36,985
0,0,1,1,0,0,1,0,0,0,0,0,0,0,0,0,0,0,1,0,0,0,0,0,0,0,30344,27.42,3,0,9.3228,2015,6,6,3,184
0,0,1,1,0,0,1,0,1,0,0,0,1,0,0,0,0,0,0,0,0,0,0,0,0,0,30344,165.98,1,0,74.691,2015,6,6,3,184
0,0,1,1,0,0,1,0,0,1,0,0,0,0,0,0,0,0,0,0,0,0,0,0,0,0,30344,75,3,0,18,2015,6,6,3,184
0,0,1,0,1,1,0,0,1,0,0,0,1,0,0,0,0,0,0,0,0,0,0,0,0,0,10009,134.272,8,0.2,46.9952,2016,11,5,915,1128
0,0,1,1,0,0,0,1,1,0,0,0,0,0,0,0,0,0,0,1,0,0,0,0,0,0,97477,146.544,6,0.2,47.6268,2015,10,6,163,124
0,0,1,1,0,0,0,1,1,0,0,0,0,0,0,0,0,0,0,0,0,1,0,0,0,0,97477,131.904,3,0.2,47.8152,2015,10,6,163,124
0,0,1,1,0,0,0,1,1,0,1,0,0,0,0,0,0,0,0,0,0,0,0,0,0,0,97477,203.88,5,0.2,20.388,2015,10,6,163,124
0,0,1,1,0,0,0,1,1,0,0,0,1,0,0,0,0,0,0,0,0,0,0,0,0,0,97477,14.301,7,0.7,-10.4874,2015,10,6,163,124
0,0,1,1,0,0,0,1,1,0,0,0,0,0,0,0,0,0,0,0,0,0,0,1,0,0,97477,718.64,10,0.2,-161.694,2015,10,6,163,124
0,0,1,0,1,0,1,0,0,0,0,0,0,0,0,0,0,0,1,0,0,0,0,0,0,0,22204,61.1,5,0,18.33,2016,10,6,60,224
0,0,1,0,0,0,1,0,1,0,1,0,0,0,0,0,0,0,0,0,0,0,0,0,0,0,28403,28.08,3,0.2,5.265,2017,4,4,36,249
0,1,0,1,0,0,0,1,1,0,0,1,0,0,0,0,0,0,0,0,0,0,0,0,0,0,85364,10.496,4,0.2,1.1808,2016,9,2,4,224
0,0,1,0,0,0,0,1,1,0,0,0,1,0,0,0,0,0,0,0,0,0,0,0,0,0,92404,39.92,2,0.2,12.974,2015,7,4,9,2001
0,0,0,1,0,1,0,0,1,0,1,0,0,0,0,0,0,0,0,0,0,0,0,0,0,0,21215,77.58,9,0,20.1708,2015,8,2,43,105
0,0,1,0,1,0,0,1,1,0,0,0,0,0,0,0,0,0,0,0,0,0,0,1,0,0,98103,269.36,7,0,70.0336,2014,12,6,428,506
0,0,1,0,0,0,0,1,1,0,0,0,0,0,0,0,0,0,0,1,0,0,0,0,0,0,94110,5.76,2,0,2.8224,2015,12,4,510,2001
0,1,0,0,1,1,0,0,1,0,0,1,0,0,0,0,0,0,0,0,0,0,0,0,0,0,10035,109.9,5,0,32.97,2017,11,5,915,1128
0,1,0,0,0,0,0,1,0,0,0,0,0,0,0,0,0,0,1,0,0,0,0,0,0,0,98115,23.88,3,0,10.5072,2017,7,5,428,506
0,1,0,0,0,0,0,1,1,0,0,0,0,0,0,0,0,0,0,0,0,1,0,0,0,0,98115,26.2,4,0,12.052,2017,7,5,428,506
0,1,0,0,0,0,0,1,1,0,0,0,0,0,0,0,0,0,0,0,0,1,0,0,0,0,98115,12.96,2,0,6.2208,2017,7,5,428,506
0,1,0,0,0,0,0,1,0,1,0,0,0,0,0,0,0,0,0,0,0,0,0,0,0,0,98115,234.95,5,0,32.893,2017,7,5,428,506
0,0,1,0,0,0,0,1,1,0,0,0,0,0,0,0,0,0,0,0,0,0,0,1,0,0,87105,118.25,5,0,34.2925,2017,12,4,14,37
0,0,1,0,0,0,0,1,1,0,0,0,0,0,0,0,0,0,0,0,0,1,0,0,0,0,87105,4.28,1,0,1.926,2017,12,4,14,37
0,0,0,0,1,0,0,1,0,1,0,0,0,0,0,0,0,0,0,0,0,0,0,0,0,0,90045,26.85,3,0,5.1015,2016,3,3,747,2001
0,0,0,0,1,0,0,1,0,1,0,0,0,0,0,0,0,0,0,0,1,0,0,0,0,0,90045,3357.6,3,0.2,377.73,2016,3,3,747,2001
0,0,1,0,0,0,0,1,1,0,0,0,0,0,0,0,0,0,0,1,0,0,0,0,0,0,90045,8.26,2,0,3.7996,2015,5,4,747,2001
0,0,1,0,0,0,0,1,0,1,0,0,0,0,0,0,0,0,0,0,1,0,0,0,0,0,90045,2973.32,7,0.2,334.4985,2015,5,4,747,2001
0,0,1,0,0,0,0,1,1,0,0,0,0,0,0,0,0,0,0,0,0,0,0,1,0,0,90045,104.79,7,0,29.3412,2015,5,4,747,2001
0,0,1,0,0,0,0,1,0,1,0,0,0,0,0,0,0,0,0,0,0,0,1,0,0,0,90045,775.728,6,0.2,58.1796,2015,5,4,747,2001
0,0,0,0,1,0,0,0,0,0,0,0,0,1,0,0,0,0,0,0,0,0,0,0,0,0,77041,89.0664,1,0.32,-17.0274,2017,2,2,377,985
0,0,0,0,1,0,0,0,1,0,0,1,0,0,0,0,0,0,0,0,0,0,0,0,0,0,77041,175.44,6,0.2,52.632,2017,2,2,377,985
0,0,0,0,1,0,0,0,0,1,0,0,0,0,0,0,0,0,0,0,0,0,1,0,0,0,77041,438.336,4,0.2,-87.6672,2017,2,2,377,985
0,0,1,0,0,1,0,0,0,0,0,0,0,0,1,0,0,0,0,0,0,0,0,0,0,0,19140,215.544,4,0.3,-58.5048,2017,12,7,537,587
0,0,1,0,0,0,0,0,1,0,0,0,0,0,0,0,1,0,0,0,0,0,0,0,0,0,60623,55.584,6,0.2,20.844,2017,11,5,314,492
0,0,1,0,0,0,0,0,0,0,0,0,0,0,1,0,0,0,0,0,0,0,0,0,0,0,60623,127.386,2,0.3,-25.4772,2017,11,5,314,492
0,1,0,0,0,0,0,0,0,0,0,0,0,0,1,0,0,0,0,0,0,0,0,0,0,0,76903,248.43,5,0.3,-17.745,2016,12,2,4,985
0,1,0,0,0,0,0,0,1,0,1,0,0,0,0,0,0,0,0,0,0,0,0,0,0,0,76903,11.648,4,0.8,-30.8672,2016,12,2,4,985
0,1,0,0,0,0,0,0,0,0,0,0,0,0,1,0,0,0,0,0,0,0,0,0,0,0,76903,85.246,2,0.3,-1.2178,2016,12,2,4,985
0,1,0,1,0,0,0,0,1,0,0,1,0,0,0,0,0,0,0,0,0,0,0,0,0,0,77506,20.64,5,0.2,2.322,2017,10,4,42,985
0,0,1,1,0,0,0,1,0,0,0,0,0,0,0,0,0,0,1,0,0,0,0,0,0,0,90049,148.02,3,0,41.4456,2017,8,6,747,2001
1,0,0,1,0,0,0,0,1,0,0,0,0,0,0,0,0,0,0,0,0,0,0,1,0,0,67846,33.29,1,0,7.9896,2017,11,0,5,24
0,0,1,0,0,0,0,1,1,0,0,0,0,0,0,0,0,0,0,0,0,1,0,0,0,0,90045,204.95,5,0,100.4255,2017,6,5,747,2001
0,0,1,0,0,0,0,0,0,0,0,0,0,0,1,0,0,0,0,0,0,0,0,0,0,0,60653,526.344,4,0.3,-75.192,2017,7,5,314,492
0,0,1,0,0,0,0,1,0,0,0,0,0,0,0,0,0,0,1,0,0,0,0,0,0,0,94110,41.96,2,0,10.9096,2016,11,5,510,2001
0,0,1,0,0,0,0,1,0,0,0,0,0,0,1,0,0,0,0,0,0,0,0,0,0,0,94110,451.152,3,0.2,0,2016,11,5,510,2001
0,0,1,0,0,0,0,1,1,0,0,0,1,0,0,0,0,0,0,0,0,0,0,0,0,0,94110,31.504,11,0.2,11.0264,2016,11,5,510,2001
0,0,1,0,0,1,0,0,1,0,0,0,0,0,0,0,1,0,0,0,0,0,0,0,0,0,19134,30.672,3,0.2,9.585,2014,12,6,537,587
0,0,1,0,0,1,0,0,0,1,0,0,0,0,0,1,0,0,0,0,0,0,0,0,0,0,19134,1079.976,4,0.4,125.9972,2014,12,6,537,587
0,0,1,0,0,0,0,1,0,0,0,0,0,0,1,0,0,0,0,0,0,0,0,0,0,0,95351,161.568,2,0.2,-28.2744,2017,9,5,3,2001
0,0,1,0,0,0,0,0,1,0,0,0,1,0,0,0,0,0,0,0,0,0,0,0,0,0,77070,2.934,3,0.8,-4.9878,2015,2,7,377,985
0,0,1,0,0,0,0,0,0,1,0,0,0,0,0,0,0,0,0,0,0,0,0,0,0,0,77070,18.528,2,0.2,4.4004,2015,2,7,377,985
0,0,1,0,0,0,0,0,1,0,0,0,0,0,0,0,0,0,0,0,0,0,0,1,0,0,77070,670.752,3,0.2,-125.766,2015,2,7,377,985
0,0,1,0,0,0,0,0,0,0,0,0,0,0,0,0,0,0,1,0,0,0,0,0,0,0,60610,64.96,5,0.6,-43.848,2017,8,6,314,492
0,0,0,1,0,0,0,1,0,1,0,0,0,0,0,0,0,0,0,0,0,0,0,0,0,0,92503,41.94,2,0,15.0984,2014,7,3,14,2001
0,0,0,1,0,0,0,1,1,0,0,0,0,0,0,0,0,0,0,0,0,1,0,0,0,0,92503,11.96,2,0,5.8604,2014,7,3,14,2001
0,0,0,1,0,0,0,1,1,0,0,1,0,0,0,0,0,0,0,0,0,0,0,0,0,0,92503,13.12,4,0,3.8048,2014,7,3,14,2001
0,0,0,1,0,0,0,1,1,0,0,0,0,0,0,0,0,0,0,0,0,0,0,1,0,0,92503,535.41,3,0,160.623,2014,7,3,14,2001
0,0,1,1,0,0,0,0,0,0,0,0,0,0,0,0,0,0,1,0,0,0,0,0,0,0,75081,72.78,3,0.6,-70.9605,2015,10,5,157,985
0,0,1,0,0,0,0,1,1,0,0,0,0,0,0,0,0,0,0,0,0,1,0,0,0,0,90008,36.84,3,0,17.3148,2015,2,5,747,2001
0,0,1,0,0,0,0,1,1,0,0,0,0,0,0,0,0,0,0,1,0,0,0,0,0,0,90008,87.71,7,0,41.2237,2015,2,5,747,2001
0,0,1,1,0,0,1,0,0,0,0,0,0,0,0,0,0,0,0,0,0,0,0,0,0,1,33801,562.2925,7,0.45,-255.5875,2016,8,4,22,383
0,0,1,0,1,1,0,0,0,0,0,0,0,0,0,0,0,0,1,0,0,0,0,0,0,0,10035,56.52,9,0,21.4776,2014,11,4,915,1128
0,0,1,0,1,1,0,0,1,0,0,1,0,0,0,0,0,0,0,0,0,0,0,0,0,0,19140,11.264,8,0.2,1.2672,2016,7,4,537,587
0,0,1,0,1,1,0,0,1,0,0,0,0,0,0,0,0,0,0,0,0,0,0,1,0,0,19140,284.08,10,0.2,24.857,2016,7,4,537,587
0,0,1,0,1,1,0,0,1,0,0,0,0,0,0,0,0,0,0,0,0,1,0,0,0,0,19140,18.496,4,0.2,6.7048,2016,7,4,537,587
0,0,1,0,0,0,0,1,1,0,0,0,0,0,0,0,0,0,0,1,0,0,0,0,0,0,92037,14.73,3,0,7.2177,2016,2,5,170,2001
0,0,1,0,0,0,0,1,1,0,0,0,0,0,0,0,0,0,0,0,0,0,0,1,0,0,92037,186.54,3,0,50.3658,2016,2,5,170,2001
0,0,1,0,0,0,0,1,0,0,0,0,0,0,0,0,0,0,0,0,0,0,0,0,0,1,92037,557.728,4,0.2,6.9716,2016,2,5,170,2001
0,0,1,0,0,0,0,1,0,1,0,0,0,0,0,0,0,0,0,0,0,0,1,0,0,0,92037,159.968,4,0.2,-31.9936,2016,2,5,170,2001
0,0,1,0,0,0,0,0,1,0,1,0,0,0,0,0,0,0,0,0,0,0,0,0,0,0,73505,471.9,6,0,155.727,2014,6,7,4,66
0,0,1,0,0,0,0,0,1,0,0,1,0,0,0,0,0,0,0,0,0,0,0,0,0,0,73505,3.52,2,0,1.6896,2014,6,7,4,66
0,0,1,0,0,0,1,0,1,0,0,0,0,0,0,0,0,0,0,0,0,1,0,0,0,0,24153,49.12,4,0,23.0864,2017,6,5,40,224
0,0,1,0,1,0,0,1,1,0,0,0,0,0,0,0,0,0,0,1,0,0,0,0,0,0,92704,20.16,7,0,9.8784,2016,12,4,14,2001
0,0,0,1,0,0,0,0,1,0,0,0,1,0,0,0,0,0,0,0,0,0,0,0,0,0,57701,10.68,2,0,5.0196,2014,1,3,2,12
0,0,0,1,0,0,0,0,0,0,0,0,0,1,0,0,0,0,0,0,0,0,0,0,0,0,57701,141.96,2,0,39.7488,2014,1,3,2,12
0,0,0,0,0,0,0,1,1,0,0,0,0,0,0,0,0,0,0,0,0,0,0,1,0,0,98115,32.48,2,0,4.872,2017,3,2,428,506
0,0,0,0,0,0,0,1,1,0,0,0,0,0,0,0,0,0,0,0,0,1,0,0,0,0,98115,20.04,3,0,9.6192,2017,3,2,428,506
0,0,0,0,0,0,0,1,0,1,0,0,0,0,0,1,0,0,0,0,0,0,0,0,0,0,98115,13999.96,4,0,6719.9808,2017,3,2,428,506
0,0,1,0,0,1,0,0,0,1,0,0,0,0,0,0,0,0,0,0,0,0,0,0,0,0,6457,238,2,0,38.08,2017,3,4,9,82
0,0,1,0,0,1,0,0,1,0,0,0,0,0,0,0,0,0,0,0,0,1,0,0,0,0,6457,61.96,2,0,27.882,2017,3,4,9,82
0,0,1,0,0,1,0,0,0,0,0,0,0,0,0,0,0,0,0,0,0,0,0,0,0,1,21215,239.372,2,0.3,-23.9372,2016,10,5,43,105
0,0,1,0,0,0,0,1,0,1,0,0,0,0,0,0,0,0,0,0,0,0,0,0,0,0,92105,595,5,0,95.2,2016,11,4,170,2001
0,0,1,1,0,0,0,0,1,0,0,0,0,0,0,0,0,0,0,0,0,1,0,0,0,0,79762,16.032,3,0.2,5.6112,2017,12,6,5,985
0,0,1,0,1,1,0,0,0,1,0,0,0,0,0,0,0,0,0,0,0,0,0,0,0,0,6460,199.75,5,0,87.89,2016,3,4,6,82
0,0,1,0,0,1,0,0,0,0,0,0,0,0,1,0,0,0,0,0,0,0,0,0,0,0,7109,227.96,2,0,36.4736,2016,2,4,10,130
0,1,0,0,0,1,0,0,1,0,1,0,0,0,0,0,0,0,0,0,0,0,0,0,0,0,10035,293.52,6,0,76.3152,2015,9,5,915,1128
0,1,0,0,0,1,0,0,0,1,0,0,0,0,0,0,0,0,0,0,0,0,1,0,0,0,10035,307.98,2,0,89.3142,2015,9,5,915,1128
0,0,1,0,0,0,0,1,0,0,0,0,0,0,0,0,0,0,1,0,0,0,0,0,0,0,92105,96.96,6,0,33.936,2015,11,4,170,2001
0,0,1,0,0,0,0,1,1,0,0,0,1,0,0,0,0,0,0,0,0,0,0,0,0,0,92105,117.488,7,0.2,41.1208,2015,11,4,170,2001
0,0,1,0,0,0,0,1,1,0,0,0,1,0,0,0,0,0,0,0,0,0,0,0,0,0,92105,11.952,3,0.2,4.1832,2015,11,4,170,2001
0,0,1,0,0,0,0,1,0,0,0,0,0,1,0,0,0,0,0,0,0,0,0,0,0,0,92105,512.499,3,0.15,-30.147,2015,11,4,170,2001
0,0,1,1,0,0,0,1,0,0,0,0,0,0,0,0,0,0,0,0,0,0,0,0,0,1,94122,863.128,7,0.2,-32.3673,2016,7,5,510,2001
0,0,1,0,1,0,0,1,0,0,0,0,0,0,0,0,0,0,0,0,0,0,0,0,0,1,98105,2036.86,7,0,366.6348,2017,11,7,428,506
0,0,1,0,1,0,0,1,0,0,0,0,0,0,1,0,0,0,0,0,0,0,0,0,0,0,98105,449.568,2,0.2,-73.0548,2017,11,7,428,506
0,0,1,0,1,0,0,1,0,1,0,0,0,0,0,0,0,0,0,0,0,0,0,0,0,0,98105,108.96,3,0,32.688,2017,11,7,428,506
0,0,1,0,0,0,1,0,1,0,0,1,0,0,0,0,0,0,0,0,0,0,0,0,0,0,39212,264.18,7,0,68.6868,2016,2,5,82,53
0,0,1,0,1,0,0,1,1,0,0,0,0,0,0,0,0,0,0,1,0,0,0,0,0,0,90049,2.88,1,0,1.4112,2014,7,4,747,2001
0,0,1,0,1,0,0,1,1,0,0,0,1,0,0,0,0,0,0,0,0,0,0,0,0,0,90049,41.904,6,0.2,14.1426,2014,7,4,747,2001
0,0,1,0,1,0,0,1,1,0,0,0,0,0,0,0,0,0,0,0,0,0,0,1,0,0,90049,23.92,4,0,4.0664,2014,7,4,747,2001
0,0,1,1,0,0,0,0,1,0,0,0,0,0,0,0,0,0,0,0,0,1,0,0,0,0,60623,156.512,4,0.2,52.8228,2016,1,5,314,492
0,0,0,0,1,1,0,0,1,0,0,0,0,0,0,0,0,0,0,0,0,0,0,1,0,0,10035,128.34,6,0,37.2186,2016,9,3,915,1128
0,0,0,0,0,0,0,1,0,1,0,0,0,0,0,0,0,0,0,0,0,0,0,0,0,0,90008,474.95,5,0,142.485,2017,12,2,747,2001
0,0,1,0,0,0,0,1,0,1,0,0,0,0,0,1,0,0,0,0,0,0,0,0,0,0,98198,999.98,2,0,449.991,2016,9,6,19,506
0,0,1,0,0,0,0,1,0,0,0,0,0,0,0,0,0,0,0,0,0,0,0,0,0,1,97477,277.5,4,0.5,-188.7,2015,8,4,163,124
0,0,1,0,0,1,0,0,0,0,0,0,0,0,0,0,0,0,0,0,0,0,0,0,0,1,19120,1252.704,8,0.4,-480.2032,2015,11,4,537,587
0,0,1,0,0,1,0,0,0,1,0,0,0,0,0,0,0,0,0,0,0,0,1,0,0,0,19120,110.97,5,0.4,-24.0435,2015,11,4,537,587
0,0,1,1,0,0,0,0,0,0,0,0,0,0,0,0,0,0,1,0,0,0,0,0,0,0,60653,22.608,3,0.6,-10.1736,2017,5,4,314,492
0,0,1,1,0,0,0,0,0,0,0,0,0,0,0,0,0,0,1,0,0,0,0,0,0,0,60653,1.892,1,0.6,-0.9933,2017,5,4,314,492
0,0,1,1,0,0,0,0,1,0,0,0,0,0,0,0,0,0,0,0,0,1,0,0,0,0,60623,63.312,3,0.2,20.5764,2017,7,4,314,492
0,1,0,0,0,0,0,0,1,0,0,0,0,0,0,0,1,0,0,0,0,0,0,0,0,0,60623,7.824,1,0.2,2.934,2015,9,4,314,492
0,1,0,0,0,0,0,0,0,0,0,0,0,0,1,0,0,0,0,0,0,0,0,0,0,0,60623,170.072,4,0.3,-12.148,2015,9,4,314,492
0,0,1,1,0,1,0,0,1,0,0,0,0,0,0,0,0,0,0,0,0,1,0,0,0,0,10024,62.82,9,0,29.5254,2016,12,6,915,1128
0,1,0,0,0,1,0,0,1,0,0,0,0,0,0,0,0,0,0,0,0,1,0,0,0,0,20852,19.44,3,0,9.3312,2015,10,3,5,105
0,1,0,0,0,1,0,0,1,0,0,0,1,0,0,0,0,0,0,0,0,0,0,0,0,0,20852,7.38,1,0,3.6162,2015,10,3,5,105
0,0,1,0,0,1,0,0,1,0,0,0,0,0,0,0,0,0,0,0,0,1,0,0,0,0,10011,38.88,6,0,18.6624,2017,11,4,915,1128
0,0,1,0,0,1,0,0,0,0,0,0,0,0,0,0,0,0,1,0,0,0,0,0,0,0,10011,187.76,4,0,76.9816,2017,11,4,915,1128
0,0,0,0,0,0,1,0,1,0,0,0,1,0,0,0,0,0,0,0,0,0,0,0,0,0,27707,6.048,7,0.7,-4.2336,2015,11,3,9,249
0,0,0,0,0,0,1,0,1,0,1,0,0,0,0,0,0,0,0,0,0,0,0,0,0,0,27707,98.352,3,0.2,9.8352,2015,11,3,9,249
0,0,0,0,0,0,1,0,0,0,0,0,0,0,0,0,0,0,1,0,0,0,0,0,0,0,27707,335.744,2,0.2,25.1808,2015,11,3,9,249
0,1,0,1,0,0,0,1,1,0,0,0,0,0,0,0,0,0,0,0,0,1,0,0,0,0,93101,8.96,2,0,4.3904,2015,12,5,8,2001
0,0,1,0,0,0,1,0,0,1,0,0,0,0,0,0,0,0,0,0,0,0,0,0,0,0,37918,89.568,4,0.2,-1.1196,2017,9,4,24,183
0,0,1,0,0,0,1,0,1,0,0,1,0,0,0,0,0,0,0,0,0,0,0,0,0,0,37918,71.96,5,0.2,7.196,2017,9,4,24,183
0,0,1,0,0,0,1,0,1,0,0,0,0,0,0,0,0,0,0,0,0,1,0,0,0,0,37918,15.552,3,0.2,5.4432,2017,9,4,24,183
0,0,1,0,0,0,0,0,1,0,0,0,1,0,0,0,0,0,0,0,0,0,0,0,0,0,60610,10.43,5,0.8,-18.2525,2017,4,6,314,492
0,0,1,0,0,0,0,0,1,0,0,0,0,0,0,0,0,0,0,0,0,0,0,1,0,0,60610,72.784,1,0.2,-18.196,2017,4,6,314,492
1,0,0,1,0,1,0,0,1,0,0,0,0,0,0,0,0,0,0,0,0,0,0,1,0,0,10024,67.15,5,0,16.7875,2015,11,0,915,1128
1,0,0,1,0,1,0,0,0,1,0,0,0,0,0,0,0,0,0,0,0,0,1,0,0,0,10024,549.98,2,0,142.9948,2015,11,0,915,1128
1,0,0,1,0,1,0,0,0,0,0,0,0,0,0,0,0,0,1,0,0,0,0,0,0,0,10024,11.82,3,0,4.728,2015,11,0,915,1128
1,0,0,1,0,1,0,0,0,1,0,0,0,0,0,0,0,0,0,0,1,0,0,0,0,0,10024,4643.8,4,0,2229.024,2015,11,0,915,1128
1,0,0,1,0,1,0,0,0,0,0,0,0,0,1,0,0,0,0,0,0,0,0,0,0,0,10024,577.764,2,0.1,115.5528,2015,11,0,915,1128
0,0,1,0,0,0,1,0,0,0,0,0,0,0,0,0,0,0,0,0,0,0,0,0,0,1,32114,191.5155,1,0.45,-76.6062,2015,4,4,4,383
0,0,1,0,0,0,1,0,1,0,0,1,0,0,0,0,0,0,0,0,0,0,0,0,0,0,32114,2.624,1,0.2,0.4264,2015,4,4,4,383
0,0,1,0,0,0,1,0,1,0,0,0,1,0,0,0,0,0,0,0,0,0,0,0,0,0,37211,1369.764,6,0.7,-913.176,2015,9,4,29,183
0,0,1,0,0,0,1,0,1,0,0,0,0,0,0,0,0,0,0,0,0,0,0,1,0,0,37211,294.368,4,0.2,-58.8736,2015,9,4,29,183
0,0,1,1,0,0,1,0,1,0,1,0,0,0,0,0,0,0,0,0,0,0,0,0,0,0,37211,81.568,2,0.2,7.1372,2017,9,5,29,183
0,0,1,0,0,0,0,0,0,0,0,0,0,0,0,0,0,0,1,0,0,0,0,0,0,0,75220,44.46,5,0.6,-17.784,2016,11,5,157,985
0,0,1,0,0,0,0,0,1,0,0,0,0,0,0,0,0,0,0,0,0,0,0,1,0,0,75220,314.088,3,0.2,19.6305,2016,11,5,157,985
0,0,1,1,0,0,1,0,1,0,0,0,1,0,0,0,0,0,0,0,0,0,0,0,0,0,37130,6.336,4,0.7,-4.6464,2015,9,7,11,183
0,0,1,1,0,0,1,0,1,0,0,0,0,0,0,0,0,0,0,0,0,1,0,0,0,0,37130,10.48,1,0.2,3.799,2015,9,7,11,183
0,0,1,1,0,0,1,0,1,0,0,0,1,0,0,0,0,0,0,0,0,0,0,0,0,0,37130,2.469,1,0.7,-1.8106,2015,9,7,11,183
0,0,1,1,0,0,1,0,1,0,0,0,1,0,0,0,0,0,0,0,0,0,0,0,0,0,37130,3.264,2,0.7,-2.2848,2015,9,7,11,183
0,0,1,0,0,0,0,0,1,0,0,0,0,0,0,0,0,1,0,0,0,0,0,0,0,0,75217,4.344,3,0.2,0.8688,2014,10,4,157,985
0,0,1,0,0,0,0,0,0,0,0,0,0,0,0,0,0,0,1,0,0,0,0,0,0,0,75217,31.776,3,0.6,-19.0656,2014,10,4,157,985
0,0,1,0,0,0,0,0,1,0,0,0,0,0,0,0,0,0,0,1,0,0,0,0,0,0,75217,4.928,2,0.2,1.7248,2014,10,4,157,985
0,0,1,0,0,0,0,0,1,0,0,0,1,0,0,0,0,0,0,0,0,0,0,0,0,0,75217,1.788,3,0.8,-3.0396,2014,10,4,157,985
0,0,1,0,0,0,0,0,1,0,0,0,0,0,0,0,0,1,0,0,0,0,0,0,0,0,75217,15.072,4,0.2,-3.768,2014,10,4,157,985
0,0,1,0,0,0,0,0,1,0,0,0,0,0,0,0,0,0,0,0,0,0,0,1,0,0,76017,12.624,2,0.2,-2.5248,2014,2,6,60,985
0,0,1,1,0,0,0,1,1,0,0,0,0,0,0,0,0,0,0,0,0,1,0,0,0,0,91104,185.88,6,0,83.646,2016,6,4,42,2001
0,0,1,1,0,0,0,1,1,0,0,0,0,0,0,0,0,0,0,0,0,1,0,0,0,0,91104,12.96,2,0,6.2208,2016,6,4,42,2001
0,1,0,0,0,1,0,0,1,0,0,0,0,0,0,0,0,0,0,0,0,1,0,0,0,0,2149,189.7,10,0,91.056,2017,11,3,22,135
0,1,0,0,0,1,0,0,1,0,0,0,0,0,0,0,0,0,0,0,0,1,0,0,0,0,2149,40.99,1,0,20.0851,2017,11,3,22,135
0,1,0,0,1,1,0,0,0,0,0,0,0,0,0,0,0,0,1,0,0,0,0,0,0,0,12180,82.64,2,0,7.4376,2016,4,4,29,1128
0,1,0,0,1,1,0,0,1,0,0,0,0,0,0,0,0,0,0,0,0,0,0,1,0,0,12180,31.02,2,0,8.0652,2016,4,4,29,1128
0,1,0,0,1,1,0,0,0,1,0,0,0,0,0,0,0,0,0,0,0,0,0,0,0,0,12180,89.97,3,0,37.7874,2016,4,4,29,1128
0,1,0,0,0,0,1,0,1,0,0,1,0,0,0,0,0,0,0,0,0,0,0,0,0,0,30328,35.97,3,0,9.7119,2016,6,2,14,184
0,1,0,0,0,0,1,0,0,0,0,0,0,1,0,0,0,0,0,0,0,0,0,0,0,0,30328,1266.86,7,0,291.3778,2016,6,2,14,184
0,0,1,0,0,0,0,1,1,0,0,0,0,0,0,0,0,0,0,0,0,0,0,1,0,0,95123,169.45,5,0,42.3625,2014,9,6,42,2001
0,0,1,0,0,0,0,1,1,0,0,0,0,0,0,0,0,0,0,0,0,0,0,1,0,0,95123,40.68,2,0,0.4068,2014,9,6,42,2001
0,0,1,0,0,0,1,0,1,0,0,0,0,0,0,0,0,0,0,0,0,0,0,0,1,0,32216,3.328,2,0.2,0.416,2017,5,5,125,383
0,0,1,0,0,0,1,0,0,0,0,0,0,0,0,0,0,0,0,0,0,0,0,0,0,1,32216,933.262,4,0.45,-458.1468,2017,5,5,125,383
0,0,1,0,0,0,1,0,0,0,0,0,0,0,1,0,0,0,0,0,0,0,0,0,0,0,32216,2803.92,5,0.2,0,2017,5,5,125,383
1,0,0,0,0,0,1,0,1,0,0,0,0,0,0,0,0,0,0,0,0,0,0,1,0,0,32216,4.768,2,0.2,-0.7748,2017,10,0,125,383
1,0,0,0,0,0,1,0,1,0,0,0,0,0,0,0,0,0,0,0,0,1,0,0,0,0,32216,6.672,1,0.2,2.502,2017,10,0,125,383
1,0,0,0,0,0,1,0,1,0,0,1,0,0,0,0,0,0,0,0,0,0,0,0,0,0,32216,4.448,2,0.2,1.112,2017,10,0,125,383
1,0,0,0,0,0,1,0,0,0,0,0,0,0,0,0,0,0,1,0,0,0,0,0,0,0,32216,43.936,4,0.2,6.0412,2017,10,0,125,383
0,0,1,0,0,1,0,0,1,0,0,0,1,0,0,0,0,0,0,0,0,0,0,0,0,0,10009,23.744,2,0.2,8.3104,2014,9,4,915,1128
0,0,1,0,0,1,0,0,0,1,0,0,0,0,0,0,0,0,0,0,0,0,0,0,0,0,10009,357,3,0,57.12,2014,9,4,915,1128
0,0,1,0,0,0,0,1,0,1,0,0,0,0,0,0,0,0,0,0,0,0,1,0,0,0,94122,806.336,8,0.2,50.396,2014,8,4,510,2001
0,0,1,0,0,0,0,1,0,0,0,0,0,0,0,0,0,0,1,0,0,0,0,0,0,0,94122,85.44,3,0,31.6128,2014,8,4,510,2001
0,0,1,1,0,0,1,0,1,0,0,0,0,0,0,0,0,0,0,0,0,0,0,1,0,0,31907,344.91,3,0,10.3473,2014,8,4,222,184
1,0,0,0,1,0,0,0,1,0,1,0,0,0,0,0,0,0,0,0,0,0,0,0,0,0,60505,70.97,5,0.8,-191.619,2015,5,0,68,492
1,0,0,0,1,0,0,0,1,0,0,1,0,0,0,0,0,0,0,0,0,0,0,0,0,0,60505,36.784,2,0.2,3.6784,2015,5,0,68,492
0,1,0,0,1,1,0,0,0,1,0,0,0,0,0,0,0,0,0,0,0,0,1,0,0,0,19134,743.988,2,0.4,-123.998,2016,5,3,537,587
0,1,0,0,0,0,0,0,1,0,0,0,1,0,0,0,0,0,0,0,0,0,0,0,0,0,60653,11.212,2,0.8,-16.818,2015,3,4,314,492
0,1,0,0,0,0,0,0,0,0,0,0,0,0,0,0,0,0,1,0,0,0,0,0,0,0,60653,4.712,2,0.6,-1.8848,2015,3,4,314,492
0,1,0,0,0,0,0,0,1,0,1,0,0,0,0,0,0,0,0,0,0,0,0,0,0,0,60653,180.98,5,0.8,-470.548,2015,3,4,314,492
0,1,0,0,0,0,0,0,1,0,0,0,0,0,0,0,0,0,0,0,0,0,0,1,0,0,60653,60.416,2,0.2,6.0416,2015,3,4,314,492
0,0,1,0,0,0,0,1,0,1,0,0,0,0,0,1,0,0,0,0,0,0,0,0,0,0,98103,299.99,1,0,89.997,2017,8,7,428,506
0,0,1,0,0,0,0,1,1,0,0,0,0,0,0,0,0,0,0,0,0,1,0,0,0,0,98103,192.16,4,0,92.2368,2017,8,7,428,506
0,0,1,0,0,0,0,1,0,1,0,0,0,0,0,0,0,0,0,0,0,0,1,0,0,0,98103,242.624,8,0.2,27.2952,2017,8,7,428,506
0,0,1,0,0,0,0,1,1,0,0,0,0,0,0,0,0,0,0,0,0,0,0,1,0,0,98103,46.74,3,0,11.685,2017,8,7,428,506
0,0,1,0,0,0,0,1,0,1,0,0,0,0,0,0,0,0,0,0,0,0,0,0,0,0,98103,174.95,5,0,12.2465,2017,8,7,428,506
0,0,1,0,0,0,0,1,1,0,0,0,1,0,0,0,0,0,0,0,0,0,0,0,0,0,98103,100.704,6,0.2,37.764,2017,8,7,428,506
1,0,0,0,1,0,0,0,1,0,0,0,0,0,0,0,0,0,0,0,0,1,0,0,0,0,48066,368.91,9,0,180.7659,2016,6,0,26,255
1,0,0,0,1,0,0,0,1,0,0,0,1,0,0,0,0,0,0,0,0,0,0,0,0,0,48066,8.02,1,0,3.7694,2016,6,0,26,255
1,0,0,0,1,0,0,0,1,0,0,0,0,0,0,0,0,0,0,0,0,0,0,1,0,0,48066,171.04,4,0,44.4704,2016,6,0,26,255
0,0,1,0,1,0,1,0,1,0,0,0,0,0,0,0,0,0,0,0,0,1,0,0,0,0,72701,19.44,3,0,9.3312,2016,12,4,41,60
0,0,1,0,0,0,1,0,1,0,0,0,1,0,0,0,0,0,0,0,0,0,0,0,0,0,28540,13.092,4,0.7,-10.0372,2015,9,4,125,249
0,0,1,0,0,1,0,0,1,0,1,0,0,0,0,0,0,0,0,0,0,0,0,0,0,0,10035,122.94,3,0,30.735,2014,12,5,915,1128
0,0,1,0,0,1,0,0,1,0,0,0,1,0,0,0,0,0,0,0,0,0,0,0,0,0,10035,35.448,7,0.2,12.8499,2014,12,5,915,1128
0,0,1,0,0,1,0,0,0,1,0,0,0,0,0,0,0,0,0,0,0,0,1,0,0,0,19901,19.98,2,0,5.1948,2014,4,5,19,96
0,0,1,0,0,0,0,0,0,0,0,0,0,0,0,0,0,0,0,0,0,0,0,0,0,1,60505,69.375,1,0.5,-47.175,2017,1,7,68,492
0,0,1,0,0,0,0,0,1,0,0,0,0,0,0,0,0,0,0,0,0,0,0,0,1,0,60505,31.68,4,0.2,2.772,2017,1,7,68,492
0,0,1,0,0,0,0,0,0,1,0,0,0,0,0,0,0,0,0,0,0,0,1,0,0,0,60505,2003.168,4,0.2,250.396,2017,1,7,68,492
0,0,1,0,0,0,0,0,1,0,0,1,0,0,0,0,0,0,0,0,0,0,0,0,0,0,60505,9.344,2,0.2,3.1536,2017,1,7,68,492
0,0,1,0,0,1,0,0,0,0,0,0,0,0,1,0,0,0,0,0,0,0,0,0,0,0,10009,2563.056,8,0.1,313.2624,2016,12,6,915,1128
0,0,1,1,0,0,0,1,0,0,0,0,0,0,1,0,0,0,0,0,0,0,0,0,0,0,92020,387.136,4,0.2,4.8392,2016,10,5,2,2001
0,1,0,0,1,1,0,0,1,0,0,1,0,0,0,0,0,0,0,0,0,0,0,0,0,0,45503,3.424,1,0.2,0.2996,2015,6,2,163,469
0,0,1,1,0,1,0,0,1,0,0,0,0,0,0,0,0,0,0,0,0,0,0,1,0,0,10550,1085.42,7,0,282.2092,2017,6,4,8,1128
0,0,1,0,1,1,0,0,1,0,0,0,0,0,0,0,0,0,0,0,0,1,0,0,0,0,44107,43.056,9,0.2,15.6078,2015,6,4,49,469
0,0,1,0,1,0,1,0,1,0,0,0,1,0,0,0,0,0,0,0,0,0,0,0,0,0,33614,3.762,3,0.7,-2.7588,2016,2,4,36,383
0,0,1,0,1,0,1,0,1,0,0,0,1,0,0,0,0,0,0,0,0,0,0,0,0,0,33614,34.86,2,0.7,-26.726,2016,2,4,36,383
0,0,1,0,1,0,1,0,1,0,0,0,0,0,0,0,0,0,0,0,0,0,0,1,0,0,33614,432.456,3,0.2,32.4342,2016,2,4,36,383
0,0,1,0,0,0,1,0,1,0,0,0,0,0,0,0,0,0,0,0,0,0,0,1,0,0,31907,675.06,3,0,87.7578,2017,4,4,222,184
0,0,0,1,0,0,1,0,1,0,0,0,0,0,0,0,1,0,0,0,0,0,0,0,0,0,28540,65.232,3,0.2,22.0158,2017,5,1,125,249
0,0,0,1,0,0,1,0,0,0,0,0,0,0,1,0,0,0,0,0,0,0,0,0,0,0,28540,207,3,0.2,25.875,2017,5,1,125,249
0,1,0,0,1,0,0,0,0,1,0,0,0,0,0,0,0,0,0,0,1,0,0,0,0,0,60174,600.53,2,0.3,137.264,2015,12,5,10,492
0,1,0,0,1,0,0,0,1,0,0,1,0,0,0,0,0,0,0,0,0,0,0,0,0,0,60174,59.904,2,0.2,14.2272,2015,12,5,10,492
0,1,0,0,1,0,0,0,0,1,0,0,0,0,0,0,0,0,0,0,0,0,0,0,0,0,60174,637.44,8,0.2,135.456,2015,12,5,10,492
0,1,0,0,1,0,0,0,0,0,0,0,0,0,0,0,0,0,1,0,0,0,0,0,0,0,60174,51.756,3,0.6,-33.6414,2015,12,5,10,492
0,0,1,0,1,0,1,0,1,0,0,0,0,0,0,0,0,0,0,0,0,1,0,0,0,0,33180,31.104,6,0.2,10.8864,2014,8,4,57,383
0,0,1,0,1,0,1,0,1,0,0,1,0,0,0,0,0,0,0,0,0,0,0,0,0,0,33180,47.96,5,0.2,4.1965,2014,8,4,57,383
0,0,1,0,1,0,1,0,0,1,0,0,0,0,0,0,0,0,0,0,0,0,0,0,0,0,33180,158.928,7,0.2,41.7186,2014,8,4,57,383
0,0,1,0,1,0,1,0,1,0,1,0,0,0,0,0,0,0,0,0,0,0,0,0,0,0,33180,211.248,6,0.2,15.8436,2014,8,4,57,383
0,0,1,0,1,0,1,0,1,0,0,0,0,0,0,0,0,0,0,0,0,0,0,0,1,0,33180,5.552,2,0.2,-1.041,2014,8,4,57,383
0,0,1,0,1,0,1,0,1,0,0,0,0,0,0,0,0,0,0,1,0,0,0,0,0,0,33180,2.952,1,0.2,0.9963,2014,8,4,57,383
0,0,1,0,0,1,0,0,1,0,0,0,1,0,0,0,0,0,0,0,0,0,0,0,0,0,45373,10.332,3,0.7,-7.5768,2015,12,4,29,469
0,0,1,1,0,0,0,1,1,0,0,0,1,0,0,0,0,0,0,0,0,0,0,0,0,0,98103,18.368,4,0.2,5.9696,2017,11,4,428,506
0,0,1,0,0,1,0,0,0,1,0,0,0,0,0,0,0,0,0,0,0,0,1,0,0,0,10011,299.9,2,0,74.975,2017,3,4,915,1128
0,0,1,1,0,0,1,0,1,0,0,0,0,0,0,0,1,0,0,0,0,0,0,0,0,0,22204,26.55,9,0,12.744,2016,5,4,60,224
0,0,1,1,0,0,1,0,0,1,0,0,0,0,0,0,0,0,0,0,0,0,0,0,0,0,22204,111.98,2,0,26.8752,2016,5,4,60,224
0,0,1,1,0,0,1,0,0,0,0,0,0,0,0,0,0,0,1,0,0,0,0,0,0,0,28205,4.928,2,0.2,0.7392,2015,7,6,52,249
0,0,1,1,0,0,1,0,1,0,0,0,0,0,0,0,0,0,0,1,0,0,0,0,0,0,28205,11.784,3,0.2,4.2717,2015,7,6,52,249
0,0,1,0,0,0,0,1,1,0,0,1,0,0,0,0,0,0,0,0,0,0,0,0,0,0,95661,7.98,3,0,2.0748,2014,3,4,26,2001
0,0,1,0,0,0,0,0,1,0,0,0,0,0,0,0,1,0,0,0,0,0,0,0,0,0,48234,180.96,2,0,81.432,2015,4,4,115,255
0,0,1,1,0,0,0,1,0,1,0,0,0,0,0,0,0,0,0,0,0,0,0,0,0,0,90036,1649.95,5,0,659.98,2017,7,6,747,2001
0,0,1,1,0,0,0,1,0,0,0,0,0,0,1,0,0,0,0,0,0,0,0,0,0,0,90036,362.352,3,0.2,45.294,2017,7,6,747,2001
0,1,0,0,1,0,0,1,0,1,0,0,0,0,0,0,0,0,0,0,0,0,1,0,0,0,94110,73.584,2,0.2,8.2782,2014,10,2,510,2001
0,0,1,0,0,0,0,1,0,0,0,0,0,0,0,0,0,0,0,0,0,0,0,0,0,1,93309,486.368,4,0.2,36.4776,2017,11,6,16,2001
0,0,1,0,1,0,0,0,1,0,0,0,0,0,0,0,0,0,0,0,0,1,0,0,0,0,74133,32.4,5,0,15.552,2016,8,5,26,66
0,0,1,0,1,0,0,0,1,0,0,0,1,0,0,0,0,0,0,0,0,0,0,0,0,0,74133,41.86,7,0,19.2556,2016,8,5,26,66
0,0,1,0,1,0,0,0,1,0,0,0,1,0,0,0,0,0,0,0,0,0,0,0,0,0,74133,77.56,2,0,35.6776,2016,8,5,26,66
1,0,0,0,1,0,0,1,1,0,0,1,0,0,0,0,0,0,0,0,0,0,0,0,0,0,94122,37.17,9,0,11.151,2016,7,0,510,2001
0,0,1,0,0,0,0,0,1,0,0,0,0,0,0,0,0,0,0,0,0,0,0,1,0,0,77036,137.352,3,0.2,8.5845,2014,3,6,377,985
0,0,1,0,0,0,0,0,0,0,0,0,0,0,0,0,0,0,0,0,0,0,0,0,0,1,77036,376.509,3,0.3,-43.0296,2014,3,6,377,985
0,0,1,0,0,0,1,0,0,0,0,0,0,0,0,0,0,0,1,0,0,0,0,0,0,0,31907,62.72,4,0,24.4608,2017,1,5,222,184
0,0,1,0,0,0,1,0,0,1,0,0,0,0,0,0,0,0,0,0,0,0,1,0,0,0,31907,2939.93,7,0,764.3818,2017,1,5,222,184
0,0,1,0,1,0,0,0,0,0,0,0,0,0,1,0,0,0,0,0,0,0,0,0,0,0,77573,512.358,3,0.3,-14.6388,2014,7,4,6,985
0,0,1,0,1,0,0,0,1,0,0,0,0,0,0,0,0,1,0,0,0,0,0,0,0,0,77573,3.488,2,0.2,0.5668,2014,7,4,6,985
0,0,1,0,1,0,0,0,1,0,0,1,0,0,0,0,0,0,0,0,0,0,0,0,0,0,77573,22.288,7,0.2,3.9004,2014,7,4,6,985
0,0,1,0,1,0,0,0,1,0,0,0,0,0,0,0,0,0,0,0,0,1,0,0,0,0,77573,16.032,3,0.2,5.6112,2014,7,4,6,985
0,0,1,0,0,0,1,0,1,0,0,1,0,0,0,0,0,0,0,0,0,0,0,0,0,0,27217,1.752,1,0.2,0.1533,2017,4,5,25,249
0,0,1,0,0,0,1,0,1,0,0,1,0,0,0,0,0,0,0,0,0,0,0,0,0,0,27217,20.992,8,0.2,2.3616,2017,4,5,25,249
0,0,1,0,0,1,0,0,1,0,0,0,0,0,0,0,0,0,0,0,0,0,0,1,0,0,10009,11.21,1,0,3.363,2017,11,5,915,1128
0,0,0,0,0,0,0,0,1,0,0,1,0,0,0,0,0,0,0,0,0,0,0,0,0,0,75220,45.04,2,0.2,4.504,2015,12,1,157,985
0,0,1,0,0,0,0,0,1,0,0,0,1,0,0,0,0,0,0,0,0,0,0,0,0,0,77095,15.624,2,0.8,-24.9984,2016,9,5,377,985
0,0,1,0,0,1,0,0,1,0,1,0,0,0,0,0,0,0,0,0,0,0,0,0,0,0,11561,8.74,2,0,2.2724,2016,11,6,61,1128
0,0,1,0,0,1,0,0,1,0,0,0,0,0,0,0,0,0,0,0,0,1,0,0,0,0,11561,44.75,5,0,20.585,2016,11,6,61,1128
0,0,0,0,1,0,1,0,1,0,0,0,0,0,0,0,0,0,0,0,0,0,0,1,0,0,33012,61.68,5,0.2,5.397,2017,9,1,18,383
0,0,0,0,1,0,1,0,0,1,0,0,0,0,0,0,0,0,0,0,0,0,1,0,0,0,33012,158.376,3,0.2,13.8579,2017,9,1,18,383
0,1,0,1,0,0,0,0,1,0,0,0,1,0,0,0,0,0,0,0,0,0,0,0,0,0,60505,2.864,4,0.8,-4.5824,2017,7,3,68,492
0,1,0,1,0,0,0,0,1,0,0,0,1,0,0,0,0,0,0,0,0,0,0,0,0,0,60505,94.192,7,0.8,-164.836,2017,7,3,68,492
0,0,1,0,0,1,0,0,1,0,0,0,0,0,0,0,0,0,0,0,0,1,0,0,0,0,7109,143.7,3,0,68.976,2017,10,5,10,130
0,0,1,0,0,1,0,0,1,0,0,0,0,0,0,0,0,0,0,0,0,1,0,0,0,0,7109,6.48,1,0,3.1104,2017,10,5,10,130
0,0,1,0,0,1,0,0,0,1,0,0,0,0,0,0,0,0,0,0,0,0,0,0,0,0,10024,7.88,4,0,2.5216,2017,11,4,915,1128
0,0,0,0,0,1,0,0,1,0,0,0,0,0,0,0,0,0,0,0,0,0,0,1,0,0,1810,11.21,1,0,3.363,2016,3,3,4,135
0,0,0,0,0,1,0,0,0,0,0,0,0,0,1,0,0,0,0,0,0,0,0,0,0,0,1810,354.9,5,0,88.725,2016,3,3,4,135
0,0,0,0,0,1,0,0,1,0,0,0,0,0,0,0,0,0,0,0,0,1,0,0,0,0,1810,17.94,3,0,8.7906,2016,3,3,4,135
0,0,0,0,0,1,0,0,1,0,0,0,1,0,0,0,0,0,0,0,0,0,0,0,0,0,1810,51.8,4,0,23.31,2016,3,3,4,135
0,1,0,0,1,1,0,0,1,0,0,0,1,0,0,0,0,0,0,0,0,0,0,0,0,0,19711,299.52,9,0,149.76,2017,5,5,95,96
0,0,1,0,0,0,1,0,1,0,0,1,0,0,0,0,0,0,0,0,0,0,0,0,0,0,22204,7.7,2,0,3.157,2016,7,6,60,224
0,0,1,1,0,0,1,0,1,0,0,0,0,0,0,0,0,0,0,0,0,1,0,0,0,0,35601,23.92,4,0,11.7208,2014,12,7,35,61
0,0,1,1,0,0,1,0,0,1,0,0,0,0,0,0,0,0,0,0,0,0,0,0,0,0,35601,498,5,0,184.26,2014,12,7,35,61
0,0,1,1,0,0,0,1,0,0,0,0,0,0,1,0,0,0,0,0,0,0,0,0,0,0,92345,436.704,6,0.2,-38.2116,2017,4,4,4,2001
0,0,1,0,0,0,1,0,1,0,0,0,0,0,0,0,0,0,0,0,0,1,0,0,0,0,23320,32.4,5,0,15.552,2014,11,6,18,224
0,0,0,0,0,0,0,1,1,0,1,0,0,0,0,0,0,0,0,0,0,0,0,0,0,0,90036,61.44,3,0,16.5888,2017,6,3,747,2001
0,0,1,0,0,0,1,0,1,0,0,0,0,0,0,0,0,0,0,0,0,0,0,1,0,0,35810,73.36,7,0,19.8072,2016,11,5,36,61
0,0,1,0,0,0,1,0,1,0,0,0,0,0,0,0,0,0,0,1,0,0,0,0,0,0,37918,59.2,5,0.2,22.2,2014,3,4,24,183
0,0,1,0,0,0,1,0,0,0,0,0,0,0,0,0,0,0,1,0,0,0,0,0,0,0,37918,32.952,3,0.2,6.5904,2014,3,4,24,183
0,0,1,0,0,0,1,0,0,0,0,0,0,0,1,0,0,0,0,0,0,0,0,0,0,0,37918,218.376,3,0.2,-10.9188,2014,3,4,24,183
0,0,1,1,0,1,0,0,0,0,0,0,0,0,0,0,0,0,1,0,0,0,0,0,0,0,1841,31.4,5,0,13.188,2015,4,4,44,135
0,0,1,1,0,1,0,0,0,0,0,0,0,0,0,0,0,0,1,0,0,0,0,0,0,0,1841,9.48,1,0,3.792,2015,4,4,44,135
0,0,1,1,0,1,0,0,0,1,0,0,0,0,0,0,0,0,0,0,0,0,1,0,0,0,1841,209.5,10,0,58.66,2015,4,4,44,135
0,0,1,1,0,1,0,0,0,0,0,0,0,0,0,0,0,0,1,0,0,0,0,0,0,0,1841,24.3,5,0,10.449,2015,4,4,44,135
0,0,1,1,0,1,0,0,1,0,0,0,0,0,0,0,0,0,0,0,0,1,0,0,0,0,1841,6.48,1,0,3.1104,2015,4,4,44,135
0,0,1,1,0,1,0,0,0,0,0,0,0,0,0,0,0,0,1,0,0,0,0,0,0,0,19134,32.448,2,0.2,7.3008,2017,5,5,537,587
0,0,1,1,0,1,0,0,1,0,0,0,1,0,0,0,0,0,0,0,0,0,0,0,0,0,19134,26.388,4,0.7,-17.592,2017,5,5,537,587
0,0,1,1,0,1,0,0,0,0,0,0,0,0,0,0,0,0,0,0,0,0,0,0,0,1,19134,373.47,5,0.4,-112.041,2017,5,5,537,587
0,0,1,1,0,1,0,0,1,0,0,0,1,0,0,0,0,0,0,0,0,0,0,0,0,0,19134,64.2,5,0.7,-44.94,2017,5,5,537,587
0,0,1,1,0,1,0,0,1,0,0,0,0,0,0,0,0,1,0,0,0,0,0,0,0,0,19134,8,2,0.2,2.8,2017,5,5,537,587
0,0,1,0,0,0,1,0,0,0,0,0,0,0,0,0,0,0,1,0,0,0,0,0,0,0,30605,186.54,3,0,41.0388,2016,8,4,8,184
0,0,1,0,0,0,0,1,1,0,0,0,0,0,0,0,0,0,0,0,0,0,0,1,0,0,59405,87.08,7,0,24.3824,2014,4,7,8,15
0,0,1,0,0,0,0,1,0,1,0,0,0,0,0,0,0,0,0,0,0,0,1,0,0,0,59405,105.584,2,0.2,9.2386,2014,4,7,8,15
0,0,1,0,0,0,0,1,0,1,0,0,0,0,0,0,0,0,0,0,0,0,0,0,0,0,59405,217.44,6,0,91.3248,2014,4,7,8,15
0,1,0,0,0,0,0,0,1,0,0,1,0,0,0,0,0,0,0,0,0,0,0,0,0,0,79907,31.744,2,0.2,3.968,2017,1,2,19,985
0,1,0,0,0,0,0,0,1,0,1,0,0,0,0,0,0,0,0,0,0,0,0,0,0,0,79907,5.432,2,0.8,-13.58,2017,1,2,19,985
0,1,0,0,0,0,0,0,0,0,0,0,0,0,0,0,0,0,0,0,0,0,0,0,0,1,79907,913.43,5,0.3,-169.637,2017,1,2,19,985
0,1,0,0,0,0,0,0,1,0,0,0,0,0,0,0,0,0,0,0,0,0,0,1,0,0,79907,372.144,3,0.2,27.9108,2017,1,2,19,985
0,0,1,0,0,0,1,0,0,1,0,0,0,0,0,0,0,0,0,0,0,0,1,0,0,0,34741,751.984,2,0.2,84.5982,2017,4,4,1,383
0,0,0,0,1,0,0,1,0,1,0,0,0,0,0,0,0,0,0,0,0,0,1,0,0,0,98105,604.768,4,0.2,60.4768,2017,1,3,428,506
0,1,0,1,0,0,0,1,1,0,0,0,0,0,0,0,0,0,0,0,0,0,0,0,1,0,95051,27.36,4,0,7.3872,2014,9,5,6,2001
0,1,0,1,0,0,0,1,1,0,0,0,0,0,0,0,0,0,0,0,0,1,0,0,0,0,95051,20.56,2,0,9.6632,2014,9,5,6,2001
0,1,0,1,0,0,0,1,1,0,0,0,1,0,0,0,0,0,0,0,0,0,0,0,0,0,95051,83.92,5,0.2,31.47,2014,9,5,6,2001
0,0,1,0,0,0,0,1,0,0,0,0,0,0,0,0,0,0,0,0,0,0,0,0,0,1,90049,902.712,3,0.2,33.8517,2016,6,5,747,2001
0,0,1,0,1,0,0,1,0,0,0,0,0,1,0,0,0,0,0,0,0,0,0,0,0,0,93727,120.666,2,0.15,21.294,2016,10,4,26,2001
0,0,0,0,0,0,0,0,1,0,0,0,1,0,0,0,0,0,0,0,0,0,0,0,0,0,76106,4.984,1,0.8,-8.4728,2014,12,3,27,985
0,0,1,0,1,0,0,1,0,0,0,0,0,0,0,0,0,0,1,0,0,0,0,0,0,0,98105,82.26,3,0,33.7266,2016,11,7,428,506
0,0,0,0,0,0,0,1,1,0,0,0,0,0,0,0,0,0,0,0,0,0,0,1,0,0,94110,29.74,1,0,4.461,2016,11,3,510,2001
0,0,1,0,1,0,0,1,1,0,1,0,0,0,0,0,0,0,0,0,0,0,0,0,0,0,94110,87.36,6,0,23.5872,2015,1,5,510,2001
0,0,1,0,1,0,0,1,1,0,0,0,1,0,0,0,0,0,0,0,0,0,0,0,0,0,94110,56.16,6,0.2,17.55,2015,1,5,510,2001
0,0,1,1,0,0,1,0,1,0,1,0,0,0,0,0,0,0,0,0,0,0,0,0,0,0,33068,64.384,1,0.2,8.048,2017,3,6,3,383
0,0,1,1,0,0,0,0,1,0,0,0,0,0,0,0,0,0,0,0,0,0,0,1,0,0,77095,64.784,1,0.2,-14.5764,2015,11,6,377,985
0,0,1,1,0,0,0,0,1,0,0,0,0,0,0,0,0,0,0,0,0,1,0,0,0,0,77095,15.552,3,0.2,5.6376,2015,11,6,377,985
0,0,1,1,0,0,0,0,1,0,0,0,0,0,0,0,1,0,0,0,0,0,0,0,0,0,77095,223.888,7,0.2,69.965,2015,11,6,377,985
0,1,0,0,0,0,0,0,1,0,0,0,0,0,0,0,0,0,0,0,0,1,0,0,0,0,60653,10.896,3,0.2,3.405,2014,9,5,314,492
0,1,0,0,0,0,0,1,0,1,0,0,0,0,0,0,0,0,0,0,0,0,1,0,0,0,94109,84.784,2,0.2,-20.1362,2016,3,2,510,2001
0,0,1,1,0,0,0,0,0,0,0,0,0,0,1,0,0,0,0,0,0,0,0,0,0,0,77036,241.5,4,0.3,0,2016,2,7,377,985
0,0,0,0,1,1,0,0,0,1,0,0,0,0,0,0,0,0,0,0,0,0,0,0,0,0,6484,59.97,3,0,14.9925,2016,11,2,2,82
0,0,0,0,1,1,0,0,1,0,0,0,0,0,0,0,0,0,0,0,0,1,0,0,0,0,6484,13.36,2,0,6.4128,2016,11,2,2,82
0,0,1,1,0,0,0,1,1,0,0,0,1,0,0,0,0,0,0,0,0,0,0,0,0,0,94601,11.808,3,0.2,4.1328,2017,9,4,26,2001
0,0,1,0,0,1,0,0,1,0,0,0,0,0,0,0,0,0,0,0,0,0,0,1,0,0,6040,16.24,1,0,2.436,2015,5,6,11,82
0,0,1,0,0,1,0,0,1,0,0,0,0,0,0,0,0,0,0,0,0,0,0,1,0,0,6040,77.55,5,0,21.714,2015,5,6,11,82
0,0,1,1,0,1,0,0,1,0,1,0,0,0,0,0,0,0,0,0,0,0,0,0,0,0,7050,76.12,2,0,22.0748,2014,11,4,6,130
0,0,0,0,1,1,0,0,1,0,0,0,0,0,0,0,0,1,0,0,0,0,0,0,0,0,44312,17.184,6,0.2,6.2292,2016,12,3,21,469
0,0,0,1,0,0,0,1,1,0,0,0,0,0,0,0,0,0,0,0,0,1,0,0,0,0,90032,11.76,2,0,5.7624,2017,12,2,747,2001
0,0,1,0,1,1,0,0,0,0,0,0,0,0,0,0,0,0,1,0,0,0,0,0,0,0,6810,27.46,2,0,9.8856,2017,12,7,1,82
0,1,0,0,0,1,0,0,0,1,0,0,0,0,0,0,0,0,0,0,0,0,1,0,0,0,2038,137.94,3,0,35.8644,2016,12,5,37,135
0,1,0,0,0,1,0,0,0,0,0,0,0,0,0,0,0,0,1,0,0,0,0,0,0,0,2038,111.15,5,0,48.906,2016,12,5,37,135
0,1,0,0,0,1,0,0,1,0,1,0,0,0,0,0,0,0,0,0,0,0,0,0,0,0,2038,901.95,3,0,297.6435,2016,12,5,37,135
0,1,0,0,0,1,0,0,0,0,0,0,0,0,0,0,0,0,0,0,0,0,0,0,0,1,2038,366.009,3,0.3,-47.0583,2016,12,5,37,135
1,0,0,0,0,0,1,0,1,0,0,0,0,0,0,0,0,0,0,0,0,1,0,0,0,0,28403,310.688,7,0.2,108.7408,2014,6,0,36,249
0,0,0,0,1,0,0,0,1,0,0,0,1,0,0,0,0,0,0,0,0,0,0,0,0,0,77095,7.68,5,0.8,-11.52,2014,9,1,377,985
0,1,0,0,1,1,0,0,0,0,0,0,0,0,1,0,0,0,0,0,0,0,0,0,0,0,45503,155.372,2,0.3,-35.5136,2017,11,5,163,469
0,0,1,0,0,0,0,1,1,0,0,0,0,0,0,0,0,0,0,0,0,0,0,1,0,0,85301,10.744,1,0.2,0.8058,2015,4,5,23,224
0,1,0,0,0,1,0,0,1,0,0,0,1,0,0,0,0,0,0,0,0,0,0,0,0,0,10009,232.4,5,0.2,78.435,2015,12,4,915,1128
0,1,0,0,0,1,0,0,0,0,0,0,0,0,1,0,0,0,0,0,0,0,0,0,0,0,10009,164.646,3,0.1,12.8058,2015,12,4,915,1128
0,1,0,0,0,1,0,0,1,0,0,0,0,0,0,0,0,0,0,0,0,1,0,0,0,0,10009,22.68,2,0,11.1132,2015,12,4,915,1128
0,0,1,1,0,0,0,1,1,0,0,0,0,0,0,0,0,0,0,0,0,1,0,0,0,0,90036,105.52,4,0,48.5392,2016,2,6,747,2001
0,0,1,1,0,1,0,0,0,0,0,0,0,0,0,0,0,0,1,0,0,0,0,0,0,0,19711,83.92,4,0,5.8744,2017,7,4,95,96
0,0,1,1,0,1,0,0,0,1,0,0,0,0,0,0,0,0,0,0,0,0,0,0,0,0,19711,141.9,5,0,58.179,2017,7,4,95,96
0,0,1,1,0,1,0,0,0,0,0,0,0,0,0,0,0,0,1,0,0,0,0,0,0,0,19711,39.98,2,0,9.1954,2017,7,4,95,96
0,0,1,1,0,1,0,0,1,0,0,1,0,0,0,0,0,0,0,0,0,0,0,0,0,0,19711,28.91,7,0,8.673,2017,7,4,95,96
0,0,1,1,0,1,0,0,1,0,0,1,0,0,0,0,0,0,0,0,0,0,0,0,0,0,19711,174.95,5,0,45.487,2017,7,4,95,96
0,0,1,0,1,0,0,1,1,0,0,0,1,0,0,0,0,0,0,0,0,0,0,0,0,0,92404,110.528,4,0.2,38.6848,2015,12,6,9,2001
1,0,0,1,0,0,1,0,0,0,0,0,0,0,0,0,0,0,0,0,0,0,0,0,0,1,27217,630.024,4,0.4,-199.5076,2016,11,0,25,249
0,1,0,0,0,0,1,0,1,0,0,1,0,0,0,0,0,0,0,0,0,0,0,0,0,0,24153,27.86,7,0,9.1938,2016,5,3,40,224
0,0,1,0,0,0,0,0,0,0,0,0,0,0,0,0,0,0,0,0,0,0,0,0,0,1,75217,933.408,4,0.3,-173.3472,2017,3,4,157,985
0,0,1,1,0,0,0,0,1,0,0,0,0,0,0,0,0,0,0,0,0,1,0,0,0,0,76017,51.84,10,0.2,18.144,2016,12,4,60,985
0,0,1,1,0,0,0,0,0,1,0,0,0,0,0,0,0,0,0,0,0,0,0,0,0,0,76017,165.6,3,0.2,-6.21,2016,12,4,60,985
0,0,1,0,1,0,0,0,1,0,0,0,0,0,0,0,0,0,0,0,0,1,0,0,0,0,52302,106.32,3,0,49.9704,2017,4,6,20,30
0,0,0,0,1,0,0,1,1,0,0,0,1,0,0,0,0,0,0,0,0,0,0,0,0,0,98105,147.92,5,0.2,46.225,2017,5,2,428,506
0,0,0,0,1,0,0,1,1,0,0,0,0,0,0,0,0,0,0,0,0,0,0,1,0,0,98105,104.28,3,0,26.07,2017,5,2,428,506
0,0,0,0,1,0,0,1,0,0,0,0,0,0,0,0,0,0,0,0,0,0,0,0,0,1,98105,286.85,1,0,63.107,2017,5,2,428,506
0,0,0,0,1,0,0,1,1,0,0,0,0,0,0,0,0,0,0,0,0,0,0,1,0,0,98105,66.96,4,0,2.6784,2017,5,2,428,506
0,0,0,0,1,0,0,1,0,1,0,0,0,0,0,0,0,0,0,0,0,0,0,0,0,0,98105,199.98,2,0,87.9912,2017,5,2,428,506
0,0,1,0,0,1,0,0,0,1,0,0,0,0,0,0,0,0,0,0,0,0,0,0,0,0,8701,45,3,0,4.95,2017,10,4,49,130
0,0,1,0,0,1,0,0,1,0,0,0,0,0,0,0,0,1,0,0,0,0,0,0,0,0,8701,17.9,5,0,8.771,2017,10,4,49,130
0,0,1,0,0,1,0,0,0,0,0,0,0,0,0,0,0,0,1,0,0,0,0,0,0,0,8701,40.48,2,0,17.4064,2017,10,4,49,130
0,0,1,0,0,1,0,0,0,0,0,0,0,1,0,0,0,0,0,0,0,0,0,0,0,0,8701,2154.9,5,0,129.294,2017,10,4,49,130
0,0,0,1,0,1,0,0,1,0,0,0,1,0,0,0,0,0,0,0,0,0,0,0,0,0,45231,18.432,8,0.7,-12.288,2016,8,2,17,469
0,0,1,0,0,0,0,1,1,0,0,0,0,0,0,0,0,0,0,0,0,0,0,0,1,0,80229,10.944,2,0.2,0.9576,2015,10,5,10,182
0,0,0,0,0,0,0,0,1,0,0,0,0,0,0,0,0,0,0,0,0,0,0,0,1,0,48066,4.36,2,0,0.1744,2017,11,2,26,255
0,0,1,1,0,0,0,1,0,1,0,0,0,0,0,0,0,0,0,0,0,0,0,0,0,0,85281,62.352,6,0.2,-10.9116,2017,11,4,13,224
0,1,0,0,0,1,0,0,0,0,0,0,0,0,0,0,0,0,1,0,0,0,0,0,0,0,19601,303.92,5,0.2,-30.392,2016,12,2,5,587
0,0,1,0,0,0,0,0,1,0,0,0,0,0,0,0,0,0,0,0,0,0,0,1,0,0,55124,129.3,2,0,6.465,2014,3,6,9,89
0,0,1,1,0,1,0,0,0,0,0,0,0,0,0,0,0,0,1,0,0,0,0,0,0,0,21215,274.2,10,0,112.422,2017,11,5,43,105
0,1,0,1,0,0,0,0,1,0,0,0,0,0,0,0,0,1,0,0,0,0,0,0,0,0,78415,6.048,4,0.2,-1.3608,2014,9,4,8,985
0,1,0,1,0,0,0,0,1,0,0,0,0,0,0,0,0,0,0,0,0,1,0,0,0,0,78415,6.848,2,0.2,2.14,2014,9,4,8,985
0,1,0,1,0,0,0,0,0,0,0,0,0,0,0,0,0,0,1,0,0,0,0,0,0,0,78415,9.96,5,0.6,-6.723,2014,9,4,8,985
0,1,0,1,0,0,0,0,1,0,0,0,1,0,0,0,0,0,0,0,0,0,0,0,0,0,78415,8.552,2,0.8,-13.6832,2014,9,4,8,985
0,0,1,0,0,0,0,1,1,0,0,0,1,0,0,0,0,0,0,0,0,0,0,0,0,0,89115,45.584,11,0.2,16.5242,2015,9,6,13,39
0,0,1,0,0,1,0,0,0,1,0,0,0,0,0,0,0,0,0,0,0,0,0,0,0,0,44105,25.488,2,0.2,4.4604,2015,12,6,42,469
0,0,1,0,0,0,0,1,1,0,0,0,1,0,0,0,0,0,0,0,0,0,0,0,0,0,98105,136.96,4,0.2,51.36,2014,5,4,428,506
0,1,0,1,0,0,0,0,0,1,0,0,0,0,0,0,0,0,0,0,0,0,1,0,0,0,60623,49.616,2,0.2,4.9616,2017,3,3,314,492
0,1,0,0,1,1,0,0,1,0,0,0,0,0,0,0,0,0,0,0,0,1,0,0,0,0,43229,10.584,3,0.2,3.4398,2016,12,4,222,469
0,0,1,0,0,0,0,1,1,0,0,0,0,0,0,0,0,0,0,0,0,1,0,0,0,0,85705,84.416,4,0.2,27.4352,2017,5,4,32,224
0,0,1,0,1,1,0,0,0,1,0,0,0,0,0,0,0,0,0,0,0,0,1,0,0,0,19120,431.94,2,0.4,-71.99,2016,3,4,537,587
0,0,1,0,1,1,0,0,1,0,0,0,1,0,0,0,0,0,0,0,0,0,0,0,0,0,19120,2.043,1,0.7,-1.4982,2016,3,4,537,587
0,0,1,0,1,1,0,0,0,1,0,0,0,0,0,0,0,0,0,0,0,0,1,0,0,0,19120,68.238,3,0.4,-12.5103,2016,3,4,537,587
0,0,0,1,0,1,0,0,0,0,0,0,0,0,0,0,0,0,0,0,0,0,0,0,0,1,2920,240.744,4,0.3,-13.7568,2017,10,1,16,56
0,0,0,1,0,1,0,0,0,0,0,0,0,0,0,0,0,0,1,0,0,0,0,0,0,0,2920,35,4,0,14.7,2017,10,1,16,56
0,0,0,1,0,1,0,0,0,0,0,0,0,0,0,0,0,0,1,0,0,0,0,0,0,0,2920,210.68,2,0,50.5632,2017,10,1,16,56
0,0,0,1,0,1,0,0,0,0,0,0,0,0,0,0,0,0,0,0,0,0,0,0,0,1,2920,637.896,3,0.3,-127.5792,2017,10,1,16,56
0,0,0,1,0,1,0,0,1,0,0,0,0,0,0,0,0,0,0,0,0,1,0,0,0,0,2920,43.44,8,0,21.2856,2017,10,1,16,56
0,0,0,1,0,1,0,0,1,0,1,0,0,0,0,0,0,0,0,0,0,0,0,0,0,0,2920,2.22,1,0,0.666,2017,10,1,16,56
0,0,0,0,0,0,0,1,0,1,0,0,0,0,0,0,0,0,0,0,0,0,1,0,0,0,94122,1679.96,5,0.2,125.997,2014,4,2,510,2001
0,0,1,1,0,0,0,0,0,0,0,0,0,0,1,0,0,0,0,0,0,0,0,0,0,0,77070,344.372,4,0.3,-93.4724,2016,4,5,377,985
0,0,1,1,0,0,0,0,1,0,0,0,0,0,0,0,0,0,0,0,0,0,0,1,0,0,77070,1554.936,3,0.2,77.7468,2016,4,5,377,985
0,0,1,1,0,0,0,0,0,0,0,0,0,0,0,0,0,0,1,0,0,0,0,0,0,0,77070,127.88,5,0.6,-67.137,2016,4,5,377,985
0,0,1,1,0,0,0,1,0,1,0,0,0,0,0,0,0,0,0,0,0,0,1,0,0,0,90049,222.384,2,0.2,22.2384,2016,5,7,747,2001
0,1,0,1,0,0,0,0,0,0,0,0,0,0,1,0,0,0,0,0,0,0,0,0,0,0,60653,106.869,3,0.3,-29.0073,2017,5,5,314,492
0,1,0,1,0,0,0,0,1,0,0,0,1,0,0,0,0,0,0,0,0,0,0,0,0,0,60653,3.564,3,0.8,-6.237,2017,5,5,314,492
0,0,1,0,0,0,0,0,1,0,0,0,1,0,0,0,0,0,0,0,0,0,0,0,0,0,77070,25.68,3,0.8,-39.804,2014,8,4,377,985
0,0,1,0,0,0,0,0,1,0,0,0,1,0,0,0,0,0,0,0,0,0,0,0,0,0,77070,12.384,3,0.8,-19.8144,2014,8,4,377,985
0,0,1,0,0,1,0,0,1,0,0,0,1,0,0,0,0,0,0,0,0,0,0,0,0,0,6010,25.3,5,0,11.891,2014,8,5,13,82
0,0,1,0,0,1,0,0,1,0,0,0,0,0,0,0,0,0,0,0,0,0,0,1,0,0,6010,95.94,3,0,9.594,2014,8,5,13,82
0,1,0,0,0,0,0,0,1,0,0,0,0,0,0,0,0,0,0,1,0,0,0,0,0,0,49423,7.5,2,0,3.6,2015,9,4,3,255
0,0,1,0,1,0,0,1,0,1,0,0,0,0,0,0,0,0,0,0,0,0,1,0,0,0,87105,302.376,3,0.2,22.6782,2014,3,4,14,37
0,0,1,0,0,0,0,1,0,1,0,0,0,0,0,0,0,0,0,0,0,0,0,0,0,0,80027,46.688,4,0.2,-2.918,2015,5,5,57,182
0,0,1,0,0,1,0,0,1,0,0,0,0,0,0,0,0,0,0,0,0,0,0,1,0,0,10024,17.94,3,0,3.0498,2015,4,5,915,1128
0,0,1,0,0,1,0,0,1,0,1,0,0,0,0,0,0,0,0,0,0,0,0,0,0,0,6360,370.14,3,0,144.3546,2015,4,5,4,82
0,0,1,1,0,0,0,1,1,0,0,0,1,0,0,0,0,0,0,0,0,0,0,0,0,0,94122,8.928,2,0.2,3.1248,2016,9,4,510,2001
0,0,1,1,0,0,0,0,0,0,0,0,0,0,0,0,0,0,0,0,0,0,0,0,0,1,46060,2678.94,6,0,241.1046,2016,11,6,4,149
0,0,1,0,1,0,1,0,0,0,0,0,0,1,0,0,0,0,0,0,0,0,0,0,0,0,37042,387.136,4,0.2,-14.5176,2017,4,4,7,183
0,0,1,0,1,0,1,0,0,1,0,0,0,0,0,0,0,0,0,0,0,0,0,0,0,0,37042,45.408,2,0.2,11.9196,2017,4,4,7,183
0,0,1,0,1,0,1,0,0,0,0,0,0,0,0,0,0,0,1,0,0,0,0,0,0,0,37042,77.952,3,0.2,-11.6928,2017,4,4,7,183
0,0,1,0,1,0,1,0,1,0,0,0,0,0,0,0,0,0,0,1,0,0,0,0,0,0,37042,3,1,0.2,1.05,2017,4,4,7,183
0,1,0,0,0,0,1,0,1,0,0,0,0,0,0,0,0,0,0,0,0,0,0,1,0,0,33021,9.952,1,0.2,0.9952,2015,10,4,11,383
0,0,1,1,0,1,0,0,1,0,0,0,1,0,0,0,0,0,0,0,0,0,0,0,0,0,17403,37.896,4,0.7,-29.0536,2017,4,5,5,587
0,0,1,1,0,1,0,0,1,0,0,0,0,0,0,0,0,0,0,0,0,1,0,0,0,0,17403,65.584,2,0.2,23.7742,2017,4,5,5,587
0,0,1,0,1,0,0,1,1,0,0,0,0,0,0,0,0,0,0,0,0,1,0,0,0,0,85204,44.784,1,0.2,16.2342,2017,10,5,28,224
1,0,0,1,0,1,0,0,0,1,0,0,0,0,0,0,0,0,0,0,1,0,0,0,0,0,10024,1035.8,4,0,269.308,2015,10,0,915,1128
0,0,1,0,1,0,0,1,1,0,0,1,0,0,0,0,0,0,0,0,0,0,0,0,0,0,94110,5.76,2,0,1.6704,2017,12,6,510,2001
0,0,1,0,0,0,0,1,1,0,0,0,0,0,0,0,0,0,0,0,0,1,0,0,0,0,90036,19.98,2,0,8.991,2016,3,4,747,2001
0,0,1,0,0,0,0,0,0,1,0,0,0,0,0,0,0,0,0,0,0,0,1,0,0,0,68104,35.98,2,0,10.0744,2014,7,6,28,38
0,0,1,0,1,1,0,0,1,0,0,1,0,0,0,0,0,0,0,0,0,0,0,0,0,0,19120,16.656,3,0.2,3.3312,2016,5,4,537,587
0,0,1,1,0,1,0,0,1,0,0,0,0,0,0,0,0,0,0,1,0,0,0,0,0,0,10024,20.7,2,0,9.936,2017,2,4,915,1128
0,0,1,0,0,0,0,0,1,0,0,0,1,0,0,0,0,0,0,0,0,0,0,0,0,0,49505,83.7,5,0,41.013,2016,9,4,7,255
1,0,0,0,0,0,0,1,0,0,0,0,0,0,0,0,0,0,1,0,0,0,0,0,0,0,98115,199.8,10,0,71.928,2017,9,0,428,506
0,0,1,0,1,0,0,1,1,0,0,0,0,0,0,0,0,0,0,0,0,1,0,0,0,0,93727,45.68,2,0,21.0128,2017,3,4,26,2001
0,0,1,0,1,0,0,1,1,0,0,0,0,0,0,0,0,0,0,0,0,1,0,0,0,0,93727,110.96,2,0,53.2608,2017,3,4,26,2001
0,0,1,0,1,0,0,1,1,0,0,0,0,0,0,0,0,0,0,0,0,1,0,0,0,0,93727,11.94,3,0,5.97,2017,3,4,26,2001
0,1,0,0,0,0,1,0,0,1,0,0,0,0,0,0,0,0,0,0,1,0,0,0,0,0,22204,8749.95,5,0,2799.984,2016,2,2,60,224
0,1,0,0,0,0,1,0,1,0,0,0,1,0,0,0,0,0,0,0,0,0,0,0,0,0,22204,36.4,8,0,18.2,2016,2,2,60,224
0,1,0,0,0,0,1,0,0,0,0,0,0,0,0,0,0,0,1,0,0,0,0,0,0,0,22204,18.69,7,0,7.1022,2016,2,2,60,224
0,0,1,0,0,0,0,1,1,0,0,0,0,0,0,0,0,1,0,0,0,0,0,0,0,0,90049,5.94,3,0,0.1188,2017,7,4,747,2001
0,0,1,0,0,0,0,0,1,0,0,0,0,0,0,0,0,0,0,0,0,1,0,0,0,0,79424,60.736,8,0.2,20.4984,2015,10,5,6,985
0,0,1,0,0,0,0,0,0,1,0,0,0,0,0,1,0,0,0,0,0,0,0,0,0,0,79424,479.976,3,0.2,161.9919,2015,10,5,6,985
0,0,1,0,0,0,0,0,1,0,0,0,1,0,0,0,0,0,0,0,0,0,0,0,0,0,79424,6.08,1,0.8,-10.336,2015,10,5,6,985
0,0,1,1,0,0,0,1,0,1,0,0,0,0,0,0,0,0,0,0,0,0,0,0,0,0,80501,165.6,3,0.2,-6.21,2016,12,6,3,182
0,1,0,0,0,1,0,0,1,0,0,1,0,0,0,0,0,0,0,0,0,0,0,0,0,0,10701,59.52,3,0,15.4752,2014,3,3,15,1128
0,1,0,0,0,1,0,0,0,1,0,0,0,0,0,0,0,0,0,0,0,0,0,0,0,0,10701,479.97,3,0,177.5889,2014,3,3,15,1128
0,1,0,0,0,1,0,0,1,0,0,0,0,0,0,0,0,0,0,0,0,0,0,0,1,0,10701,18.62,2,0,5.3998,2014,3,3,15,1128
0,1,0,0,0,1,0,0,1,0,0,0,1,0,0,0,0,0,0,0,0,0,0,0,0,0,10701,49.632,6,0.2,16.7508,2014,3,3,15,1128
0,1,0,0,0,1,0,0,1,0,0,0,0,0,0,0,0,0,0,0,0,1,0,0,0,0,10701,97.82,2,0,45.9754,2014,3,3,15,1128
0,1,0,1,0,0,0,1,0,1,0,0,0,0,0,0,0,0,0,0,0,0,1,0,0,0,90045,15.984,2,0.2,1.1988,2015,3,2,747,2001
0,1,0,1,0,0,0,1,0,0,0,0,0,0,1,0,0,0,0,0,0,0,0,0,0,0,90045,184.752,3,0.2,-20.7846,2015,3,2,747,2001
0,0,1,0,1,0,0,1,1,0,0,0,0,0,0,0,0,0,0,0,0,1,0,0,0,0,90049,12.96,2,0,6.2208,2014,2,4,747,2001
0,0,1,0,0,0,0,0,0,0,0,0,0,0,1,0,0,0,0,0,0,0,0,0,0,0,79109,366.744,4,0.3,-110.0232,2016,5,4,10,985
0,0,1,0,1,0,0,0,1,0,0,0,1,0,0,0,0,0,0,0,0,0,0,0,0,0,75217,8.856,9,0.8,-14.1696,2016,3,4,157,985
0,0,1,0,1,0,0,0,0,1,0,0,0,0,0,0,0,0,0,0,0,0,0,0,0,0,75217,27.96,5,0.2,8.388,2016,3,4,157,985
0,0,1,0,1,0,0,0,1,0,0,0,0,0,0,0,1,0,0,0,0,0,0,0,0,0,75217,146.352,3,0.2,49.3938,2016,3,4,157,985
0,0,0,0,0,0,0,0,0,1,0,0,0,0,0,0,0,0,0,0,0,0,0,0,0,0,48205,175.23,11,0,61.3305,2015,12,3,115,255
0,0,0,0,0,0,0,0,0,1,0,0,0,0,0,0,0,0,0,0,0,0,1,0,0,0,48205,125.99,1,0,31.4975,2015,12,3,115,255
0,0,0,0,0,0,0,0,1,0,0,0,1,0,0,0,0,0,0,0,0,0,0,0,0,0,48205,23,2,0,10.35,2015,12,3,115,255
0,0,1,0,0,1,0,0,1,0,0,0,1,0,0,0,0,0,0,0,0,0,0,0,0,0,10035,25.584,2,0.2,8.9544,2016,12,4,915,1128
0,0,1,1,0,0,0,0,0,0,0,0,0,0,0,0,0,0,1,0,0,0,0,0,0,0,77041,73.784,2,0.6,-77.4732,2016,2,6,377,985
0,0,1,1,0,0,1,0,1,0,0,0,0,0,0,0,0,0,0,0,0,1,0,0,0,0,32839,20.736,4,0.2,7.2576,2017,6,4,11,383
0,0,1,1,0,0,1,0,1,0,0,1,0,0,0,0,0,0,0,0,0,0,0,0,0,0,41042,17.52,3,0,8.2344,2015,8,5,21,139
0,0,1,1,0,0,1,0,1,0,0,1,0,0,0,0,0,0,0,0,0,0,0,0,0,0,41042,35.76,12,0,10.0128,2015,8,5,21,139
0,0,1,0,0,1,0,0,1,0,0,1,0,0,0,0,0,0,0,0,0,0,0,0,0,0,10009,3.64,2,0,0.9828,2016,4,4,915,1128
0,1,0,0,0,0,0,0,0,0,0,0,0,0,0,0,0,0,1,0,0,0,0,0,0,0,75034,30.336,6,0.6,-17.4432,2017,6,3,2,985
0,0,1,0,0,1,0,0,0,0,0,0,0,0,0,0,0,0,1,0,0,0,0,0,0,0,7501,12.99,1,0,1.5588,2017,12,6,20,130
0,0,1,0,0,1,0,0,0,0,0,0,0,0,1,0,0,0,0,0,0,0,0,0,0,0,7501,182.22,3,0,45.555,2017,12,6,20,130
0,0,1,0,0,1,0,0,0,0,0,0,0,0,1,0,0,0,0,0,0,0,0,0,0,0,7501,302.94,3,0,18.1764,2017,12,6,20,130
0,0,1,0,1,1,0,0,0,0,0,0,0,0,0,0,0,0,1,0,0,0,0,0,0,0,43229,54.992,14,0.2,8.9362,2016,1,4,222,469
0,0,1,1,0,0,0,0,0,1,0,0,0,0,0,0,0,0,0,0,0,0,1,0,0,0,53209,12.99,1,0,0.2598,2016,4,6,45,110
0,0,1,0,0,0,0,1,1,0,0,0,0,0,0,0,0,0,0,0,0,1,0,0,0,0,94109,55.86,7,0,27.93,2017,9,4,510,2001
1,0,0,0,0,1,0,0,0,1,0,0,0,0,0,0,0,0,0,0,0,0,1,0,0,0,43229,44.376,2,0.4,-7.396,2017,3,0,222,469
1,0,0,0,0,1,0,0,0,0,0,0,0,0,0,0,0,0,1,0,0,0,0,0,0,0,43229,51.264,6,0.2,7.6896,2017,3,0,222,469
1,0,0,0,0,1,0,0,1,0,0,0,1,0,0,0,0,0,0,0,0,0,0,0,0,0,43229,5.193,3,0.7,-3.462,2017,3,0,222,469
1,0,0,0,0,1,0,0,0,1,0,0,0,0,0,0,0,0,0,0,0,0,0,0,0,0,43229,159.984,2,0.2,43.9956,2017,3,0,222,469
1,0,0,0,0,1,0,0,1,0,0,0,0,0,0,0,0,0,0,0,0,0,0,1,0,0,43229,54.224,2,0.2,3.389,2017,3,0,222,469
0,0,1,0,1,0,0,1,0,0,0,0,0,0,1,0,0,0,0,0,0,0,0,0,0,0,90008,241.424,2,0.2,-36.2136,2017,11,7,747,2001
0,0,1,0,0,0,0,0,1,0,0,0,0,0,0,0,0,0,0,0,0,1,0,0,0,0,48227,33.36,4,0,16.68,2016,11,6,115,255
0,0,1,0,0,0,0,0,1,0,0,0,0,0,0,0,0,0,0,0,0,1,0,0,0,0,48227,13.76,2,0,6.3296,2016,11,6,115,255
0,0,1,0,0,0,0,0,1,0,0,0,0,0,0,0,0,0,0,0,0,0,0,1,0,0,48227,496.86,7,0,24.843,2016,11,6,115,255
0,0,1,0,0,0,0,0,0,0,0,0,0,0,1,0,0,0,0,0,0,0,0,0,0,0,48227,389.97,3,0,35.0973,2016,11,6,115,255
0,1,0,1,0,0,1,0,1,0,0,0,0,0,0,0,0,0,0,1,0,0,0,0,0,0,31907,9.82,2,0,4.8118,2015,1,2,222,184
0,0,1,0,0,0,0,1,0,1,0,0,0,0,0,0,0,0,0,0,0,0,0,0,0,0,94122,56.4,3,0,3.384,2014,5,4,510,2001
0,0,1,0,1,1,0,0,1,0,0,0,1,0,0,0,0,0,0,0,0,0,0,0,0,0,19143,18.312,4,0.7,-12.208,2015,6,4,537,587
0,0,1,0,1,1,0,0,1,0,0,0,0,0,0,0,0,0,0,0,0,1,0,0,0,0,19143,25.92,5,0.2,9.072,2015,6,4,537,587
0,0,1,0,1,1,0,0,1,0,0,1,0,0,0,0,0,0,0,0,0,0,0,0,0,0,19143,8.016,3,0.2,1.002,2015,6,4,537,587
0,0,1,0,0,0,0,1,0,1,0,0,0,0,0,1,0,0,0,0,0,0,0,0,0,0,90008,479.984,2,0.2,59.998,2017,3,4,747,2001
0,0,1,0,0,0,0,1,1,0,0,0,1,0,0,0,0,0,0,0,0,0,0,0,0,0,90008,30.84,5,0.2,9.6375,2017,3,4,747,2001
0,0,0,1,0,1,0,0,1,0,0,0,0,0,0,0,0,0,0,0,0,0,0,1,0,0,19140,33.568,2,0.2,1.6784,2015,12,1,537,587
0,0,0,1,0,1,0,0,0,0,0,0,0,0,1,0,0,0,0,0,0,0,0,0,0,0,19140,422.625,7,0.3,0,2015,12,1,537,587
0,0,1,0,0,1,0,0,0,1,0,0,0,0,0,0,0,0,0,0,0,0,0,0,0,0,10035,199.98,2,0,83.9916,2014,8,5,915,1128
0,0,1,1,0,0,1,0,0,0,0,0,0,0,0,0,0,0,1,0,0,0,0,0,0,0,31907,20.24,1,0,8.7032,2016,3,4,222,184
0,0,1,1,0,0,1,0,0,0,0,0,0,0,0,0,0,0,1,0,0,0,0,0,0,0,31907,39.92,4,0,11.1776,2016,3,4,222,184
0,0,1,1,0,0,1,0,1,0,0,0,1,0,0,0,0,0,0,0,0,0,0,0,0,0,31907,32.54,2,0,15.9446,2016,3,4,222,184
0,0,1,1,0,0,0,1,0,1,0,0,0,0,0,0,0,0,0,0,0,0,0,0,0,0,90049,39,3,0,17.55,2015,12,5,747,2001
0,0,1,1,0,0,0,1,1,0,0,0,0,0,0,0,0,0,0,1,0,0,0,0,0,0,90049,12.6,4,0,6.048,2015,12,5,747,2001
0,0,0,1,0,0,0,1,0,0,0,0,0,0,0,0,0,0,1,0,0,0,0,0,0,0,80013,24.64,4,0.2,4.004,2015,9,1,68,182
0,0,1,1,0,0,0,0,1,0,0,0,0,0,0,0,0,0,0,1,0,0,0,0,0,0,77041,6.264,3,0.2,2.0358,2015,7,7,377,985
0,0,1,1,0,0,0,0,1,0,0,0,0,0,0,0,0,1,0,0,0,0,0,0,0,0,77041,14.432,4,0.2,3.4276,2015,7,7,377,985
0,0,1,1,0,0,0,0,0,1,0,0,0,0,0,1,0,0,0,0,0,0,0,0,0,0,60623,719.976,3,0.2,134.9955,2014,5,4,314,492
0,0,1,0,0,0,1,0,0,1,0,0,0,0,0,0,0,0,0,0,0,0,0,0,0,0,35601,239.92,8,0,23.992,2017,11,7,35,61
0,0,0,0,0,0,1,0,0,0,0,0,0,0,0,0,0,0,0,0,0,0,0,0,0,1,22153,1056.86,7,0,158.529,2016,12,2,163,224
1,0,0,0,0,0,1,0,0,1,0,0,0,0,0,0,0,0,0,0,0,0,0,0,0,0,33317,447.944,7,0.2,89.5888,2015,3,0,11,383
1,0,0,0,0,0,1,0,1,0,0,0,0,0,0,0,0,0,0,0,0,0,0,1,0,0,33317,150.408,9,0.2,-33.8418,2015,3,0,11,383
0,1,0,1,0,0,0,0,0,1,0,0,0,0,0,0,0,0,0,0,0,0,1,0,0,0,77041,453.576,3,0.2,39.6879,2016,12,3,377,985
0,1,0,1,0,0,0,0,1,0,0,0,0,0,0,0,0,0,0,1,0,0,0,0,0,0,77041,45.36,9,0.2,14.742,2016,12,3,377,985
0,1,0,1,0,0,0,0,0,1,0,0,0,0,0,0,0,0,0,0,0,0,1,0,0,0,77041,287.88,3,0.2,35.985,2016,12,3,377,985
0,1,0,1,0,0,0,0,0,1,0,0,0,0,0,0,0,0,0,0,0,0,1,0,0,0,77041,131.88,3,0.2,14.8365,2016,12,3,377,985
0,1,0,1,0,0,0,0,0,0,0,0,0,0,0,0,0,0,1,0,0,0,0,0,0,0,77041,2.328,2,0.6,-0.7566,2016,12,3,377,985
0,1,0,1,0,0,0,0,0,0,0,0,0,0,1,0,0,0,0,0,0,0,0,0,0,0,53209,1454.9,5,0,378.274,2016,4,4,45,110
0,0,1,0,1,0,1,0,1,0,0,0,1,0,0,0,0,0,0,0,0,0,0,0,0,0,32771,4.842,3,0.7,-3.5508,2017,4,4,2,383
0,0,1,0,1,0,1,0,0,0,0,0,0,0,0,0,0,0,1,0,0,0,0,0,0,0,32771,220.704,6,0.2,-8.2764,2017,4,4,2,383
0,0,0,0,0,0,0,0,0,1,0,0,0,0,0,0,0,0,0,0,0,0,1,0,0,0,75056,67.176,3,0.2,6.7176,2016,11,1,3,985
0,0,0,0,0,0,0,0,1,0,0,0,0,0,0,0,0,0,0,0,0,1,0,0,0,0,75056,15.232,4,0.2,5.5216,2016,11,1,3,985
0,0,0,0,0,1,0,0,1,0,0,0,0,0,0,0,0,0,0,0,0,1,0,0,0,0,45373,31.104,6,0.2,10.8864,2016,11,2,29,469
0,0,1,1,0,1,0,0,1,0,0,0,1,0,0,0,0,0,0,0,0,0,0,0,0,0,11550,968.744,7,0.2,314.8418,2016,12,6,11,1128
0,0,1,1,0,1,0,0,1,0,0,0,1,0,0,0,0,0,0,0,0,0,0,0,0,0,11550,222.352,13,0.2,77.8232,2016,12,6,11,1128
0,0,1,1,0,1,0,0,0,1,0,0,0,0,0,1,0,0,0,0,0,0,0,0,0,0,11550,479.984,2,0.2,89.997,2016,12,6,11,1128
1,0,0,0,1,0,0,0,1,0,0,0,0,0,0,0,0,0,0,0,0,1,0,0,0,0,75081,10.272,3,0.2,3.21,2016,4,0,157,985
0,0,1,0,0,0,0,0,0,1,0,0,0,0,0,0,0,0,0,0,1,0,0,0,0,0,77041,998.85,5,0.4,-199.77,2014,11,4,377,985
0,0,0,0,0,1,0,0,1,0,0,0,0,0,0,0,0,0,0,0,0,1,0,0,0,0,10035,24.56,2,0,11.5432,2015,10,2,915,1128
1,0,0,0,1,0,0,1,1,0,0,0,0,0,0,0,0,1,0,0,0,0,0,0,0,0,94110,5.67,3,0,0.1134,2014,9,0,510,2001
0,1,0,0,0,0,1,0,1,0,1,0,0,0,0,0,0,0,0,0,0,0,0,0,0,0,34952,14.336,4,0.2,0.896,2017,8,3,3,383
0,0,0,0,0,1,0,0,0,0,0,0,0,0,0,0,0,0,1,0,0,0,0,0,0,0,3301,102.3,1,0,26.598,2017,7,1,31,27
0,0,1,0,0,0,0,0,0,0,0,0,0,0,0,0,0,0,0,0,0,0,0,0,0,1,55901,607.52,2,0,97.2032,2017,12,4,53,89
0,0,1,0,0,0,0,0,1,0,0,0,0,0,0,0,0,0,0,0,0,0,0,1,0,0,55901,31.16,2,0,7.79,2017,12,4,53,89
0,0,1,0,0,0,1,0,1,0,0,0,0,0,0,0,0,0,0,1,0,0,0,0,0,0,40214,2.61,1,0,1.2006,2016,12,6,57,139
0,1,0,1,0,0,0,0,0,0,0,0,0,0,0,0,0,0,1,0,0,0,0,0,0,0,78666,10.332,3,0.6,-5.9409,2014,5,2,4,985
0,1,0,1,0,0,0,0,1,0,0,0,0,0,0,0,0,0,0,0,0,1,0,0,0,0,78666,10.368,2,0.2,3.6288,2014,5,2,4,985
0,1,0,1,0,0,0,0,0,1,0,0,0,0,0,0,0,0,0,0,0,0,0,0,0,0,78666,20.784,2,0.2,-3.6372,2014,5,2,4,985
0,1,0,1,0,0,0,0,1,0,0,0,0,0,0,0,0,0,0,0,0,0,0,1,0,0,78666,66.96,5,0.2,-13.392,2014,5,2,4,985
0,1,0,1,0,0,0,1,1,0,0,0,1,0,0,0,0,0,0,0,0,0,0,0,0,0,92025,17.248,2,0.2,6.0368,2014,2,4,3,2001
0,0,1,0,0,1,0,0,1,0,0,0,1,0,0,0,0,0,0,0,0,0,0,0,0,0,19134,11.088,7,0.7,-8.1312,2017,12,6,537,587
0,0,1,1,0,0,0,1,0,1,0,0,0,0,0,0,0,0,0,0,0,0,0,0,0,0,90049,1287.45,5,0,244.6155,2017,7,7,747,2001
0,0,1,1,0,0,0,1,1,0,1,0,0,0,0,0,0,0,0,0,0,0,0,0,0,0,90049,168.1,5,0,43.706,2017,7,7,747,2001
0,0,1,1,0,1,0,0,1,0,0,0,0,0,0,0,0,0,0,0,0,0,0,1,0,0,19140,51.968,2,0.2,-10.3936,2015,5,7,537,587
0,0,0,0,0,1,0,0,1,0,0,1,0,0,0,0,0,0,0,0,0,0,0,0,0,0,19120,4.768,2,0.2,0.4768,2017,1,3,537,587
0,0,0,1,0,1,0,0,1,0,0,0,0,0,0,0,1,0,0,0,0,0,0,0,0,0,11550,7.98,3,0,3.9102,2017,9,2,11,1128
0,0,0,0,0,0,0,1,1,0,0,0,0,0,0,0,1,0,0,0,0,0,0,0,0,0,80634,18.688,2,0.2,7.008,2017,4,3,2,182
0,0,0,0,0,0,0,1,0,0,0,0,0,0,0,0,0,0,1,0,0,0,0,0,0,0,80634,11.664,3,0.2,3.3534,2017,4,3,2,182
0,0,1,0,1,0,1,0,0,1,0,0,0,0,0,0,0,0,0,0,0,0,0,0,0,0,32216,191.976,3,0.2,38.3952,2017,11,4,125,383
0,0,1,0,1,0,1,0,0,1,0,0,0,0,0,0,0,0,0,0,0,0,1,0,0,0,32216,499.168,4,0.2,31.198,2017,11,4,125,383
0,0,0,1,0,0,1,0,1,0,0,0,1,0,0,0,0,0,0,0,0,0,0,0,0,0,22204,11.88,2,0,5.346,2014,5,2,60,224
0,0,0,1,0,0,1,0,1,0,0,0,0,0,0,0,0,0,0,0,0,1,0,0,0,0,22204,35.44,1,0,16.6568,2014,5,2,60,224
0,0,1,0,1,0,0,1,1,0,0,0,1,0,0,0,0,0,0,0,0,0,0,0,0,0,94122,67.136,4,0.2,25.176,2016,10,4,510,2001
0,0,1,1,0,0,0,1,1,0,0,0,1,0,0,0,0,0,0,0,0,0,0,0,0,0,93727,4.32,3,0.2,1.512,2014,11,5,26,2001
0,0,1,1,0,0,0,1,1,0,0,0,0,0,0,0,0,0,0,0,0,1,0,0,0,0,93727,14.94,3,0,7.0218,2014,11,5,26,2001
0,0,1,1,0,0,0,1,1,0,1,0,0,0,0,0,0,0,0,0,0,0,0,0,0,0,93727,40.54,2,0,11.3512,2014,11,5,26,2001
0,0,1,1,0,0,0,1,1,0,0,0,1,0,0,0,0,0,0,0,0,0,0,0,0,0,93727,7.312,1,0.2,2.5592,2014,11,5,26,2001
1,0,0,0,1,0,0,1,0,1,0,0,0,0,0,0,0,0,0,0,0,0,1,0,0,0,89502,475.944,7,0.2,59.493,2014,12,0,4,39
0,0,1,1,0,0,0,0,0,1,0,0,0,0,0,0,0,0,0,0,0,0,0,0,0,0,78207,30.08,2,0.2,-5.264,2016,1,5,59,985
0,0,1,1,0,0,0,0,0,1,0,0,0,0,0,0,0,0,0,0,0,0,0,0,0,0,78207,165.6,3,0.2,-6.21,2016,1,5,59,985
0,0,1,1,0,0,0,0,0,1,0,0,0,0,0,0,0,0,0,0,0,0,1,0,0,0,78207,180.96,5,0.2,13.572,2016,1,5,59,985
0,0,1,0,0,1,0,0,0,1,0,0,0,0,0,0,0,0,0,0,0,0,0,0,0,0,2740,23.18,2,0,7.6494,2017,8,4,5,135
0,0,1,0,0,1,0,0,0,0,0,0,0,0,0,0,0,0,1,0,0,0,0,0,0,0,10035,56.96,2,0,21.0752,2014,6,5,915,1128
0,0,1,0,0,1,0,0,1,0,1,0,0,0,0,0,0,0,0,0,0,0,0,0,0,0,10035,15.56,4,0,4.0456,2014,6,5,915,1128
0,0,1,0,0,1,0,0,0,0,0,0,0,1,0,0,0,0,0,0,0,0,0,0,0,0,10035,353.568,2,0.2,-44.196,2014,6,5,915,1128
0,0,1,0,0,1,0,0,0,0,0,0,0,0,0,0,0,0,1,0,0,0,0,0,0,0,10035,13.96,2,0,6.7008,2014,6,5,915,1128
0,1,0,0,0,0,0,1,0,1,0,0,0,0,0,0,0,0,0,0,0,0,0,0,0,0,93030,82.95,5,0,29.0325,2017,11,4,9,2001
0,1,0,1,0,0,0,1,1,0,0,1,0,0,0,0,0,0,0,0,0,0,0,0,0,0,90036,39.68,2,0,10.3168,2016,1,4,747,2001
0,0,1,0,0,0,0,1,0,1,0,0,0,0,0,0,0,0,0,0,0,0,0,0,0,0,94601,479.97,3,0,177.5889,2016,11,5,26,2001
0,0,1,0,0,0,0,1,1,0,0,0,0,0,0,0,0,0,0,1,0,0,0,0,0,0,98026,7.38,2,0,3.4686,2016,9,4,14,506
0,0,1,0,0,0,0,1,1,0,0,0,1,0,0,0,0,0,0,0,0,0,0,0,0,0,98026,14.256,3,0.2,4.455,2016,9,4,14,506
0,0,1,0,0,0,0,1,1,0,0,0,0,0,0,0,0,0,0,0,0,1,0,0,0,0,98026,81.98,2,0,40.1702,2016,9,4,14,506
0,0,1,0,0,0,0,1,1,0,0,0,1,0,0,0,0,0,0,0,0,0,0,0,0,0,98026,39.624,3,0.2,13.8684,2016,9,4,14,506
0,0,1,1,0,0,0,1,0,0,0,0,0,0,0,0,0,0,0,0,0,0,0,0,0,1,90004,399.672,7,0.2,-14.9877,2017,3,5,747,2001
0,1,0,1,0,1,0,0,1,0,0,0,0,0,0,0,0,0,0,0,0,0,0,1,0,0,10024,65.12,4,0,16.9312,2017,9,5,915,1128
0,1,0,0,0,0,0,0,0,0,0,0,0,0,0,0,0,0,1,0,0,0,0,0,0,0,75217,30.56,5,0.6,-19.864,2017,11,3,157,985
0,0,1,1,0,0,1,0,1,0,1,0,0,0,0,0,0,0,0,0,0,0,0,0,0,0,37064,20.768,2,0.2,2.3364,2017,5,5,37,183
0,0,1,0,0,0,0,1,1,0,0,0,0,0,0,0,0,0,0,0,0,0,0,1,0,0,85023,39.808,4,0.2,3.9808,2016,11,4,63,224
0,0,1,0,0,0,1,0,1,0,0,0,1,0,0,0,0,0,0,0,0,0,0,0,0,0,33178,121.104,6,0.7,-100.92,2015,11,5,57,383
0,0,1,0,0,0,1,0,0,1,0,0,0,0,0,0,0,0,0,0,0,0,0,0,0,0,33178,111.96,5,0.2,-1.3995,2015,11,5,57,383
0,0,1,1,0,0,0,1,1,0,0,0,0,0,0,0,0,0,0,0,0,1,0,0,0,0,80906,15.696,3,0.2,5.1012,2015,12,4,25,182
0,0,1,1,0,1,0,0,1,0,0,0,0,0,0,0,0,0,0,0,0,0,0,1,0,0,10011,70.26,3,0,18.9702,2015,9,5,915,1128
0,0,1,1,0,1,0,0,0,1,0,0,0,0,0,0,0,0,0,0,0,0,0,0,0,0,10011,90,5,0,16.2,2015,9,5,915,1128
0,0,1,1,0,1,0,0,1,0,0,0,1,0,0,0,0,0,0,0,0,0,0,0,0,0,10011,6.096,2,0.2,2.0574,2015,9,5,915,1128
0,0,1,1,0,1,0,0,0,0,0,0,0,0,0,0,0,0,0,0,0,0,0,0,0,1,10011,481.176,2,0.4,-120.294,2015,9,5,915,1128
0,0,1,1,0,1,0,0,1,0,0,0,0,0,0,0,0,1,0,0,0,0,0,0,0,0,10011,7.24,4,0,2.3892,2015,9,5,915,1128
0,0,0,0,0,1,0,0,0,0,0,0,0,1,0,0,0,0,0,0,0,0,0,0,0,0,18018,177.45,5,0.5,-78.078,2016,7,1,5,587
0,0,0,0,0,1,0,0,1,0,0,0,1,0,0,0,0,0,0,0,0,0,0,0,0,0,18018,1369.764,6,0.7,-913.176,2016,7,1,5,587
0,0,0,0,0,1,0,0,1,0,1,0,0,0,0,0,0,0,0,0,0,0,0,0,0,0,18018,9.48,3,0.2,0.711,2016,7,1,5,587
0,0,1,0,0,1,0,0,0,0,0,0,0,1,0,0,0,0,0,0,0,0,0,0,0,0,19140,130.98,2,0.5,-89.0664,2017,8,4,537,587
0,0,0,0,0,0,1,0,1,0,0,1,0,0,0,0,0,0,0,0,0,0,0,0,0,0,40214,174.95,5,0,45.487,2014,4,2,57,139
0,0,0,0,0,0,1,0,1,0,0,0,0,0,0,0,0,0,0,0,0,0,0,1,0,0,40214,826,5,0,214.76,2014,4,2,57,139
0,0,1,0,0,0,0,1,0,0,0,0,0,0,0,0,0,0,1,0,0,0,0,0,0,0,98105,139.58,7,0,39.0824,2017,4,5,428,506
0,0,0,0,1,0,0,0,0,1,0,0,0,0,0,0,0,0,0,0,0,0,0,0,0,0,53142,399.95,5,0,143.982,2017,7,1,9,110
0,1,0,1,0,0,1,0,1,0,0,0,1,0,0,0,0,0,0,0,0,0,0,0,0,0,42420,12.39,3,0,5.8233,2014,12,2,51,139
0,0,1,1,0,0,0,0,1,0,0,0,1,0,0,0,0,0,0,0,0,0,0,0,0,0,75217,760.98,5,0.8,-1141.47,2017,1,4,157,985
1,0,0,0,0,0,0,1,1,0,0,0,1,0,0,0,0,0,0,0,0,0,0,0,0,0,85345,67.86,6,0.7,-45.24,2017,12,0,23,224
0,0,1,1,0,0,1,0,1,0,0,0,0,0,0,0,0,1,0,0,0,0,0,0,0,0,28540,31.504,11,0.2,11.814,2015,11,7,125,249
0,0,1,1,0,0,1,0,1,0,0,0,0,0,0,0,0,0,0,1,0,0,0,0,0,0,28540,5.04,1,0.2,1.638,2015,11,7,125,249
0,0,1,1,0,0,1,0,1,0,0,0,1,0,0,0,0,0,0,0,0,0,0,0,0,0,28540,39.879,7,0.7,-29.2446,2015,11,7,125,249
0,0,1,1,0,0,1,0,0,0,0,0,0,0,0,0,0,0,1,0,0,0,0,0,0,0,28540,4.712,1,0.2,1.4136,2015,11,7,125,249
0,0,1,0,0,0,0,1,0,0,0,0,0,0,1,0,0,0,0,0,0,0,0,0,0,0,90032,194.352,3,0.2,19.4352,2016,11,4,747,2001
0,0,0,1,0,0,1,0,0,0,0,0,0,0,1,0,0,0,0,0,0,0,0,0,0,0,37211,97.424,2,0.2,10.9602,2015,12,3,29,183
0,0,1,0,0,0,1,0,1,0,0,0,0,0,0,0,0,0,0,0,0,0,0,1,0,0,28205,704.76,5,0.2,26.4285,2016,7,5,52,249
0,0,1,0,0,0,1,0,1,0,0,0,1,0,0,0,0,0,0,0,0,0,0,0,0,0,28205,27.396,3,0.7,-20.0904,2016,7,5,52,249
1,0,0,0,0,0,0,1,1,0,0,0,0,0,0,0,0,1,0,0,0,0,0,0,0,0,98103,5.7,5,0,2.679,2014,9,0,428,506
1,0,0,0,0,0,0,1,0,0,0,0,0,0,0,0,0,0,1,0,0,0,0,0,0,0,98103,14.19,3,0,5.5341,2014,9,0,428,506
1,0,0,0,0,0,0,1,1,0,0,0,0,0,0,0,0,0,0,0,0,0,0,0,1,0,98103,7.3,2,0,2.19,2014,9,0,428,506
1,0,0,0,0,0,0,1,0,1,0,0,0,0,0,0,0,0,0,0,0,0,0,0,0,0,98103,199.98,2,0,75.9924,2014,9,0,428,506
1,0,0,0,0,0,0,1,0,1,0,0,0,0,0,0,0,0,0,0,0,0,0,0,0,0,98103,144.96,4,0,60.8832,2014,9,0,428,506
1,0,0,0,0,0,0,1,0,1,0,0,0,0,0,0,0,0,0,0,0,0,0,0,0,0,98103,118,2,0,20.06,2014,9,0,428,506
1,0,0,0,0,0,0,1,1,0,0,0,0,0,0,0,0,0,0,0,0,1,0,0,0,0,98103,48.94,1,0,24.47,2014,9,0,428,506
1,0,0,0,0,0,0,1,1,0,1,0,0,0,0,0,0,0,0,0,0,0,0,0,0,0,98103,22.66,2,0,9.7438,2014,9,0,428,506
0,0,1,1,0,0,0,0,1,0,0,0,1,0,0,0,0,0,0,0,0,0,0,0,0,0,60623,0.836,1,0.8,-1.3376,2016,6,4,314,492
0,0,1,1,0,1,0,0,1,0,0,0,0,0,0,0,0,0,0,0,0,1,0,0,0,0,45231,30.96,6,0.2,11.223,2016,9,5,17,469
0,0,1,0,0,0,1,0,0,0,0,0,0,1,0,0,0,0,0,0,0,0,0,0,0,0,33311,723.92,5,0.2,-81.441,2017,11,5,15,383
0,0,1,0,0,0,0,0,0,0,0,0,0,0,0,0,0,0,1,0,0,0,0,0,0,0,77041,21.968,4,0.6,-15.9268,2015,5,5,377,985
0,0,1,0,0,0,0,0,0,1,0,0,0,0,0,0,0,0,0,0,0,0,1,0,0,0,77041,619.152,6,0.2,69.6546,2015,5,5,377,985
0,0,1,0,0,0,0,0,1,0,0,0,0,0,0,0,0,0,0,0,0,1,0,0,0,0,77041,127.904,7,0.2,41.5688,2015,5,5,377,985
0,1,0,0,0,0,0,1,0,0,0,0,0,0,0,0,0,0,1,0,0,0,0,0,0,0,90712,94.2,5,0,39.564,2017,3,2,49,2001
0,0,0,0,1,0,0,1,1,0,0,0,0,0,0,0,0,0,0,0,0,0,0,0,1,0,94122,49.5,5,0,13.365,2016,11,1,510,2001
0,0,0,1,0,1,0,0,1,0,0,1,0,0,0,0,0,0,0,0,0,0,0,0,0,0,19140,16.52,5,0.2,1.652,2016,12,3,537,587
0,1,0,0,1,0,0,1,1,0,0,0,1,0,0,0,0,0,0,0,0,0,0,0,0,0,98115,55.36,4,0.2,19.376,2016,12,2,428,506
0,1,0,0,1,0,0,1,0,1,0,0,0,0,0,0,0,0,0,0,1,0,0,0,0,0,98115,11.56,1,0.2,3.757,2016,12,2,428,506
0,1,0,0,0,0,0,1,1,0,0,0,0,0,0,0,0,0,0,0,0,1,0,0,0,0,90036,17.12,4,0,7.704,2015,12,5,747,2001
0,1,0,0,0,1,0,0,0,0,0,0,0,0,0,0,0,0,1,0,0,0,0,0,0,0,44105,182.352,3,0.2,-18.2352,2014,12,5,42,469
0,1,0,0,0,1,0,0,1,0,0,0,0,0,0,0,0,0,0,0,0,0,0,1,0,0,44105,118.16,2,0.2,-25.109,2014,12,5,42,469
0,0,1,0,0,0,0,0,1,0,0,0,0,0,0,0,0,1,0,0,0,0,0,0,0,0,62521,18.368,2,0.2,6.1992,2017,2,5,35,492
0,0,1,0,0,0,0,0,0,0,0,0,0,0,1,0,0,0,0,0,0,0,0,0,0,0,62521,600.558,3,0.3,-8.5794,2017,2,5,35,492
0,0,1,0,0,0,0,0,1,0,0,0,0,0,0,0,0,0,0,0,0,0,0,1,0,0,62521,50.352,3,0.2,-8.1822,2017,2,5,35,492
0,0,1,0,0,0,0,0,1,0,0,1,0,0,0,0,0,0,0,0,0,0,0,0,0,0,62521,28.032,6,0.2,3.504,2017,2,5,35,492
0,0,1,0,0,0,0,0,0,0,0,0,0,0,0,0,0,0,1,0,0,0,0,0,0,0,62521,7.692,1,0.6,-3.6537,2017,2,5,35,492
0,0,0,0,0,0,0,0,0,0,0,0,0,0,0,0,0,0,0,0,0,0,0,0,0,1,76063,517.405,5,0.3,-81.3065,2017,10,2,2,985
0,1,0,0,1,0,0,0,1,0,0,0,1,0,0,0,0,0,0,0,0,0,0,0,0,0,77070,8.608,8,0.8,-13.3424,2016,9,5,377,985
0,1,0,0,1,0,0,0,0,1,0,0,0,0,0,0,0,0,0,0,0,0,0,0,0,0,77070,159.56,5,0.2,33.9065,2016,9,5,377,985
0,1,0,1,0,0,1,0,1,0,1,0,0,0,0,0,0,0,0,0,0,0,0,0,0,0,23223,2104.55,7,0,694.5015,2016,12,2,90,224
0,1,0,1,0,0,1,0,1,0,0,0,0,0,0,0,0,0,0,0,0,0,0,0,1,0,23223,40.7,5,0,11.803,2016,12,2,90,224
0,0,1,0,1,0,1,0,0,1,0,0,0,0,0,0,0,0,0,0,0,0,0,0,0,0,22204,47.79,3,0,16.2486,2014,11,5,60,224
0,0,1,0,0,0,0,1,1,0,0,1,0,0,0,0,0,0,0,0,0,0,0,0,0,0,94122,5.16,2,0,1.3416,2017,11,6,510,2001
0,0,1,0,1,0,0,1,0,1,0,0,0,0,0,0,0,0,0,0,0,0,0,0,0,0,92024,21.21,7,0,4.4541,2016,12,7,170,2001
0,1,0,1,0,1,0,0,1,0,0,0,0,0,0,0,0,0,0,0,0,0,0,1,0,0,13601,96.36,6,0,25.0536,2017,11,4,10,1128
1,0,0,1,0,0,0,1,1,0,0,0,0,0,0,0,0,0,0,0,0,0,0,0,1,0,90036,231.72,2,0,11.586,2016,6,0,747,2001
1,0,0,1,0,0,0,1,1,0,0,0,0,0,0,0,0,1,0,0,0,0,0,0,0,0,90036,17.9,5,0,8.95,2016,6,0,747,2001
1,0,0,1,0,0,0,1,1,0,0,0,0,0,0,0,0,0,0,0,0,1,0,0,0,0,90036,12.48,2,0,5.616,2016,6,0,747,2001
0,0,1,1,0,1,0,0,1,0,0,1,0,0,0,0,0,0,0,0,0,0,0,0,0,0,19140,8.016,3,0.2,1.1022,2014,12,4,537,587
0,0,1,1,0,1,0,0,0,1,0,0,0,0,0,0,0,0,0,0,0,0,1,0,0,0,44312,259.896,2,0.4,-56.3108,2016,8,4,21,469
0,0,1,1,0,1,0,0,0,1,0,0,0,0,0,0,0,0,0,0,0,0,1,0,0,0,44312,247.188,2,0.4,-49.4376,2016,8,4,21,469
0,0,1,1,0,1,0,0,0,1,0,0,0,0,0,0,0,0,0,0,0,0,0,0,0,0,44312,279.96,5,0.2,48.993,2016,8,4,21,469
0,0,1,0,1,0,0,1,0,1,0,0,0,0,0,0,0,0,0,0,0,0,0,0,0,0,94110,450,5,0,162,2016,10,4,510,2001
0,1,0,0,1,0,0,0,1,0,0,0,0,0,0,0,0,0,0,0,0,1,0,0,0,0,49505,19.44,3,0,9.5256,2014,8,5,7,255
0,1,0,0,1,0,0,1,0,0,0,0,0,0,0,0,0,0,0,0,0,0,0,0,0,1,94109,300.904,1,0.2,11.2839,2017,9,2,510,2001
0,0,1,1,0,0,1,0,0,1,0,0,0,0,0,0,0,0,0,0,0,0,1,0,0,0,37211,239.976,3,0.2,26.9973,2017,6,5,29,183
0,0,1,1,0,0,1,0,0,0,0,0,0,0,0,0,0,0,1,0,0,0,0,0,0,0,37211,31.168,4,0.2,9.3504,2017,6,5,29,183
0,0,1,1,0,0,1,0,0,0,0,0,0,0,0,0,0,0,0,0,0,0,0,0,0,1,37211,120.96,2,0.4,-28.224,2017,6,5,29,183
0,0,1,1,0,0,1,0,0,1,0,0,0,0,0,0,0,0,0,0,0,0,1,0,0,0,37211,2239.936,8,0.2,223.9936,2017,6,5,29,183
0,0,1,1,0,0,1,0,1,0,1,0,0,0,0,0,0,0,0,0,0,0,0,0,0,0,37211,76.608,8,0.2,6.7032,2017,6,5,29,183
0,0,1,1,0,0,1,0,1,0,0,0,0,0,0,0,0,0,0,0,0,0,0,1,0,0,37211,142.776,1,0.2,17.847,2017,6,5,29,183
0,0,1,1,0,0,1,0,1,0,0,0,0,0,0,0,0,0,0,0,0,1,0,0,0,0,37211,91.36,5,0.2,29.692,2017,6,5,29,183
0,0,1,0,0,1,0,0,1,0,1,0,0,0,0,0,0,0,0,0,0,0,0,0,0,0,19120,3.552,2,0.2,0.444,2015,3,4,537,587
0,0,0,0,0,0,0,0,0,1,0,0,0,0,0,0,0,0,0,0,0,0,1,0,0,0,77041,115.136,8,0.2,11.5136,2016,7,3,377,985
0,0,1,0,1,0,0,1,1,0,0,0,0,0,0,0,0,1,0,0,0,0,0,0,0,0,89502,4.71,1,0,0,2014,10,4,4,39
0,0,1,0,1,1,0,0,0,0,0,0,0,0,1,0,0,0,0,0,0,0,0,0,0,0,10009,172.764,2,0.1,13.4372,2014,9,5,915,1128
0,0,1,0,1,1,0,0,1,0,0,1,0,0,0,0,0,0,0,0,0,0,0,0,0,0,10009,3.52,2,0,1.6896,2014,9,5,915,1128
0,0,0,1,0,0,0,1,0,1,0,0,0,0,0,0,0,0,0,0,0,0,1,0,0,0,90008,79.968,4,0.2,-17.9928,2014,11,2,747,2001
0,0,0,1,0,0,0,1,0,0,0,0,0,1,0,0,0,0,0,0,0,0,0,0,0,0,90008,305.9745,3,0.15,25.1979,2014,11,2,747,2001
0,0,0,1,0,0,0,1,1,0,0,0,0,0,0,0,0,0,0,0,0,0,0,1,0,0,90008,344.91,3,0,10.3473,2014,11,2,747,2001
0,0,1,0,0,0,0,1,0,0,0,0,0,0,0,0,0,0,0,0,0,0,0,0,0,1,92037,626.352,3,0.2,-23.4882,2014,3,4,170,2001
0,0,1,0,0,0,0,1,0,0,0,0,0,1,0,0,0,0,0,0,0,0,0,0,0,0,94110,359.499,3,0.15,-29.6058,2015,12,4,510,2001
0,0,1,1,0,0,0,1,0,1,0,0,0,0,0,0,0,0,0,0,0,0,1,0,0,0,92105,71.952,6,0.2,5.3964,2017,7,5,170,2001
0,0,1,1,0,0,0,1,1,0,0,0,1,0,0,0,0,0,0,0,0,0,0,0,0,0,92105,29.8,5,0.2,9.3125,2017,7,5,170,2001
0,1,0,1,0,1,0,0,1,0,0,0,1,0,0,0,0,0,0,0,0,0,0,0,0,0,44035,1.824,1,0.7,-1.3984,2017,11,4,1,469
0,1,0,0,1,0,0,0,1,0,1,0,0,0,0,0,0,0,0,0,0,0,0,0,0,0,77070,64.384,4,0.8,-160.96,2016,6,4,377,985
0,1,0,0,1,0,0,0,0,0,0,0,0,0,0,0,0,0,1,0,0,0,0,0,0,0,77070,6.984,2,0.6,-4.5396,2016,6,4,377,985
0,1,0,0,1,0,0,0,1,0,0,1,0,0,0,0,0,0,0,0,0,0,0,0,0,0,77070,11.264,8,0.2,3.9424,2016,6,4,377,985
0,1,0,0,1,0,0,0,1,0,0,0,0,0,0,0,0,0,0,0,0,1,0,0,0,0,77070,15.552,3,0.2,5.6376,2016,6,4,377,985
0,1,0,0,1,0,0,0,0,0,0,0,0,0,1,0,0,0,0,0,0,0,0,0,0,0,77070,379.372,2,0.3,-119.2312,2016,6,4,377,985
0,1,0,0,1,0,0,0,1,0,0,0,0,0,0,0,0,0,0,0,0,0,0,1,0,0,77070,67.536,9,0.2,6.7536,2016,6,4,377,985
0,1,0,0,1,0,0,0,1,0,0,0,1,0,0,0,0,0,0,0,0,0,0,0,0,0,77070,1.524,2,0.8,-2.667,2016,6,4,377,985
0,1,0,0,1,0,1,0,1,0,0,0,0,0,0,0,0,0,0,0,0,1,0,0,0,0,33178,37.408,7,0.2,13.0928,2016,12,2,57,383
0,1,0,0,1,0,1,0,1,0,0,0,0,0,0,0,0,0,0,0,0,1,0,0,0,0,33178,25.344,6,0.2,8.8704,2016,12,2,57,383
0,0,1,0,0,0,0,1,1,0,0,1,0,0,0,0,0,0,0,0,0,0,0,0,0,0,98115,46.2,4,0,21.252,2017,3,5,428,506
0,0,1,1,0,0,1,0,0,1,0,0,0,0,0,0,0,0,0,0,0,0,0,0,0,0,37130,4.728,3,0.2,0.7092,2015,12,4,11,183
0,0,1,1,0,0,1,0,0,0,0,0,0,0,0,0,0,0,1,0,0,0,0,0,0,0,37130,53.352,3,0.2,16.0056,2015,12,4,11,183
0,0,1,1,0,0,1,0,0,0,0,0,0,1,0,0,0,0,0,0,0,0,0,0,0,0,37130,131.104,2,0.2,8.194,2015,12,4,11,183
0,0,1,1,0,0,1,0,1,0,0,0,0,0,0,0,0,0,0,0,0,0,0,1,0,0,37130,22.512,3,0.2,2.2512,2015,12,4,11,183
0,0,1,1,0,0,1,0,0,1,0,0,0,0,0,0,0,0,0,0,0,0,0,0,0,0,37130,72.744,7,0.2,-12.7302,2015,12,4,11,183
0,0,1,1,0,0,0,0,1,0,0,0,0,0,0,0,0,0,0,0,0,0,0,0,1,0,63116,52.59,3,0,15.777,2015,7,6,5,66
0,1,0,1,0,0,0,1,1,0,0,0,0,0,0,0,0,0,0,0,0,1,0,0,0,0,98105,19.44,3,0,9.3312,2017,6,2,428,506
0,1,0,1,0,0,0,1,0,0,0,0,0,0,0,0,0,0,1,0,0,0,0,0,0,0,98105,126.3,3,0,40.416,2017,6,2,428,506
0,1,0,1,0,0,0,1,0,1,0,0,0,0,0,0,0,0,0,0,0,0,0,0,0,0,98105,1287.45,5,0,244.6155,2017,6,2,428,506
0,1,0,1,0,1,0,0,1,0,0,0,0,0,0,0,0,0,0,0,0,0,0,1,0,0,10024,64.96,4,0,9.744,2014,2,3,915,1128
0,0,1,1,0,0,0,0,1,0,0,0,0,0,0,0,0,0,0,0,0,0,0,1,0,0,55125,535.41,3,0,160.623,2016,9,5,3,89
0,0,1,1,0,0,1,0,1,0,0,0,1,0,0,0,0,0,0,0,0,0,0,0,0,0,37421,8.1,5,0.7,-5.94,2017,4,4,10,183
0,0,0,0,0,1,0,0,1,0,0,1,0,0,0,0,0,0,0,0,0,0,0,0,0,0,19140,13.248,4,0.2,3.6432,2017,12,3,537,587
0,0,0,0,0,1,0,0,0,1,0,0,0,0,0,0,0,0,0,0,0,0,1,0,0,0,19140,83.988,2,0.4,-20.997,2017,12,3,537,587
0,0,0,0,0,0,1,0,1,0,0,1,0,0,0,0,0,0,0,0,0,0,0,0,0,0,70506,73.2,5,0,21.228,2016,7,1,31,42
1,0,0,0,1,0,0,0,1,0,0,0,1,0,0,0,0,0,0,0,0,0,0,0,0,0,46226,10.74,3,0,5.1552,2015,11,0,44,149
0,0,0,0,0,0,0,1,0,0,0,0,0,0,0,0,0,0,1,0,0,0,0,0,0,0,97123,11.032,1,0.2,3.0338,2015,10,2,4,124
0,0,0,0,0,0,0,1,0,1,0,0,0,0,0,0,0,0,0,0,0,0,0,0,0,0,97123,53.04,3,0.2,-4.641,2015,10,2,4,124
0,1,0,0,1,1,0,0,1,0,0,1,0,0,0,0,0,0,0,0,0,0,0,0,0,0,2138,17.12,4,0,4.9648,2015,11,3,6,135
0,1,0,0,1,1,0,0,1,0,0,0,0,0,0,0,0,0,0,0,0,1,0,0,0,0,2138,59.94,3,0,28.1718,2015,11,3,6,135
0,0,1,1,0,0,0,1,0,0,0,0,0,0,0,0,0,0,1,0,0,0,0,0,0,0,92105,210.58,2,0,12.6348,2017,2,5,170,2001
0,0,1,1,0,0,0,1,1,0,0,0,1,0,0,0,0,0,0,0,0,0,0,0,0,0,92105,30.96,2,0.2,10.062,2017,2,5,170,2001
0,0,1,1,0,0,0,1,0,1,0,0,0,0,0,0,0,0,0,0,1,0,0,0,0,0,92105,239.984,2,0.2,38.9974,2017,2,5,170,2001
0,0,0,0,0,1,0,0,1,0,0,0,1,0,0,0,0,0,0,0,0,0,0,0,0,0,10009,3050.376,3,0.2,1143.891,2015,6,3,915,1128
0,0,0,0,0,1,0,0,0,1,0,0,0,0,0,0,0,0,0,0,0,0,1,0,0,0,10009,133.98,2,0,33.495,2015,6,3,915,1128
0,0,1,0,1,0,1,0,1,0,0,0,0,0,0,0,0,0,0,0,0,1,0,0,0,0,32303,93.248,4,0.2,31.4712,2016,5,4,17,383
0,0,1,0,1,0,1,0,0,1,0,0,0,0,0,0,0,0,0,0,0,0,1,0,0,0,32303,177.48,3,0.2,19.9665,2016,5,4,17,383
0,0,0,0,0,1,0,0,1,0,0,0,0,0,0,0,0,0,0,1,0,0,0,0,0,0,43615,17.712,6,0.2,5.9778,2017,9,1,32,469
0,0,0,0,0,1,0,0,1,0,0,0,1,0,0,0,0,0,0,0,0,0,0,0,0,0,43615,4.86,3,0.7,-3.564,2017,9,1,32,469
0,0,0,0,0,1,0,0,1,0,0,0,1,0,0,0,0,0,0,0,0,0,0,0,0,0,43615,6.258,2,0.7,-5.215,2017,9,1,32,469
0,0,1,1,0,1,0,0,1,0,1,0,0,0,0,0,0,0,0,0,0,0,0,0,0,0,21044,37.68,2,0,10.5504,2016,7,4,81,105
0,0,1,1,0,1,0,0,1,0,0,0,0,0,0,0,0,0,0,0,0,1,0,0,0,0,21044,51.84,8,0,24.8832,2016,7,4,81,105
0,0,1,1,0,1,0,0,0,0,0,0,0,0,0,0,0,0,1,0,0,0,0,0,0,0,21044,27.42,3,0,9.3228,2016,7,4,81,105
0,0,1,1,0,1,0,0,1,0,0,0,1,0,0,0,0,0,0,0,0,0,0,0,0,0,21044,5.4,3,0,2.592,2016,7,4,81,105
0,0,1,0,1,0,1,0,1,0,0,0,1,0,0,0,0,0,0,0,0,0,0,0,0,0,30318,1270.99,1,0,635.495,2016,1,6,39,184
0,0,1,0,1,0,1,0,1,0,0,0,0,0,0,0,1,0,0,0,0,0,0,0,0,0,30318,125.36,8,0,58.9192,2016,1,6,39,184
0,0,1,0,0,0,0,1,1,0,0,0,0,0,0,0,0,0,0,0,0,0,0,1,0,0,95823,14.03,1,0,4.0687,2016,12,4,13,2001
0,0,1,0,0,0,0,1,1,0,0,0,0,0,0,0,0,0,0,0,0,0,0,0,1,0,95823,27.96,2,0,7.2696,2016,12,4,13,2001
0,0,1,1,0,0,0,0,1,0,0,1,0,0,0,0,0,0,0,0,0,0,0,0,0,0,76106,5.344,2,0.2,0.7348,2015,11,6,27,985
0,0,1,1,0,0,0,0,1,0,0,0,1,0,0,0,0,0,0,0,0,0,0,0,0,0,76106,1.696,2,0.8,-2.544,2015,11,6,27,985
0,0,1,1,0,0,0,0,1,0,1,0,0,0,0,0,0,0,0,0,0,0,0,0,0,0,76106,24.588,3,0.8,-67.617,2015,11,6,27,985
0,0,1,1,0,0,0,0,1,0,0,0,1,0,0,0,0,0,0,0,0,0,0,0,0,0,76106,7.98,5,0.8,-13.167,2015,11,6,27,985
0,0,1,0,0,1,0,0,0,1,0,0,0,0,0,0,0,0,0,0,0,0,0,0,0,0,43229,288,4,0.2,57.6,2015,10,4,222,469
1,0,0,0,1,0,0,1,0,1,0,0,0,0,0,0,0,0,0,0,0,0,1,0,0,0,80027,146.952,3,0.2,9.1845,2016,9,1,57,182
1,0,0,0,1,0,0,1,0,0,0,0,0,0,1,0,0,0,0,0,0,0,0,0,0,0,80027,83.136,4,0.2,5.196,2016,9,1,57,182
0,0,0,1,0,0,1,0,1,0,1,0,0,0,0,0,0,0,0,0,0,0,0,0,0,0,27604,942.784,4,0.2,94.2784,2017,9,3,22,249
0,0,0,1,0,0,1,0,1,0,0,0,0,0,0,0,0,0,0,0,0,1,0,0,0,0,27604,74.352,3,0.2,23.235,2017,9,3,22,249
0,0,1,0,1,1,0,0,1,0,1,0,0,0,0,0,0,0,0,0,0,0,0,0,0,0,10024,26.88,6,0,6.72,2015,2,5,915,1128
0,0,1,0,1,1,0,0,1,0,0,0,1,0,0,0,0,0,0,0,0,0,0,0,0,0,10024,10.896,2,0.2,3.8136,2015,2,5,915,1128
0,1,0,0,1,0,0,0,1,0,0,1,0,0,0,0,0,0,0,0,0,0,0,0,0,0,60623,3.536,2,0.2,0.3094,2016,12,4,314,492
0,0,0,1,0,0,0,0,0,0,0,0,0,0,1,0,0,0,0,0,0,0,0,0,0,0,77340,528.43,5,0.3,0,2016,7,1,36,985
0,0,0,1,0,0,0,0,1,0,0,0,0,0,0,0,0,0,0,0,0,1,0,0,0,0,77340,41.472,8,0.2,14.5152,2016,7,1,36,985
0,0,1,1,0,1,0,0,0,0,0,0,0,1,0,0,0,0,0,0,0,0,0,0,0,0,10024,287.976,3,0.2,7.1994,2017,12,5,915,1128
0,1,0,0,0,0,0,1,1,0,0,0,0,0,0,0,0,0,0,0,0,0,0,1,0,0,97301,29.304,3,0.2,2.5641,2015,3,2,40,124
0,0,0,1,0,0,0,0,1,0,0,1,0,0,0,0,0,0,0,0,0,0,0,0,0,0,77070,55.328,2,0.2,6.2244,2015,3,3,377,985
0,0,0,1,0,0,0,0,0,0,0,0,0,1,0,0,0,0,0,0,0,0,0,0,0,0,77070,1227.9984,6,0.32,-36.1176,2015,3,3,377,985
0,0,1,1,0,0,0,1,1,0,0,0,1,0,0,0,0,0,0,0,0,0,0,0,0,0,83301,20.416,4,0.2,6.6352,2016,9,5,2,21
0,0,1,1,0,0,0,1,0,0,0,0,0,0,0,0,0,0,0,0,0,0,0,0,0,1,83301,1128.39,3,0,259.5297,2016,9,5,2,21
0,0,1,0,1,0,1,0,1,0,0,0,0,0,0,0,0,0,0,1,0,0,0,0,0,0,37918,4.608,2,0.2,1.6704,2017,3,6,24,183
0,0,1,1,0,0,0,1,0,1,0,0,0,0,0,0,0,0,0,0,0,0,1,0,0,0,85023,195.96,5,0.2,19.596,2017,5,5,63,224
0,0,1,1,0,0,0,1,1,0,0,0,0,0,0,0,0,0,0,0,0,1,0,0,0,0,85023,15.552,3,0.2,5.4432,2017,5,5,63,224
0,0,1,1,0,0,0,1,0,1,0,0,0,0,0,0,0,0,0,0,0,0,0,0,0,0,85023,271.968,4,0.2,54.3936,2017,5,5,63,224
0,0,1,0,0,0,1,0,0,0,0,0,0,0,1,0,0,0,0,0,0,0,0,0,0,0,28110,698.352,3,0.2,52.3764,2017,6,4,21,249
0,0,1,0,0,0,1,0,0,0,0,0,0,1,0,0,0,0,0,0,0,0,0,0,0,0,28110,77.728,2,0.2,-3.8864,2017,6,4,21,249
0,0,1,1,0,0,1,0,1,0,0,0,1,0,0,0,0,0,0,0,0,0,0,0,0,0,23223,46.62,9,0,21.4452,2015,9,6,90,224
0,0,1,0,0,0,0,0,0,1,0,0,0,0,0,0,0,0,0,0,0,0,1,0,0,0,77041,537.544,7,0.2,47.0351,2017,3,6,377,985
0,0,0,1,0,0,0,1,1,0,0,0,0,0,0,0,0,0,0,1,0,0,0,0,0,0,90008,14.62,2,0,6.8714,2014,12,2,747,2001
0,0,0,1,0,0,0,1,1,0,0,0,0,0,0,0,0,1,0,0,0,0,0,0,0,0,90008,22.55,5,0,8.7945,2014,12,2,747,2001
0,0,0,1,0,0,0,1,0,1,0,0,0,0,0,0,0,0,0,0,0,0,1,0,0,0,90008,583.8,5,0.2,72.975,2014,12,2,747,2001
0,0,0,1,0,0,0,1,0,1,0,0,0,0,0,0,0,0,0,0,0,0,1,0,0,0,90008,211.168,4,0.2,15.8376,2014,12,2,747,2001
0,0,1,0,0,0,0,1,1,0,0,0,0,0,0,0,0,0,0,0,0,1,0,0,0,0,84057,12.96,2,0,6.2208,2016,7,6,9,53
0,0,1,0,0,0,0,1,1,0,0,1,0,0,0,0,0,0,0,0,0,0,0,0,0,0,84057,45.98,2,0,12.8744,2016,7,6,9,53
0,0,1,0,1,1,0,0,0,1,0,0,0,0,0,0,0,0,0,0,0,0,1,0,0,0,5408,1294.75,5,0,336.635,2016,4,4,25,11
0,0,0,0,0,1,0,0,0,1,0,0,0,0,0,1,0,0,0,0,0,0,0,0,0,0,19134,1799.97,5,0.4,239.996,2014,5,2,537,587
0,0,1,1,0,0,0,0,1,0,0,0,0,0,0,0,0,0,0,0,0,1,0,0,0,0,60623,10.688,2,0.2,3.7408,2017,11,4,314,492
0,0,0,0,0,0,0,0,0,1,0,0,0,0,0,0,0,0,0,0,0,0,1,0,0,0,73120,221.98,2,0,62.1544,2016,11,2,23,66
0,0,0,0,0,0,0,0,0,0,0,0,0,1,0,0,0,0,0,0,0,0,0,0,0,0,73120,341.96,2,0,54.7136,2016,11,2,23,66
0,0,0,1,0,1,0,0,0,1,0,0,0,0,0,0,0,0,0,0,0,0,0,0,0,0,10035,34.77,3,0,11.4741,2014,12,1,915,1128
0,0,0,1,0,1,0,0,1,0,0,0,0,0,0,0,0,0,0,1,0,0,0,0,0,0,10035,18.9,3,0,8.694,2014,12,1,915,1128
0,0,1,0,0,0,0,1,1,0,0,0,1,0,0,0,0,0,0,0,0,0,0,0,0,0,84106,102.72,3,0.2,37.236,2017,8,4,8,53
0,0,1,1,0,1,0,0,0,0,0,0,0,0,0,0,0,0,1,0,0,0,0,0,0,0,13501,40.48,2,0,14.5728,2016,9,4,8,1128
0,0,1,0,0,1,0,0,1,0,0,0,1,0,0,0,0,0,0,0,0,0,0,0,0,0,19134,33.282,3,0.7,-27.735,2017,10,5,537,587
0,0,1,0,0,1,0,0,0,1,0,0,0,0,0,0,0,0,0,0,0,0,1,0,0,0,19134,118.65,5,0.4,19.775,2017,10,5,537,587
0,0,1,0,0,1,0,0,1,0,0,0,0,0,0,0,0,0,0,1,0,0,0,0,0,0,19134,14.76,5,0.2,4.9815,2017,10,5,537,587
0,0,1,1,0,0,0,1,1,0,0,0,0,0,0,0,0,0,0,0,0,1,0,0,0,0,90004,37.52,4,0,18.0096,2017,5,5,747,2001
0,0,1,1,0,0,0,0,1,0,1,0,0,0,0,0,0,0,0,0,0,0,0,0,0,0,49201,207.144,3,0.1,48.3336,2016,3,5,82,255
0,0,1,1,0,0,0,0,1,0,0,1,0,0,0,0,0,0,0,0,0,0,0,0,0,0,49201,13.9,5,0,3.753,2016,3,5,82,255
0,0,1,1,0,0,0,1,0,0,0,0,0,0,1,0,0,0,0,0,0,0,0,0,0,0,85301,266.352,3,0.2,13.3176,2015,7,5,23,224
0,1,0,0,0,1,0,0,0,1,0,0,0,0,0,0,0,0,0,0,0,0,1,0,0,0,19805,307.98,2,0,89.3142,2015,11,2,36,96
0,1,0,0,0,1,0,0,1,0,0,0,0,0,0,0,0,0,0,0,0,1,0,0,0,0,19805,44.1,6,0,20.727,2015,11,2,36,96
0,1,0,0,0,1,0,0,1,0,0,1,0,0,0,0,0,0,0,0,0,0,0,0,0,0,19805,13.12,4,0,5.6416,2015,11,2,36,96
0,1,0,0,0,1,0,0,1,0,0,0,0,0,0,0,1,0,0,0,0,0,0,0,0,0,19805,16.56,2,0,7.7832,2015,11,2,36,96
0,1,0,0,0,1,0,0,1,0,0,0,0,0,0,0,0,0,0,0,0,1,0,0,0,0,19805,38.88,6,0,18.6624,2015,11,2,36,96
0,0,1,0,0,0,0,0,1,0,0,0,0,0,0,0,0,0,0,0,0,1,0,0,0,0,78745,335.52,4,0.2,117.432,2015,11,4,39,985
0,0,1,0,0,0,1,0,0,1,0,0,0,0,0,1,0,0,0,0,0,0,0,0,0,0,32839,959.984,2,0.2,311.9948,2017,11,4,11,383
0,0,1,0,0,0,1,0,1,0,0,0,1,0,0,0,0,0,0,0,0,0,0,0,0,0,32839,4.086,2,0.7,-2.9964,2017,11,4,11,383
0,0,1,0,0,0,1,0,1,0,0,1,0,0,0,0,0,0,0,0,0,0,0,0,0,0,32839,55.984,2,0.2,4.1988,2017,11,4,11,383
0,0,1,0,0,0,1,0,1,0,0,0,0,0,0,0,0,0,0,0,0,1,0,0,0,0,32839,10.688,2,0.2,3.7408,2017,11,4,11,383
0,1,0,0,0,1,0,0,1,0,0,0,0,0,0,0,1,0,0,0,0,0,0,0,0,0,19601,8.856,3,0.2,2.8782,2017,3,2,5,587
0,0,0,0,0,1,0,0,1,0,0,0,0,0,0,0,0,0,0,1,0,0,0,0,0,0,19134,6.912,3,0.2,2.5056,2015,12,3,537,587
0,1,0,0,0,0,0,0,1,0,0,0,0,0,0,0,0,0,0,0,0,1,0,0,0,0,77095,26.72,5,0.2,9.352,2014,4,4,377,985
0,1,0,0,0,0,0,0,1,0,0,0,0,0,0,0,0,0,0,0,0,1,0,0,0,0,77095,33.488,7,0.2,10.465,2014,4,4,377,985
0,0,1,1,0,0,0,0,1,0,0,0,0,0,0,0,0,0,0,0,0,1,0,0,0,0,63301,10.56,2,0,4.752,2015,6,4,10,66
0,0,0,1,0,0,0,0,1,0,0,0,0,0,0,0,0,0,0,0,0,0,0,1,0,0,46203,386.34,2,0,54.0876,2014,10,3,23,149
0,1,0,1,0,0,0,1,1,0,0,0,1,0,0,0,0,0,0,0,0,0,0,0,0,0,98115,33.44,10,0.2,11.704,2016,8,3,428,506
0,0,1,0,1,0,1,0,0,0,0,0,0,0,0,0,0,0,1,0,0,0,0,0,0,0,22801,39.96,2,0,14.3856,2015,11,4,7,224
0,0,1,0,0,1,0,0,1,0,0,0,1,0,0,0,0,0,0,0,0,0,0,0,0,0,14609,1217.568,2,0.2,456.588,2015,6,5,53,1128
0,0,1,0,1,0,1,0,1,0,0,0,0,0,0,0,0,0,0,0,0,0,0,1,0,0,30328,15.51,1,0,3.8775,2017,9,4,14,184
0,0,1,0,1,0,1,0,0,1,0,0,0,0,0,0,0,0,0,0,0,0,1,0,0,0,30328,89.9,2,0,25.172,2017,9,4,14,184
0,0,1,0,1,0,1,0,1,0,0,1,0,0,0,0,0,0,0,0,0,0,0,0,0,0,30328,14.28,4,0,3.7128,2017,9,4,14,184
0,0,1,0,1,0,1,0,1,0,0,1,0,0,0,0,0,0,0,0,0,0,0,0,0,0,30328,12.72,3,0,4.9608,2017,9,4,14,184
0,0,1,0,1,0,1,0,1,0,0,0,0,0,0,0,0,0,0,1,0,0,0,0,0,0,30328,15.75,5,0,7.56,2017,9,4,14,184
0,1,0,1,0,0,0,1,1,0,0,1,0,0,0,0,0,0,0,0,0,0,0,0,0,0,90004,70.95,3,0,18.447,2014,4,4,747,2001
0,1,0,1,0,0,0,1,1,0,0,0,1,0,0,0,0,0,0,0,0,0,0,0,0,0,90004,65.568,2,0.2,23.7684,2014,4,4,747,2001
0,1,0,1,0,0,0,1,0,1,0,0,0,0,0,0,0,0,0,0,0,0,0,0,0,0,90004,299.97,3,0,131.9868,2014,4,4,747,2001
0,0,1,1,0,0,0,1,0,1,0,0,0,0,0,0,0,0,0,0,0,0,0,0,0,0,94110,89.97,3,0,39.5868,2016,2,4,510,2001
0,0,1,1,0,0,0,1,0,1,0,0,0,0,0,0,0,0,0,0,0,0,0,0,0,0,94110,31.86,2,0,11.151,2016,2,4,510,2001
0,1,0,1,0,0,0,0,1,0,0,0,0,0,0,0,0,0,0,0,0,0,0,1,0,0,55407,67.15,5,0,16.7875,2014,11,2,23,89
0,0,1,0,0,1,0,0,1,0,0,0,1,0,0,0,0,0,0,0,0,0,0,0,0,0,43229,7.236,3,0.7,-6.03,2017,12,5,222,469
0,0,1,0,0,1,0,0,1,0,0,0,0,0,0,0,0,1,0,0,0,0,0,0,0,0,43229,4.824,3,0.2,1.7487,2017,12,5,222,469
0,0,1,0,0,1,0,0,1,0,0,0,0,0,0,0,0,0,0,0,0,1,0,0,0,0,43229,91.36,5,0.2,29.692,2017,12,5,222,469
0,0,1,0,0,1,0,0,1,0,1,0,0,0,0,0,0,0,0,0,0,0,0,0,0,0,43229,130.112,2,0.2,13.0112,2017,12,5,222,469
0,0,0,1,0,0,1,0,0,1,0,0,0,0,0,0,0,0,0,0,0,0,1,0,0,0,27604,74.24,1,0.2,8.352,2015,7,2,22,249
0,0,0,1,0,0,1,0,0,0,0,0,0,0,0,0,0,0,1,0,0,0,0,0,0,0,27604,159.84,10,0.2,45.954,2015,7,2,22,249
0,0,0,1,0,0,1,0,1,0,0,0,1,0,0,0,0,0,0,0,0,0,0,0,0,0,27604,2.892,2,0.7,-2.3136,2015,7,2,22,249
0,0,0,1,0,0,1,0,1,0,0,0,0,0,0,0,0,0,0,0,0,1,0,0,0,0,27604,9.392,2,0.2,3.2872,2015,7,2,22,249
0,1,0,0,0,1,0,0,1,0,0,0,0,0,0,0,0,0,0,0,0,1,0,0,0,0,10011,123.92,4,0,55.764,2014,10,5,915,1128
0,0,0,0,0,1,0,0,1,0,0,0,0,0,0,0,0,0,0,0,0,0,0,0,1,0,19143,55.6,5,0.2,6.255,2015,9,3,537,587
0,0,0,0,0,1,0,0,0,1,0,0,0,0,0,0,0,0,0,0,0,0,0,0,0,0,19143,617.976,3,0.2,-7.7247,2015,9,3,537,587
0,0,1,1,0,0,0,1,1,0,0,0,1,0,0,0,0,0,0,0,0,0,0,0,0,0,83642,21.312,3,0.2,7.992,2017,12,6,4,21
0,0,1,1,0,0,0,1,0,1,0,0,0,0,0,0,0,0,0,0,0,0,0,0,0,0,95823,209.94,6,0,39.8886,2017,10,7,13,2001
0,0,1,1,0,0,0,1,0,1,0,0,0,0,0,0,0,0,0,0,0,0,1,0,0,0,95823,31.984,2,0.2,-7.996,2017,10,7,13,2001
0,0,1,1,0,0,0,1,1,0,0,0,1,0,0,0,0,0,0,0,0,0,0,0,0,0,95823,5083.96,5,0.2,1906.485,2017,10,7,13,2001
0,0,1,0,1,0,1,0,0,1,0,0,0,0,0,0,0,0,0,0,0,0,1,0,0,0,28205,35.96,1,0.2,3.596,2017,8,6,52,249
0,0,1,0,1,1,0,0,1,0,0,0,0,0,0,0,0,0,0,1,0,0,0,0,0,0,7501,31.05,3,0,14.904,2015,9,7,20,130
0,0,1,0,1,1,0,0,0,0,0,0,0,0,0,0,0,0,1,0,0,0,0,0,0,0,7501,8.92,4,0,3.9248,2015,9,7,20,130
0,0,1,0,1,1,0,0,1,0,0,0,1,0,0,0,0,0,0,0,0,0,0,0,0,0,7501,209.6,4,0,96.416,2015,9,7,20,130
0,0,1,0,1,1,0,0,1,0,1,0,0,0,0,0,0,0,0,0,0,0,0,0,0,0,7501,111.04,4,0,29.9808,2015,9,7,20,130
0,0,1,0,1,1,0,0,1,0,0,0,0,0,0,0,0,0,0,0,0,1,0,0,0,0,7501,38.88,6,0,18.6624,2015,9,7,20,130
0,0,1,0,0,0,1,0,1,0,1,0,0,0,0,0,0,0,0,0,0,0,0,0,0,0,22204,36.27,3,0,10.881,2015,12,6,60,224
0,0,0,0,0,0,0,0,0,0,0,0,0,1,0,0,0,0,0,0,0,0,0,0,0,0,60653,493.43,5,0.3,-70.49,2014,9,3,314,492
0,0,0,0,0,0,0,0,0,1,0,0,0,0,0,0,0,0,0,0,0,0,1,0,0,0,60653,11.12,2,0.2,3.475,2014,9,3,314,492
0,0,1,0,0,0,0,1,0,1,0,0,0,0,0,0,0,0,0,0,1,0,0,0,0,0,92037,686.4,2,0.2,77.22,2016,11,4,170,2001
0,0,1,1,0,0,0,1,1,0,0,0,1,0,0,0,0,0,0,0,0,0,0,0,0,0,98105,15.92,5,0.2,5.373,2017,12,5,428,506
0,0,1,1,0,0,0,1,0,0,0,0,0,0,0,0,0,0,1,0,0,0,0,0,0,0,98105,70.68,12,0,31.0992,2017,12,5,428,506
0,0,1,1,0,0,0,1,1,0,0,0,0,0,0,0,0,0,0,0,0,0,0,1,0,0,98105,541.24,4,0,5.4124,2017,12,5,428,506
1,0,0,0,0,1,0,0,0,1,0,0,0,0,0,0,0,0,0,0,1,0,0,0,0,0,43229,101.994,2,0.7,-71.3958,2014,10,0,222,469
1,0,0,0,0,1,0,0,1,0,0,0,1,0,0,0,0,0,0,0,0,0,0,0,0,0,43229,18.264,2,0.7,-13.3936,2014,10,0,222,469
0,1,0,0,0,0,0,0,1,0,0,0,1,0,0,0,0,0,0,0,0,0,0,0,0,0,77095,21.99,5,0.8,-32.985,2017,11,2,377,985
0,0,1,0,0,0,0,0,1,0,0,0,0,0,0,0,0,0,0,0,0,0,0,0,1,0,75061,185.376,2,0.2,-34.758,2016,8,6,8,985
0,0,1,0,0,0,0,0,1,0,1,0,0,0,0,0,0,0,0,0,0,0,0,0,0,0,75061,58.924,1,0.8,-153.2024,2016,8,6,8,985
0,0,1,0,0,1,0,0,0,1,0,0,0,0,0,0,0,0,0,0,1,0,0,0,0,0,7960,480,4,0,225.6,2017,9,6,7,130
0,0,1,0,0,1,0,0,1,0,0,0,0,0,0,0,0,0,0,0,0,0,0,1,0,0,7960,34.05,3,0,9.534,2017,9,6,7,130
0,0,0,1,0,0,0,1,1,0,0,0,0,0,0,0,0,0,0,0,0,1,0,0,0,0,90008,192.72,11,0,92.5056,2015,3,2,747,2001
0,0,0,1,0,0,0,1,0,1,0,0,0,0,0,0,0,0,0,0,0,0,0,0,0,0,90008,239.97,3,0,86.3892,2015,3,2,747,2001
0,1,0,0,1,0,0,0,0,1,0,0,0,0,0,0,0,0,0,0,0,0,0,0,0,0,60505,50.12,7,0.2,-0.6265,2016,6,3,68,492
0,0,1,1,0,0,1,0,0,1,0,0,0,0,0,0,0,0,0,0,0,0,1,0,0,0,27707,15.984,2,0.2,1.3986,2017,10,5,9,249
0,0,1,1,0,0,1,0,1,0,0,0,0,0,0,0,0,0,0,0,0,1,0,0,0,0,27707,14.352,3,0.2,4.485,2017,10,5,9,249
0,0,1,1,0,1,0,0,1,0,0,0,1,0,0,0,0,0,0,0,0,0,0,0,0,0,43229,6.528,4,0.7,-4.5696,2014,8,5,222,469
0,0,1,1,0,1,0,0,1,0,0,0,1,0,0,0,0,0,0,0,0,0,0,0,0,0,43229,2.862,3,0.7,-2.2896,2014,8,5,222,469
0,0,1,1,0,1,0,0,1,0,0,0,1,0,0,0,0,0,0,0,0,0,0,0,0,0,43229,20.856,8,0.7,-16.6848,2014,8,5,222,469
0,1,0,1,0,0,0,1,1,0,0,0,0,0,0,0,0,0,0,0,0,0,0,1,0,0,90036,276.28,2,0,0,2014,7,3,747,2001
0,0,1,0,1,0,0,1,0,0,0,0,0,0,0,0,0,0,1,0,0,0,0,0,0,0,95207,629.64,9,0,107.0388,2017,12,6,6,2001
0,1,0,0,1,0,0,0,0,1,0,0,0,0,0,0,0,0,0,0,0,0,1,0,0,0,65203,449.97,3,0,220.4853,2016,10,4,81,66
0,1,0,0,1,0,0,0,1,0,1,0,0,0,0,0,0,0,0,0,0,0,0,0,0,0,65203,1927.59,7,0,751.7601,2016,10,4,81,66
0,0,0,0,1,0,1,0,0,0,0,0,0,0,1,0,0,0,0,0,0,0,0,0,0,0,31907,121.78,2,0,30.445,2016,9,2,222,184
0,0,1,0,1,0,0,1,0,0,0,0,0,0,1,0,0,0,0,0,0,0,0,0,0,0,92037,2676.672,9,0.2,267.6672,2015,12,5,170,2001
0,0,1,0,0,0,0,0,0,0,0,0,0,0,0,0,0,0,0,0,0,0,0,0,0,1,77590,489.23,2,0.3,41.934,2014,8,7,3,985
0,0,1,0,0,0,0,1,0,0,0,0,0,0,0,0,0,0,1,0,0,0,0,0,0,0,90004,312.03,3,0,43.6842,2016,8,7,747,2001
0,0,1,0,0,0,0,1,1,0,0,0,0,0,0,0,0,0,0,0,0,0,0,1,0,0,90004,17.94,3,0,3.0498,2016,8,7,747,2001
0,0,1,0,0,0,0,1,0,1,0,0,0,0,0,0,0,0,0,0,0,0,1,0,0,0,90004,165.6,3,0.2,10.35,2016,8,7,747,2001
0,0,1,0,0,0,0,1,1,0,0,0,0,0,0,0,0,0,0,0,0,1,0,0,0,0,90004,37.52,4,0,18.0096,2016,8,7,747,2001
0,1,0,1,0,0,1,0,0,1,0,0,0,0,0,0,0,0,0,0,0,0,1,0,0,0,22153,494.97,3,0,148.491,2015,8,2,163,224
0,1,0,1,0,0,1,0,1,0,0,0,0,0,0,0,0,0,0,1,0,0,0,0,0,0,22153,25.06,2,0,11.7782,2015,8,2,163,224
0,0,1,0,0,0,0,0,0,0,0,0,0,0,0,0,0,0,1,0,0,0,0,0,0,0,62521,32.064,3,0.6,-12.8256,2016,5,4,35,492
0,0,1,0,0,0,0,0,1,0,0,0,0,0,0,0,0,0,0,0,0,1,0,0,0,0,62521,18.496,4,0.2,6.7048,2016,5,4,35,492
0,0,1,0,0,0,0,0,0,0,0,0,0,0,1,0,0,0,0,0,0,0,0,0,0,0,62521,191.079,3,0.3,-38.2158,2016,5,4,35,492
0,0,1,0,0,0,0,0,1,0,0,0,0,0,0,0,0,0,0,0,0,1,0,0,0,0,62521,10.368,2,0.2,3.6288,2016,5,4,35,492
1,0,0,0,1,1,0,0,1,0,0,0,0,0,0,0,0,0,0,1,0,0,0,0,0,0,10009,30.53,1,0,14.0438,2016,7,0,915,1128
1,0,0,0,1,1,0,0,0,1,0,0,0,0,0,0,0,0,0,0,0,0,0,0,0,0,10009,30.84,3,0,6.168,2016,7,0,915,1128
1,0,0,0,1,1,0,0,1,0,0,0,0,0,0,0,0,0,0,0,0,1,0,0,0,0,10009,75.06,9,0,33.777,2016,7,0,915,1128
0,0,0,1,0,0,0,1,0,1,0,0,0,0,0,0,0,0,0,0,0,0,1,0,0,0,94110,66.976,7,0.2,6.6976,2016,12,2,510,2001
0,0,1,1,0,0,0,1,1,0,0,0,0,0,0,0,0,0,0,0,0,1,0,0,0,0,92553,182.72,8,0,84.0512,2015,1,6,10,2001
0,0,1,0,0,1,0,0,1,0,0,0,0,0,0,0,0,0,0,1,0,0,0,0,0,0,2149,21.93,3,0,10.3071,2017,10,4,22,135
0,0,1,0,0,0,1,0,0,1,0,0,0,0,0,0,0,0,0,0,0,0,0,0,0,0,37421,95.976,3,0.2,15.5961,2017,11,4,10,183
0,0,1,0,0,0,1,0,0,1,0,0,0,0,0,0,0,0,0,0,0,0,1,0,0,0,37421,143.928,9,0.2,-32.3838,2017,11,4,10,183
0,0,1,0,0,0,1,0,1,0,0,0,1,0,0,0,0,0,0,0,0,0,0,0,0,0,37421,3.564,2,0.7,-2.97,2017,11,4,10,183
0,0,1,0,0,0,1,0,1,0,0,0,0,0,0,0,0,0,0,1,0,0,0,0,0,0,37421,4.928,2,0.2,1.7248,2017,11,4,10,183
0,0,1,1,0,0,0,0,1,0,0,0,0,0,0,0,0,0,0,0,0,0,0,1,0,0,78745,856.656,6,0.2,107.082,2016,5,4,39,985
0,0,1,1,0,0,0,0,1,0,0,0,1,0,0,0,0,0,0,0,0,0,0,0,0,0,78745,13.184,4,0.8,-20.4352,2016,5,4,39,985
0,0,1,1,0,0,0,0,1,0,1,0,0,0,0,0,0,0,0,0,0,0,0,0,0,0,78745,48.784,4,0.8,-131.7168,2016,5,4,39,985
0,0,1,1,0,0,0,0,1,0,0,0,0,0,0,0,0,0,0,0,0,1,0,0,0,0,78745,76.64,2,0.2,26.824,2016,5,4,39,985
0,0,1,1,0,0,0,0,1,0,0,0,1,0,0,0,0,0,0,0,0,0,0,0,0,0,78745,18.528,6,0.8,-27.792,2016,5,4,39,985
0,0,1,1,0,0,1,0,0,0,0,0,0,0,0,0,0,0,1,0,0,0,0,0,0,0,23464,177.68,2,0,46.1968,2014,4,6,16,224
0,0,1,1,0,1,0,0,0,1,0,0,0,0,0,0,0,0,0,0,0,0,0,0,0,0,14701,159.98,2,0,57.5928,2014,4,5,2,1128
0,0,1,1,0,0,1,0,0,1,0,0,0,0,0,0,0,0,0,0,0,0,1,0,0,0,33134,52.68,3,0.2,19.755,2016,10,4,2,383
0,0,1,1,0,0,1,0,0,0,0,0,0,0,0,0,0,0,1,0,0,0,0,0,0,0,33134,11.568,3,0.2,2.6028,2016,10,4,2,383
0,0,1,0,0,0,1,0,1,0,0,0,1,0,0,0,0,0,0,0,0,0,0,0,0,0,28601,4.572,4,0.7,-3.81,2017,6,6,2,249
0,0,1,0,0,0,0,0,0,1,0,0,0,0,0,0,0,0,0,0,0,0,1,0,0,0,61107,1439.968,4,0.2,143.9968,2016,1,4,11,492
0,0,1,0,0,0,0,0,1,0,0,0,1,0,0,0,0,0,0,0,0,0,0,0,0,0,61107,1.728,3,0.8,-2.6784,2016,1,4,11,492
0,0,1,0,0,0,0,0,0,0,0,0,0,0,0,0,0,0,0,0,0,0,0,0,0,1,61107,626.1,3,0.5,-538.446,2016,1,4,11,492
0,1,0,1,0,0,0,1,1,0,0,1,0,0,0,0,0,0,0,0,0,0,0,0,0,0,98103,99.2,5,0,25.792,2015,9,2,428,506
0,0,1,0,0,0,0,0,0,0,0,0,0,0,0,0,0,0,0,0,0,0,0,0,0,1,77340,609.98,4,0.3,-113.282,2015,4,4,36,985
0,0,1,0,0,0,0,0,0,0,0,0,0,0,0,0,0,0,0,0,0,0,0,0,0,1,77340,211.372,2,0.3,-45.294,2015,4,4,36,985
0,0,1,0,0,0,0,0,0,1,0,0,0,0,0,0,0,0,0,0,0,0,1,0,0,0,77340,239.976,3,0.2,17.9982,2015,4,4,36,985
0,0,1,1,0,0,0,0,0,0,0,0,0,0,0,0,0,0,1,0,0,0,0,0,0,0,53209,99.95,5,0,22.9885,2017,12,6,45,110
0,0,1,1,0,0,0,0,0,1,0,0,0,0,0,0,0,0,0,0,0,0,0,0,0,0,53209,29.34,3,0,10.8558,2017,12,6,45,110
0,0,1,1,0,0,0,0,0,0,0,0,0,0,0,0,0,0,1,0,0,0,0,0,0,0,54302,16.74,2,0,4.3524,2016,3,5,4,110
1,0,0,1,0,1,0,0,1,0,0,0,0,0,0,0,0,0,0,0,0,1,0,0,0,0,19120,12.672,3,0.2,3.96,2017,8,0,537,587
1,0,0,1,0,1,0,0,0,1,0,0,0,0,0,0,0,0,0,0,0,0,0,0,0,0,19120,1119.888,14,0.2,209.979,2017,8,0,537,587
0,1,0,0,0,0,0,1,1,0,0,1,0,0,0,0,0,0,0,0,0,0,0,0,0,0,90008,204.85,5,0,53.261,2015,12,2,747,2001
0,1,0,0,0,0,0,1,0,1,0,0,0,0,0,0,0,0,0,0,0,0,1,0,0,0,90008,135.984,2,0.2,16.998,2015,12,2,747,2001
0,1,0,0,0,0,0,1,1,0,0,1,0,0,0,0,0,0,0,0,0,0,0,0,0,0,90008,16.4,5,0,7.052,2015,12,2,747,2001
0,1,0,0,0,0,0,1,1,0,0,0,1,0,0,0,0,0,0,0,0,0,0,0,0,0,90008,92.96,2,0.2,31.374,2015,12,2,747,2001
0,1,0,0,0,0,1,0,1,0,0,0,0,0,0,0,0,0,0,0,0,0,0,0,1,0,33161,7.632,3,0.2,-1.8126,2014,8,2,2,383
0,0,0,0,0,0,0,1,1,0,0,0,1,0,0,0,0,0,0,0,0,0,0,0,0,0,97206,4.158,7,0.7,-3.465,2016,11,2,24,124
0,0,0,0,0,0,0,1,0,1,0,0,0,0,0,0,0,0,0,0,1,0,0,0,0,0,97206,179.991,3,0.7,-251.9874,2016,11,2,24,124
0,0,1,0,0,0,0,0,0,0,0,0,0,0,1,0,0,0,0,0,0,0,0,0,0,0,60505,239.358,3,0.3,-47.8716,2017,10,6,68,492
0,0,0,0,1,0,0,1,1,0,0,0,0,0,0,0,0,0,0,0,0,1,0,0,0,0,94109,164.88,3,0,80.7912,2014,12,1,510,2001
0,1,0,1,0,0,0,1,1,0,0,0,0,0,0,0,0,0,0,0,0,0,0,0,1,0,94110,10.95,3,0,3.285,2014,11,2,510,2001
0,0,1,1,0,1,0,0,1,0,0,0,0,0,0,0,0,0,0,0,0,1,0,0,0,0,2740,19.44,3,0,9.3312,2017,12,4,5,135
0,0,1,1,0,1,0,0,1,0,0,0,1,0,0,0,0,0,0,0,0,0,0,0,0,0,2740,12.3,5,0,6.15,2017,12,4,5,135
0,0,0,0,0,0,0,1,1,0,1,0,0,0,0,0,0,0,0,0,0,0,0,0,0,0,92037,13.97,1,0,3.6322,2014,12,2,170,2001
0,0,1,0,0,0,1,0,0,0,0,0,0,0,0,0,0,0,0,0,0,0,0,0,0,1,38301,934.956,6,0.4,-249.3216,2017,12,6,82,183
0,0,1,0,0,0,1,0,0,1,0,0,0,0,0,0,0,0,0,0,0,0,0,0,0,0,38301,46.864,2,0.2,7.6154,2017,12,6,82,183
0,0,1,0,0,0,1,0,1,0,0,0,0,0,0,0,0,0,0,0,0,0,0,1,0,0,38301,26.16,3,0.2,1.962,2017,12,6,82,183
0,0,1,0,0,0,1,0,1,0,0,1,0,0,0,0,0,0,0,0,0,0,0,0,0,0,38301,23.128,7,0.2,2.891,2017,12,6,82,183
0,0,1,0,0,0,1,0,1,0,1,0,0,0,0,0,0,0,0,0,0,0,0,0,0,0,38301,59.24,5,0.2,16.291,2017,12,6,82,183
0,1,0,0,0,0,1,0,0,0,0,0,0,1,0,0,0,0,0,0,0,0,0,0,0,0,32216,155.456,4,0.2,-7.7728,2014,8,2,125,383
0,0,1,1,0,0,0,1,1,0,0,0,0,0,0,0,0,0,0,0,0,1,0,0,0,0,92024,8.56,2,0,3.852,2014,9,4,170,2001
0,0,0,0,0,0,1,0,0,0,0,0,0,0,0,0,0,0,1,0,0,0,0,0,0,0,33012,21,3,0.2,5.775,2017,12,3,18,383
0,0,0,0,0,0,1,0,0,1,0,0,0,0,0,0,0,0,0,0,1,0,0,0,0,0,33012,120,2,0.5,-7.2,2017,12,3,18,383
0,0,1,0,0,0,0,0,0,1,0,0,0,0,0,0,0,0,0,0,0,0,1,0,0,0,77070,299.96,5,0.2,37.495,2017,11,5,377,985
0,0,1,0,0,0,0,0,1,0,1,0,0,0,0,0,0,0,0,0,0,0,0,0,0,0,77070,67.84,5,0.8,-179.776,2017,11,5,377,985
0,0,1,0,0,0,0,0,0,0,0,0,0,0,1,0,0,0,0,0,0,0,0,0,0,0,77070,853.93,5,0.3,-24.398,2017,11,5,377,985
0,0,1,0,0,0,0,0,1,0,0,1,0,0,0,0,0,0,0,0,0,0,0,0,0,0,77070,18.688,4,0.2,3.7376,2017,11,5,377,985
0,0,0,0,0,0,1,0,0,0,0,0,0,0,0,0,0,0,1,0,0,0,0,0,0,0,23464,273.96,2,0,71.2296,2016,11,2,16,224
0,0,0,0,0,0,1,0,0,1,0,0,0,0,0,0,0,0,0,0,0,0,0,0,0,0,23464,89.97,3,0,18.8937,2016,11,2,16,224
0,0,0,0,0,0,1,0,0,0,0,0,0,0,0,0,0,0,1,0,0,0,0,0,0,0,23464,756.8,5,0,75.68,2016,11,2,16,224
0,0,1,0,0,0,0,0,1,0,0,0,1,0,0,0,0,0,0,0,0,0,0,0,0,0,77070,1.248,2,0.8,-1.9344,2017,11,6,377,985
0,0,1,0,1,1,0,0,0,1,0,0,0,0,0,0,0,0,0,0,0,0,0,0,0,0,19120,72,1,0.2,14.4,2016,11,4,537,587
0,0,1,0,1,1,0,0,0,0,0,0,0,0,1,0,0,0,0,0,0,0,0,0,0,0,19120,470.155,7,0.3,-13.433,2016,11,4,537,587
0,0,0,0,0,0,1,0,1,0,0,0,0,0,0,0,0,0,0,0,0,0,0,1,0,0,38109,39.128,1,0.2,-8.8038,2014,12,2,30,183
0,0,1,1,0,1,0,0,1,0,0,1,0,0,0,0,0,0,0,0,0,0,0,0,0,0,44107,19.728,9,0.2,1.7262,2017,12,5,49,469
0,0,1,1,0,1,0,0,0,1,0,0,0,0,0,0,0,0,0,0,0,0,1,0,0,0,44107,151.188,2,0.4,-25.198,2017,12,5,49,469
0,0,1,0,0,1,0,0,0,0,0,0,0,0,1,0,0,0,0,0,0,0,0,0,0,0,10011,271.764,2,0.1,60.392,2017,3,4,915,1128
0,0,0,0,0,1,0,0,0,1,0,0,0,0,0,0,0,0,0,0,0,0,0,0,0,0,19120,47.496,1,0.2,-1.1874,2014,11,2,537,587
0,1,0,0,0,0,0,1,0,0,0,0,0,1,0,0,0,0,0,0,0,0,0,0,0,0,90008,344.981,7,0.15,28.4102,2017,4,2,747,2001
0,0,0,1,0,0,0,0,1,0,0,0,0,0,0,0,0,0,0,0,0,1,0,0,0,0,75220,36.288,7,0.2,12.7008,2017,11,3,157,985
0,0,0,1,0,0,0,0,1,0,0,0,0,0,0,0,0,0,0,0,0,1,0,0,0,0,75220,78.304,2,0.2,29.364,2017,11,3,157,985
0,0,0,1,0,0,0,0,0,0,0,0,0,0,0,0,0,0,0,0,0,0,0,0,0,1,75220,127.785,1,0.3,-31.0335,2017,11,3,157,985
0,0,0,1,0,0,0,0,1,0,0,0,1,0,0,0,0,0,0,0,0,0,0,0,0,0,75220,6.104,2,0.8,-9.156,2017,11,3,157,985
0,1,0,1,0,1,0,0,1,0,0,0,1,0,0,0,0,0,0,0,0,0,0,0,0,0,7050,5.76,2,0,2.8224,2014,11,2,6,130
0,1,0,0,0,0,0,0,1,0,0,0,1,0,0,0,0,0,0,0,0,0,0,0,0,0,75220,1.72,1,0.8,-2.838,2015,10,5,157,985
0,1,0,0,0,0,0,0,1,0,0,0,1,0,0,0,0,0,0,0,0,0,0,0,0,0,60441,8.952,2,0.8,-14.7708,2014,2,4,1,492
0,0,1,0,0,0,0,0,1,0,1,0,0,0,0,0,0,0,0,0,0,0,0,0,0,0,60623,2.334,3,0.8,-6.3018,2016,3,6,314,492
0,0,1,0,0,0,0,0,1,0,0,0,1,0,0,0,0,0,0,0,0,0,0,0,0,0,60623,1.728,4,0.8,-2.7648,2016,3,6,314,492
0,0,1,0,0,0,0,0,0,0,0,0,0,0,0,0,0,0,1,0,0,0,0,0,0,0,60623,159.04,5,0.6,-194.824,2016,3,6,314,492
0,0,1,0,0,0,0,0,0,0,0,0,0,0,0,0,0,0,0,0,0,0,0,0,0,1,60623,145.98,2,0.5,-99.2664,2016,3,6,314,492
0,0,1,0,0,0,1,0,0,0,0,0,0,0,0,0,0,0,1,0,0,0,0,0,0,0,28540,77.952,3,0.2,12.6672,2015,12,4,125,249
0,0,1,0,0,0,1,0,1,0,0,0,1,0,0,0,0,0,0,0,0,0,0,0,0,0,28540,95.97,5,0.7,-73.577,2015,12,4,125,249
0,0,1,0,0,0,1,0,0,1,0,0,0,0,0,0,0,0,0,0,0,0,1,0,0,0,28540,105.584,2,0.2,9.2386,2015,12,4,125,249
0,0,1,0,0,0,1,0,1,0,0,1,0,0,0,0,0,0,0,0,0,0,0,0,0,0,28540,9.344,2,0.2,1.168,2015,12,4,125,249
0,0,1,1,0,0,0,0,0,0,0,0,0,0,0,0,0,0,1,0,0,0,0,0,0,0,65807,9.68,2,0,3.7752,2015,12,6,163,66
0,0,1,1,0,0,0,0,0,1,0,0,0,0,0,1,0,0,0,0,0,0,0,0,0,0,65807,4899.93,7,0,2302.9671,2015,12,6,163,66
0,0,1,0,1,0,0,1,0,1,0,0,0,0,0,0,0,0,0,0,0,0,0,0,0,0,94110,104.75,5,0,21.9975,2017,10,5,510,2001
0,0,1,1,0,0,1,0,0,1,0,0,0,0,0,0,0,0,0,0,0,0,0,0,0,0,38401,18.528,2,0.2,4.4004,2017,10,5,81,183
0,0,1,1,0,0,1,0,0,0,0,0,0,0,0,0,0,0,0,0,0,0,0,0,0,1,38401,1875.258,7,0.4,-968.8833,2017,10,5,81,183
0,0,0,0,0,0,1,0,1,0,0,0,0,0,0,0,0,0,0,0,0,1,0,0,0,0,33021,91.36,5,0.2,29.692,2014,8,2,11,383
0,0,0,0,0,0,1,0,1,0,1,0,0,0,0,0,0,0,0,0,0,0,0,0,0,0,33021,152.24,5,0.2,17.127,2014,8,2,11,383
0,0,0,0,0,0,0,0,0,1,0,0,0,0,0,0,0,0,0,0,0,0,1,0,0,0,75081,35.184,2,0.2,12.3144,2017,11,2,157,985
1,0,0,0,0,0,0,0,1,0,0,0,0,0,0,0,0,0,0,0,0,1,0,0,0,0,77041,56.704,2,0.2,19.1376,2017,3,0,377,985
1,0,0,0,0,0,0,0,1,0,0,0,0,0,0,0,0,0,0,0,0,1,0,0,0,0,77041,274.064,7,0.2,102.774,2017,3,0,377,985
0,0,1,0,1,1,0,0,0,0,0,0,0,0,1,0,0,0,0,0,0,0,0,0,0,0,19140,458.43,5,0.3,-124.431,2017,5,4,537,587
1,0,0,0,0,0,0,1,1,0,0,0,1,0,0,0,0,0,0,0,0,0,0,0,0,0,85023,8.226,3,0.7,-6.0324,2014,6,0,63,224
0,0,1,1,0,0,1,0,0,1,0,0,0,0,0,0,0,0,0,0,0,0,0,0,0,0,30328,5.95,1,0,0.833,2014,12,7,14,184
0,0,1,1,0,0,1,0,1,0,0,0,0,0,0,0,0,0,0,0,0,1,0,0,0,0,30328,15.24,3,0,7.1628,2014,12,7,14,184
1,0,0,0,0,0,0,1,0,1,0,0,0,0,0,0,0,0,0,0,0,0,0,0,0,0,99207,239.94,6,0,26.3934,2015,4,1,7,506
1,0,0,0,0,0,0,1,1,0,0,1,0,0,0,0,0,0,0,0,0,0,0,0,0,0,99207,23.84,8,0,6.4368,2015,4,1,7,506
1,0,0,1,0,0,0,0,1,0,0,0,0,0,0,0,0,0,0,0,0,0,0,1,0,0,53209,92.52,6,0,24.9804,2017,11,0,45,110
1,0,0,1,0,0,0,0,1,0,0,0,0,0,0,0,0,0,0,0,0,0,0,1,0,0,53209,37.76,1,0,10.5728,2017,11,0,45,110
1,0,0,1,0,0,0,0,1,0,0,0,0,0,0,0,0,0,0,1,0,0,0,0,0,0,53209,7.38,2,0,3.4686,2017,11,0,45,110
1,0,0,1,0,0,0,0,0,0,0,0,0,0,0,0,0,0,1,0,0,0,0,0,0,0,53209,5.82,2,0,2.7354,2017,11,0,45,110
0,0,1,0,0,1,0,0,1,0,0,0,0,0,0,0,0,0,0,0,0,1,0,0,0,0,45014,3.816,1,0.2,1.1925,2017,7,6,45,469
0,0,1,1,0,0,1,0,1,0,0,0,1,0,0,0,0,0,0,0,0,0,0,0,0,0,35810,26.16,4,0,12.8184,2017,5,4,36,61
0,0,0,0,1,0,0,0,0,1,0,0,0,0,0,0,0,0,0,0,0,0,0,0,0,0,77036,100.8,2,0.2,21.42,2015,12,1,377,985
0,0,0,1,0,1,0,0,0,0,0,0,0,0,0,0,0,0,1,0,0,0,0,0,0,0,10011,135.8,7,0,66.542,2016,2,1,915,1128
0,0,1,1,0,0,0,1,1,0,0,1,0,0,0,0,0,0,0,0,0,0,0,0,0,0,90008,13.9,5,0,3.753,2017,3,4,747,2001
0,0,1,1,0,0,0,1,1,0,0,0,0,0,0,0,1,0,0,0,0,0,0,0,0,0,90008,19.4,5,0,9.312,2017,3,4,747,2001
0,0,1,1,0,0,0,1,1,0,0,0,1,0,0,0,0,0,0,0,0,0,0,0,0,0,88220,13.488,2,0.2,4.3836,2016,12,6,11,37
0,0,1,1,0,0,0,1,1,0,0,0,1,0,0,0,0,0,0,0,0,0,0,0,0,0,88220,11.416,1,0.2,3.8529,2016,12,6,11,37
0,1,0,0,0,0,0,1,1,0,0,0,0,0,0,0,0,0,0,0,0,1,0,0,0,0,83201,17.64,3,0,8.6436,2016,3,2,7,21
0,1,0,0,0,0,0,1,1,0,0,0,1,0,0,0,0,0,0,0,0,0,0,0,0,0,83201,17.04,3,0.2,5.538,2016,3,2,7,21
0,1,0,0,0,0,1,0,0,1,0,0,0,0,0,0,0,0,0,0,0,0,0,0,0,0,22153,99.98,2,0,7.9984,2014,12,2,163,224
0,1,0,0,0,0,1,0,0,0,0,0,0,0,0,0,0,0,1,0,0,0,0,0,0,0,22153,29.46,6,0,9.7218,2014,12,2,163,224
0,0,1,1,0,1,0,0,1,0,0,0,1,0,0,0,0,0,0,0,0,0,0,0,0,0,43615,166.92,13,0.7,-116.844,2015,11,5,32,469
0,0,0,0,1,0,0,1,0,0,0,0,0,0,0,0,0,0,1,0,0,0,0,0,0,0,80525,98.328,3,0.2,9.8328,2016,8,1,7,182
0,0,0,0,0,1,0,0,0,0,0,0,0,0,1,0,0,0,0,0,0,0,0,0,0,0,10024,117.882,1,0.1,1.3098,2015,6,3,915,1128
0,0,1,1,0,1,0,0,0,1,0,0,0,0,0,0,0,0,0,0,0,0,0,0,0,0,10035,20.97,3,0,9.0171,2016,6,6,915,1128
0,0,1,1,0,1,0,0,0,1,0,0,0,0,0,0,0,0,0,0,0,0,0,0,0,0,10035,139.96,4,0,9.7972,2016,6,6,915,1128
0,0,1,1,0,1,0,0,0,0,0,0,0,0,0,0,0,0,1,0,0,0,0,0,0,0,10035,37.74,3,0,12.8316,2016,6,6,915,1128
0,0,1,0,0,1,0,0,0,0,0,0,0,0,0,0,0,0,1,0,0,0,0,0,0,0,1752,14.82,3,0,6.2244,2016,9,5,2,135
0,0,1,0,0,1,0,0,0,0,0,0,0,0,0,0,0,0,1,0,0,0,0,0,0,0,1752,191.82,3,0,61.3824,2016,9,5,2,135
0,0,1,0,0,1,0,0,1,0,0,0,1,0,0,0,0,0,0,0,0,0,0,0,0,0,10801,13.904,2,0.2,4.5188,2014,7,5,9,1128
1,0,0,1,0,0,0,1,1,0,1,0,0,0,0,0,0,0,0,0,0,0,0,0,0,0,98103,314.6,4,0,103.818,2017,9,0,428,506
1,0,0,1,0,0,0,1,0,0,0,0,0,0,0,0,0,0,0,0,0,0,0,0,0,1,98103,283.56,4,0,45.3696,2017,9,0,428,506
0,0,1,0,1,0,0,0,0,0,0,0,0,0,1,0,0,0,0,0,0,0,0,0,0,0,48227,487.96,2,0,146.388,2017,6,4,115,255
0,0,1,0,0,0,1,0,1,0,0,0,1,0,0,0,0,0,0,0,0,0,0,0,0,0,72701,1793.98,2,0,843.1706,2014,9,5,41,60
0,0,1,0,0,0,0,0,1,0,0,0,1,0,0,0,0,0,0,0,0,0,0,0,0,0,62301,2.992,4,0.8,-4.488,2015,10,4,20,492
0,0,1,0,0,0,0,0,0,1,0,0,0,0,0,0,0,0,0,0,0,0,0,0,0,0,62301,108.768,4,0.2,2.7192,2015,10,4,20,492
0,0,0,0,0,1,0,0,1,0,0,0,0,0,0,0,0,0,0,0,0,1,0,0,0,0,10035,25.92,4,0,12.4416,2015,4,3,915,1128
0,0,0,0,0,1,0,0,1,0,0,0,0,0,0,0,0,0,0,0,0,0,0,1,0,0,10035,22.58,2,0,5.8708,2015,4,3,915,1128
1,0,0,0,0,0,0,0,0,1,0,0,0,0,0,0,0,0,0,0,0,0,1,0,0,0,77095,55.176,3,0.2,-12.4146,2017,11,0,377,985
0,0,1,0,0,0,0,0,1,0,0,0,1,0,0,0,0,0,0,0,0,0,0,0,0,0,48205,9892.74,13,0,4946.37,2016,12,4,115,255
0,0,1,1,0,0,0,1,0,0,0,0,0,0,0,0,0,0,0,0,0,0,0,0,0,1,85224,73.915,1,0.5,-45.8273,2014,9,5,7,224
0,0,1,0,0,0,1,0,0,0,0,0,0,0,0,0,0,0,1,0,0,0,0,0,0,0,33021,337.088,4,0.2,16.8544,2014,9,5,11,383
0,1,0,1,0,0,0,1,1,0,1,0,0,0,0,0,0,0,0,0,0,0,0,0,0,0,90049,61.44,3,0,16.5888,2015,9,4,747,2001
0,0,1,1,0,0,0,1,0,1,0,0,0,0,0,0,0,0,0,0,0,0,0,0,0,0,94122,479.97,3,0,163.1898,2016,11,6,510,2001
0,1,0,1,0,0,0,1,1,0,0,0,1,0,0,0,0,0,0,0,0,0,0,0,0,0,94086,5.984,2,0.2,2.244,2017,12,4,6,2001
0,1,0,1,0,0,0,1,0,1,0,0,0,0,0,0,0,0,0,0,0,0,0,0,0,0,94086,189.95,5,0,45.588,2017,12,4,6,2001
0,1,0,1,0,0,0,1,0,1,0,0,0,0,0,0,0,0,0,0,0,0,0,0,0,0,94086,149.95,5,0,31.4895,2017,12,4,6,2001
0,1,0,1,0,0,0,1,1,0,0,1,0,0,0,0,0,0,0,0,0,0,0,0,0,0,94086,29.95,5,0,8.6855,2017,12,4,6,2001
0,1,0,1,0,0,0,1,1,0,0,0,0,0,0,0,0,0,0,1,0,0,0,0,0,0,94086,44.4,3,0,22.2,2017,12,4,6,2001
0,0,1,0,1,1,0,0,1,0,0,1,0,0,0,0,0,0,0,0,0,0,0,0,0,0,10011,66.03,3,0,17.1678,2014,9,4,915,1128
0,0,1,1,0,0,0,1,1,0,0,0,0,0,0,0,0,0,0,0,0,1,0,0,0,0,90004,10.86,2,0,5.3214,2015,5,4,747,2001
0,1,0,1,0,0,0,1,1,0,0,1,0,0,0,0,0,0,0,0,0,0,0,0,0,0,94122,3.36,2,0,0.84,2014,3,5,510,2001
0,1,0,1,0,0,0,1,1,0,0,0,1,0,0,0,0,0,0,0,0,0,0,0,0,0,94122,27.936,4,0.2,9.4284,2014,3,5,510,2001
0,1,0,1,0,0,0,1,0,1,0,0,0,0,0,0,0,0,0,0,0,0,1,0,0,0,94122,28.784,2,0.2,2.8784,2014,3,5,510,2001
0,0,1,0,0,0,0,1,1,0,0,0,0,0,0,0,0,0,0,0,0,0,0,0,1,0,92704,21.96,2,0,6.1488,2017,9,6,14,2001
0,1,0,0,0,0,0,1,0,1,0,0,0,0,0,0,0,0,0,0,0,0,0,0,0,0,98103,21.98,2,0,8.5722,2015,9,5,428,506
0,0,0,0,1,1,0,0,0,0,0,0,0,0,1,0,0,0,0,0,0,0,0,0,0,0,10011,2621.322,11,0.1,553.3902,2015,11,2,915,1128
0,0,1,0,0,0,0,1,0,0,0,0,0,0,0,0,0,0,1,0,0,0,0,0,0,0,90045,74.76,7,0,23.9232,2015,10,4,747,2001
0,0,1,0,0,0,0,1,0,0,0,0,0,0,0,0,0,0,0,0,0,0,0,0,0,1,90045,364.776,3,0.2,27.3582,2015,10,4,747,2001
0,0,1,1,0,0,0,1,0,0,0,0,0,0,0,0,0,0,0,0,0,0,0,0,0,1,98103,1115.17,7,0,334.551,2016,6,4,428,506
0,0,0,1,0,0,0,1,1,0,0,0,1,0,0,0,0,0,0,0,0,0,0,0,0,0,92024,89.696,4,0.2,33.636,2015,11,1,170,2001
0,0,0,1,0,0,0,1,1,0,0,0,0,0,0,0,0,0,0,1,0,0,0,0,0,0,92024,50.12,4,0,23.5564,2015,11,1,170,2001
0,0,1,1,0,1,0,0,1,0,0,0,0,0,0,0,0,1,0,0,0,0,0,0,0,0,10035,36.48,6,0,18.24,2016,2,7,915,1128
0,0,1,0,0,0,0,0,1,0,0,0,0,0,0,0,0,0,0,0,0,1,0,0,0,0,60653,322.192,13,0.2,100.685,2014,10,6,314,492
0,0,1,0,0,0,0,0,1,0,0,0,1,0,0,0,0,0,0,0,0,0,0,0,0,0,60653,2.946,3,0.8,-4.8609,2014,10,6,314,492
0,0,1,0,0,0,0,0,1,0,0,0,0,0,0,0,0,0,0,0,0,1,0,0,0,0,60653,19.136,4,0.2,6.9368,2014,10,6,314,492
0,0,1,0,0,0,1,0,0,1,0,0,0,0,0,0,0,0,0,0,0,0,0,0,0,0,22801,23.08,2,0,6.924,2017,5,4,7,224
0,0,1,0,0,1,0,0,0,1,0,0,0,0,0,0,0,0,0,0,0,0,1,0,0,0,20852,90.48,2,0,23.5248,2016,2,6,5,105
0,1,0,0,0,0,0,1,0,0,0,0,0,0,1,0,0,0,0,0,0,0,0,0,0,0,98198,215.976,3,0.2,-2.6997,2016,9,3,19,506
0,1,0,0,0,0,0,1,1,0,0,0,0,0,0,0,1,0,0,0,0,0,0,0,0,0,98198,65.94,3,0,30.9918,2016,9,3,19,506
0,0,0,1,0,1,0,0,0,0,0,0,0,0,0,0,0,0,1,0,0,0,0,0,0,0,19134,11.352,3,0.2,2.6961,2017,12,1,537,587
0,0,1,0,1,0,0,0,1,0,0,0,0,0,0,0,0,0,0,0,0,0,0,1,0,0,47201,24.56,2,0,6.8768,2015,6,4,222,149
0,0,1,0,0,0,0,0,1,0,0,0,0,0,0,0,1,0,0,0,0,0,0,0,0,0,65807,16.56,2,0,7.7832,2016,9,4,163,66
0,0,1,0,0,0,0,0,0,1,0,0,0,0,0,0,0,0,0,0,0,0,0,0,0,0,65807,279.95,5,0,67.188,2016,9,4,163,66
0,0,1,1,0,0,1,0,1,0,0,0,0,0,0,0,0,0,0,0,0,0,0,1,0,0,42420,828.84,6,0,0,2014,4,5,51,139
0,0,0,0,0,1,0,0,1,0,0,0,1,0,0,0,0,0,0,0,0,0,0,0,0,0,44107,7.218,3,0.7,-5.5338,2015,11,3,49,469
0,0,0,0,0,1,0,0,1,0,0,0,0,0,0,0,0,0,0,0,0,0,0,0,1,0,44107,27.2,4,0.2,2.04,2015,11,3,49,469
0,0,1,1,0,0,0,0,0,1,0,0,0,0,0,0,0,0,0,0,0,0,0,0,0,0,68104,89.97,3,0,18.8937,2014,11,4,28,38
0,0,1,0,0,0,1,0,0,0,0,0,0,0,0,0,0,0,1,0,0,0,0,0,0,0,42420,318.08,4,0,34.9888,2016,2,7,51,139
0,0,1,0,0,0,1,0,1,0,0,0,1,0,0,0,0,0,0,0,0,0,0,0,0,0,42420,5.8,1,0,2.61,2016,2,7,51,139
0,1,0,1,0,0,0,1,0,1,0,0,0,0,0,0,0,0,0,0,0,0,1,0,0,0,92704,143.952,6,0.2,17.994,2017,9,2,14,2001
0,1,0,1,0,0,0,1,1,0,0,0,0,0,0,0,0,0,0,0,0,1,0,0,0,0,92704,19.44,3,0,9.3312,2017,9,2,14,2001
0,0,1,0,0,0,1,0,1,0,0,1,0,0,0,0,0,0,0,0,0,0,0,0,0,0,22153,5.56,2,0,1.4456,2017,11,4,163,224
0,0,0,1,0,0,1,0,1,0,0,0,0,0,0,0,0,0,0,0,0,0,0,1,0,0,23434,146.73,3,0,2.9346,2015,2,2,10,224
0,0,0,1,0,0,1,0,1,0,0,0,0,0,0,0,0,0,0,0,0,1,0,0,0,0,23434,29.9,5,0,13.455,2015,2,2,10,224
0,1,0,0,0,0,0,1,1,0,0,0,1,0,0,0,0,0,0,0,0,0,0,0,0,0,90049,276.784,2,0.2,89.9548,2016,9,2,747,2001
0,0,1,1,0,0,0,0,1,0,1,0,0,0,0,0,0,0,0,0,0,0,0,0,0,0,77041,93.032,2,0.8,-251.1864,2016,9,4,377,985
0,0,1,1,0,0,0,0,0,0,0,0,0,0,1,0,0,0,0,0,0,0,0,0,0,0,77041,454.965,5,0.3,-136.4895,2016,9,4,377,985
0,0,1,1,0,0,1,0,0,1,0,0,0,0,0,0,0,0,0,0,0,0,1,0,0,0,27511,246.168,3,0.2,21.5397,2015,12,5,6,249
0,1,0,0,0,1,0,0,1,0,0,0,0,0,0,0,0,0,0,0,0,0,0,1,0,0,45503,295.4,5,0.2,-62.7725,2016,9,3,163,469
0,0,0,0,0,0,1,0,1,0,0,0,0,0,0,0,0,0,0,0,0,0,0,1,0,0,40214,348.56,8,0,104.568,2017,10,2,57,139
0,1,0,1,0,1,0,0,1,0,0,0,0,0,0,0,0,0,0,0,0,1,0,0,0,0,45373,15.552,3,0.2,5.4432,2015,6,5,29,469
0,1,0,1,0,1,0,0,0,0,0,0,0,1,0,0,0,0,0,0,0,0,0,0,0,0,45373,482.94,6,0.5,-376.6932,2015,6,5,29,469
0,0,1,0,0,0,0,0,0,1,0,0,0,0,0,0,0,0,0,0,0,0,1,0,0,0,48227,299.98,2,0,83.9944,2015,6,4,115,255
0,0,1,0,0,0,0,0,1,0,0,0,1,0,0,0,0,0,0,0,0,0,0,0,0,0,48227,403.68,6,0,181.656,2015,6,4,115,255
0,0,1,0,0,0,0,0,0,1,0,0,0,0,0,0,0,0,0,0,0,0,1,0,0,0,48227,41.9,2,0,11.732,2015,6,4,115,255
0,0,1,0,0,0,0,0,1,0,0,0,0,0,0,0,0,0,0,1,0,0,0,0,0,0,48227,28.91,7,0,13.2986,2015,6,4,115,255
0,0,1,0,0,0,0,0,1,0,0,0,0,0,0,0,0,0,0,0,0,1,0,0,0,0,47401,32.4,5,0,15.552,2014,4,5,15,149
0,0,1,0,1,0,0,0,0,1,0,0,0,0,0,0,0,0,0,0,0,0,1,0,0,0,75081,369.544,7,0.2,27.7158,2017,10,4,157,985
0,0,1,0,1,0,0,0,1,0,0,0,0,0,0,0,0,0,0,0,0,1,0,0,0,0,75081,10.368,2,0.2,3.7584,2017,10,4,157,985
0,0,1,0,1,0,0,0,0,1,0,0,0,0,0,0,0,0,0,0,0,0,0,0,0,0,75081,791.88,3,0.2,128.6805,2017,10,4,157,985
0,0,1,0,0,0,0,0,1,0,0,1,0,0,0,0,0,0,0,0,0,0,0,0,0,0,77041,23.64,3,0.2,5.319,2015,11,5,377,985
0,0,1,0,0,0,0,0,1,0,0,0,0,0,0,0,0,0,0,0,0,0,0,1,0,0,77041,84.784,2,0.2,-16.9568,2015,11,5,377,985
0,0,1,0,0,0,0,0,0,0,0,0,0,0,0,0,0,0,1,0,0,0,0,0,0,0,77041,64.96,5,0.6,-84.448,2015,11,5,377,985
0,0,1,0,0,0,0,0,1,0,0,0,1,0,0,0,0,0,0,0,0,0,0,0,0,0,77041,32.06,10,0.8,-51.296,2015,11,5,377,985
0,0,1,0,0,0,0,0,1,0,0,0,0,0,0,0,0,0,0,0,0,0,0,1,0,0,77041,177.648,2,0.2,-28.8678,2015,11,5,377,985
0,0,1,0,0,0,0,0,0,1,0,0,0,0,0,0,0,0,0,0,1,0,0,0,0,0,77041,287.91,3,0.4,33.5895,2015,11,5,377,985
0,0,0,1,0,0,0,0,1,0,0,0,0,0,0,0,0,0,0,0,0,0,0,0,1,0,76117,22.368,2,0.2,1.6776,2015,5,3,4,985
0,0,0,1,0,0,0,0,1,0,0,0,0,0,0,0,0,0,0,0,0,1,0,0,0,0,76117,32.368,7,0.2,11.7334,2015,5,3,4,985
0,0,0,1,0,0,0,0,0,1,0,0,0,0,0,0,0,0,0,0,0,0,0,0,0,0,76117,207.984,2,0.2,36.3972,2015,5,3,4,985
0,0,0,0,1,0,1,0,1,0,0,0,0,0,0,0,1,0,0,0,0,0,0,0,0,0,23223,36.4,5,0,17.472,2014,10,2,90,224
0,0,0,0,1,0,1,0,0,1,0,0,0,0,0,0,0,0,0,0,0,0,0,0,0,0,23223,22.96,2,0,4.3624,2014,10,2,90,224
0,0,0,0,1,0,1,0,1,0,0,0,0,0,0,0,0,0,0,0,0,0,0,1,0,0,23223,315.2,4,0,6.304,2014,10,2,90,224
0,0,0,0,1,0,1,0,1,0,0,0,1,0,0,0,0,0,0,0,0,0,0,0,0,0,23223,15.18,3,0,7.1346,2014,10,2,90,224
0,1,0,1,0,0,0,1,0,1,0,0,0,0,0,0,0,0,0,0,0,0,1,0,0,0,90049,623.96,5,0.2,38.9975,2016,2,3,747,2001
0,1,0,0,0,1,0,0,0,1,0,0,0,0,0,0,0,0,0,0,0,0,1,0,0,0,19140,429.6,2,0.4,-93.08,2017,1,5,537,587
0,1,0,0,0,1,0,0,0,0,0,0,0,0,0,0,0,0,1,0,0,0,0,0,0,0,19140,31.968,2,0.2,6.3936,2017,1,5,537,587
0,1,0,0,0,1,0,0,0,0,0,0,0,0,1,0,0,0,0,0,0,0,0,0,0,0,19140,887.271,3,0.3,-63.3765,2017,1,5,537,587
0,1,0,0,0,1,0,0,1,0,0,0,0,0,0,0,0,0,0,0,0,1,0,0,0,0,19140,21.696,4,0.2,7.0512,2017,1,5,537,587
0,0,1,0,1,0,0,1,1,0,0,0,0,0,0,0,0,0,0,1,0,0,0,0,0,0,90036,22.05,7,0,10.584,2016,6,6,747,2001
0,0,1,0,1,0,0,1,1,0,0,0,0,0,0,0,0,0,0,0,0,1,0,0,0,0,90036,99.9,5,0,46.953,2016,6,6,747,2001
0,1,0,1,0,0,0,1,1,0,1,0,0,0,0,0,0,0,0,0,0,0,0,0,0,0,90032,90.86,7,0,26.3494,2017,3,2,747,2001
1,0,0,0,0,0,0,1,1,0,0,0,0,0,0,0,0,0,0,0,0,1,0,0,0,0,94109,7.78,1,0,3.501,2017,11,0,510,2001
0,1,0,0,0,1,0,0,1,0,0,0,1,0,0,0,0,0,0,0,0,0,0,0,0,0,19120,78.759,9,0.7,-57.7566,2016,11,2,537,587
0,1,0,0,1,0,0,0,0,0,0,0,0,0,0,0,0,0,1,0,0,0,0,0,0,0,77070,9.552,3,0.6,-3.8208,2016,8,2,377,985
0,1,0,0,1,0,0,0,0,0,0,0,0,0,0,0,0,0,1,0,0,0,0,0,0,0,77070,5.344,4,0.6,-2.1376,2016,8,2,377,985
0,0,1,0,1,0,0,1,1,0,0,1,0,0,0,0,0,0,0,0,0,0,0,0,0,0,88001,8.28,2,0,3.4776,2015,11,5,3,37
0,0,1,0,0,0,0,0,1,0,0,0,0,0,0,0,0,0,0,0,0,0,0,1,0,0,77070,50.136,3,0.2,-11.2806,2017,5,7,377,985
0,0,0,1,0,0,0,1,1,0,0,0,1,0,0,0,0,0,0,0,0,0,0,0,0,0,97756,88.074,7,0.7,-58.716,2017,9,1,11,124
0,1,0,0,0,1,0,0,0,0,0,0,0,1,0,0,0,0,0,0,0,0,0,0,0,0,44105,301.47,3,0.5,-241.176,2016,3,2,42,469
0,1,0,0,0,1,0,0,1,0,0,1,0,0,0,0,0,0,0,0,0,0,0,0,0,0,44105,18.656,2,0.2,1.6324,2016,3,2,42,469
0,0,1,1,0,1,0,0,0,0,0,0,0,0,0,0,0,0,1,0,0,0,0,0,0,0,20707,27.46,2,0,9.8856,2017,5,4,2,105
0,0,1,1,0,1,0,0,1,0,1,0,0,0,0,0,0,0,0,0,0,0,0,0,0,0,20707,125.13,3,0,36.2877,2017,5,4,2,105
0,0,1,0,1,0,0,1,0,1,0,0,0,0,0,0,0,0,0,0,0,0,1,0,0,0,92037,555.96,5,0.2,41.697,2015,8,4,170,2001
0,0,1,1,0,0,1,0,1,0,0,0,0,0,0,0,0,0,0,0,0,0,0,1,0,0,27893,129.552,3,0.2,-22.6716,2016,4,5,6,249
0,0,1,1,0,0,1,0,1,0,0,0,0,0,0,0,0,0,0,0,0,0,0,1,0,0,27893,51.984,1,0.2,-5.1984,2016,4,5,6,249
0,0,1,1,0,0,1,0,1,0,0,0,0,0,0,0,0,0,0,0,0,1,0,0,0,0,27893,10.272,3,0.2,3.4668,2016,4,5,6,249
0,0,1,0,0,0,1,0,1,0,0,0,1,0,0,0,0,0,0,0,0,0,0,0,0,0,33710,18.336,2,0.7,-12.224,2014,2,7,14,383
0,0,1,0,0,0,1,0,0,1,0,0,0,0,0,0,0,0,0,0,0,0,1,0,0,0,33710,180.96,5,0.2,13.572,2014,2,7,14,383
0,0,1,0,0,0,0,0,0,1,0,0,0,0,0,0,0,0,0,0,0,0,0,0,0,0,60089,475.944,7,0.2,95.1888,2014,9,6,2,492
0,1,0,0,1,0,0,1,0,1,0,0,0,0,0,0,0,0,0,0,0,0,0,0,0,0,90049,159.98,2,0,47.994,2017,9,2,747,2001
0,0,0,1,0,1,0,0,0,1,0,0,0,0,0,0,0,0,0,0,0,0,1,0,0,0,10011,43.6,4,0,12.208,2016,9,2,915,1128
0,0,1,0,0,0,0,1,1,0,0,0,1,0,0,0,0,0,0,0,0,0,0,0,0,0,89115,8.288,2,0.2,3.0044,2017,5,6,13,39
0,0,1,0,0,0,0,1,0,1,0,0,0,0,0,0,0,0,0,0,0,0,1,0,0,0,89115,1123.128,9,0.2,70.1955,2017,5,6,13,39
0,0,1,0,0,0,0,1,1,0,1,0,0,0,0,0,0,0,0,0,0,0,0,0,0,0,89115,64.9,5,0,18.821,2017,5,6,13,39
0,0,1,0,0,0,0,0,1,0,0,0,1,0,0,0,0,0,0,0,0,0,0,0,0,0,60540,2.808,3,0.8,-4.4928,2015,9,4,8,492
0,0,1,1,0,1,0,0,0,1,0,0,0,0,0,0,0,0,0,0,0,0,0,0,0,0,5408,99.98,2,0,42.9914,2016,1,4,25,11
0,0,1,1,0,1,0,0,1,0,0,1,0,0,0,0,0,0,0,0,0,0,0,0,0,0,5408,8.04,6,0,2.7336,2016,1,4,25,11
0,0,1,1,0,1,0,0,1,0,0,0,0,0,0,0,0,0,0,0,0,0,0,1,0,0,5408,1564.29,13,0,406.7154,2016,1,4,25,11
0,0,1,1,0,0,0,0,1,0,0,0,1,0,0,0,0,0,0,0,0,0,0,0,0,0,48234,138.56,4,0,66.5088,2014,6,5,115,255
0,0,1,1,0,0,0,0,1,0,1,0,0,0,0,0,0,0,0,0,0,0,0,0,0,0,48234,65.52,5,0.1,12.376,2014,6,5,115,255
0,1,0,0,0,0,0,1,1,0,0,1,0,0,0,0,0,0,0,0,0,0,0,0,0,0,85323,14.576,2,0.2,2.3686,2015,9,5,6,224
0,1,0,0,0,0,0,1,0,1,0,0,0,0,0,0,0,0,0,0,0,0,0,0,0,0,85323,23.2,2,0.2,1.45,2015,9,5,6,224
0,1,0,0,0,0,0,1,1,0,0,1,0,0,0,0,0,0,0,0,0,0,0,0,0,0,85323,16.464,7,0.2,1.8522,2015,9,5,6,224
0,1,0,0,0,1,0,0,0,0,0,0,0,0,0,0,0,0,1,0,0,0,0,0,0,0,19140,19.312,2,0.2,3.1382,2016,8,2,537,587
0,0,1,0,0,0,0,1,1,0,0,0,0,0,0,0,0,0,0,0,0,1,0,0,0,0,89115,40.08,6,0,19.2384,2014,1,5,13,39
0,0,1,1,0,1,0,0,1,0,1,0,0,0,0,0,0,0,0,0,0,0,0,0,0,0,4401,101.96,2,0,27.5292,2014,8,4,5,8
0,0,1,1,0,1,0,0,1,0,0,0,0,0,0,0,0,0,0,0,0,1,0,0,0,0,4401,259.74,13,0,124.6752,2014,8,4,5,8
0,0,1,1,0,1,0,0,0,1,0,0,0,0,0,0,0,0,0,0,0,0,0,0,0,0,4401,255.42,9,0,104.7222,2014,8,4,5,8
0,0,1,0,1,0,1,0,1,0,0,0,1,0,0,0,0,0,0,0,0,0,0,0,0,0,37075,4.338,3,0.7,-3.0366,2016,8,5,5,183
0,0,1,0,1,0,1,0,1,0,0,0,1,0,0,0,0,0,0,0,0,0,0,0,0,0,37075,11.88,5,0.7,-7.92,2016,8,5,5,183
0,0,1,0,0,0,0,0,0,0,0,0,0,1,0,0,0,0,0,0,0,0,0,0,0,0,54703,405.86,7,0,32.4688,2016,12,4,6,110
0,0,1,0,0,0,0,0,0,0,0,0,0,0,1,0,0,0,0,0,0,0,0,0,0,0,54703,680.01,3,0,176.8026,2016,12,4,6,110
0,0,1,0,0,0,0,0,0,1,0,0,0,0,0,0,0,0,0,0,0,0,0,0,0,0,60610,2.376,3,0.2,0.7425,2015,6,4,314,492
0,0,1,0,0,0,0,0,1,0,1,0,0,0,0,0,0,0,0,0,0,0,0,0,0,0,60610,143.128,2,0.8,-393.602,2015,6,4,314,492
0,1,0,0,0,0,0,1,0,1,0,0,0,0,0,0,0,0,0,0,1,0,0,0,0,0,92037,4476.8,4,0.2,503.64,2016,6,2,170,2001
0,1,0,0,0,0,0,1,1,0,0,0,0,0,0,0,0,0,0,0,0,1,0,0,0,0,92037,104.85,1,0,50.328,2016,6,2,170,2001
0,1,0,0,0,0,0,1,1,0,1,0,0,0,0,0,0,0,0,0,0,0,0,0,0,0,92037,241.44,3,0,72.432,2016,6,2,170,2001
0,0,1,0,1,0,1,0,1,0,0,0,0,0,0,0,0,0,0,0,0,1,0,0,0,0,39212,319.76,14,0,147.0896,2016,3,4,82,53
0,0,1,0,1,0,1,0,1,0,0,0,0,0,0,0,0,0,0,0,0,1,0,0,0,0,39212,45.68,2,0,21.0128,2016,3,4,82,53
1,0,0,0,1,0,0,1,0,0,0,0,0,0,0,0,0,0,1,0,0,0,0,0,0,0,93030,31.96,2,0,1.598,2016,12,0,9,2001
1,0,0,0,1,0,0,1,1,0,0,0,0,0,0,0,0,0,0,0,0,1,0,0,0,0,93030,47.9,1,0,22.992,2016,12,0,9,2001
1,0,0,0,1,0,0,1,1,0,0,0,0,0,0,0,0,0,0,0,0,0,0,1,0,0,93030,1112.94,3,0,222.588,2016,12,0,9,2001
1,0,0,0,1,0,0,1,1,0,0,0,0,0,0,0,1,0,0,0,0,0,0,0,0,0,93030,22.92,3,0,11.2308,2016,12,0,9,2001
0,1,0,0,0,0,0,1,0,1,0,0,0,0,0,0,0,0,0,0,0,0,1,0,0,0,98031,71.976,3,0.2,8.997,2017,6,2,13,506
0,1,0,0,0,0,0,1,1,0,0,0,0,0,0,0,0,0,0,0,0,1,0,0,0,0,98031,19.44,3,0,9.3312,2017,6,2,13,506
0,0,1,1,0,0,1,0,1,0,0,0,1,0,0,0,0,0,0,0,0,0,0,0,0,0,37211,31.086,3,0.7,-20.724,2016,3,5,29,183
0,0,1,0,0,1,0,0,0,1,0,0,0,0,0,0,0,0,0,0,0,0,1,0,0,0,10035,13.98,2,0,3.9144,2016,11,4,915,1128
0,0,1,0,0,1,0,0,1,0,0,1,0,0,0,0,0,0,0,0,0,0,0,0,0,0,10035,23.65,1,0,6.149,2016,11,4,915,1128
0,0,1,0,0,0,0,1,0,1,0,0,0,0,0,0,0,0,0,0,0,0,1,0,0,0,92683,707.88,3,0.2,44.2425,2017,8,4,17,2001
0,0,1,0,0,0,0,1,1,0,0,0,1,0,0,0,0,0,0,0,0,0,0,0,0,0,92683,11.952,3,0.2,4.1832,2017,8,4,17,2001
0,0,1,0,0,0,0,1,1,0,0,0,1,0,0,0,0,0,0,0,0,0,0,0,0,0,92683,31.128,3,0.2,11.673,2017,8,4,17,2001
0,0,1,0,0,0,0,1,0,1,0,0,0,0,0,0,0,0,0,0,0,0,0,0,0,0,92683,55.76,4,0,7.8064,2017,8,4,17,2001
0,0,1,0,0,0,0,1,1,0,0,0,0,0,0,0,0,0,0,0,0,1,0,0,0,0,92683,24.56,2,0,11.5432,2017,8,4,17,2001
0,0,1,0,0,0,0,1,0,0,0,0,0,0,0,0,0,0,1,0,0,0,0,0,0,0,92683,51.75,1,0,15.525,2017,8,4,17,2001
0,0,1,0,0,0,0,1,0,0,0,0,0,0,1,0,0,0,0,0,0,0,0,0,0,0,92683,207.184,1,0.2,25.898,2017,8,4,17,2001
0,0,1,0,0,0,0,1,1,0,1,0,0,0,0,0,0,0,0,0,0,0,0,0,0,0,92683,1473.1,5,0,412.468,2017,8,4,17,2001
0,0,1,0,1,1,0,0,1,0,0,0,0,0,0,0,0,0,0,0,0,0,0,0,1,0,18103,3.488,2,0.2,-0.6976,2015,8,4,7,587
0,0,1,0,1,1,0,0,0,1,0,0,0,0,0,0,0,0,0,0,0,0,0,0,0,0,18103,21.728,4,0.2,3.8024,2015,8,4,7,587
0,0,1,0,1,1,0,0,1,0,0,0,0,0,0,0,0,0,0,0,0,0,0,1,0,0,18103,663.072,6,0.2,-165.768,2015,8,4,7,587
0,0,1,0,1,1,0,0,1,0,0,0,1,0,0,0,0,0,0,0,0,0,0,0,0,0,18103,99.588,2,0.7,-82.99,2015,8,4,7,587
0,0,1,0,1,1,0,0,1,0,0,0,0,0,0,0,0,0,0,0,0,1,0,0,0,0,18103,49.568,2,0.2,15.49,2015,8,4,7,587
0,0,1,1,0,0,0,0,1,0,0,0,1,0,0,0,0,0,0,0,0,0,0,0,0,0,78207,29.372,7,0.8,-46.9952,2015,11,5,59,985
0,0,1,1,0,0,0,0,0,1,0,0,0,0,0,0,0,0,0,0,0,0,1,0,0,0,78207,344.704,2,0.2,38.7792,2015,11,5,59,985
0,0,1,0,0,0,0,1,1,0,0,0,0,0,0,0,0,0,0,0,0,0,0,0,1,0,85323,47.992,7,0.2,3.5994,2014,11,6,6,224
0,0,1,0,0,0,0,1,0,1,0,0,0,0,0,0,0,0,0,0,0,0,0,0,0,0,85323,102.24,4,0.2,-16.614,2014,11,6,6,224
0,0,1,0,0,0,0,1,1,0,0,0,0,0,0,0,0,0,0,0,0,1,0,0,0,0,95123,39.96,2,0,19.1808,2014,5,5,42,2001
0,0,1,0,0,0,0,1,0,1,0,0,0,0,0,0,0,0,0,0,0,0,1,0,0,0,95123,1432,5,0.2,125.3,2014,5,5,42,2001
0,0,1,0,0,0,0,1,1,0,0,0,0,0,0,0,0,0,0,0,0,0,0,0,1,0,95123,41.04,6,0,11.0808,2014,5,5,42,2001
0,0,1,0,0,0,0,1,0,0,0,0,0,0,1,0,0,0,0,0,0,0,0,0,0,0,95123,256.784,1,0.2,32.098,2014,5,5,42,2001
0,0,0,0,0,1,0,0,0,0,0,0,0,1,0,0,0,0,0,0,0,0,0,0,0,0,8861,120.98,1,0,12.098,2016,10,3,8,130
0,0,0,0,0,1,0,0,1,0,0,0,1,0,0,0,0,0,0,0,0,0,0,0,0,0,8861,315.98,1,0,148.5106,2016,10,3,8,130
0,0,1,1,0,1,0,0,1,0,0,0,1,0,0,0,0,0,0,0,0,0,0,0,0,0,10011,28.752,3,0.2,10.0632,2016,10,4,915,1128
0,0,1,1,0,1,0,0,1,0,0,1,0,0,0,0,0,0,0,0,0,0,0,0,0,0,10011,114.95,5,0,32.186,2016,10,4,915,1128
0,0,1,1,0,0,0,1,1,0,0,1,0,0,0,0,0,0,0,0,0,0,0,0,0,0,90004,23.04,8,0,6.912,2016,12,4,747,2001
1,0,0,0,0,1,0,0,1,0,0,1,0,0,0,0,0,0,0,0,0,0,0,0,0,0,6460,15.48,3,0,4.4892,2016,4,0,6,82
1,0,0,0,0,1,0,0,1,0,0,0,0,0,0,0,0,0,0,0,0,1,0,0,0,0,6460,51.84,8,0,24.8832,2016,4,0,6,82
0,0,1,0,0,0,0,0,0,1,0,0,0,0,0,0,0,0,0,0,0,0,0,0,0,0,61701,39.816,3,0.2,7.4655,2017,8,4,15,492
0,1,0,1,0,0,0,1,1,0,0,0,0,0,0,0,0,0,0,0,0,0,0,1,0,0,98105,16.06,1,0,4.1756,2017,8,5,428,506
0,1,0,0,1,0,0,0,1,0,0,0,0,0,0,0,1,0,0,0,0,0,0,0,0,0,52601,7.28,1,0,3.4944,2017,12,3,25,30
0,1,0,0,1,0,0,0,1,0,0,0,1,0,0,0,0,0,0,0,0,0,0,0,0,0,52601,5.4,3,0,2.592,2017,12,3,25,30
0,0,1,0,0,0,0,1,1,0,0,0,0,0,0,0,0,0,0,0,0,1,0,0,0,0,95661,19.44,3,0,9.3312,2015,3,5,26,2001
0,0,1,1,0,0,0,1,0,0,0,0,0,0,0,0,0,0,1,0,0,0,0,0,0,0,94110,39.88,2,0,11.1664,2014,12,7,510,2001
0,0,1,1,0,0,0,1,0,0,0,0,0,0,0,0,0,0,1,0,0,0,0,0,0,0,94110,79.44,3,0,28.5984,2014,12,7,510,2001
0,0,0,1,0,1,0,0,1,0,0,0,0,0,0,0,0,0,0,1,0,0,0,0,0,0,19120,20.664,7,0.2,6.9741,2017,9,2,537,587
0,0,1,1,0,0,0,1,1,0,0,0,0,0,0,0,0,0,0,0,0,1,0,0,0,0,90049,32.4,5,0,15.552,2016,11,5,747,2001
0,0,1,1,0,0,0,0,1,0,1,0,0,0,0,0,0,0,0,0,0,0,0,0,0,0,79762,13.762,1,0.8,-24.7716,2017,11,6,5,985
0,0,0,0,1,0,0,0,1,0,0,0,0,0,0,0,1,0,0,0,0,0,0,0,0,0,55407,15.28,2,0,7.4872,2017,11,3,23,89
0,0,1,0,0,1,0,0,1,0,0,0,0,0,0,0,0,0,0,0,0,0,0,1,0,0,19120,44.688,7,0.2,3.3516,2015,8,4,537,587
0,0,1,0,0,1,0,0,0,0,0,0,0,1,0,0,0,0,0,0,0,0,0,0,0,0,19120,301.47,3,0.5,-204.9996,2015,8,4,537,587
0,0,0,0,0,0,1,0,1,0,0,0,0,0,0,0,0,0,0,1,0,0,0,0,0,0,70506,11.07,3,0,5.2029,2017,10,1,31,42
0,0,0,0,0,0,1,0,0,0,0,0,0,0,0,0,0,0,0,0,0,0,0,0,0,1,70506,1504.52,4,0,346.0396,2017,10,1,31,42
0,0,0,0,0,0,1,0,1,0,0,0,0,0,0,0,0,0,0,0,0,1,0,0,0,0,70506,25.92,4,0,12.4416,2017,10,1,31,42
1,0,0,0,1,0,0,0,1,0,0,0,1,0,0,0,0,0,0,0,0,0,0,0,0,0,77803,7.536,6,0.8,-13.188,2017,11,0,6,985
1,0,0,0,1,0,0,0,1,0,0,0,1,0,0,0,0,0,0,0,0,0,0,0,0,0,77803,1.408,2,0.8,-2.3232,2017,11,0,6,985
1,0,0,0,1,0,0,0,1,0,0,0,1,0,0,0,0,0,0,0,0,0,0,0,0,0,77803,4.144,4,0.8,-6.4232,2017,11,0,6,985
1,0,0,0,1,0,0,0,1,0,0,0,0,0,0,0,0,0,0,0,0,0,0,1,0,0,77803,52.752,3,0.2,-12.5286,2017,11,0,6,985
0,0,1,1,0,0,0,1,1,0,1,0,0,0,0,0,0,0,0,0,0,0,0,0,0,0,90008,381.36,7,0,106.7808,2017,3,5,747,2001
1,0,0,0,1,0,0,1,1,0,0,1,0,0,0,0,0,0,0,0,0,0,0,0,0,0,90049,6.72,4,0,3.36,2014,11,0,747,2001
0,0,0,0,0,0,0,1,1,0,0,0,1,0,0,0,0,0,0,0,0,0,0,0,0,0,90045,15.192,3,0.2,5.5071,2017,7,3,747,2001
0,0,0,0,0,0,0,1,1,0,0,0,0,0,0,0,0,0,0,0,0,1,0,0,0,0,90045,58.32,9,0,27.9936,2017,7,3,747,2001
0,0,1,0,0,0,0,1,1,0,0,0,1,0,0,0,0,0,0,0,0,0,0,0,0,0,85023,946.764,6,0.7,-694.2936,2014,12,4,63,224
0,0,1,0,0,0,0,1,0,0,0,0,0,0,0,0,0,0,1,0,0,0,0,0,0,0,90036,94.68,9,0,31.2444,2016,9,4,747,2001
0,0,1,0,0,0,0,1,1,0,0,0,0,0,0,0,0,0,0,0,0,0,0,1,0,0,90036,23.67,3,0,0.9468,2016,9,4,747,2001
0,0,1,0,0,0,0,1,0,1,0,0,0,0,0,0,0,0,0,0,0,0,1,0,0,0,90036,1091.168,4,0.2,68.198,2016,9,4,747,2001
0,0,1,0,0,0,0,1,1,0,0,1,0,0,0,0,0,0,0,0,0,0,0,0,0,0,90036,18.69,7,0,5.2332,2016,9,4,747,2001
0,0,1,0,0,0,0,1,0,0,0,0,0,0,0,0,0,0,0,0,0,0,0,0,0,1,90036,568.728,3,0.2,28.4364,2016,9,4,747,2001
0,0,1,0,0,0,0,1,1,0,0,0,1,0,0,0,0,0,0,0,0,0,0,0,0,0,90036,7.312,1,0.2,2.5592,2016,9,4,747,2001
0,0,0,0,0,1,0,0,0,0,0,0,0,0,0,0,0,0,1,0,0,0,0,0,0,0,43229,147.568,2,0.2,-3.6892,2017,2,3,222,469
0,0,1,1,0,0,1,0,1,0,0,0,0,0,0,0,0,0,0,0,0,1,0,0,0,0,32303,56.784,7,0.2,20.5842,2017,10,6,17,383
0,0,1,1,0,0,1,0,1,0,0,0,1,0,0,0,0,0,0,0,0,0,0,0,0,0,32303,5.607,3,0.7,-3.9249,2017,10,6,17,383
0,0,1,1,0,0,1,0,1,0,0,1,0,0,0,0,0,0,0,0,0,0,0,0,0,0,32303,6.576,3,0.2,0.5754,2017,10,6,17,383
0,0,1,0,1,0,0,1,1,0,0,0,1,0,0,0,0,0,0,0,0,0,0,0,0,0,94122,14.304,6,0.2,4.6488,2014,7,5,510,2001
0,0,1,0,1,0,0,1,0,0,0,0,0,1,0,0,0,0,0,0,0,0,0,0,0,0,94122,119.833,1,0.15,7.049,2014,7,5,510,2001
0,0,1,0,1,0,0,1,1,0,0,1,0,0,0,0,0,0,0,0,0,0,0,0,0,0,94122,5.56,2,0,2.224,2014,7,5,510,2001
0,0,1,0,1,0,0,1,1,0,0,0,0,0,0,0,0,0,0,0,0,1,0,0,0,0,94122,32.4,5,0,15.552,2014,7,5,510,2001
0,0,1,0,1,0,0,1,1,0,0,1,0,0,0,0,0,0,0,0,0,0,0,0,0,0,94109,9.84,3,0,2.8536,2017,5,4,510,2001
0,0,1,0,1,0,0,1,1,0,0,1,0,0,0,0,0,0,0,0,0,0,0,0,0,0,94109,2.78,1,0,0.7228,2017,5,4,510,2001
0,0,1,0,0,1,0,0,1,0,0,0,1,0,0,0,0,0,0,0,0,0,0,0,0,0,10009,3.64,1,0.2,1.365,2016,11,4,915,1128
0,0,1,0,0,1,0,0,0,1,0,0,0,0,0,0,0,0,0,0,0,0,1,0,0,0,10009,881.93,7,0,220.4825,2016,11,4,915,1128
0,0,1,1,0,0,0,0,1,0,0,0,1,0,0,0,0,0,0,0,0,0,0,0,0,0,52302,115.84,8,0,54.4448,2016,12,4,20,30
0,0,1,1,0,0,0,1,1,0,0,0,1,0,0,0,0,0,0,0,0,0,0,0,0,0,90008,107.648,2,0.2,33.64,2017,3,6,747,2001
0,1,0,0,0,0,1,0,0,1,0,0,0,0,0,0,0,0,0,0,0,0,0,0,0,0,71603,199.95,5,0,63.984,2017,9,2,2,60
0,1,0,0,0,0,1,0,1,0,0,0,0,0,0,0,0,0,0,0,0,1,0,0,0,0,71603,12.96,2,0,6.2208,2017,9,2,2,60
0,1,0,0,0,0,0,0,0,0,0,0,0,0,1,0,0,0,0,0,0,0,0,0,0,0,65203,60.89,1,0,15.2225,2014,2,4,81,66
0,1,0,0,0,0,0,0,1,0,0,0,0,0,0,0,0,0,0,1,0,0,0,0,0,0,65203,14.94,3,0,6.8724,2014,2,4,81,66
0,1,0,0,0,0,0,0,1,0,0,0,1,0,0,0,0,0,0,0,0,0,0,0,0,0,65203,9.64,2,0,4.4344,2014,2,4,81,66
0,1,0,0,0,0,0,0,0,0,0,0,0,0,0,0,0,0,1,0,0,0,0,0,0,0,65203,332.94,3,0,53.2704,2014,2,4,81,66
0,1,0,0,0,0,0,0,1,0,0,0,1,0,0,0,0,0,0,0,0,0,0,0,0,0,65203,51.9,3,0,24.393,2014,2,4,81,66
0,1,0,0,0,0,0,0,1,0,0,0,0,0,0,0,0,0,0,0,0,0,0,1,0,0,65203,64.96,2,0,2.5984,2014,2,4,81,66
0,1,0,0,0,0,0,0,1,0,0,0,0,0,0,0,0,0,0,0,0,0,0,0,1,0,57401,25.5,3,0,6.63,2017,11,3,1,12
1,0,0,0,1,0,0,1,0,0,0,0,0,0,1,0,0,0,0,0,0,0,0,0,0,0,98103,215.976,3,0.2,-2.6997,2017,9,0,428,506
0,0,1,0,0,0,0,0,0,0,0,0,0,0,1,0,0,0,0,0,0,0,0,0,0,0,48227,389.97,3,0,35.0973,2015,10,4,115,255
0,0,1,0,0,0,0,0,1,0,1,0,0,0,0,0,0,0,0,0,0,0,0,0,0,0,48227,269.91,5,0.1,53.982,2015,10,4,115,255
0,0,1,1,0,0,1,0,1,0,0,0,1,0,0,0,0,0,0,0,0,0,0,0,0,0,38109,11.673,3,0.7,-7.782,2017,11,7,30,183
0,0,1,1,0,0,1,0,1,0,0,0,0,0,0,0,1,0,0,0,0,0,0,0,0,0,38109,64.848,7,0.2,24.318,2017,11,7,30,183
0,0,0,0,1,0,0,1,0,0,0,0,0,0,0,0,0,0,1,0,0,0,0,0,0,0,89031,14.56,2,0,5.5328,2014,2,1,16,39
1,0,0,0,0,1,0,0,0,0,0,0,0,0,1,0,0,0,0,0,0,0,0,0,0,0,11520,102.582,1,0.1,6.8388,2015,9,0,10,1128
1,0,0,0,0,1,0,0,1,0,0,0,0,0,0,0,0,0,0,0,0,1,0,0,0,0,11520,20.04,3,0,9.6192,2015,9,0,10,1128
0,0,1,0,0,1,0,0,1,0,0,0,1,0,0,0,0,0,0,0,0,0,0,0,0,0,10035,32.088,7,0.2,11.2308,2017,8,7,915,1128
0,0,1,0,0,1,0,0,1,0,0,0,1,0,0,0,0,0,0,0,0,0,0,0,0,0,10035,4305.552,6,0.2,1453.1238,2017,8,7,915,1128
0,0,1,1,0,1,0,0,0,0,0,0,0,0,0,0,0,0,1,0,0,0,0,0,0,0,10024,10.02,3,0,4.4088,2016,5,5,915,1128
0,0,1,1,0,1,0,0,0,1,0,0,0,0,0,0,0,0,0,0,0,0,1,0,0,0,10024,631.96,4,0,303.3408,2016,5,5,915,1128
0,0,1,0,0,0,1,0,1,0,0,0,1,0,0,0,0,0,0,0,0,0,0,0,0,0,42420,1577.94,3,0,757.4112,2017,9,4,51,139
1,0,0,1,0,0,0,1,1,0,0,1,0,0,0,0,0,0,0,0,0,0,0,0,0,0,87105,255.85,7,0,112.574,2014,10,0,14,37
0,1,0,1,0,0,1,0,1,0,0,0,0,0,0,0,0,0,0,0,0,0,0,1,0,0,33445,184.704,6,0.2,13.8528,2016,5,3,3,383
0,1,0,1,0,0,1,0,0,1,0,0,0,0,0,0,0,0,0,0,0,0,0,0,0,0,33445,47.92,2,0.2,11.98,2016,5,3,3,383
0,0,1,0,0,1,0,0,1,0,0,0,0,0,0,0,0,0,0,1,0,0,0,0,0,0,19140,15.936,4,0.2,5.1792,2017,12,4,537,587
0,0,1,0,0,1,0,0,1,0,0,0,1,0,0,0,0,0,0,0,0,0,0,0,0,0,19140,8.001,7,0.7,-5.6007,2017,12,4,537,587
0,0,1,0,0,1,0,0,0,0,0,0,0,0,1,0,0,0,0,0,0,0,0,0,0,0,19140,398.972,2,0.3,-28.498,2017,12,4,537,587
0,0,1,0,1,0,0,1,0,0,0,0,0,1,0,0,0,0,0,0,0,0,0,0,0,0,98105,163.88,2,0,40.97,2016,9,4,428,506
0,0,1,0,0,0,1,0,1,0,1,0,0,0,0,0,0,0,0,0,0,0,0,0,0,0,23223,67.9,5,0,20.37,2017,9,4,90,224
0,0,1,0,0,0,1,0,1,0,0,0,0,0,0,0,0,0,0,0,0,1,0,0,0,0,33407,72.224,4,0.2,25.2784,2016,12,5,3,383
0,1,0,0,0,0,0,1,1,0,0,0,0,0,0,0,0,0,0,1,0,0,0,0,0,0,80525,11.696,2,0.2,3.9474,2017,9,2,7,182
0,0,1,1,0,0,0,0,0,0,0,0,0,0,1,0,0,0,0,0,0,0,0,0,0,0,53132,392.94,3,0,43.2234,2014,11,5,37,110
0,0,0,0,0,0,1,0,0,0,0,0,0,0,0,0,0,0,1,0,0,0,0,0,0,0,28110,18.176,1,0.2,4.7712,2015,11,3,21,249
0,0,1,0,1,0,0,0,1,0,0,0,1,0,0,0,0,0,0,0,0,0,0,0,0,0,75081,6.888,3,0.8,-11.0208,2017,6,7,157,985
0,0,1,0,1,0,0,0,0,0,0,0,0,0,0,0,0,0,0,0,0,0,0,0,0,1,75081,457.485,3,0.3,-84.9615,2017,6,7,157,985
0,0,0,0,0,1,0,0,0,0,0,0,0,0,1,0,0,0,0,0,0,0,0,0,0,0,19134,1079.316,6,0.3,-15.4188,2017,11,3,537,587
0,1,0,0,1,0,0,1,1,0,0,0,0,0,0,0,0,0,0,0,0,1,0,0,0,0,94109,48.91,1,0,22.9877,2014,4,3,510,2001
0,0,0,0,0,1,0,0,1,0,0,1,0,0,0,0,0,0,0,0,0,0,0,0,0,0,19901,9.84,3,0,2.8536,2014,9,2,19,96
0,0,0,0,0,1,0,0,1,0,0,0,1,0,0,0,0,0,0,0,0,0,0,0,0,0,19901,34.5,3,0,15.525,2014,9,2,19,96
1,0,0,1,0,0,0,0,1,0,0,0,1,0,0,0,0,0,0,0,0,0,0,0,0,0,76706,0.556,1,0.8,-0.9452,2017,3,0,6,985
0,1,0,0,0,1,0,0,1,0,0,0,1,0,0,0,0,0,0,0,0,0,0,0,0,0,21740,43.8,6,0,20.586,2017,11,4,1,105
0,0,1,1,0,1,0,0,1,0,0,0,0,0,0,0,0,0,0,0,0,1,0,0,0,0,44105,13.872,3,0.2,5.0286,2017,5,4,42,469
0,0,1,1,0,1,0,0,0,0,0,0,0,1,0,0,0,0,0,0,0,0,0,0,0,0,44105,115.96,4,0.5,-64.9376,2017,5,4,42,469
0,1,0,1,0,0,0,0,0,1,0,0,0,0,0,0,0,0,0,0,0,0,0,0,0,0,78501,41.424,2,0.2,8.2848,2015,4,4,19,985
0,1,0,1,0,0,0,0,0,1,0,0,0,0,0,0,0,0,0,0,0,0,1,0,0,0,78501,244.768,4,0.2,24.4768,2015,4,4,19,985
0,1,0,1,0,0,0,0,1,0,0,1,0,0,0,0,0,0,0,0,0,0,0,0,0,0,78501,74.352,3,0.2,6.5058,2015,4,4,19,985
0,1,0,1,0,0,0,0,1,0,0,0,1,0,0,0,0,0,0,0,0,0,0,0,0,0,78501,4.312,2,0.8,-6.8992,2015,4,4,19,985
0,1,0,1,0,0,0,0,0,0,0,0,0,0,1,0,0,0,0,0,0,0,0,0,0,0,78501,56.686,1,0.3,-20.245,2015,4,4,19,985
0,1,0,1,0,0,0,0,0,1,0,0,0,0,0,0,0,0,0,0,0,0,1,0,0,0,78501,97.968,2,0.2,6.123,2015,4,4,19,985
0,1,0,1,0,0,0,0,1,0,0,1,0,0,0,0,0,0,0,0,0,0,0,0,0,0,78501,7.872,3,0.2,0.8856,2015,4,4,19,985
0,1,0,1,0,0,0,0,1,0,0,0,0,0,0,0,0,0,0,0,0,1,0,0,0,0,78501,15.552,3,0.2,5.4432,2015,4,4,19,985
0,1,0,1,0,0,0,0,1,0,0,0,1,0,0,0,0,0,0,0,0,0,0,0,0,0,78501,1.476,1,0.8,-2.2878,2015,4,4,19,985
0,0,1,0,1,0,0,1,1,0,0,1,0,0,0,0,0,0,0,0,0,0,0,0,0,0,87505,8.4,5,0,2.184,2015,9,5,2,37
0,0,1,0,0,0,0,1,1,0,0,1,0,0,0,0,0,0,0,0,0,0,0,0,0,0,94110,6.56,2,0,1.9024,2014,3,5,510,2001
0,0,1,0,0,0,0,1,1,0,0,1,0,0,0,0,0,0,0,0,0,0,0,0,0,0,94110,14.88,2,0,3.72,2014,3,5,510,2001
0,0,1,0,0,0,0,1,0,1,0,0,0,0,0,0,0,0,0,0,0,0,0,0,0,0,94110,45.48,4,0,15.918,2014,3,5,510,2001
0,0,1,0,0,0,0,1,1,0,0,1,0,0,0,0,0,0,0,0,0,0,0,0,0,0,94110,25.44,6,0,9.9216,2014,3,5,510,2001
0,0,1,1,0,1,0,0,1,0,0,0,1,0,0,0,0,0,0,0,0,0,0,0,0,0,10024,146.688,8,0.2,45.84,2016,8,5,915,1128
0,0,1,0,0,0,0,0,1,0,0,0,0,0,0,0,0,0,0,1,0,0,0,0,0,0,75220,4.928,2,0.2,1.7248,2017,3,6,157,985
0,0,1,0,0,0,0,0,1,0,0,1,0,0,0,0,0,0,0,0,0,0,0,0,0,0,75220,63.488,4,0.2,4.7616,2017,3,6,157,985
1,0,0,1,0,0,0,0,1,0,0,0,0,0,0,0,0,0,0,0,0,0,0,1,0,0,48234,418.32,7,0,117.1296,2015,11,0,115,255
1,0,0,1,0,0,0,0,1,0,1,0,0,0,0,0,0,0,0,0,0,0,0,0,0,0,48234,123.858,2,0.1,46.7908,2015,11,0,115,255
0,0,1,0,0,1,0,0,0,1,0,0,0,0,0,0,0,0,0,0,0,0,1,0,0,0,19140,118.782,3,0.4,-27.7158,2016,4,4,537,587
0,0,1,0,0,1,0,0,1,0,0,0,0,0,0,0,0,0,0,0,0,0,0,0,1,0,19140,769.184,4,0.2,-163.4516,2016,4,4,537,587
0,0,1,0,0,0,0,0,0,1,0,0,0,0,0,0,0,0,0,0,0,0,0,0,0,0,75007,47.904,1,0.2,-2.994,2017,2,5,15,985
0,0,1,1,0,1,0,0,1,0,0,0,0,0,0,0,0,0,0,0,0,1,0,0,0,0,10009,13.36,2,0,6.4128,2017,7,5,915,1128
0,0,1,1,0,1,0,0,0,0,0,0,0,0,1,0,0,0,0,0,0,0,0,0,0,0,10009,163.764,2,0.1,25.4744,2017,7,5,915,1128
0,0,1,1,0,1,0,0,0,0,0,0,0,0,0,0,0,0,1,0,0,0,0,0,0,0,10009,183.92,4,0,31.2664,2017,7,5,915,1128
0,0,1,0,0,0,0,0,0,0,0,0,0,0,0,0,0,0,1,0,0,0,0,0,0,0,77041,11.376,3,0.6,-5.688,2016,11,4,377,985
0,0,1,0,0,0,0,0,0,0,0,0,0,0,0,0,0,0,1,0,0,0,0,0,0,0,77041,66.112,4,0.6,-84.2928,2016,11,4,377,985
0,0,1,0,0,0,0,1,1,0,0,0,0,0,0,0,0,0,0,0,0,1,0,0,0,0,90036,211.04,8,0,97.0784,2017,9,6,747,2001
0,0,1,0,0,0,0,1,0,0,0,0,0,0,1,0,0,0,0,0,0,0,0,0,0,0,90036,594.816,2,0.2,59.4816,2017,9,6,747,2001
0,0,1,0,0,0,0,1,1,0,0,0,1,0,0,0,0,0,0,0,0,0,0,0,0,0,90036,72.96,3,0.2,23.712,2017,9,6,747,2001
0,0,0,0,0,0,0,1,0,0,0,0,0,0,0,0,0,0,1,0,0,0,0,0,0,0,98026,80.96,4,0,34.8128,2017,9,3,14,506
0,0,0,0,0,0,0,1,0,1,0,0,0,0,0,0,0,0,0,0,0,0,1,0,0,0,98026,455.712,2,0.2,34.1784,2017,9,3,14,506
0,0,0,0,0,0,0,1,1,0,0,1,0,0,0,0,0,0,0,0,0,0,0,0,0,0,98026,25.98,1,0,7.2744,2017,9,3,14,506
0,0,0,0,0,0,0,1,1,0,1,0,0,0,0,0,0,0,0,0,0,0,0,0,0,0,94110,45.28,4,0,15.3952,2015,11,2,510,2001
0,0,1,0,0,1,0,0,1,0,0,0,0,0,0,0,1,0,0,0,0,0,0,0,0,0,10035,15.56,2,0,7.3132,2015,11,6,915,1128
0,0,1,1,0,0,0,1,0,1,0,0,0,0,0,0,0,0,0,0,0,0,1,0,0,0,97477,859.2,3,0.2,75.18,2016,9,4,163,124
0,1,0,0,0,0,1,0,1,0,1,0,0,0,0,0,0,0,0,0,0,0,0,0,0,0,40324,195.68,4,0,50.8768,2017,9,2,8,139
0,1,0,0,0,0,1,0,1,0,0,0,0,0,0,0,0,1,0,0,0,0,0,0,0,0,40324,14.2,4,0,6.674,2017,9,2,8,139
0,0,0,0,0,0,1,0,0,0,0,0,0,1,0,0,0,0,0,0,0,0,0,0,0,0,33065,314.352,3,0.2,-15.7176,2017,5,1,8,383
0,0,0,0,0,0,1,0,1,0,0,0,0,0,0,0,0,0,0,1,0,0,0,0,0,0,33065,4.608,2,0.2,1.4976,2017,5,1,8,383
0,0,1,1,0,0,0,1,1,0,0,0,0,0,0,0,0,1,0,0,0,0,0,0,0,0,94110,17.9,5,0,8.771,2017,9,4,510,2001
0,1,0,1,0,0,0,1,1,0,0,0,1,0,0,0,0,0,0,0,0,0,0,0,0,0,94110,2.992,1,0.2,1.122,2014,10,3,510,2001
0,1,0,1,0,0,0,1,1,0,0,0,1,0,0,0,0,0,0,0,0,0,0,0,0,0,94110,20.064,6,0.2,7.0224,2014,10,3,510,2001
0,1,0,1,0,0,0,1,1,0,0,0,0,0,0,0,0,0,0,0,0,1,0,0,0,0,94110,146.73,3,0,68.9631,2014,10,3,510,2001
0,1,0,1,0,0,0,1,1,0,0,0,0,0,0,0,0,0,0,1,0,0,0,0,0,0,94110,18.75,5,0,9,2014,10,3,510,2001
0,1,0,1,0,0,0,1,0,1,0,0,0,0,0,0,0,0,0,0,0,0,1,0,0,0,94110,117.576,3,0.2,11.7576,2014,10,3,510,2001
0,0,1,0,1,0,0,1,1,0,0,0,1,0,0,0,0,0,0,0,0,0,0,0,0,0,92503,51.184,7,0.2,19.194,2016,3,5,14,2001
0,0,0,0,1,1,0,0,0,0,0,0,0,0,0,0,0,0,0,0,0,0,0,0,0,1,45373,455.97,5,0.4,-106.393,2017,2,3,29,469
0,0,0,0,1,1,0,0,1,0,0,0,1,0,0,0,0,0,0,0,0,0,0,0,0,0,45373,5.715,5,0.7,-4.7625,2017,2,3,29,469
0,0,0,0,1,1,0,0,0,1,0,0,0,0,0,0,0,0,0,0,0,0,1,0,0,0,45373,57.594,1,0.4,-11.5188,2017,2,3,29,469
0,0,0,0,1,1,0,0,0,0,0,0,0,0,0,0,0,0,1,0,0,0,0,0,0,0,45373,30.144,2,0.2,8.2896,2017,2,3,29,469
0,0,0,0,1,1,0,0,0,0,0,0,0,0,1,0,0,0,0,0,0,0,0,0,0,0,45373,899.43,5,0.3,-12.849,2017,2,3,29,469
0,0,1,0,0,0,0,1,0,0,0,0,0,0,0,0,0,0,1,0,0,0,0,0,0,0,92553,842.72,8,0,202.2528,2016,12,6,10,2001
0,0,1,0,0,0,0,1,0,0,0,0,0,0,0,0,0,0,1,0,0,0,0,0,0,0,92553,41.96,2,0,10.9096,2016,12,6,10,2001
0,0,1,1,0,0,0,1,1,0,0,0,1,0,0,0,0,0,0,0,0,0,0,0,0,0,98115,13.216,4,0.2,4.4604,2016,9,4,428,506
0,0,1,1,0,0,0,1,0,0,0,0,0,0,1,0,0,0,0,0,0,0,0,0,0,0,98115,184.752,3,0.2,-20.7846,2016,9,4,428,506
0,0,0,0,0,0,0,0,0,0,0,0,0,0,1,0,0,0,0,0,0,0,0,0,0,0,60623,520.464,2,0.3,-14.8704,2017,9,2,314,492
0,0,0,0,0,0,0,0,1,0,0,0,0,0,0,0,0,0,0,0,0,1,0,0,0,0,60623,11.424,3,0.2,3.7128,2017,9,2,314,492
0,0,1,0,1,0,0,0,1,0,0,0,0,0,0,0,0,0,0,0,0,1,0,0,0,0,49201,19.44,3,0,9.3312,2015,12,4,82,255
0,0,1,0,1,0,0,0,1,0,0,1,0,0,0,0,0,0,0,0,0,0,0,0,0,0,49201,3.64,2,0,1.0192,2015,12,4,82,255
0,0,1,0,1,0,0,0,1,0,0,0,0,0,0,0,0,0,0,0,0,1,0,0,0,0,49201,18.54,2,0,8.7138,2015,12,4,82,255
0,1,0,1,0,1,0,0,1,0,0,0,1,0,0,0,0,0,0,0,0,0,0,0,0,0,10024,43.12,5,0.2,15.092,2016,1,3,915,1128
0,1,0,1,0,1,0,0,0,0,0,0,0,0,0,0,0,0,0,0,0,0,0,0,0,1,10024,313.722,3,0.4,-99.3453,2016,1,3,915,1128
0,1,0,1,0,1,0,0,0,0,0,0,0,0,0,0,0,0,1,0,0,0,0,0,0,0,10024,45.98,1,0,7.8166,2016,1,3,915,1128
0,1,0,1,0,1,0,0,1,0,0,0,0,0,0,0,0,0,0,0,0,0,0,1,0,0,10024,428.68,7,0,0,2016,1,3,915,1128
0,0,1,0,1,0,0,1,1,0,0,0,1,0,0,0,0,0,0,0,0,0,0,0,0,0,98105,30.576,6,0.2,10.3194,2017,3,4,428,506
0,0,1,0,1,0,0,1,1,0,0,0,0,0,0,0,0,1,0,0,0,0,0,0,0,0,98105,13.02,7,0,0.3906,2017,3,4,428,506
0,0,1,0,1,0,0,1,0,0,0,0,0,0,0,0,0,0,1,0,0,0,0,0,0,0,98105,22.14,3,0,6.4206,2017,3,4,428,506
0,0,1,0,1,0,0,1,1,0,0,0,0,0,0,0,0,0,0,0,0,0,0,1,0,0,98105,359.32,4,0,7.1864,2017,3,4,428,506
0,0,0,0,0,0,0,0,1,0,0,0,0,0,0,0,0,0,0,0,0,1,0,0,0,0,63301,11.56,2,0,5.6644,2014,8,3,10,66
0,0,1,0,0,1,0,0,1,0,0,0,1,0,0,0,0,0,0,0,0,0,0,0,0,0,11561,68.48,2,0.2,25.68,2014,6,5,61,1128
0,0,1,0,0,1,0,0,1,0,0,0,0,0,0,0,0,0,0,0,0,0,0,1,0,0,11561,1676.88,6,0,83.844,2014,6,5,61,1128
0,0,0,1,0,1,0,0,1,0,0,0,0,0,0,0,0,0,0,0,0,1,0,0,0,0,8701,37.94,2,0,18.2112,2016,4,2,49,130
0,1,0,1,0,1,0,0,0,0,0,0,0,0,1,0,0,0,0,0,0,0,0,0,0,0,20735,272.97,3,0,43.6752,2017,11,2,29,105
0,0,0,1,0,1,0,0,0,0,0,0,0,0,0,0,0,0,1,0,0,0,0,0,0,0,43229,41.568,4,0.2,-4.1568,2015,5,2,222,469
0,0,0,1,0,1,0,0,0,0,0,0,0,0,1,0,0,0,0,0,0,0,0,0,0,0,43229,317.058,3,0.3,-86.0586,2015,5,2,222,469
0,0,0,1,0,1,0,0,1,0,0,0,0,0,0,0,0,1,0,0,0,0,0,0,0,0,43229,8.04,5,0.2,2.9145,2015,5,2,222,469
0,0,1,0,0,0,0,1,0,1,0,0,0,0,0,0,0,0,0,0,0,0,1,0,0,0,91104,419.944,7,0.2,52.493,2017,5,4,42,2001
0,0,1,1,0,0,0,1,1,0,0,0,0,0,0,0,0,0,0,0,0,0,0,0,1,0,98105,61.38,6,0,15.9588,2016,6,4,428,506
0,1,0,0,0,0,0,1,0,1,0,0,0,0,0,0,0,0,0,0,0,0,0,0,0,0,90045,50,2,0,10.5,2015,12,5,747,2001
0,0,1,0,0,1,0,0,0,1,0,0,0,0,0,0,0,0,0,0,0,0,0,0,0,0,7017,31.8,3,0,13.674,2017,12,4,5,130
0,0,1,1,0,0,0,0,1,0,0,0,0,0,0,0,0,0,0,0,0,0,0,1,0,0,54703,32.56,2,0,8.4656,2017,12,4,6,110
0,0,1,0,0,0,0,0,1,0,0,0,0,0,0,0,1,0,0,0,0,0,0,0,0,0,60610,7.072,2,0.2,2.3868,2016,5,5,314,492
0,1,0,0,0,0,1,0,1,0,0,0,0,0,0,0,0,0,0,0,0,1,0,0,0,0,33614,45.528,3,0.2,15.9348,2014,12,4,36,383
0,1,0,0,0,0,1,0,0,0,0,0,0,0,1,0,0,0,0,0,0,0,0,0,0,0,33614,64.784,1,0.2,6.4784,2014,12,4,36,383
0,1,0,0,0,0,1,0,1,0,0,0,0,0,0,0,0,0,0,0,0,0,0,1,0,0,33614,424.272,2,0.2,-10.6068,2014,12,4,36,383
0,1,0,0,0,0,1,0,1,0,0,1,0,0,0,0,0,0,0,0,0,0,0,0,0,0,33614,1.344,1,0.2,0.504,2014,12,4,36,383
0,1,0,0,0,0,1,0,1,0,0,0,0,0,0,0,0,0,0,0,0,0,0,1,0,0,33614,83.92,5,0.2,-1.049,2014,12,4,36,383
0,0,1,0,1,1,0,0,1,0,0,0,0,0,0,0,0,0,0,0,0,1,0,0,0,0,10009,25.92,4,0,12.4416,2017,8,5,915,1128
0,0,1,0,0,0,0,1,0,0,0,0,0,0,0,0,0,0,1,0,0,0,0,0,0,0,85204,120.576,8,0.2,33.1584,2017,8,4,28,224
0,0,1,0,0,1,0,0,1,0,0,0,0,0,0,0,0,0,0,0,0,1,0,0,0,0,5408,79.92,4,0,37.5624,2017,1,4,25,11
0,0,1,0,0,1,0,0,1,0,0,0,0,0,0,0,0,0,0,0,0,1,0,0,0,0,5408,12.28,1,0,5.7716,2017,1,4,25,11
0,0,1,0,0,1,0,0,1,0,1,0,0,0,0,0,0,0,0,0,0,0,0,0,0,0,5408,542.94,3,0,152.0232,2017,1,4,25,11
0,0,1,0,0,1,0,0,1,0,0,0,0,0,0,0,1,0,0,0,0,0,0,0,0,0,5408,2.04,1,0,0.9588,2017,1,4,25,11
0,0,1,0,1,0,0,0,1,0,0,0,0,0,0,0,0,0,0,0,0,0,0,1,0,0,77070,228.92,5,0.2,14.3075,2015,6,5,377,985
0,0,0,1,0,0,0,0,0,1,0,0,0,0,0,0,0,0,0,0,0,0,1,0,0,0,60505,7.992,1,0.2,2.5974,2017,3,3,68,492
1,0,0,1,0,0,0,1,0,0,0,0,0,0,1,0,0,0,0,0,0,0,0,0,0,0,80219,582.336,8,0.2,-29.1168,2015,10,0,44,182
0,0,0,0,0,1,0,0,0,1,0,0,0,0,0,0,0,0,0,0,0,0,1,0,0,0,10011,629.95,5,0,157.4875,2014,9,3,915,1128
0,0,0,0,0,1,0,0,0,0,0,0,0,0,1,0,0,0,0,0,0,0,0,0,0,0,10011,631.782,2,0.1,140.396,2014,9,3,915,1128
0,0,0,0,0,1,0,0,0,0,0,0,0,1,0,0,0,0,0,0,0,0,0,0,0,0,10011,801.568,2,0.2,-10.0196,2014,9,3,915,1128
0,0,0,0,0,1,0,0,1,0,0,0,0,0,0,0,0,0,0,1,0,0,0,0,0,0,10011,75.18,6,0,35.3346,2014,9,3,915,1128
0,0,0,0,0,1,0,0,1,0,1,0,0,0,0,0,0,0,0,0,0,0,0,0,0,0,10011,30.98,1,0,8.0548,2014,9,3,915,1128
0,0,0,0,0,1,0,0,0,1,0,0,0,0,0,0,0,0,0,0,0,0,1,0,0,0,10011,1349.91,9,0,661.4559,2014,9,3,915,1128
0,0,1,0,0,0,0,0,1,0,0,1,0,0,0,0,0,0,0,0,0,0,0,0,0,0,60004,14.112,6,0.2,1.2348,2016,11,4,1,492
0,0,1,0,0,0,1,0,1,0,0,0,0,0,0,0,1,0,0,0,0,0,0,0,0,0,23602,31.12,4,0,14.6264,2015,9,5,12,224
0,0,1,0,0,0,0,1,0,0,0,0,0,0,0,0,0,0,1,0,0,0,0,0,0,0,85705,4.272,2,0.2,0.9612,2014,6,4,32,224
0,1,0,0,0,1,0,0,0,0,0,0,0,0,0,0,0,0,0,0,0,0,0,0,0,1,10024,209.148,2,0.4,-66.2302,2016,8,5,915,1128
0,1,0,0,0,1,0,0,1,0,0,0,0,0,0,0,0,0,0,0,0,0,0,1,0,0,10024,1591.02,6,0,286.3836,2016,8,5,915,1128
0,0,1,1,0,1,0,0,1,0,0,0,0,0,0,0,0,1,0,0,0,0,0,0,0,0,19134,7.92,5,0.2,1.683,2017,4,4,537,587
0,0,0,0,1,0,0,0,0,1,0,0,0,0,0,0,0,0,0,0,1,0,0,0,0,0,60653,574.91,2,0.3,156.047,2014,3,3,314,492
0,0,0,0,1,0,0,0,1,0,0,0,0,0,0,0,0,0,0,0,0,1,0,0,0,0,60653,8.448,2,0.2,2.64,2014,3,3,314,492
0,1,0,0,0,1,0,0,0,1,0,0,0,0,0,0,0,0,0,0,0,0,0,0,0,0,10035,1071,9,0,171.36,2017,9,2,915,1128
0,1,0,0,0,1,0,0,0,0,0,0,0,0,0,0,0,0,1,0,0,0,0,0,0,0,10035,12.07,1,0,3.9831,2017,9,2,915,1128
0,0,0,0,0,1,0,0,1,0,0,0,1,0,0,0,0,0,0,0,0,0,0,0,0,0,19143,3.273,1,0.7,-2.5093,2017,12,3,537,587
0,0,0,0,0,1,0,0,0,0,0,0,0,0,0,0,0,0,1,0,0,0,0,0,0,0,19143,87.92,5,0.2,15.386,2017,12,3,537,587
0,1,0,1,0,0,0,1,1,0,0,0,0,0,0,0,0,0,0,0,0,0,0,1,0,0,85301,104.696,1,0.2,6.5435,2016,3,4,23,224
0,0,0,0,0,0,0,1,0,0,0,0,0,0,1,0,0,0,0,0,0,0,0,0,0,0,90036,2803.92,5,0.2,0,2015,1,2,747,2001
0,0,0,1,0,0,0,0,1,0,0,0,1,0,0,0,0,0,0,0,0,0,0,0,0,0,77041,6.816,2,0.8,-11.5872,2016,9,1,377,985
0,0,1,0,0,0,0,1,0,1,0,0,0,0,0,0,0,0,0,0,0,0,1,0,0,0,98115,249.584,2,0.2,15.599,2015,10,4,428,506
0,0,1,0,0,0,0,1,1,0,0,0,0,0,0,0,0,0,0,0,0,1,0,0,0,0,98115,17.94,3,0,8.7906,2015,10,4,428,506
0,0,1,0,0,0,0,1,0,0,0,0,0,0,0,0,0,0,1,0,0,0,0,0,0,0,98115,10.11,3,0,3.2352,2015,10,4,428,506
0,0,1,0,1,0,1,0,1,0,0,0,0,0,0,0,0,0,0,0,0,1,0,0,0,0,28314,10.368,2,0.2,3.6288,2014,10,5,41,249
0,0,1,0,1,0,1,0,1,0,0,0,0,0,0,0,0,0,0,0,0,1,0,0,0,0,28314,11.952,3,0.2,4.0338,2014,10,5,41,249
0,1,0,1,0,0,0,0,1,0,1,0,0,0,0,0,0,0,0,0,0,0,0,0,0,0,77041,15.224,2,0.8,-38.8212,2017,10,2,377,985
0,1,0,1,0,0,0,0,1,0,1,0,0,0,0,0,0,0,0,0,0,0,0,0,0,0,77041,21.984,6,0.8,-56.0592,2017,10,2,377,985
0,0,1,1,0,0,0,1,0,1,0,0,0,0,0,0,0,0,0,0,0,0,1,0,0,0,94122,604.752,6,0.2,60.4752,2014,7,4,510,2001
0,0,1,1,0,0,0,1,1,0,0,0,0,0,0,0,0,0,0,0,0,0,0,0,1,0,94122,40.7,5,0,11.803,2014,7,4,510,2001
0,0,1,1,0,0,0,1,0,1,0,0,0,0,0,0,0,0,0,0,0,0,1,0,0,0,94122,302.376,3,0.2,37.797,2014,7,4,510,2001
0,0,1,1,0,0,0,1,0,1,0,0,0,0,0,0,0,0,0,0,0,0,0,0,0,0,94122,45,3,0,4.95,2014,7,4,510,2001
0,1,0,0,0,1,0,0,0,0,0,0,0,0,1,0,0,0,0,0,0,0,0,0,0,0,10035,3785.292,6,0.1,420.588,2014,9,5,915,1128
0,0,1,0,0,0,0,1,1,0,0,1,0,0,0,0,0,0,0,0,0,0,0,0,0,0,98105,35.4,5,0,13.452,2016,9,5,428,506
0,0,1,1,0,1,0,0,0,0,0,0,0,0,0,0,0,0,1,0,0,0,0,0,0,0,14215,199.9,5,0,39.98,2014,11,4,10,1128
0,0,1,1,0,0,0,0,0,0,0,0,0,0,1,0,0,0,0,0,0,0,0,0,0,0,77340,1212.96,8,0.3,-69.312,2014,5,5,36,985
0,0,1,1,0,0,0,0,0,1,0,0,0,0,0,0,0,0,0,0,0,0,1,0,0,0,75081,1099.96,5,0.2,82.497,2015,8,4,157,985
0,0,1,1,0,0,0,0,0,0,0,0,0,0,0,0,0,0,0,0,0,0,0,0,0,1,75081,103.481,1,0.3,-16.2613,2015,8,4,157,985
1,0,0,0,1,1,0,0,1,0,0,0,0,0,0,0,0,0,0,1,0,0,0,0,0,0,19134,5.904,2,0.2,1.9926,2015,6,0,537,587
0,0,1,0,0,0,0,1,0,1,0,0,0,0,0,0,0,0,0,0,0,0,0,0,0,0,85345,30.08,2,0.2,-5.264,2015,8,6,23,224
0,0,1,0,0,0,0,1,1,0,0,0,0,0,0,0,0,0,0,0,0,1,0,0,0,0,85345,36.288,7,0.2,12.7008,2015,8,6,23,224
0,0,1,0,0,0,0,1,1,0,0,1,0,0,0,0,0,0,0,0,0,0,0,0,0,0,85345,10.272,3,0.2,1.1556,2015,8,6,23,224
0,0,1,0,0,0,0,1,0,1,0,0,0,0,0,0,0,0,0,0,0,0,0,0,0,0,85345,252.8,4,0.2,-31.6,2015,8,6,23,224
1,0,0,0,0,1,0,0,1,0,0,0,1,0,0,0,0,0,0,0,0,0,0,0,0,0,19143,2.946,2,0.7,-2.0622,2015,9,0,537,587
0,0,1,0,0,0,0,1,1,0,0,0,0,0,0,0,0,0,0,0,0,1,0,0,0,0,92054,12.96,2,0,6.2208,2017,5,5,30,2001
0,0,1,0,0,1,0,0,0,1,0,0,0,0,0,0,0,0,0,0,0,0,1,0,0,0,19134,285.576,4,0.4,-57.1152,2017,7,5,537,587
0,0,1,1,0,0,0,0,1,0,0,0,0,0,0,0,0,0,0,0,0,0,0,0,1,0,60623,22.24,2,0.2,2.502,2014,10,5,314,492
0,0,1,0,0,1,0,0,1,0,0,0,0,0,0,0,0,0,0,0,0,1,0,0,0,0,10035,14.62,2,0,6.7252,2014,5,4,915,1128
0,1,0,0,0,1,0,0,1,0,1,0,0,0,0,0,0,0,0,0,0,0,0,0,0,0,44240,48.36,5,0.2,6.045,2014,12,2,13,469
0,0,1,0,1,0,1,0,1,0,0,1,0,0,0,0,0,0,0,0,0,0,0,0,0,0,32216,16.256,2,0.2,1.2192,2017,4,4,125,383
0,0,1,0,1,0,1,0,0,1,0,0,0,0,0,0,0,0,0,0,0,0,1,0,0,0,32216,219.184,2,0.2,19.1786,2017,4,4,125,383
0,0,0,1,0,0,0,0,0,1,0,0,0,0,0,0,0,0,0,0,0,0,1,0,0,0,75019,95.84,4,0.2,34.742,2015,3,1,4,985
0,0,1,0,0,0,0,0,1,0,0,0,0,0,0,0,0,0,0,1,0,0,0,0,0,0,46203,12.39,3,0,5.6994,2015,5,5,23,149
0,0,1,0,0,0,0,0,1,0,0,0,0,0,0,0,0,0,0,0,0,1,0,0,0,0,46226,35.88,6,0,16.146,2016,9,6,44,149
0,0,1,0,0,0,0,0,0,0,0,0,0,0,0,0,0,0,1,0,0,0,0,0,0,0,74133,477.3,5,0,138.417,2017,5,7,26,66
0,0,1,0,1,0,0,1,1,0,0,0,0,0,0,0,0,0,0,1,0,0,0,0,0,0,98052,12.32,4,0,5.9136,2016,9,6,11,506
0,0,1,0,0,0,0,1,1,0,0,0,1,0,0,0,0,0,0,0,0,0,0,0,0,0,94109,8.608,2,0.2,3.0128,2014,9,5,510,2001
0,0,1,0,1,0,0,1,1,0,0,0,0,0,0,0,0,0,0,0,0,0,0,1,0,0,99207,136.26,9,0,5.4504,2017,6,4,7,506
0,0,1,1,0,0,0,1,1,0,1,0,0,0,0,0,0,0,0,0,0,0,0,0,0,0,90032,186.15,3,0,55.845,2015,9,7,747,2001
0,0,1,1,0,0,0,1,1,0,0,0,1,0,0,0,0,0,0,0,0,0,0,0,0,0,90032,81.792,6,0.2,26.5824,2015,9,7,747,2001
0,0,1,1,0,0,0,1,1,0,0,0,0,0,0,0,0,0,0,0,0,0,0,0,1,0,90032,47.19,3,0,13.6851,2015,9,7,747,2001
0,0,1,1,0,0,0,1,0,1,0,0,0,0,0,0,0,0,0,0,0,0,1,0,0,0,90032,36.784,2,0.2,-8.2764,2015,9,7,747,2001
0,1,0,0,1,0,1,0,0,1,0,0,0,0,0,0,0,0,0,0,1,0,0,0,0,0,37421,91.475,1,0.5,-1.8295,2016,6,3,10,183
0,0,1,1,0,0,1,0,0,1,0,0,0,0,0,0,0,0,0,0,0,0,0,0,0,0,27405,27.192,3,0.2,0.3399,2017,5,7,13,249
0,0,1,1,0,0,1,0,1,0,0,0,1,0,0,0,0,0,0,0,0,0,0,0,0,0,27405,12.06,5,0.7,-10.05,2017,5,7,13,249
0,0,1,0,0,0,0,1,1,0,0,1,0,0,0,0,0,0,0,0,0,0,0,0,0,0,94122,144.6,3,0,41.934,2014,10,5,510,2001
0,0,1,0,0,0,0,1,0,1,0,0,0,0,0,0,0,0,0,0,0,0,1,0,0,0,94122,15.992,1,0.2,-2.9985,2014,10,5,510,2001
0,1,0,0,1,1,0,0,1,0,0,0,0,0,0,0,0,0,0,0,0,1,0,0,0,0,10024,34.44,3,0,17.22,2014,11,5,915,1128
0,0,1,0,1,0,0,1,0,1,0,0,0,0,0,0,0,0,0,0,0,0,1,0,0,0,90712,321.552,6,0.2,20.097,2014,10,5,49,2001
0,1,0,1,0,0,1,0,0,0,0,0,0,0,1,0,0,0,0,0,0,0,0,0,0,0,40214,701.96,2,0,168.4704,2017,11,5,57,139
0,0,0,0,0,1,0,0,1,0,0,1,0,0,0,0,0,0,0,0,0,0,0,0,0,0,43229,19.456,4,0.2,3.4048,2014,2,4,222,469
0,0,1,0,0,1,0,0,1,0,0,0,0,0,0,0,0,0,0,1,0,0,0,0,0,0,19711,17.28,6,0,7.9488,2014,12,4,95,96
0,0,1,1,0,0,0,1,0,0,0,0,0,0,0,0,0,0,1,0,0,0,0,0,0,0,98115,31.96,2,0,1.598,2016,11,4,428,506
0,1,0,0,0,1,0,0,1,0,0,0,1,0,0,0,0,0,0,0,0,0,0,0,0,0,10024,164.688,6,0.2,55.5822,2017,11,5,915,1128
0,1,0,0,0,1,0,0,0,0,0,0,0,0,0,0,0,0,0,0,0,0,0,0,0,1,10024,166.5,2,0.4,-66.6,2017,11,5,915,1128
0,1,0,0,0,1,0,0,1,0,0,0,0,0,0,0,0,0,0,0,0,1,0,0,0,0,10024,12.96,2,0,6.2208,2017,11,5,915,1128
0,1,0,0,0,1,0,0,1,0,0,0,0,0,0,0,0,0,0,0,0,1,0,0,0,0,10024,110.96,2,0,53.2608,2017,11,5,915,1128
0,1,0,0,0,1,0,0,0,1,0,0,0,0,0,0,0,0,0,0,0,0,1,0,0,0,10024,99.98,2,0,3.9992,2017,11,5,915,1128
0,1,0,0,0,1,0,0,1,0,0,0,1,0,0,0,0,0,0,0,0,0,0,0,0,0,10024,11.424,1,0.2,3.7128,2017,11,5,915,1128
0,1,0,0,0,1,0,0,0,0,0,0,0,0,1,0,0,0,0,0,0,0,0,0,0,0,10024,128.124,2,0.1,24.2012,2017,11,5,915,1128
0,1,0,0,0,1,0,0,0,0,0,0,0,0,0,0,0,0,1,0,0,0,0,0,0,0,10024,101.4,5,0,38.532,2017,11,5,915,1128
0,1,0,1,0,0,0,0,1,0,0,0,0,0,0,0,0,0,0,1,0,0,0,0,0,0,60653,5.904,2,0.2,1.9926,2015,5,5,314,492
0,1,0,1,0,0,0,0,1,0,0,0,0,0,0,0,0,0,0,0,0,1,0,0,0,0,60653,173.488,7,0.2,54.215,2015,5,5,314,492
0,1,0,1,0,0,0,0,0,0,0,0,0,0,0,0,0,0,1,0,0,0,0,0,0,0,60653,51.56,2,0.6,-61.872,2015,5,5,314,492
0,1,0,1,0,0,0,0,1,0,0,0,1,0,0,0,0,0,0,0,0,0,0,0,0,0,60653,3.564,3,0.8,-6.237,2015,5,5,314,492
0,0,1,0,0,0,0,0,1,0,0,0,0,0,0,0,0,1,0,0,0,0,0,0,0,0,60543,13.16,5,0.2,4.1125,2014,9,7,3,492
0,0,1,0,0,0,0,0,1,0,0,0,1,0,0,0,0,0,0,0,0,0,0,0,0,0,60543,3.828,3,0.8,-6.5076,2014,9,7,3,492
0,0,1,0,0,0,0,0,1,0,0,0,1,0,0,0,0,0,0,0,0,0,0,0,0,0,60543,304.99,5,0.8,-533.7325,2014,9,7,3,492
0,0,1,0,0,0,0,0,1,0,0,0,0,0,0,0,0,0,0,0,0,0,0,1,0,0,75220,18.16,2,0.2,1.816,2017,11,6,157,985
0,1,0,0,1,1,0,0,0,1,0,0,0,0,0,0,0,0,0,0,0,0,0,0,0,0,19134,319.984,2,0.2,91.9954,2015,6,4,537,587
0,0,1,0,1,0,0,1,1,0,0,1,0,0,0,0,0,0,0,0,0,0,0,0,0,0,90008,19.68,6,0,6.4944,2014,7,6,747,2001
0,1,0,1,0,0,0,0,0,0,0,0,0,1,0,0,0,0,0,0,0,0,0,0,0,0,77036,781.864,10,0.32,-137.976,2016,12,2,377,985
0,1,0,1,0,0,0,0,1,0,0,0,0,0,0,0,0,0,0,0,0,1,0,0,0,0,77036,30.816,9,0.2,9.63,2016,12,2,377,985
1,0,0,0,0,1,0,0,0,0,0,0,0,0,0,0,0,0,0,0,0,0,0,0,0,1,26003,673.344,3,0.3,-76.9536,2017,10,0,7,4
0,0,0,1,0,1,0,0,1,0,0,0,0,0,0,0,0,1,0,0,0,0,0,0,0,0,7501,6.54,3,0,2.1582,2017,12,2,20,130
0,0,0,0,0,0,0,1,0,1,0,0,0,0,0,0,0,0,0,0,0,0,1,0,0,0,97206,572.8,2,0.2,50.12,2015,10,3,24,124
0,0,1,1,0,0,1,0,1,0,0,1,0,0,0,0,0,0,0,0,0,0,0,0,0,0,35810,197.05,7,0,59.115,2016,8,6,36,61
0,0,1,0,0,0,0,1,1,0,0,0,1,0,0,0,0,0,0,0,0,0,0,0,0,0,94110,2022.272,8,0.2,682.5168,2017,1,4,510,2001
0,0,1,0,0,0,0,1,1,0,0,1,0,0,0,0,0,0,0,0,0,0,0,0,0,0,94110,9.12,3,0,3.1008,2017,1,4,510,2001
1,0,0,0,0,0,0,0,1,0,0,0,1,0,0,0,0,0,0,0,0,0,0,0,0,0,73120,38.16,9,0,19.08,2017,11,0,23,66
0,0,1,1,0,0,0,0,0,0,0,0,0,0,0,0,0,0,0,0,0,0,0,0,0,1,74012,1592.85,7,0,350.427,2016,1,5,5,66
0,0,1,1,0,0,0,0,1,0,0,0,1,0,0,0,0,0,0,0,0,0,0,0,0,0,74012,11.88,2,0,5.346,2016,1,5,5,66
0,0,1,0,0,0,0,1,0,1,0,0,0,0,0,0,0,0,0,0,0,0,0,0,0,0,92691,120,6,0,46.8,2016,5,4,5,2001
0,0,1,0,0,0,0,1,1,0,1,0,0,0,0,0,0,0,0,0,0,0,0,0,0,0,92691,8.67,1,0,2.3409,2016,5,4,5,2001
0,0,0,0,1,0,0,0,1,0,0,0,0,0,0,0,0,0,0,0,0,1,0,0,0,0,46142,4.41,1,0,2.0286,2017,11,2,4,149
0,0,0,0,1,0,0,0,1,0,0,0,0,0,0,0,0,0,0,0,0,1,0,0,0,0,46142,167.94,3,0,82.2906,2017,11,2,4,149
0,0,0,0,1,0,0,0,1,0,0,0,0,0,0,0,0,0,0,0,0,1,0,0,0,0,46142,67.8,10,0,31.188,2017,11,2,4,149
0,0,1,0,0,0,0,0,0,0,0,0,0,0,0,0,0,0,1,0,0,0,0,0,0,0,53209,26.94,3,0,11.3148,2016,5,4,45,110
0,0,1,0,0,0,0,1,0,0,0,0,0,0,0,0,0,0,1,0,0,0,0,0,0,0,94109,32.04,3,0,8.01,2015,11,4,510,2001
0,0,1,0,0,1,0,0,1,0,0,1,0,0,0,0,0,0,0,0,0,0,0,0,0,0,13440,32.13,9,0,8.3538,2016,4,7,6,1128
0,0,1,0,0,1,0,0,1,0,0,1,0,0,0,0,0,0,0,0,0,0,0,0,0,0,13440,2.88,1,0,0.8064,2016,4,7,6,1128
0,0,1,1,0,1,0,0,0,1,0,0,0,0,0,0,0,0,0,0,0,0,1,0,0,0,10009,1091.93,7,0,272.9825,2016,10,4,915,1128
0,0,1,1,0,1,0,0,1,0,0,0,0,0,0,0,0,0,0,0,0,1,0,0,0,0,10009,111.96,2,0,54.8604,2016,10,4,915,1128
0,1,0,0,0,0,0,0,1,0,0,1,0,0,0,0,0,0,0,0,0,0,0,0,0,0,48127,26.7,2,0,7.476,2014,4,2,6,255
0,1,0,0,0,0,0,0,1,0,0,0,1,0,0,0,0,0,0,0,0,0,0,0,0,0,48127,40.2,5,0,18.09,2014,4,2,6,255
0,1,0,0,0,0,0,0,1,0,0,1,0,0,0,0,0,0,0,0,0,0,0,0,0,0,48127,13.89,3,0,4.5837,2014,4,2,6,255
0,1,0,0,0,0,0,0,1,0,0,0,0,0,0,0,0,0,0,0,0,0,0,1,0,0,48127,689.82,6,0,20.6946,2014,4,2,6,255
0,0,1,0,0,1,0,0,1,0,0,1,0,0,0,0,0,0,0,0,0,0,0,0,0,0,10024,38.34,9,0,15.7194,2016,8,5,915,1128
0,0,0,1,0,0,0,0,1,0,0,0,1,0,0,0,0,0,0,0,0,0,0,0,0,0,60623,9.264,3,0.8,-13.896,2014,12,2,314,492
0,1,0,0,0,0,0,0,0,0,0,0,0,1,0,0,0,0,0,0,0,0,0,0,0,0,75217,204.6664,1,0.32,-6.0196,2017,5,4,157,985
0,0,1,0,0,0,0,0,0,1,0,0,0,0,0,0,0,0,0,0,0,0,0,0,0,0,54915,1649.75,5,0,544.4175,2016,10,5,2,110
0,0,1,0,1,0,1,0,1,0,0,0,0,0,0,0,0,0,0,0,0,1,0,0,0,0,32216,91.056,6,0.2,31.8696,2014,3,4,125,383
0,0,1,0,0,0,0,0,1,0,0,1,0,0,0,0,0,0,0,0,0,0,0,0,0,0,60653,54.208,14,0.2,8.8088,2014,2,7,314,492
0,1,0,0,0,1,0,0,0,1,0,0,0,0,0,0,0,0,0,0,0,0,1,0,0,0,43402,26.982,3,0.4,4.0473,2015,8,2,10,469
0,1,0,0,0,1,0,0,1,0,0,0,0,0,0,0,0,0,0,1,0,0,0,0,0,0,43402,6.912,3,0.2,2.5056,2015,8,2,10,469
0,1,0,0,0,1,0,0,1,0,0,0,0,0,0,0,0,0,0,0,0,0,0,1,0,0,43402,435.504,3,0.2,48.9942,2015,8,2,10,469
0,1,0,0,0,0,0,1,1,0,1,0,0,0,0,0,0,0,0,0,0,0,0,0,0,0,94110,81.08,4,0,22.7024,2017,5,4,510,2001
0,0,1,1,0,0,0,1,1,0,0,0,0,0,0,0,0,0,0,0,0,0,0,1,0,0,90049,93.02,2,0,3.7208,2016,2,5,747,2001
0,0,1,0,0,0,0,0,0,1,0,0,0,0,0,0,0,0,0,0,0,0,1,0,0,0,60623,323.976,3,0.2,36.4473,2014,12,6,314,492
0,0,1,0,0,0,0,0,1,0,0,0,0,0,0,0,0,0,0,0,0,1,0,0,0,0,60623,15.552,3,0.2,5.4432,2014,12,6,314,492
0,0,1,0,0,0,0,0,1,0,0,0,0,0,0,0,0,0,0,0,0,0,0,1,0,0,60623,32.592,3,0.2,-7.7406,2014,12,6,314,492
0,0,0,0,1,0,0,1,1,0,0,0,1,0,0,0,0,0,0,0,0,0,0,0,0,0,98115,83.92,5,0.2,29.372,2017,12,1,428,506
0,0,0,0,1,0,0,1,0,0,0,0,0,0,0,0,0,0,1,0,0,0,0,0,0,0,98115,199.9,5,0,39.98,2017,12,1,428,506
0,0,0,0,1,0,0,1,0,1,0,0,0,0,0,0,0,0,0,0,0,0,1,0,0,0,98115,31.176,3,0.2,-7.0146,2017,12,1,428,506
0,0,0,0,1,0,0,1,1,0,0,0,1,0,0,0,0,0,0,0,0,0,0,0,0,0,98115,172.752,6,0.2,60.4632,2017,12,1,428,506
0,0,0,0,1,0,0,1,1,0,0,0,1,0,0,0,0,0,0,0,0,0,0,0,0,0,98115,9.296,2,0.2,3.0212,2017,12,1,428,506
1,0,0,1,0,0,0,0,1,0,0,0,0,0,0,0,0,0,0,0,0,0,0,1,0,0,77705,12.768,2,0.2,0.9576,2017,3,1,5,985
0,0,1,0,1,0,0,1,1,0,0,0,0,0,0,0,0,0,0,0,0,1,0,0,0,0,98103,52.76,2,0,24.2696,2017,7,4,428,506
0,0,1,0,1,0,0,0,1,0,0,0,0,0,0,0,0,0,0,0,0,0,0,1,0,0,75217,55.616,2,0.2,5.5616,2017,10,5,157,985
0,0,1,0,0,1,0,0,0,0,0,0,0,0,1,0,0,0,0,0,0,0,0,0,0,0,10011,427.644,14,0.1,80.7772,2016,10,4,915,1128
0,0,1,0,0,1,0,0,1,0,0,0,0,0,0,0,0,1,0,0,0,0,0,0,0,0,10011,40.67,7,0,12.6077,2016,10,4,915,1128
0,0,1,0,0,1,0,0,1,0,0,0,0,0,0,0,0,0,0,0,0,0,0,1,0,0,10011,33.48,2,0,1.3392,2016,10,4,915,1128
0,0,1,0,0,1,0,0,1,0,0,0,1,0,0,0,0,0,0,0,0,0,0,0,0,0,10011,9.728,2,0.2,3.2832,2016,10,4,915,1128
0,1,0,0,0,0,0,0,0,0,0,0,0,0,0,0,0,0,1,0,0,0,0,0,0,0,60610,8.856,3,0.6,-6.8634,2017,6,2,314,492
0,0,0,1,0,0,0,1,0,0,0,0,0,1,0,0,0,0,0,0,0,0,0,0,0,0,94110,477.666,2,0.15,84.294,2016,9,2,510,2001
0,0,0,0,0,1,0,0,1,0,0,0,0,0,0,0,0,0,0,0,0,1,0,0,0,0,2908,16.9,5,0,7.774,2017,9,2,31,56
0,0,0,0,0,1,0,0,1,0,0,0,0,0,0,0,0,0,0,0,0,1,0,0,0,0,2908,39.96,2,0,18.7812,2017,9,2,31,56
0,1,0,0,1,0,0,1,0,0,0,0,0,0,1,0,0,0,0,0,0,0,0,0,0,0,85023,191.968,7,0.2,16.7972,2015,5,5,63,224
0,0,1,1,0,0,0,0,1,0,0,0,0,0,0,0,0,0,0,1,0,0,0,0,0,0,77095,35.52,3,0.2,13.32,2015,8,4,377,985
0,0,1,1,0,0,0,0,1,0,0,0,1,0,0,0,0,0,0,0,0,0,0,0,0,0,77095,6.23,5,0.8,-9.6565,2015,8,4,377,985
0,0,1,1,0,0,0,0,1,0,0,0,0,0,0,0,0,0,0,0,0,1,0,0,0,0,77095,56.704,2,0.2,19.1376,2015,8,4,377,985
0,0,1,1,0,0,0,0,0,0,0,0,0,1,0,0,0,0,0,0,0,0,0,0,0,0,77095,369.1992,3,0.32,-114.0174,2015,8,4,377,985
0,0,1,1,0,0,0,0,0,1,0,0,0,0,0,0,0,0,0,0,0,0,0,0,0,0,47201,1.98,2,0,0.891,2014,10,4,222,149
0,0,1,1,0,0,0,0,1,0,0,0,0,0,0,0,0,0,0,0,0,1,0,0,0,0,47201,75.88,2,0,35.6636,2014,10,4,222,149
0,1,0,1,0,1,0,0,1,0,0,0,0,0,0,0,0,0,0,0,0,1,0,0,0,0,19134,6.848,2,0.2,2.14,2016,6,2,537,587
0,1,0,1,0,1,0,0,1,0,0,0,1,0,0,0,0,0,0,0,0,0,0,0,0,0,19134,4.626,2,0.7,-3.855,2016,6,2,537,587
0,1,0,1,0,1,0,0,1,0,1,0,0,0,0,0,0,0,0,0,0,0,0,0,0,0,19134,453.6,3,0.2,90.72,2016,6,2,537,587
0,0,0,0,1,0,0,1,1,0,0,0,1,0,0,0,0,0,0,0,0,0,0,0,0,0,95123,13.848,3,0.2,5.193,2015,5,3,42,2001
0,0,1,0,0,1,0,0,1,0,0,0,0,0,0,0,0,0,0,0,0,0,0,1,0,0,19140,577.584,6,0.2,43.3188,2015,11,4,537,587
0,0,1,0,1,0,1,0,0,1,0,0,0,0,0,0,0,0,0,0,0,0,0,0,0,0,22153,151.96,4,0,36.4704,2015,5,4,163,224
0,0,1,1,0,0,0,1,0,0,0,0,0,0,0,0,0,0,1,0,0,0,0,0,0,0,80020,68.432,7,0.2,8.554,2016,9,5,5,182
0,0,1,0,0,1,0,0,0,0,0,0,0,0,0,0,0,0,1,0,0,0,0,0,0,0,43229,71.12,5,0.2,9.779,2015,11,4,222,469
0,0,1,0,0,1,0,0,1,0,0,0,0,0,0,0,0,1,0,0,0,0,0,0,0,0,43229,3.008,2,0.2,0.564,2015,11,4,222,469
0,1,0,0,1,1,0,0,1,0,0,0,0,0,0,0,0,0,0,0,0,1,0,0,0,0,3301,184.66,7,0,84.9436,2015,12,2,31,27
0,1,0,0,0,0,0,0,0,0,0,0,0,0,0,0,0,0,1,0,0,0,0,0,0,0,77095,5.312,2,0.6,-1.5936,2014,10,2,377,985
0,0,0,0,0,1,0,0,0,1,0,0,0,0,0,0,0,0,0,0,0,0,0,0,0,0,43055,132.52,5,0.2,34.7865,2016,5,2,95,469
0,0,0,0,0,1,0,0,1,0,0,0,0,0,0,0,0,0,0,0,0,0,0,1,0,0,43055,195.64,5,0.2,-44.019,2016,5,2,95,469
0,0,0,0,0,1,0,0,0,0,0,0,0,0,0,0,0,0,1,0,0,0,0,0,0,0,43055,51.968,2,0.2,10.3936,2016,5,2,95,469
0,0,0,0,0,1,0,0,0,1,0,0,0,0,0,0,0,0,0,0,0,0,0,0,0,0,43055,431.976,3,0.2,-75.5958,2016,5,2,95,469
0,0,0,0,0,1,0,0,0,1,0,0,0,0,0,0,0,0,0,0,1,0,0,0,0,0,43055,224.937,3,0.7,-164.9538,2016,5,2,95,469
0,0,0,0,0,1,0,0,1,0,0,0,0,0,0,0,0,0,0,1,0,0,0,0,0,0,43055,6,2,0.2,2.1,2016,5,2,95,469
0,0,1,0,1,0,0,1,1,0,0,0,0,0,0,0,0,0,0,0,0,1,0,0,0,0,90045,11.76,2,0,5.7624,2015,6,7,747,2001
1,0,0,0,0,0,1,0,0,0,0,0,0,0,1,0,0,0,0,0,0,0,0,0,0,0,33614,1125.488,7,0.2,98.4802,2014,3,0,36,383
1,0,0,0,0,0,1,0,1,0,0,0,1,0,0,0,0,0,0,0,0,0,0,0,0,0,33614,12.645,5,0.7,-10.116,2014,3,0,36,383
1,0,0,0,0,0,1,0,1,0,0,1,0,0,0,0,0,0,0,0,0,0,0,0,0,0,33614,4.032,2,0.2,1.0584,2014,3,0,36,383
0,0,0,1,0,0,0,0,0,1,0,0,0,0,0,0,0,0,0,0,0,0,1,0,0,0,68025,79.96,4,0,22.3888,2017,7,2,8,38
1,0,0,0,0,1,0,0,1,0,0,0,1,0,0,0,0,0,0,0,0,0,0,0,0,0,43229,6.732,6,0.7,-4.488,2015,9,0,222,469
1,0,0,0,0,1,0,0,1,0,0,0,0,0,0,0,0,0,0,0,0,0,0,1,0,0,43229,33.568,2,0.2,1.6784,2015,9,0,222,469
1,0,0,0,0,1,0,0,1,0,0,0,0,0,0,0,1,0,0,0,0,0,0,0,0,0,43229,15.84,2,0.2,5.544,2015,9,0,222,469
1,0,0,0,0,1,0,0,1,0,0,0,0,0,0,0,0,0,0,1,0,0,0,0,0,0,43229,24.424,1,0.2,7.9378,2015,9,0,222,469
1,0,0,0,0,1,0,0,1,0,0,1,0,0,0,0,0,0,0,0,0,0,0,0,0,0,43229,17.12,5,0.2,1.926,2015,9,0,222,469
1,0,0,0,0,0,0,1,0,0,0,0,0,0,0,0,0,0,1,0,0,0,0,0,0,0,91767,31.56,3,0,10.4148,2015,8,0,7,2001
0,1,0,0,0,0,0,0,0,0,0,0,0,0,1,0,0,0,0,0,0,0,0,0,0,0,78207,105.686,1,0.3,-28.6862,2015,5,2,59,985
0,1,0,0,0,0,0,0,0,1,0,0,0,0,0,0,0,0,0,0,1,0,0,0,0,0,78207,399.54,2,0.4,-79.908,2015,5,2,59,985
0,1,0,0,0,0,0,0,0,0,0,0,0,0,1,0,0,0,0,0,0,0,0,0,0,0,78207,104.93,5,0.3,-4.497,2015,5,2,59,985
0,0,0,0,1,1,0,0,0,1,0,0,0,0,0,0,0,0,0,0,0,0,1,0,0,0,10035,1079.85,3,0,323.955,2017,9,2,915,1128
0,0,0,0,1,1,0,0,1,0,0,0,0,0,0,0,0,0,0,0,0,0,0,1,0,0,10035,70.98,1,0,3.549,2017,9,2,915,1128
0,0,0,0,1,1,0,0,1,0,0,1,0,0,0,0,0,0,0,0,0,0,0,0,0,0,10035,29.95,5,0,8.6855,2017,9,2,915,1128
0,0,0,0,1,1,0,0,0,0,0,0,0,0,1,0,0,0,0,0,0,0,0,0,0,0,10035,589.41,5,0.1,-6.549,2017,9,2,915,1128
0,0,1,0,1,1,0,0,1,0,0,0,0,0,0,0,0,1,0,0,0,0,0,0,0,0,19120,9.648,6,0.2,3.4974,2016,6,4,537,587
0,1,0,0,0,1,0,0,0,0,0,0,0,1,0,0,0,0,0,0,0,0,0,0,0,0,10024,400.784,1,0.2,-5.0098,2017,6,2,915,1128
0,0,0,0,1,0,0,0,1,0,0,0,0,0,0,0,0,0,0,0,0,0,0,1,0,0,48234,53.72,4,0,13.9672,2017,8,1,115,255
0,0,0,1,0,0,1,0,1,0,0,0,0,0,0,0,0,0,0,0,0,1,0,0,0,0,33142,31.008,1,0.2,11.2404,2016,8,2,57,383
1,0,0,0,0,0,0,1,1,0,0,0,1,0,0,0,0,0,0,0,0,0,0,0,0,0,94521,61.12,5,0.2,22.156,2016,11,0,31,2001
0,0,1,1,0,0,0,0,1,0,0,0,0,0,0,0,0,0,0,0,0,0,0,1,0,0,60653,195.136,4,0.2,-43.9056,2017,4,5,314,492
0,0,1,0,0,0,0,0,1,0,0,1,0,0,0,0,0,0,0,0,0,0,0,0,0,0,60090,121.536,4,0.2,15.192,2017,7,5,7,492
0,0,1,0,1,0,0,0,1,0,0,0,0,0,0,0,0,0,0,0,0,1,0,0,0,0,60610,17.472,3,0.2,5.6784,2014,5,4,314,492
0,0,1,0,1,0,0,0,1,0,0,0,1,0,0,0,0,0,0,0,0,0,0,0,0,0,60610,104.58,9,0.8,-172.557,2014,5,4,314,492
0,0,1,0,1,0,0,0,0,0,0,0,0,0,0,0,0,0,1,0,0,0,0,0,0,0,77506,24.7,5,0.6,-9.88,2016,7,4,42,985
0,0,1,0,1,0,0,0,0,0,0,0,0,0,0,0,0,0,1,0,0,0,0,0,0,0,77506,302.72,5,0.6,-378.4,2016,7,4,42,985
0,0,1,0,0,1,0,0,1,0,0,0,0,0,0,0,0,0,0,0,0,1,0,0,0,0,10024,8.56,2,0,3.852,2017,9,5,915,1128
0,0,1,0,0,1,0,0,1,0,0,0,0,0,0,0,0,0,0,0,0,1,0,0,0,0,10024,11.56,2,0,5.6644,2017,9,5,915,1128
0,0,1,1,0,0,0,1,1,0,1,0,0,0,0,0,0,0,0,0,0,0,0,0,0,0,95123,25.86,3,0,6.7236,2017,1,5,42,2001
0,0,1,1,0,0,0,1,1,0,0,0,1,0,0,0,0,0,0,0,0,0,0,0,0,0,95123,276.784,2,0.2,89.9548,2017,1,5,42,2001
0,0,1,1,0,0,0,1,0,1,0,0,0,0,0,0,0,0,0,0,0,0,1,0,0,0,95123,110.352,3,0.2,8.2764,2017,1,5,42,2001
0,0,1,0,1,0,0,1,0,0,0,0,0,0,0,0,0,0,1,0,0,0,0,0,0,0,95823,60.84,3,0,19.4688,2015,9,4,13,2001
0,0,1,0,0,0,0,1,1,0,1,0,0,0,0,0,0,0,0,0,0,0,0,0,0,0,97477,35.208,1,0.2,2.6406,2015,4,4,163,124
0,1,0,1,0,0,0,0,1,0,0,0,0,0,0,0,0,0,0,0,0,1,0,0,0,0,76063,41.472,8,0.2,14.5152,2017,5,3,2,985
0,0,1,0,0,0,1,0,1,0,0,0,0,0,0,0,0,0,0,0,0,1,0,0,0,0,72401,239.5,5,0,114.96,2016,9,5,11,60
0,0,0,0,0,0,1,0,1,0,0,0,0,0,0,0,0,0,0,0,0,0,0,0,1,0,23464,34.2,5,0,9.234,2014,5,3,16,224
0,0,1,1,0,1,0,0,0,0,0,0,0,0,0,0,0,0,0,0,0,0,0,0,0,1,14609,376.866,3,0.4,-213.5574,2016,6,6,53,1128
0,0,0,0,0,0,1,0,1,0,1,0,0,0,0,0,0,0,0,0,0,0,0,0,0,0,23320,197.72,4,0,55.3616,2015,11,3,18,224
0,0,1,1,0,1,0,0,0,1,0,0,0,0,0,0,0,0,0,0,0,0,0,0,0,0,43130,70.72,4,0.2,-6.188,2017,11,5,46,469
0,0,1,1,0,1,0,0,1,0,0,0,0,0,0,0,0,0,0,0,0,0,0,1,0,0,43130,194.352,3,0.2,-43.7292,2017,11,5,46,469
0,1,0,0,0,1,0,0,1,0,0,0,0,0,0,0,0,0,0,0,0,1,0,0,0,0,10024,21.6,6,0,9.936,2017,12,3,915,1128
0,1,0,0,0,1,0,0,1,0,0,0,0,0,0,0,0,0,0,1,0,0,0,0,0,0,10024,11.07,3,0,5.2029,2017,12,3,915,1128
0,1,0,0,0,0,0,1,0,0,0,0,0,0,0,0,0,0,1,0,0,0,0,0,0,0,90045,282.84,4,0,19.7988,2016,5,3,747,2001
0,1,0,0,0,0,0,1,1,0,0,0,0,0,0,0,0,0,0,1,0,0,0,0,0,0,90045,27.72,9,0,13.3056,2016,5,3,747,2001
0,0,1,0,0,0,1,0,1,0,0,0,0,0,0,0,0,1,0,0,0,0,0,0,0,0,39212,11.68,4,0,5.256,2017,10,6,82,53
0,0,1,0,0,0,0,1,0,1,0,0,0,0,0,0,0,0,0,0,0,0,1,0,0,0,95695,239.984,2,0.2,23.9984,2016,9,4,3,2001
0,0,0,1,0,0,0,1,1,0,1,0,0,0,0,0,0,0,0,0,0,0,0,0,0,0,98115,22.98,1,0,6.894,2014,11,2,428,506
0,0,0,1,0,0,0,1,0,1,0,0,0,0,0,0,0,0,0,0,0,0,0,0,0,0,98115,102.13,7,0,15.3195,2014,11,2,428,506
0,0,0,1,0,0,0,1,1,0,0,0,1,0,0,0,0,0,0,0,0,0,0,0,0,0,98115,2033.584,2,0.2,762.594,2014,11,2,428,506
0,0,1,1,0,0,0,1,1,0,0,1,0,0,0,0,0,0,0,0,0,0,0,0,0,0,90049,5.76,2,0,1.6704,2016,8,7,747,2001
0,0,1,1,0,1,0,0,0,1,0,0,0,0,0,1,0,0,0,0,0,0,0,0,0,0,43402,899.982,3,0.4,74.9985,2017,11,5,10,469
0,0,1,1,0,1,0,0,1,0,0,1,0,0,0,0,0,0,0,0,0,0,0,0,0,0,43402,86.352,3,0.2,5.397,2017,11,5,10,469
0,0,1,1,0,1,0,0,0,1,0,0,0,0,0,0,0,0,0,0,0,0,0,0,0,0,43402,139.96,5,0.2,-1.7495,2017,11,5,10,469
0,0,1,0,1,1,0,0,1,0,1,0,0,0,0,0,0,0,0,0,0,0,0,0,0,0,43130,16.704,6,0.2,1.2528,2014,9,4,46,469
0,0,1,0,1,1,0,0,0,1,0,0,0,0,0,0,0,0,0,0,0,0,0,0,0,0,43130,3.152,2,0.2,0.4728,2014,9,4,46,469
0,0,1,0,1,1,0,0,1,0,0,0,0,0,0,0,0,0,0,0,0,1,0,0,0,0,43130,32.896,4,0.2,11.1024,2014,9,4,46,469
0,0,0,0,0,0,0,0,1,0,1,0,0,0,0,0,0,0,0,0,0,0,0,0,0,0,75220,21.392,2,0.8,-54.5496,2017,6,1,157,985
0,0,0,0,0,0,0,0,0,0,0,0,0,0,0,0,0,0,0,0,0,0,0,0,0,1,75220,307.314,3,0.3,-39.5118,2017,6,1,157,985
0,0,0,0,0,0,0,0,0,0,0,0,0,1,0,0,0,0,0,0,0,0,0,0,0,0,75220,409.9992,3,0.32,-96.4704,2017,6,1,157,985
0,0,0,1,0,0,0,0,1,0,0,0,0,0,0,0,0,0,0,0,0,1,0,0,0,0,79424,9.248,2,0.2,3.3524,2017,9,2,6,985
0,0,1,0,0,0,0,0,1,0,0,0,1,0,0,0,0,0,0,0,0,0,0,0,0,0,48227,14.67,3,0,6.7482,2014,11,4,115,255
0,0,1,0,0,1,0,0,1,0,0,0,0,0,0,0,0,0,0,0,0,1,0,0,0,0,43055,37.408,7,0.2,13.0928,2014,1,5,95,469
0,0,1,0,0,1,0,0,1,0,0,0,1,0,0,0,0,0,0,0,0,0,0,0,0,0,43055,3.438,2,0.7,-2.5212,2014,1,5,95,469
0,0,1,0,0,1,0,0,1,0,0,0,1,0,0,0,0,0,0,0,0,0,0,0,0,0,10011,7.152,3,0.2,2.3244,2016,5,6,915,1128
0,0,1,0,0,1,0,0,0,1,0,0,0,0,0,0,0,0,0,0,0,0,1,0,0,0,10011,179.7,6,0,88.053,2016,5,6,915,1128
0,0,1,0,0,0,0,0,1,0,1,0,0,0,0,0,0,0,0,0,0,0,0,0,0,0,55407,90.64,8,0,38.9752,2017,2,4,23,89
0,0,0,0,0,1,0,0,0,1,0,0,0,0,0,0,0,0,0,0,0,0,0,0,0,0,2149,177,3,0,30.09,2014,10,3,22,135
0,0,0,0,0,1,0,0,1,0,0,0,0,0,0,0,0,0,0,0,0,0,0,1,0,0,2149,79.45,7,0,22.246,2014,10,3,22,135
0,0,0,0,0,1,0,0,0,0,0,0,0,0,1,0,0,0,0,0,0,0,0,0,0,0,2149,1628.82,9,0,260.6112,2014,10,3,22,135
0,0,1,1,0,0,0,1,0,0,0,0,0,0,0,0,0,0,1,0,0,0,0,0,0,0,98105,137.54,2,0,55.016,2014,11,7,428,506
0,0,1,1,0,0,0,1,0,0,0,0,0,0,0,0,0,0,0,0,0,0,0,0,0,1,98105,730.2,4,0,94.926,2014,11,7,428,506
0,1,0,0,0,0,0,1,1,0,0,0,0,0,0,0,0,0,0,0,0,1,0,0,0,0,90032,11.56,2,0,5.6644,2017,11,3,747,2001
0,1,0,0,0,0,1,0,0,0,0,0,0,0,0,0,0,0,0,0,0,0,0,0,0,1,28027,4297.644,13,0.4,-1862.3124,2015,1,3,31,249
0,0,1,1,0,0,0,1,1,0,0,1,0,0,0,0,0,0,0,0,0,0,0,0,0,0,98103,20.65,5,0,9.499,2014,3,5,428,506
0,0,1,1,0,0,0,1,1,0,0,0,0,0,0,0,0,0,0,0,0,0,0,1,0,0,98103,204.9,5,0,0,2014,3,5,428,506
0,0,1,1,0,0,0,1,0,0,0,0,0,0,1,0,0,0,0,0,0,0,0,0,0,0,98103,436.704,6,0.2,21.8352,2014,3,5,428,506
0,0,1,1,0,0,0,1,0,0,0,0,0,0,1,0,0,0,0,0,0,0,0,0,0,0,98103,481.568,2,0.2,54.1764,2014,3,5,428,506
0,0,1,0,0,0,0,1,0,1,0,0,0,0,0,0,0,0,0,0,0,0,0,0,0,0,85301,89.544,7,0.2,12.3123,2017,6,5,23,224
0,0,1,0,0,0,0,1,1,0,0,0,0,0,0,0,0,0,0,0,0,0,0,1,0,0,85301,35.168,2,0.2,-8.3524,2017,6,5,23,224
0,0,1,0,0,0,0,1,1,0,0,0,1,0,0,0,0,0,0,0,0,0,0,0,0,0,85301,72.588,2,0.7,-48.392,2017,6,5,23,224
0,0,1,0,0,0,0,0,1,0,0,0,0,0,0,0,0,0,0,0,0,0,0,1,0,0,55433,221.16,4,0,57.5016,2014,11,5,2,89
0,0,1,0,0,0,0,0,0,1,0,0,0,0,0,0,0,0,0,0,0,0,1,0,0,0,55433,281.97,3,0,78.9516,2014,11,5,2,89
0,0,1,0,0,0,0,1,0,0,0,0,0,1,0,0,0,0,0,0,0,0,0,0,0,0,90045,3406.664,8,0.15,160.3136,2016,11,4,747,2001
0,0,1,0,0,0,0,1,1,0,0,1,0,0,0,0,0,0,0,0,0,0,0,0,0,0,90045,37.17,9,0,10.4076,2016,11,4,747,2001
0,0,1,0,0,0,0,1,1,0,1,0,0,0,0,0,0,0,0,0,0,0,0,0,0,0,90045,64.96,2,0,19.488,2016,11,4,747,2001
0,0,1,0,0,0,0,1,0,0,0,0,0,0,0,0,0,0,1,0,0,0,0,0,0,0,90045,595.38,6,0,297.69,2016,11,4,747,2001
0,0,1,0,1,0,0,1,0,1,0,0,0,0,0,0,0,0,0,0,0,0,0,0,0,0,85705,95.984,2,0.2,11.998,2017,1,4,32,224
0,0,1,0,1,0,0,1,1,0,0,0,1,0,0,0,0,0,0,0,0,0,0,0,0,0,85705,4.938,2,0.7,-3.6212,2017,1,4,32,224
0,0,1,0,0,1,0,0,0,0,0,0,0,0,0,0,0,0,1,0,0,0,0,0,0,0,10035,97.44,3,0,35.0784,2014,9,7,915,1128
0,0,1,0,0,1,0,0,1,0,0,0,1,0,0,0,0,0,0,0,0,0,0,0,0,0,10035,3.984,1,0.2,1.3944,2014,9,7,915,1128
0,0,1,0,0,1,0,0,1,0,0,1,0,0,0,0,0,0,0,0,0,0,0,0,0,0,10035,13.04,4,0,5.7376,2014,9,7,915,1128
0,0,1,0,0,1,0,0,0,0,0,0,0,0,1,0,0,0,0,0,0,0,0,0,0,0,10035,579.528,4,0.1,83.7096,2014,9,7,915,1128
0,1,0,0,0,0,0,1,1,0,0,0,0,0,0,0,0,0,0,1,0,0,0,0,0,0,91767,18.75,5,0,9,2014,3,4,7,2001
0,0,1,0,1,0,0,1,0,1,0,0,0,0,0,0,0,0,0,0,0,0,1,0,0,0,93101,3023.928,9,0.2,226.7946,2016,6,5,8,2001
0,0,1,0,1,0,0,1,0,1,0,0,0,0,0,0,0,0,0,0,0,0,0,0,0,0,93101,26.96,2,0,3.7744,2016,6,5,8,2001
0,0,1,0,1,0,0,1,0,1,0,0,0,0,0,0,0,0,0,0,0,0,1,0,0,0,93101,477.6,3,0.2,161.19,2016,6,5,8,2001
0,0,1,0,0,0,0,1,1,0,0,0,0,0,0,0,0,0,0,0,0,0,0,1,0,0,94109,193.95,3,0,9.6975,2017,8,5,510,2001
1,0,0,1,0,0,0,1,1,0,0,0,0,0,0,0,0,0,0,0,0,1,0,0,0,0,92503,12.96,2,0,6.2208,2015,12,0,14,2001
0,0,1,0,0,0,0,1,0,0,0,0,0,0,0,0,0,0,1,0,0,0,0,0,0,0,90049,119.94,3,0,23.988,2017,11,4,747,2001
0,0,1,0,0,0,0,1,0,0,0,0,0,0,0,0,0,0,1,0,0,0,0,0,0,0,90049,12.42,3,0,4.4712,2017,11,4,747,2001
0,0,1,0,0,0,0,1,1,0,0,0,1,0,0,0,0,0,0,0,0,0,0,0,0,0,92672,18.088,7,0.2,6.5569,2016,4,4,2,2001
0,0,1,0,0,0,0,1,1,0,0,0,0,0,0,0,1,0,0,0,0,0,0,0,0,0,92672,71.97,3,0,35.985,2016,4,4,2,2001
0,0,1,0,0,0,1,0,1,0,0,0,0,0,0,0,0,0,0,1,0,0,0,0,0,0,35601,14.94,3,0,6.8724,2017,4,4,35,61
0,0,0,1,0,0,1,0,1,0,0,1,0,0,0,0,0,0,0,0,0,0,0,0,0,0,27405,64.68,7,0.2,8.085,2015,8,2,13,249
0,0,1,0,0,0,0,1,0,1,0,0,0,0,0,0,0,0,0,0,0,0,1,0,0,0,94568,22,5,0.2,1.375,2017,11,6,14,2001
0,0,1,0,1,1,0,0,1,0,0,0,0,0,0,0,0,0,0,0,0,1,0,0,0,0,19143,7.968,2,0.2,2.6892,2016,12,5,537,587
0,0,1,0,1,1,0,0,0,1,0,0,0,0,0,0,0,0,0,0,0,0,1,0,0,0,19143,1499.97,5,0.4,-374.9925,2016,12,5,537,587
0,1,0,0,0,0,0,0,1,0,0,0,0,0,0,0,0,0,0,0,0,0,0,1,0,0,77095,26.632,1,0.2,1.3316,2014,7,2,377,985
0,0,1,0,0,0,0,1,0,0,0,0,0,0,0,0,0,0,1,0,0,0,0,0,0,0,93309,41.6,4,0,14.144,2016,5,4,16,2001
0,0,1,1,0,0,0,0,1,0,0,0,0,0,0,0,1,0,0,0,0,0,0,0,0,0,47374,64.02,6,0,29.4492,2014,11,5,90,149
0,0,1,1,0,1,0,0,1,0,0,1,0,0,0,0,0,0,0,0,0,0,0,0,0,0,10009,6.99,3,0,2.0271,2016,4,5,915,1128
0,0,1,1,0,1,0,0,1,0,0,0,0,0,0,0,0,0,0,0,0,0,0,0,1,0,10009,6.84,1,0,1.8468,2016,4,5,915,1128
0,0,1,1,0,0,0,1,1,0,0,0,0,0,0,0,0,0,0,0,0,0,0,1,0,0,94122,323.1,2,0,61.389,2015,12,4,510,2001
0,0,1,1,0,0,0,1,0,1,0,0,0,0,0,0,0,0,0,0,0,0,1,0,0,0,94122,668.16,9,0.2,75.168,2015,12,4,510,2001
0,0,1,0,0,0,0,1,1,0,0,0,0,0,0,0,0,0,0,1,0,0,0,0,0,0,94122,8.64,3,0,4.2336,2017,12,5,510,2001
0,0,1,0,0,0,0,1,1,0,0,0,0,0,0,0,0,0,0,0,0,1,0,0,0,0,94122,38.88,6,0,18.6624,2017,12,5,510,2001
0,0,1,0,0,0,0,1,0,0,0,0,0,0,0,0,0,0,1,0,0,0,0,0,0,0,94122,201.04,8,0,54.2808,2017,12,5,510,2001
0,0,1,0,0,0,0,1,1,0,0,0,0,0,0,0,0,0,0,0,0,1,0,0,0,0,94122,12.96,2,0,6.3504,2017,12,5,510,2001
0,1,0,1,0,0,0,1,0,1,0,0,0,0,0,0,0,0,0,0,0,0,0,0,0,0,90032,16.59,1,0,5.8065,2017,1,2,747,2001
0,0,1,0,0,0,0,1,1,0,0,1,0,0,0,0,0,0,0,0,0,0,0,0,0,0,92037,35.1,6,0,10.179,2017,5,4,170,2001
0,0,1,0,1,0,0,0,1,0,0,0,1,0,0,0,0,0,0,0,0,0,0,0,0,0,76017,11.646,9,0.8,-17.469,2017,9,6,60,985
0,0,1,0,0,0,1,0,1,0,0,0,0,0,0,0,0,0,0,0,0,1,0,0,0,0,23223,32.4,5,0,15.552,2017,6,7,90,224
0,0,1,0,0,0,1,0,0,1,0,0,0,0,0,0,0,0,0,0,0,0,1,0,0,0,23223,503.96,4,0,125.99,2017,6,7,90,224
0,0,0,0,1,1,0,0,1,0,0,1,0,0,0,0,0,0,0,0,0,0,0,0,0,0,10035,7.04,4,0,2.0416,2017,4,1,915,1128
0,0,1,0,0,0,0,0,0,0,0,0,0,1,0,0,0,0,0,0,0,0,0,0,0,0,77041,613.9992,3,0.32,-18.0588,2015,11,4,377,985
0,0,1,1,0,1,0,0,1,0,0,0,0,0,0,0,0,0,0,0,0,0,0,1,0,0,6824,470.36,11,0,122.2936,2015,8,5,45,82
0,1,0,0,1,0,0,1,1,0,0,0,0,0,0,0,0,0,0,0,0,1,0,0,0,0,94110,31.08,6,0,15.2292,2017,9,4,510,2001
0,1,0,0,1,0,0,1,1,0,0,0,0,0,0,0,0,0,0,0,0,0,0,0,1,0,94110,7.3,2,0,2.19,2017,9,4,510,2001
0,0,0,1,0,1,0,0,1,0,1,0,0,0,0,0,0,0,0,0,0,0,0,0,0,0,45503,73.536,4,0.2,9.192,2016,12,3,163,469
0,1,0,1,0,0,0,0,1,0,0,0,0,0,0,0,0,0,0,1,0,0,0,0,0,0,48234,491.55,5,0,240.8595,2014,6,5,115,255
1,0,0,0,1,1,0,0,0,0,0,0,0,0,0,0,0,0,1,0,0,0,0,0,0,0,19140,30.336,4,0.2,9.48,2016,3,0,537,587
0,0,1,0,0,0,0,1,1,0,0,0,0,0,0,0,0,0,0,0,0,1,0,0,0,0,90301,22.83,3,0,10.7301,2017,12,4,16,2001
0,0,1,0,0,0,0,1,1,0,1,0,0,0,0,0,0,0,0,0,0,0,0,0,0,0,90301,54.32,4,0,16.296,2017,12,4,16,2001
0,0,1,0,0,0,0,1,0,1,0,0,0,0,0,0,0,0,0,0,0,0,1,0,0,0,90301,196.776,3,0.2,14.7582,2017,12,4,16,2001
0,0,1,0,0,0,0,1,1,0,0,0,0,0,0,0,0,1,0,0,0,0,0,0,0,0,93405,3.62,2,0,1.1946,2016,10,5,1,2001
0,0,1,0,1,1,0,0,1,0,0,0,0,0,0,0,0,0,0,0,0,1,0,0,0,0,19805,11.54,1,0,5.5392,2017,7,4,36,96
0,0,1,0,1,1,0,0,1,0,0,0,1,0,0,0,0,0,0,0,0,0,0,0,0,0,19805,849.95,5,0,390.977,2017,7,4,36,96
0,0,1,0,1,1,0,0,1,0,0,0,1,0,0,0,0,0,0,0,0,0,0,0,0,0,19805,11.01,3,0,5.3949,2017,7,4,36,96
0,0,1,0,0,0,0,1,1,0,0,0,1,0,0,0,0,0,0,0,0,0,0,0,0,0,94122,39.624,3,0.2,13.8684,2017,10,4,510,2001
0,0,1,0,0,0,0,1,0,0,0,0,0,0,1,0,0,0,0,0,0,0,0,0,0,0,90045,242.136,3,0.2,12.1068,2016,10,6,747,2001
0,0,1,0,0,0,0,1,1,0,0,1,0,0,0,0,0,0,0,0,0,0,0,0,0,0,90045,12.39,3,0,5.6994,2016,10,6,747,2001
0,0,1,0,0,0,0,1,0,0,0,0,0,0,0,0,0,0,1,0,0,0,0,0,0,0,90045,19.96,2,0,5.5888,2016,10,6,747,2001
0,0,1,0,0,0,0,1,1,0,0,0,0,0,0,0,0,0,0,0,0,0,0,1,0,0,90045,340.92,3,0,3.4092,2016,10,6,747,2001
0,0,1,0,0,1,0,0,0,0,0,0,0,0,0,0,0,0,1,0,0,0,0,0,0,0,19143,273.568,2,0.2,-34.196,2014,11,5,537,587
0,0,1,0,0,1,0,0,1,0,0,0,1,0,0,0,0,0,0,0,0,0,0,0,0,0,19143,13.194,2,0.7,-8.796,2014,11,5,537,587
0,0,1,0,0,1,0,0,1,0,0,0,0,0,0,0,0,0,0,0,0,0,0,1,0,0,19143,1080.096,6,0.2,-94.5084,2014,11,5,537,587
0,0,1,0,0,1,0,0,0,1,0,0,0,0,0,0,0,0,0,0,0,0,0,0,0,0,19143,51.56,5,0.2,-6.445,2014,11,5,537,587
0,0,1,0,0,1,0,0,0,1,0,0,0,0,0,0,0,0,0,0,0,0,0,0,0,0,19143,58.416,2,0.2,16.7946,2014,11,5,537,587
0,0,1,0,0,0,0,1,1,0,0,0,1,0,0,0,0,0,0,0,0,0,0,0,0,0,94122,57.584,2,0.2,20.1544,2016,11,5,510,2001
0,1,0,0,1,1,0,0,1,0,0,1,0,0,0,0,0,0,0,0,0,0,0,0,0,0,19134,37.312,4,0.2,2.7984,2016,8,2,537,587
1,0,0,0,0,0,0,0,0,1,0,0,0,0,0,0,0,0,0,0,0,0,1,0,0,0,77041,79.96,5,0.2,7.996,2016,5,1,377,985
1,0,0,0,0,0,0,0,0,1,0,0,0,0,0,0,0,0,0,0,0,0,0,0,0,0,77041,223.96,5,0.2,11.198,2016,5,1,377,985
0,1,0,0,0,1,0,0,1,0,0,0,0,0,0,0,0,0,0,0,0,0,0,1,0,0,17602,221.024,2,0.2,-55.256,2017,11,2,46,587
0,0,1,1,0,0,0,0,0,0,0,0,0,0,0,0,0,0,1,0,0,0,0,0,0,0,54302,18.96,2,0,7.584,2016,9,4,4,110
0,0,1,0,0,1,0,0,0,0,0,0,0,0,1,0,0,0,0,0,0,0,0,0,0,0,10024,326.646,3,0.1,39.9234,2016,2,4,915,1128
0,0,1,0,0,1,0,0,0,1,0,0,0,0,0,0,0,0,0,0,0,0,0,0,0,0,10024,89.97,3,0,39.5868,2016,2,4,915,1128
0,0,1,0,1,1,0,0,1,0,0,0,1,0,0,0,0,0,0,0,0,0,0,0,0,0,10011,296.712,13,0.2,100.1403,2014,12,4,915,1128
0,0,1,0,0,0,0,0,1,0,0,0,0,0,0,0,1,0,0,0,0,0,0,0,0,0,61701,12.224,2,0.2,4.4312,2015,12,6,15,492
0,0,0,0,0,0,0,1,0,1,0,0,0,0,0,0,0,0,0,0,0,0,0,0,0,0,83704,89.97,3,0,37.7874,2017,9,3,4,21
0,0,0,0,0,1,0,0,1,0,1,0,0,0,0,0,0,0,0,0,0,0,0,0,0,0,1852,286.86,7,0,80.3208,2017,12,2,16,135
0,0,0,0,0,1,0,0,0,1,0,0,0,0,0,0,0,0,0,0,0,0,1,0,0,0,1852,979.95,5,0,284.1855,2017,12,2,16,135
0,0,0,0,0,1,0,0,1,0,0,0,0,0,0,0,0,0,0,0,0,0,0,0,1,0,1852,4.36,2,0,0.1744,2017,12,2,16,135
0,0,1,0,0,0,0,1,1,0,0,0,1,0,0,0,0,0,0,0,0,0,0,0,0,0,98115,10.048,2,0.2,3.14,2014,9,5,428,506
0,0,1,0,0,0,0,1,1,0,0,0,0,0,0,0,0,0,0,0,0,0,0,1,0,0,98115,807.75,5,0,153.4725,2014,9,5,428,506
0,0,1,0,0,0,0,1,1,0,0,1,0,0,0,0,0,0,0,0,0,0,0,0,0,0,90049,34.24,8,0,9.9296,2017,11,5,747,2001
0,0,1,1,0,0,1,0,0,0,0,0,0,0,1,0,0,0,0,0,0,0,0,0,0,0,23666,500.24,13,0,145.0696,2014,8,5,11,224
0,0,1,1,0,0,1,0,1,0,0,0,0,0,0,0,0,0,0,0,0,1,0,0,0,0,23666,20.12,2,0,9.2552,2014,8,5,11,224
0,0,1,1,0,0,1,0,1,0,0,0,1,0,0,0,0,0,0,0,0,0,0,0,0,0,23666,896.99,1,0,421.5853,2014,8,5,11,224
0,1,0,0,1,1,0,0,1,0,0,0,0,0,0,0,0,0,0,0,0,1,0,0,0,0,19134,5.88,1,0.2,1.9845,2014,11,3,537,587
0,0,1,0,1,0,0,0,0,1,0,0,0,0,0,0,0,0,0,0,0,0,1,0,0,0,68104,269.98,2,0,72.8946,2015,6,4,28,38
0,0,1,1,0,0,0,1,1,0,0,0,0,0,0,0,0,0,0,0,0,0,0,1,0,0,90032,310.12,2,0,80.6312,2017,3,5,747,2001
0,0,1,1,0,0,0,1,1,0,0,0,1,0,0,0,0,0,0,0,0,0,0,0,0,0,90032,70.464,6,0.2,22.9008,2017,3,5,747,2001
0,0,1,1,0,0,0,1,1,0,0,0,1,0,0,0,0,0,0,0,0,0,0,0,0,0,90032,19.68,5,0.2,6.888,2017,3,5,747,2001
0,0,1,1,0,0,0,1,1,0,1,0,0,0,0,0,0,0,0,0,0,0,0,0,0,0,90032,140.67,3,0,54.8613,2017,3,5,747,2001
0,0,1,1,0,1,0,0,0,0,0,0,0,1,0,0,0,0,0,0,0,0,0,0,0,0,5408,4404.9,5,0,1013.127,2015,11,4,25,11
0,0,1,0,0,0,0,1,1,0,0,0,0,0,0,0,0,0,0,1,0,0,0,0,0,0,92037,62.65,5,0,29.4455,2017,11,4,170,2001
0,0,1,0,0,1,0,0,1,0,0,0,0,0,0,0,0,0,0,1,0,0,0,0,0,0,19711,9.45,3,0,4.536,2016,6,6,95,96
0,0,1,0,0,0,0,0,1,0,0,0,0,0,0,0,1,0,0,0,0,0,0,0,0,0,60505,268.576,4,0.2,90.6444,2017,1,4,68,492
1,0,0,0,0,0,0,1,0,0,0,0,0,0,0,0,0,0,0,0,0,0,0,0,0,1,90008,364.08,2,0.2,9.102,2017,11,0,747,2001
1,0,0,0,0,0,0,1,0,0,0,0,0,0,0,0,0,0,0,0,0,0,0,0,0,1,90008,71.088,2,0.2,-1.7772,2017,11,0,747,2001
0,0,1,0,0,0,0,0,0,0,0,0,0,0,0,0,0,0,1,0,0,0,0,0,0,0,60653,10.984,2,0.6,-7.9634,2014,11,4,314,492
0,0,1,0,0,0,0,0,0,0,0,0,0,0,1,0,0,0,0,0,0,0,0,0,0,0,60653,797.944,4,0.3,-56.996,2014,11,4,314,492
0,0,1,1,0,1,0,0,0,1,0,0,0,0,0,0,0,0,0,0,0,0,0,0,0,0,3820,159.98,2,0,57.5928,2016,3,4,19,27
0,0,1,0,0,0,0,0,1,0,0,1,0,0,0,0,0,0,0,0,0,0,0,0,0,0,60610,5.344,2,0.2,0.668,2016,10,4,314,492
0,0,1,0,0,0,0,0,1,0,0,1,0,0,0,0,0,0,0,0,0,0,0,0,0,0,60610,27.72,3,0.2,3.465,2016,10,4,314,492
0,0,0,0,1,0,0,1,1,0,0,0,1,0,0,0,0,0,0,0,0,0,0,0,0,0,98115,2.496,1,0.2,0.9048,2016,7,1,428,506
0,1,0,0,0,0,1,0,1,0,0,0,0,0,0,0,0,0,0,1,0,0,0,0,0,0,23223,8.26,2,0,3.7996,2017,3,2,90,224
0,1,0,0,0,0,1,0,1,0,0,0,1,0,0,0,0,0,0,0,0,0,0,0,0,0,23223,17.76,2,0,8.88,2017,3,2,90,224
0,1,0,0,0,0,1,0,1,0,0,0,0,0,0,0,0,0,0,0,0,0,0,1,0,0,23223,332.94,3,0,9.9882,2017,3,2,90,224
0,1,0,0,0,0,1,0,0,0,0,0,0,0,0,0,0,0,0,0,0,0,0,0,0,1,23223,292.1,2,0,58.42,2017,3,2,90,224
0,1,0,0,0,0,1,0,0,1,0,0,0,0,0,0,0,0,0,0,0,0,1,0,0,0,23223,206.1,5,0,55.647,2017,3,2,90,224
0,1,0,0,0,0,1,0,1,0,0,0,0,0,0,0,0,0,0,0,0,1,0,0,0,0,23223,17.64,4,0,8.1144,2017,3,2,90,224
0,0,1,1,0,0,0,1,0,0,0,0,0,0,1,0,0,0,0,0,0,0,0,0,0,0,94109,1403.92,5,0.2,70.196,2016,10,5,510,2001
0,0,1,0,1,0,1,0,1,0,0,1,0,0,0,0,0,0,0,0,0,0,0,0,0,0,72762,4.3,2,0,1.419,2017,11,4,1,60
0,0,1,1,0,0,0,1,0,1,0,0,0,0,0,0,0,0,0,0,0,0,0,0,0,0,98103,239.97,3,0,86.3892,2014,2,4,428,506
0,0,1,1,0,0,0,1,1,0,1,0,0,0,0,0,0,0,0,0,0,0,0,0,0,0,98103,81.96,2,0,22.9488,2014,2,4,428,506
0,0,1,1,0,0,0,1,1,0,0,0,0,0,0,0,0,0,0,0,0,0,0,0,1,0,98103,238.62,2,0,4.7724,2014,2,4,428,506
0,0,1,0,0,0,0,1,0,1,0,0,0,0,0,0,0,0,0,0,0,0,1,0,0,0,90036,139.8,5,0.2,12.2325,2014,6,5,747,2001
0,0,1,0,0,1,0,0,1,0,0,0,1,0,0,0,0,0,0,0,0,0,0,0,0,0,6457,9.84,2,0,4.7232,2017,2,6,9,82
0,0,1,0,0,1,0,0,1,0,0,0,0,0,0,0,0,0,0,0,0,1,0,0,0,0,6457,7.78,1,0,3.501,2017,2,6,9,82
0,0,1,0,0,0,0,0,1,0,0,0,1,0,0,0,0,0,0,0,0,0,0,0,0,0,49505,54.9,5,0,26.901,2017,12,6,7,255
0,0,1,0,1,0,0,1,1,0,0,0,0,0,0,0,0,0,0,0,0,1,0,0,0,0,94122,50.04,6,0,25.02,2017,12,7,510,2001
0,0,1,0,1,0,1,0,0,0,0,0,0,1,0,0,0,0,0,0,0,0,0,0,0,0,33012,339.92,5,0.2,8.498,2016,11,6,18,383
0,0,1,0,1,0,1,0,1,0,0,0,0,0,0,0,0,0,0,0,0,1,0,0,0,0,33012,10.528,4,0.2,3.4216,2016,11,6,18,383
0,0,1,0,1,0,1,0,1,0,1,0,0,0,0,0,0,0,0,0,0,0,0,0,0,0,33012,42.384,2,0.2,4.2384,2016,11,6,18,383
1,0,0,1,0,1,0,0,1,0,0,0,0,0,0,0,0,0,0,0,0,1,0,0,0,0,19143,123.92,5,0.2,38.725,2016,7,0,537,587
0,0,1,0,0,0,1,0,0,1,0,0,0,0,0,0,0,0,0,0,0,0,1,0,0,0,30318,135.95,1,0,39.4255,2016,6,7,39,184
0,0,1,0,0,0,0,0,1,0,0,0,1,0,0,0,0,0,0,0,0,0,0,0,0,0,78207,2177.584,8,0.8,-3701.8928,2014,7,4,59,985
0,0,1,0,0,0,0,0,0,0,0,0,0,0,0,0,0,0,1,0,0,0,0,0,0,0,78207,17.496,3,0.6,-10.0602,2014,7,4,59,985
0,0,1,0,0,0,0,0,1,0,0,0,1,0,0,0,0,0,0,0,0,0,0,0,0,0,78207,16.784,4,0.8,-26.8544,2014,7,4,59,985
0,0,1,0,0,0,0,0,0,1,0,0,0,0,0,0,0,0,0,0,0,0,0,0,0,0,78207,431.136,9,0.2,-26.946,2014,7,4,59,985
0,0,1,0,0,0,0,0,1,0,0,0,1,0,0,0,0,0,0,0,0,0,0,0,0,0,78207,8.88,5,0.8,-13.32,2014,7,4,59,985
0,0,1,0,0,0,0,0,1,0,1,0,0,0,0,0,0,0,0,0,0,0,0,0,0,0,78207,4.836,2,0.8,-12.09,2014,7,4,59,985
0,0,1,0,0,1,0,0,0,1,0,0,0,0,0,0,0,0,0,0,0,0,1,0,0,0,11561,437.85,3,0,131.355,2016,9,4,61,1128
0,0,1,0,0,1,0,0,1,0,0,0,1,0,0,0,0,0,0,0,0,0,0,0,0,0,11561,673.568,2,0.2,252.588,2016,9,4,61,1128
0,1,0,1,0,1,0,0,1,0,0,0,0,0,0,0,0,0,0,0,0,1,0,0,0,0,7501,274.8,5,0,134.652,2015,5,2,20,130
0,1,0,1,0,1,0,0,1,0,0,0,0,0,0,0,0,0,0,0,0,0,0,1,0,0,7501,62.18,1,0,16.7886,2015,5,2,20,130
0,1,0,1,0,1,0,0,0,0,0,0,0,0,0,0,0,0,1,0,0,0,0,0,0,0,7501,8.28,2,0,2.9808,2015,5,2,20,130
0,0,1,0,0,0,1,0,1,0,0,0,1,0,0,0,0,0,0,0,0,0,0,0,0,0,40214,48.81,3,0,23.9169,2015,5,4,57,139
1,0,0,0,0,0,1,0,0,0,0,0,0,0,1,0,0,0,0,0,0,0,0,0,0,0,23666,149.9,5,0,40.473,2014,11,0,11,224
0,0,1,0,0,0,0,0,0,0,0,0,0,1,0,0,0,0,0,0,0,0,0,0,0,0,77070,1023.332,5,0.32,-30.098,2017,3,5,377,985
0,0,1,0,0,0,0,0,0,0,0,0,0,0,1,0,0,0,0,0,0,0,0,0,0,0,77070,600.558,3,0.3,-8.5794,2017,3,5,377,985
0,0,1,0,0,0,0,0,0,1,0,0,0,0,0,0,0,0,0,0,0,0,0,0,0,0,77070,39.992,1,0.2,6.9986,2017,3,5,377,985
0,0,1,0,0,0,0,0,0,0,0,0,0,0,1,0,0,0,0,0,0,0,0,0,0,0,77070,211.246,2,0.3,-66.3916,2017,3,5,377,985
0,1,0,0,0,0,0,0,1,0,0,0,0,0,0,0,1,0,0,0,0,0,0,0,0,0,77070,56.064,6,0.2,21.024,2014,5,2,377,985
0,1,0,0,0,0,0,0,0,0,0,0,0,0,1,0,0,0,0,0,0,0,0,0,0,0,77070,107.772,2,0.3,-29.2524,2014,5,2,377,985
0,1,0,0,0,0,0,0,1,0,0,0,0,0,0,0,0,0,0,0,0,1,0,0,0,0,77070,4.832,1,0.2,1.6308,2014,5,2,377,985
0,1,0,0,0,0,0,0,1,0,0,0,1,0,0,0,0,0,0,0,0,0,0,0,0,0,77070,18.24,3,0.8,-31.008,2014,5,2,377,985
0,0,1,1,0,0,0,0,1,0,0,0,1,0,0,0,0,0,0,0,0,0,0,0,0,0,60610,3.798,3,0.8,-5.8869,2016,5,7,314,492
0,0,1,1,0,1,0,0,1,0,0,1,0,0,0,0,0,0,0,0,0,0,0,0,0,0,43615,10.368,2,0.2,1.5552,2015,1,5,32,469
0,0,1,1,0,1,0,0,0,1,0,0,0,0,0,0,0,0,0,0,0,0,1,0,0,0,43615,235.188,2,0.4,-43.1178,2015,1,5,32,469
0,0,1,1,0,1,0,0,0,1,0,0,0,0,0,0,0,0,0,0,0,0,1,0,0,0,43615,26.376,4,0.4,2.6376,2015,1,5,32,469
0,0,1,1,0,1,0,0,0,1,0,0,0,0,0,0,0,0,0,0,0,0,0,0,0,0,43615,10.384,2,0.2,2.2066,2015,1,5,32,469
0,0,1,1,0,1,0,0,0,1,0,0,0,0,0,0,0,0,0,0,0,0,1,0,0,0,43615,107.118,3,0.4,-21.4236,2015,1,5,32,469
0,0,1,0,0,0,0,1,1,0,0,0,0,0,0,0,0,0,0,0,0,0,0,0,1,0,95240,97.3,7,0,28.217,2017,9,7,2,2001
0,1,0,0,0,1,0,0,1,0,0,0,1,0,0,0,0,0,0,0,0,0,0,0,0,0,10024,3.328,2,0.2,1.2064,2015,7,2,915,1128
0,1,0,0,0,1,0,0,0,1,0,0,0,0,0,0,0,0,0,0,0,0,1,0,0,0,10024,135.99,1,0,36.7173,2015,7,2,915,1128
0,1,0,0,0,1,0,0,0,0,0,0,0,0,0,0,0,0,1,0,0,0,0,0,0,0,10024,7.38,1,0,2.1402,2015,7,2,915,1128
0,0,1,0,1,0,1,0,0,0,0,0,0,0,0,0,0,0,1,0,0,0,0,0,0,0,33311,45.568,2,0.2,9.6832,2016,10,5,15,383
0,0,1,0,1,0,1,0,1,0,0,0,1,0,0,0,0,0,0,0,0,0,0,0,0,0,33311,28.752,8,0.7,-21.0848,2016,10,5,15,383
0,1,0,0,0,0,1,0,0,0,0,0,0,0,1,0,0,0,0,0,0,0,0,0,0,0,27604,194.848,4,0.2,12.178,2017,7,5,22,249
0,0,1,0,0,0,0,0,1,0,0,0,1,0,0,0,0,0,0,0,0,0,0,0,0,0,60623,2.112,2,0.8,-3.3792,2017,7,5,314,492
0,1,0,0,0,0,0,1,1,0,0,0,0,0,0,0,0,0,0,0,0,1,0,0,0,0,97206,25.92,5,0.2,9.072,2014,11,4,24,124
0,1,0,0,0,0,0,1,1,0,0,1,0,0,0,0,0,0,0,0,0,0,0,0,0,0,97206,120.768,4,0.2,9.0576,2014,11,4,24,124
0,0,0,0,0,1,0,0,1,0,0,0,0,0,0,0,0,0,0,0,0,1,0,0,0,0,7017,25.92,4,0,12.4416,2016,11,3,5,130
0,0,0,0,0,1,0,0,1,0,0,1,0,0,0,0,0,0,0,0,0,0,0,0,0,0,7017,34.65,3,0,9.702,2016,11,3,5,130
0,0,0,0,0,1,0,0,1,0,0,0,0,0,0,0,0,0,0,0,0,1,0,0,0,0,7017,204.95,5,0,100.4255,2016,11,3,5,130
0,0,0,0,0,1,0,0,1,0,0,0,1,0,0,0,0,0,0,0,0,0,0,0,0,0,7017,79.95,5,0,38.376,2016,11,3,5,130
0,0,1,1,0,0,1,0,1,0,0,0,0,0,0,0,0,0,0,0,0,1,0,0,0,0,33710,173.488,7,0.2,54.215,2015,6,4,14,383
0,0,1,1,0,0,1,0,1,0,0,0,0,0,0,0,0,0,0,0,0,0,0,1,0,0,33710,516.96,4,0.2,-6.462,2015,6,4,14,383
0,0,1,1,0,0,1,0,0,0,0,0,0,0,0,0,0,0,1,0,0,0,0,0,0,0,33710,173.208,7,0.2,45.4671,2015,6,4,14,383
0,0,1,1,0,0,1,0,1,0,0,1,0,0,0,0,0,0,0,0,0,0,0,0,0,0,33710,4.448,2,0.2,0.3336,2015,6,4,14,383
0,0,1,1,0,0,1,0,1,0,0,0,0,0,0,0,0,0,0,1,0,0,0,0,0,0,33710,9,3,0.2,3.15,2015,6,4,14,383
0,0,1,1,0,0,1,0,1,0,0,0,0,0,0,0,0,0,0,0,0,1,0,0,0,0,33710,42.24,10,0.2,13.2,2015,6,4,14,383
0,0,1,1,0,0,1,0,1,0,0,0,1,0,0,0,0,0,0,0,0,0,0,0,0,0,33710,18.264,2,0.7,-13.3936,2015,6,4,14,383
0,0,1,0,0,0,0,1,1,0,1,0,0,0,0,0,0,0,0,0,0,0,0,0,0,0,94122,152.91,3,0,42.8148,2014,8,4,510,2001
0,0,1,0,0,0,0,1,1,0,0,0,0,0,0,0,0,0,0,0,0,1,0,0,0,0,94122,92.94,3,0,41.823,2014,8,4,510,2001
0,0,1,0,0,0,0,1,1,0,0,0,1,0,0,0,0,0,0,0,0,0,0,0,0,0,94122,17.856,4,0.2,6.2496,2014,8,4,510,2001
0,0,1,0,0,0,0,1,1,0,0,0,1,0,0,0,0,0,0,0,0,0,0,0,0,0,94122,46.44,3,0.2,15.093,2014,8,4,510,2001
0,0,1,0,0,0,0,1,0,0,0,0,0,0,1,0,0,0,0,0,0,0,0,0,0,0,94122,195.136,4,0.2,-12.196,2014,8,4,510,2001
0,0,1,1,0,1,0,0,1,0,0,0,0,0,0,0,0,0,0,0,0,0,0,1,0,0,10035,129.3,2,0,6.465,2017,6,7,915,1128
0,0,1,1,0,1,0,0,1,0,0,0,1,0,0,0,0,0,0,0,0,0,0,0,0,0,10035,11.568,3,0.2,3.7596,2017,6,7,915,1128
0,0,1,0,0,0,1,0,0,0,0,0,0,0,1,0,0,0,0,0,0,0,0,0,0,0,28205,242.352,3,0.2,15.147,2017,7,7,52,249
0,1,0,0,0,0,0,0,0,1,0,0,0,0,0,0,0,0,0,0,0,0,0,0,0,0,77705,319.968,4,0.2,95.9904,2014,12,2,5,985
0,1,0,0,0,0,0,0,0,0,0,0,0,0,0,0,0,0,1,0,0,0,0,0,0,0,77705,8.624,7,0.6,-2.5872,2014,12,2,5,985
0,1,0,0,0,0,0,0,1,0,0,0,0,0,0,0,0,0,0,0,0,1,0,0,0,0,75220,3.984,1,0.2,1.4442,2014,5,4,157,985
0,0,1,1,0,1,0,0,0,1,0,0,0,0,0,0,0,0,0,0,0,0,0,0,0,0,45503,895.944,7,0.2,190.3881,2017,9,5,163,469
0,0,0,0,0,0,0,0,0,0,0,0,0,0,0,0,0,0,1,0,0,0,0,0,0,0,77571,14,4,0.6,-6.3,2016,10,2,10,985
0,0,0,0,0,0,0,0,1,0,0,0,1,0,0,0,0,0,0,0,0,0,0,0,0,0,77571,16.392,2,0.8,-26.2272,2016,10,2,10,985
0,0,1,0,0,0,0,1,1,0,0,0,0,0,0,0,0,0,0,0,0,1,0,0,0,0,90805,10.9,5,0,5.123,2016,9,6,61,2001
0,0,1,0,0,0,0,1,1,0,0,0,0,0,0,0,0,0,0,1,0,0,0,0,0,0,90805,29.6,2,0,14.8,2016,9,6,61,2001
0,0,1,0,0,0,0,1,1,0,0,0,0,0,0,0,0,0,0,1,0,0,0,0,0,0,90805,4.98,1,0,2.2908,2016,9,6,61,2001
0,0,1,0,0,0,0,1,0,1,0,0,0,0,0,1,0,0,0,0,0,0,0,0,0,0,90805,479.976,3,0.2,161.9919,2016,9,6,61,2001
0,0,1,0,0,0,0,1,0,1,0,0,0,0,0,0,0,0,0,0,0,0,1,0,0,0,90805,44.736,8,0.2,4.4736,2016,9,6,61,2001
0,0,1,0,0,0,0,1,1,0,0,1,0,0,0,0,0,0,0,0,0,0,0,0,0,0,90805,5.76,2,0,1.6704,2016,9,6,61,2001
0,0,1,0,0,0,0,1,0,0,0,0,0,0,1,0,0,0,0,0,0,0,0,0,0,0,90805,483.136,4,0.2,60.392,2016,9,6,61,2001
0,0,0,0,0,0,0,0,1,0,0,0,0,0,0,0,0,0,0,1,0,0,0,0,0,0,62521,15.936,4,0.2,5.1792,2014,6,3,35,492
0,0,0,0,0,0,0,0,0,0,0,0,0,0,0,0,0,0,1,0,0,0,0,0,0,0,62521,61.544,7,0.6,-40.0036,2014,6,3,35,492
0,0,0,0,0,0,0,0,1,0,0,0,0,0,0,0,0,0,0,0,0,0,0,1,0,0,62521,132.696,3,0.2,9.9522,2014,6,3,35,492
0,1,0,0,1,0,0,1,1,0,1,0,0,0,0,0,0,0,0,0,0,0,0,0,0,0,90008,43.1,5,0,11.206,2017,9,2,747,2001
0,1,0,0,1,0,0,1,0,0,0,0,0,0,0,0,0,0,1,0,0,0,0,0,0,0,90008,511.5,5,0,132.99,2017,9,2,747,2001
0,1,0,0,1,0,0,1,1,0,0,0,1,0,0,0,0,0,0,0,0,0,0,0,0,0,90008,147.92,5,0.2,46.225,2017,9,2,747,2001
0,0,1,1,0,0,0,1,1,0,0,1,0,0,0,0,0,0,0,0,0,0,0,0,0,0,95240,39.68,2,0,16.2688,2014,4,6,2,2001
0,0,1,1,0,1,0,0,0,0,0,0,0,0,0,0,0,0,1,0,0,0,0,0,0,0,10009,12.56,2,0,4.0192,2016,5,4,915,1128
0,0,1,1,0,1,0,0,1,0,0,0,1,0,0,0,0,0,0,0,0,0,0,0,0,0,10009,90.48,3,0.2,33.93,2016,5,4,915,1128
0,0,1,1,0,1,0,0,1,0,0,0,0,0,0,0,0,0,0,0,0,1,0,0,0,0,10009,13.08,2,0,6.0168,2016,5,4,915,1128
0,0,1,1,0,1,0,0,0,0,0,0,0,0,0,0,0,0,1,0,0,0,0,0,0,0,10009,214.7,5,0,83.733,2016,5,4,915,1128
0,0,1,0,0,0,0,1,0,0,0,0,0,0,0,0,0,0,1,0,0,0,0,0,0,0,94109,50.32,4,0,21.1344,2017,6,4,510,2001
0,0,1,0,0,0,0,1,1,0,0,0,0,0,0,0,0,0,0,0,0,1,0,0,0,0,94109,24.56,2,0,11.5432,2017,6,4,510,2001
0,0,1,0,0,0,1,0,1,0,0,0,0,0,0,0,0,0,0,0,0,1,0,0,0,0,31907,43.68,6,0,20.9664,2014,11,5,222,184
0,0,1,1,0,0,0,1,0,0,0,0,0,0,0,0,0,0,0,0,0,0,0,0,0,1,98103,3393.68,8,0,610.8624,2015,3,4,428,506
0,0,1,0,1,0,0,0,1,0,0,0,0,0,0,0,0,0,0,0,0,0,0,1,0,0,47374,67.4,5,0,17.524,2017,1,6,90,149
0,0,1,0,1,0,0,0,1,0,0,0,0,0,0,0,0,1,0,0,0,0,0,0,0,0,47374,2.52,2,0,0.1008,2017,1,6,90,149
0,0,1,0,1,0,0,0,0,1,0,0,0,0,0,0,0,0,0,0,0,0,1,0,0,0,47374,67.8,4,0,1.356,2017,1,6,90,149
0,0,1,0,1,0,0,0,1,0,0,0,0,0,0,0,0,0,0,0,0,0,0,1,0,0,47374,18.76,2,0,5.2528,2017,1,6,90,149
0,0,1,0,1,0,0,0,0,1,0,0,0,0,0,0,0,0,0,0,0,0,0,0,0,0,47374,12.12,4,0,2.5452,2017,1,6,90,149
0,0,1,0,1,0,0,0,1,0,0,0,0,0,0,0,0,0,0,0,0,1,0,0,0,0,47374,11.34,1,0,5.5566,2017,1,6,90,149
0,0,1,0,1,0,0,0,0,1,0,0,0,0,0,0,0,0,0,0,0,0,0,0,0,0,47374,159.8,4,0,70.312,2017,1,6,90,149
0,0,1,0,1,0,0,0,0,0,0,0,0,0,0,0,0,0,1,0,0,0,0,0,0,0,47374,18.96,2,0,8.532,2017,1,6,90,149
0,1,0,1,0,1,0,0,1,0,0,0,0,0,0,0,0,0,0,0,0,0,0,1,0,0,10009,1085.42,7,0,282.2092,2015,3,2,915,1128
0,1,0,1,0,1,0,0,1,0,1,0,0,0,0,0,0,0,0,0,0,0,0,0,0,0,10009,13.11,3,0,3.4086,2015,3,2,915,1128
0,0,0,1,0,1,0,0,0,0,0,0,0,0,0,0,0,0,1,0,0,0,0,0,0,0,45040,68.704,2,0.2,16.3172,2014,11,2,3,469
0,0,0,1,0,1,0,0,1,0,0,0,1,0,0,0,0,0,0,0,0,0,0,0,0,0,45040,3.132,2,0.7,-2.61,2014,11,2,3,469
0,0,0,1,0,1,0,0,1,0,0,0,1,0,0,0,0,0,0,0,0,0,0,0,0,0,45040,22.428,3,0.7,-17.9424,2014,11,2,3,469
1,0,0,0,0,0,0,0,1,0,0,0,0,0,0,0,0,0,0,0,0,0,0,1,0,0,60623,290.336,2,0.2,32.6628,2017,10,0,314,492
1,0,0,0,0,0,0,0,1,0,0,1,0,0,0,0,0,0,0,0,0,0,0,0,0,0,60623,19.152,2,0.2,1.197,2017,10,0,314,492
0,0,1,0,1,1,0,0,1,0,0,0,0,0,0,0,0,0,0,0,0,1,0,0,0,0,10024,6.48,1,0,3.1104,2016,12,4,915,1128
0,1,0,0,1,1,0,0,1,0,0,0,0,0,0,0,1,0,0,0,0,0,0,0,0,0,44134,63.968,2,0.2,19.99,2016,9,2,10,469
0,0,1,0,0,1,0,0,1,0,0,0,0,0,0,0,0,0,0,0,0,0,0,0,1,0,10035,6.36,2,0,0.0636,2015,12,7,915,1128
0,0,0,0,1,1,0,0,1,0,0,0,0,0,0,0,0,0,0,0,0,0,0,1,0,0,44105,848.544,4,0.2,-21.2136,2017,4,1,42,469
0,0,0,0,1,1,0,0,1,0,0,0,1,0,0,0,0,0,0,0,0,0,0,0,0,0,44105,8.7,5,0.7,-6.38,2017,4,1,42,469
0,0,0,0,1,1,0,0,0,1,0,0,0,0,0,0,0,0,0,0,0,0,1,0,0,0,44105,122.382,3,0.4,-24.4764,2017,4,1,42,469
0,0,1,0,0,1,0,0,0,0,0,0,0,0,1,0,0,0,0,0,0,0,0,0,0,0,10035,573.174,7,0.1,63.686,2016,8,4,915,1128
0,0,0,0,1,1,0,0,1,0,0,0,0,0,0,0,0,0,0,0,0,1,0,0,0,0,44105,85.056,3,0.2,28.7064,2015,5,2,42,469
0,0,0,0,0,0,1,0,1,0,0,0,1,0,0,0,0,0,0,0,0,0,0,0,0,0,30188,14.04,3,0,6.7392,2014,8,1,5,184
0,0,0,0,0,0,1,0,0,1,0,0,0,0,0,0,0,0,0,0,0,0,0,0,0,0,30188,272.61,13,0,98.1396,2014,8,1,5,184
0,0,1,1,0,0,0,1,1,0,0,0,0,0,0,0,1,0,0,0,0,0,0,0,0,0,90008,11.16,2,0,5.58,2014,4,5,747,2001
0,0,1,1,0,0,0,1,0,1,0,0,0,0,0,0,0,0,0,0,0,0,0,0,0,0,90008,62.31,3,0,22.4316,2014,4,5,747,2001
0,0,1,1,0,0,0,1,0,1,0,0,0,0,0,0,0,0,0,0,0,0,0,0,0,0,90008,159.98,2,0,57.5928,2014,4,5,747,2001
0,0,1,0,0,0,0,0,1,0,0,0,0,0,0,0,0,1,0,0,0,0,0,0,0,0,47905,5.94,3,0,0,2014,1,4,31,149
0,0,0,0,0,1,0,0,1,0,0,0,0,0,0,0,0,0,0,0,0,1,0,0,0,0,10024,9.96,2,0,4.6812,2017,10,3,915,1128
0,0,1,0,0,1,0,0,0,1,0,0,0,0,0,0,0,0,0,0,0,0,0,0,0,0,13501,79.99,1,0,28.7964,2015,8,4,8,1128
0,0,0,1,0,1,0,0,1,0,0,1,0,0,0,0,0,0,0,0,0,0,0,0,0,0,8701,8.94,3,0,2.4138,2017,3,1,49,130
0,1,0,1,0,0,0,0,1,0,0,0,0,0,0,0,0,0,0,0,0,1,0,0,0,0,53209,20.62,2,0,9.6914,2016,7,3,45,110
0,1,0,1,0,0,0,0,0,1,0,0,0,0,0,0,0,0,0,0,0,0,0,0,0,0,53209,124.25,7,0,48.4575,2016,7,3,45,110
0,1,0,1,0,0,0,0,0,1,0,0,0,0,0,0,0,0,0,0,0,0,1,0,0,0,53209,297.55,5,0,83.314,2016,7,3,45,110
0,1,0,1,0,0,0,0,0,0,0,0,0,0,1,0,0,0,0,0,0,0,0,0,0,0,53209,403.56,4,0,96.8544,2016,7,3,45,110
0,1,0,1,0,0,0,0,0,0,0,0,0,0,0,0,0,0,1,0,0,0,0,0,0,0,53209,95.2,5,0,27.608,2016,7,3,45,110
0,0,1,0,0,0,0,0,0,1,0,0,0,0,0,0,0,0,0,0,0,0,0,0,0,0,60623,153.824,11,0.2,38.456,2014,9,5,314,492
0,1,0,0,0,0,0,0,1,0,0,0,0,0,0,0,0,0,0,0,0,1,0,0,0,0,60653,62.016,2,0.2,22.4808,2014,6,3,314,492
0,0,1,0,0,1,0,0,0,0,0,0,0,0,0,0,0,0,1,0,0,0,0,0,0,0,45014,466.32,3,0.2,34.974,2016,6,4,45,469
0,0,1,0,0,1,0,0,0,0,0,0,0,0,0,0,0,0,1,0,0,0,0,0,0,0,45014,82.64,2,0.2,0,2016,6,4,45,469
0,0,1,0,1,1,0,0,0,0,0,0,0,0,0,0,0,0,0,0,0,0,0,0,0,1,45503,330.588,1,0.4,-143.2548,2014,3,6,163,469
0,0,1,0,0,0,0,1,1,0,0,0,0,0,0,0,0,0,0,0,0,0,0,1,0,0,80027,237.096,3,0.2,20.7459,2017,8,4,57,182
0,0,1,0,0,0,0,1,0,0,0,0,0,0,0,0,0,0,1,0,0,0,0,0,0,0,80027,22.752,3,0.2,7.11,2017,8,4,57,182
0,0,1,0,0,0,0,1,1,0,0,0,0,0,0,0,0,0,0,0,0,1,0,0,0,0,80027,6.672,1,0.2,2.085,2017,8,4,57,182
0,0,1,0,0,0,0,0,0,0,0,0,0,0,0,0,0,0,1,0,0,0,0,0,0,0,75007,25.128,3,0.6,-6.9102,2014,11,6,15,985
0,0,1,0,0,0,0,0,0,1,0,0,0,0,0,0,0,0,0,0,0,0,0,0,0,0,75007,127.984,2,0.2,25.5968,2014,11,6,15,985
0,0,0,1,0,0,0,1,0,0,0,0,0,0,0,0,0,0,1,0,0,0,0,0,0,0,92804,131.88,7,0,55.3896,2015,9,2,27,2001
0,0,0,1,0,0,0,1,1,0,0,0,1,0,0,0,0,0,0,0,0,0,0,0,0,0,92804,25.032,3,0.2,7.8225,2015,9,2,27,2001
0,0,0,1,0,0,0,1,0,0,0,0,0,0,1,0,0,0,0,0,0,0,0,0,0,0,92804,717.72,3,0.2,71.772,2015,9,2,27,2001
0,0,0,1,0,0,0,1,0,0,0,0,0,0,0,0,0,0,1,0,0,0,0,0,0,0,92804,207.35,5,0,24.882,2015,9,2,27,2001
0,0,0,1,0,0,0,1,0,0,0,0,0,0,0,0,0,0,1,0,0,0,0,0,0,0,92804,44.67,3,0,12.0609,2015,9,2,27,2001
0,0,0,1,0,0,0,1,1,0,0,0,0,0,0,0,0,0,0,0,0,1,0,0,0,0,92804,209.7,2,0,100.656,2015,9,2,27,2001
0,0,1,1,0,0,1,0,1,0,0,0,1,0,0,0,0,0,0,0,0,0,0,0,0,0,40475,115.36,7,0,56.5264,2014,4,4,90,139
0,0,0,1,0,0,0,1,0,0,0,0,0,0,1,0,0,0,0,0,0,0,0,0,0,0,93101,362.136,3,0.2,-54.3204,2015,10,2,8,2001
0,0,0,1,0,0,0,1,1,0,0,0,0,0,0,0,0,0,0,1,0,0,0,0,0,0,93101,31.05,3,0,14.904,2015,10,2,8,2001
0,1,0,0,0,0,0,0,1,0,0,0,0,0,0,0,0,0,0,0,0,1,0,0,0,0,52302,12.96,2,0,6.2208,2017,1,2,20,30
0,1,0,0,0,0,0,0,1,0,0,0,0,0,0,0,0,0,0,0,0,1,0,0,0,0,52302,94.85,5,0,45.528,2017,1,2,20,30
0,1,0,0,0,0,0,0,1,0,0,0,0,0,0,0,0,0,0,0,0,0,0,1,0,0,52302,13.48,1,0,3.5048,2017,1,2,20,30
0,1,0,0,0,0,0,0,0,0,0,0,0,0,0,0,0,0,1,0,0,0,0,0,0,0,52302,14.91,3,0,4.6221,2017,1,2,20,30
0,0,1,0,0,1,0,0,1,0,0,0,0,0,0,0,1,0,0,0,0,0,0,0,0,0,10035,39.98,1,0,17.991,2015,9,5,915,1128
0,0,1,1,0,0,0,0,0,0,0,0,0,0,1,0,0,0,0,0,0,0,0,0,0,0,77803,528.43,5,0.3,-143.431,2016,3,4,6,985
0,0,1,1,0,0,0,0,1,0,0,0,1,0,0,0,0,0,0,0,0,0,0,0,0,0,77803,22.386,7,0.8,-35.8176,2016,3,4,6,985
0,0,1,0,1,1,0,0,1,0,0,0,1,0,0,0,0,0,0,0,0,0,0,0,0,0,44312,5.742,3,0.7,-4.5936,2014,11,6,21,469
0,0,1,0,0,0,0,0,0,1,0,0,0,0,0,0,0,0,0,0,0,0,0,0,0,0,60653,191.968,4,0.2,28.7952,2017,5,4,314,492
0,0,0,1,0,1,0,0,1,0,0,0,1,0,0,0,0,0,0,0,0,0,0,0,0,0,10035,49.848,3,0.2,16.8237,2015,3,3,915,1128
0,0,0,1,0,1,0,0,1,0,0,0,0,0,0,0,1,0,0,0,0,0,0,0,0,0,10035,23.99,1,0,11.995,2015,3,3,915,1128
0,0,0,1,0,1,0,0,1,0,0,0,1,0,0,0,0,0,0,0,0,0,0,0,0,0,10035,1087.936,8,0.2,353.5792,2015,3,3,915,1128
0,0,0,1,0,1,0,0,0,1,0,0,0,0,0,0,0,0,0,0,0,0,1,0,0,0,10035,199.98,2,0,53.9946,2015,3,3,915,1128
0,0,0,1,0,1,0,0,1,0,0,0,0,0,0,0,0,0,0,0,0,0,0,1,0,0,10035,83.92,4,0,20.1408,2015,3,3,915,1128
1,0,0,0,0,0,0,1,0,0,0,0,0,0,0,0,0,0,1,0,0,0,0,0,0,0,94122,24.27,3,0,8.7372,2016,9,0,510,2001
1,0,0,0,0,0,0,1,0,1,0,0,0,0,0,1,0,0,0,0,0,0,0,0,0,0,94122,2799.96,5,0.2,944.9865,2016,9,0,510,2001
0,0,1,0,0,0,0,1,1,0,0,0,1,0,0,0,0,0,0,0,0,0,0,0,0,0,92404,9.872,2,0.2,3.4552,2015,11,4,9,2001
0,0,1,0,0,0,0,1,0,0,0,0,0,1,0,0,0,0,0,0,0,0,0,0,0,0,92404,683.332,4,0.15,-40.196,2015,11,4,9,2001
0,0,1,0,0,0,0,1,1,0,0,0,0,0,0,0,0,0,0,0,0,1,0,0,0,0,92404,29.96,7,0,13.482,2015,11,4,9,2001
0,0,0,0,0,1,0,0,0,1,0,0,0,0,0,0,0,0,0,0,0,0,1,0,0,0,14304,164.85,3,0,47.8065,2014,7,3,3,1128
0,0,1,0,0,1,0,0,1,0,1,0,0,0,0,0,0,0,0,0,0,0,0,0,0,0,19120,33.528,3,0.2,2.5146,2016,4,5,537,587
0,0,1,0,0,1,0,0,1,0,0,0,0,0,0,0,0,0,0,0,0,0,0,1,0,0,19120,36.744,3,0.2,3.6744,2016,4,5,537,587
0,0,1,0,0,1,0,0,1,0,0,0,1,0,0,0,0,0,0,0,0,0,0,0,0,0,2920,102.93,3,0,48.3771,2017,6,4,16,56
0,1,0,1,0,0,0,1,0,0,0,0,0,0,0,0,0,0,0,0,0,0,0,0,0,1,90049,71.088,2,0.2,-1.7772,2016,6,3,747,2001
0,0,1,1,0,1,0,0,0,0,0,0,0,0,0,0,0,0,1,0,0,0,0,0,0,0,10009,60.35,5,0,19.9155,2016,12,5,915,1128
0,0,1,1,0,1,0,0,1,0,0,0,0,0,0,0,0,0,0,0,0,0,0,0,1,0,10009,35.52,4,0,9.9456,2016,12,5,915,1128
0,0,1,1,0,1,0,0,1,0,0,1,0,0,0,0,0,0,0,0,0,0,0,0,0,0,10009,11.2,7,0,4.816,2016,12,5,915,1128
0,0,1,0,0,0,0,1,0,1,0,0,0,0,0,0,0,0,0,0,0,0,0,0,0,0,94122,223.58,14,0,87.1962,2017,11,6,510,2001
0,0,1,0,0,0,0,1,1,0,0,0,0,0,0,0,0,0,0,0,0,0,0,1,0,0,92804,998.82,9,0,29.9646,2014,12,6,27,2001
0,0,1,0,0,0,0,1,1,0,0,0,0,0,0,0,0,0,0,0,0,0,0,0,1,0,92804,51.15,5,0,13.299,2014,12,6,27,2001
0,1,0,0,1,0,0,1,1,0,0,0,0,0,0,0,0,0,0,0,0,0,0,1,0,0,98103,40.74,3,0,0.4074,2015,4,5,428,506
0,0,1,1,0,1,0,0,1,0,0,0,0,0,0,0,0,0,0,0,0,1,0,0,0,0,19120,3.424,1,0.2,1.07,2014,3,4,537,587
0,0,1,1,0,1,0,0,0,1,0,0,0,0,0,0,0,0,0,0,0,0,0,0,0,0,19120,151.2,3,0.2,32.13,2014,3,4,537,587
0,1,0,1,0,0,0,0,0,0,0,0,0,0,1,0,0,0,0,0,0,0,0,0,0,0,46203,1925.88,6,0,539.2464,2017,6,2,23,149
0,1,0,1,0,0,0,0,1,0,1,0,0,0,0,0,0,0,0,0,0,0,0,0,0,0,46203,2405.2,8,0,793.716,2017,6,2,23,149
0,1,0,1,0,0,0,0,0,1,0,0,0,0,0,0,0,0,0,0,0,0,0,0,0,0,46203,83.97,3,0,15.9543,2017,6,2,23,149
0,1,0,1,0,0,0,0,0,1,0,0,0,0,0,0,0,0,0,0,0,0,0,0,0,0,46203,39.89,1,0,14.7593,2017,6,2,23,149
0,1,0,1,0,0,0,0,1,0,0,0,1,0,0,0,0,0,0,0,0,0,0,0,0,0,46203,17.38,2,0,8.69,2017,6,2,23,149
0,1,0,1,0,0,0,1,1,0,0,0,1,0,0,0,0,0,0,0,0,0,0,0,0,0,90045,55.264,2,0.2,20.724,2015,12,2,747,2001
0,1,0,1,0,0,0,1,1,0,0,0,0,0,0,0,0,0,0,0,0,1,0,0,0,0,90045,6.48,1,0,3.1104,2015,12,2,747,2001
0,1,0,1,0,0,0,1,1,0,0,0,1,0,0,0,0,0,0,0,0,0,0,0,0,0,90045,34.248,3,0.2,11.5587,2015,12,2,747,2001
0,1,0,1,0,0,0,1,0,0,0,0,0,0,0,0,0,0,0,0,0,0,0,0,0,1,90045,273.568,2,0.2,10.2588,2015,12,2,747,2001
0,0,1,0,1,1,0,0,1,0,0,0,0,0,0,0,0,0,0,0,0,1,0,0,0,0,10801,46.35,5,0,21.7845,2014,11,6,9,1128
0,0,1,0,1,1,0,0,1,0,0,0,0,0,0,0,0,0,0,0,0,1,0,0,0,0,10801,223.92,4,0,109.7208,2014,11,6,9,1128
0,0,1,0,1,1,0,0,1,0,0,0,0,0,0,0,0,0,0,0,0,0,0,0,1,0,10801,7.3,2,0,2.19,2014,11,6,9,1128
0,0,1,0,0,0,0,1,1,0,0,1,0,0,0,0,0,0,0,0,0,0,0,0,0,0,85224,9.344,2,0.2,1.8688,2017,10,5,7,224
0,1,0,0,1,0,1,0,0,1,0,0,0,0,0,0,0,0,0,0,0,0,0,0,0,0,41042,18,1,0,3.24,2017,9,2,21,139
0,0,0,0,1,0,0,0,1,0,0,0,0,0,0,0,0,0,0,0,0,1,0,0,0,0,77041,65.584,2,0.2,23.7742,2015,3,3,377,985
0,0,0,0,1,0,0,0,0,0,0,0,0,1,0,0,0,0,0,0,0,0,0,0,0,0,77041,383.4656,4,0.32,-67.6704,2015,3,3,377,985
1,0,0,0,0,1,0,0,1,0,0,0,0,0,0,0,0,0,0,0,0,1,0,0,0,0,19140,10.368,2,0.2,3.6288,2015,7,0,537,587
0,1,0,1,0,1,0,0,0,0,0,0,0,0,0,0,0,0,1,0,0,0,0,0,0,0,19711,13.4,1,0,6.432,2016,12,5,95,96
0,1,0,1,0,1,0,0,1,0,0,0,0,0,0,0,0,0,0,0,0,1,0,0,0,0,19711,4.98,1,0,2.3406,2016,12,5,95,96
0,1,0,1,0,1,0,0,1,0,0,0,0,0,0,0,1,0,0,0,0,0,0,0,0,0,19711,109.69,7,0,51.5543,2016,12,5,95,96
0,0,1,0,0,1,0,0,1,0,0,0,1,0,0,0,0,0,0,0,0,0,0,0,0,0,7060,40.2,5,0,18.09,2017,12,6,13,130
0,0,1,0,0,1,0,0,1,0,0,0,1,0,0,0,0,0,0,0,0,0,0,0,0,0,7060,735.98,2,0,331.191,2017,12,6,13,130
0,0,1,0,0,1,0,0,1,0,1,0,0,0,0,0,0,0,0,0,0,0,0,0,0,0,7060,22.75,7,0,6.5975,2017,12,6,13,130
0,0,1,0,1,0,1,0,1,0,0,0,1,0,0,0,0,0,0,0,0,0,0,0,0,0,30080,119.56,2,0,54.9976,2015,6,4,24,184
0,0,1,0,1,0,1,0,1,0,0,1,0,0,0,0,0,0,0,0,0,0,0,0,0,0,30080,140.75,5,0,42.225,2015,6,4,24,184
0,0,1,0,0,0,0,0,1,0,0,0,0,0,0,0,1,0,0,0,0,0,0,0,0,0,77041,99.568,2,0.2,33.6042,2016,9,6,377,985
0,0,1,0,1,0,0,1,0,1,0,0,0,0,0,0,0,0,0,0,0,0,1,0,0,0,90032,271.96,5,0.2,27.196,2016,12,4,747,2001
0,0,1,0,1,0,0,1,1,0,0,1,0,0,0,0,0,0,0,0,0,0,0,0,0,0,90032,18.69,7,0,5.2332,2016,12,4,747,2001
0,0,1,0,1,0,0,1,1,0,0,0,0,0,0,0,0,0,0,0,0,1,0,0,0,0,90032,13.36,2,0,6.4128,2016,12,4,747,2001
0,0,1,0,1,0,0,1,0,1,0,0,0,0,0,0,0,0,0,0,0,0,1,0,0,0,90032,249.584,2,0.2,31.198,2016,12,4,747,2001
0,0,1,0,1,0,0,1,1,0,0,0,0,0,0,0,0,1,0,0,0,0,0,0,0,0,90032,13.86,7,0,0,2016,12,4,747,2001
0,0,1,0,1,0,0,1,1,0,0,0,1,0,0,0,0,0,0,0,0,0,0,0,0,0,90032,13.376,4,0.2,4.6816,2016,12,4,747,2001
0,0,1,0,1,0,0,1,1,0,0,0,1,0,0,0,0,0,0,0,0,0,0,0,0,0,90032,437.472,14,0.2,153.1152,2016,12,4,747,2001
0,1,0,0,0,0,1,0,0,0,0,0,0,0,0,0,0,0,0,0,0,0,0,0,0,1,70506,85.98,1,0,22.3548,2015,9,3,31,42
0,0,0,0,0,1,0,0,1,0,0,0,0,0,0,0,0,0,0,1,0,0,0,0,0,0,45014,16.52,5,0.2,5.369,2017,8,3,45,469
0,0,1,0,0,0,0,0,1,0,0,0,0,0,0,0,0,0,0,0,0,1,0,0,0,0,49505,35.56,7,0,16.7132,2016,9,6,7,255
0,0,1,0,0,0,0,0,0,1,0,0,0,0,0,0,0,0,0,0,0,0,1,0,0,0,49505,97.98,2,0,27.4344,2016,9,6,7,255
0,0,1,0,0,1,0,0,1,0,0,0,0,0,0,0,0,0,0,1,0,0,0,0,0,0,11561,31.5,10,0,15.12,2015,5,6,61,1128
0,0,1,0,0,1,0,0,1,0,0,0,0,0,0,0,0,0,0,0,0,0,0,0,1,0,11561,55.6,4,0,16.124,2015,5,6,61,1128
0,0,1,0,0,0,0,1,0,1,0,0,0,0,0,0,0,0,0,0,0,0,0,0,0,0,90008,36.24,1,0,15.2208,2016,9,4,747,2001
0,0,1,1,0,0,1,0,0,1,0,0,0,0,0,0,0,0,0,0,0,0,0,0,0,0,30605,79.99,1,0,28.7964,2017,11,4,8,184
0,0,1,1,0,0,1,0,0,1,0,0,0,0,0,0,0,0,0,0,0,0,1,0,0,0,30605,206.1,5,0,55.647,2017,11,4,8,184
0,1,0,0,0,0,1,0,0,0,0,0,0,0,0,0,0,0,1,0,0,0,0,0,0,0,33180,25.248,3,0.2,4.1028,2014,1,2,57,383
0,0,1,0,0,0,0,1,0,0,0,0,0,0,0,0,0,0,1,0,0,0,0,0,0,0,92627,91.96,2,0,15.6332,2017,2,5,11,2001
0,0,1,0,0,0,0,1,0,1,0,0,0,0,0,0,0,0,0,0,0,0,1,0,0,0,92627,258.576,2,0.2,19.3932,2017,2,5,11,2001
0,0,1,0,0,0,0,1,1,0,0,0,0,0,0,0,0,0,0,0,0,1,0,0,0,0,92627,29.6,4,0,13.32,2017,2,5,11,2001
0,1,0,0,0,0,0,1,1,0,1,0,0,0,0,0,0,0,0,0,0,0,0,0,0,0,92683,243.16,2,0,72.948,2017,5,5,17,2001
